# https://github.com/mikedh/trimesh
mtllib CourtScooter.mtl
usemtl tripo_mat_6216a87b-d647-4549-a9d6-a09ad18d3d93
v 0.45047092 0.91151698 0.00436938
v -0.46328939 0.31258788 0.00693349
v 0.64746364 0.25036254 -0.03334411
v -0.44643653 0.23187474 0.03049002
v 0.80604194 0.45064380 0.00372082
v -0.62819934 0.94921879 0.00891733
v 0.17932258 0.19216334 0.00189552
v -0.12928382 0.63581843 0.00774653
v -0.45389189 0.38115714 0.04791130
v -0.59472993 0.40975956 0.00496175
v -0.53142034 1.10019099 0.00784499
v -0.17268457 0.32374579 0.00734648
v -0.58233570 0.91883641 0.00798210
v -0.01685561 0.20733199 0.00872870
v 0.80944373 0.44858042 0.00801691
v 0.01787248 0.82143919 0.00802627
v 0.41748469 0.22922057 0.00813993
v -0.58439908 0.91933831 0.00812509
v 0.36503922 0.42300772 -0.02911374
v -0.55802125 1.09709591 0.00845500
v 0.41779141 0.23083782 0.00854288
v 0.51967788 0.90879833 -0.00127901
v 0.53094283 0.57113557 0.01558727
v 0.41335379 0.22999583 0.00890304
v 0.63634263 0.71462691 0.00864981
v 0.79719436 0.36248780 0.07392287
v -0.56304029 0.62256677 0.00878427
v -0.52785125 1.10099961 0.00888512
v 0.57678477 0.99587724 0.00646519
v -0.01371697 0.20775024 0.00896729
v -0.54589190 0.67624347 0.00852716
v 0.41490546 0.22998737 0.00863079
v 0.41564437 0.23206469 0.00904271
v 0.32680737 0.94903429 0.00922157
v 0.87413356 0.44972365 0.00935307
v 0.41590620 0.23569093 0.00933760
v -0.01252320 0.20819638 0.00812653
v -0.56008463 1.09743052 0.00949835
v 0.54200208 0.18171104 0.00929006
v 0.41355311 0.23384924 0.00955573
v -0.84650446 0.61071278 0.08951872
v -0.53961811 0.69277667 0.00967240
v -0.86507490 0.58781690 0.00967353
v -0.75203501 0.65712712 0.01960796
v -0.49518568 0.25799988 0.04868170
v 0.46600749 0.90634155 0.02736822
v -0.53316307 0.70709465 0.01167675
v 0.27738727 0.91969731 -0.00343249
v 0.34907675 0.22142886 0.01789791
v -0.01527322 0.20713680 0.01040819
v 0.25671337 0.19621342 0.01468806
v -0.18361492 0.32237950 0.01021978
v 0.20923640 0.90304038 0.01300743
v 0.70945334 0.24489112 0.01617433
v -0.66397175 0.44919037 0.04051750
v 0.52441808 0.56340486 0.01067803
v -0.64033347 0.94348546 0.01081281
v 0.40207729 0.25946550 0.01077057
v 0.27728620 0.92320018 0.01808092
v -0.18662731 0.32167094 0.01026457
v -0.14793094 0.33176231 0.01095739
v -0.17380328 0.32456345 0.00960945
v -0.18062615 0.32869163 0.02303227
v -0.61869584 0.95363507 0.01141034
v -0.62789741 1.11204149 0.01151883
v -0.53797298 0.69534631 0.01083142
v 0.19775280 0.89975885 0.00710552
v -0.62092652 0.95263127 0.01178503
v 0.69648749 0.20936749 0.06308753
v 0.18684775 0.20551972 0.05931123
v -0.13143085 0.63630639 0.01202328
v -0.53142034 0.71070796 0.01217800
v -0.54605398 0.33595268 0.02023471
v 0.70415547 0.24048552 0.01232030
v -0.87794316 0.74421353 -0.02366495
v -0.54078922 0.68341738 0.01250563
v 0.39591676 0.45645752 -0.06533273
v -0.63580636 0.94547573 0.01031431
v -0.53080691 0.71121815 0.01263546
v -0.58798909 0.39837958 0.00781358
v -0.56981599 0.91442384 0.00572202
v 0.19521272 0.89850233 0.00661812
v -0.74085552 0.70634142 0.02605297
v 0.40748147 0.22732449 0.00660265
v -0.15453841 0.32850708 0.00752237
v -0.53824033 0.69056538 0.01271149
v -0.53242415 0.70577519 0.01322886
v -0.51742281 0.82329344 -0.01643532
v 0.48708889 0.52618306 0.00211564
v 0.70356991 0.23939807 0.01264183
v 0.70086521 0.23831061 0.00926574
v -0.53036077 0.71206707 0.01275919
v -0.16477957 0.33052149 0.01822040
v -0.85394588 0.58747620 0.01849628
v 0.84797879 0.50404079 0.01381684
v -0.67680515 0.93612421 0.00876272
v 0.07202635 0.84418300 0.01890483
v 0.21198293 0.90379324 0.01398684
v 0.52706702 0.56716217 0.01578246
v -0.74668137 0.67427681 0.01406191
v 0.21115340 0.90312403 0.01404740
v -0.53744319 0.69162298 0.01332427
v 0.21256849 0.90411390 0.01429835
v -0.53164341 0.70702450 0.01355562
v -0.53242415 0.70333919 0.01439692
v 0.39576341 0.25476190 0.01345812
v -0.56055865 0.36014776 0.01390787
v -0.04541185 0.20047961 0.01899829
v 0.39128732 0.25307695 0.01489685
v -0.55685014 1.09874104 0.01472630
v -0.55626458 1.09920112 0.01635182
v -0.53448753 0.33211085 0.01479513
v -0.85308498 0.58900195 0.01495550
v -0.02213867 0.20777813 0.02423190
v 0.24214347 0.91278585 0.02712338
v -0.56409986 0.36163953 0.01539812
v 0.13895591 0.87519866 0.01545292
v 0.39121839 0.25144376 0.01497625
v 0.35698830 0.23789039 0.01743036
v -0.52311105 0.31819696 0.01624856
v -0.56086229 0.36577631 0.01054996
v -0.55584633 1.09904776 0.01567956
v -0.16259071 0.32687223 0.00849503
v -0.08498732 0.46881690 0.02980295
v 0.36422793 0.31216695 0.01739660
v -0.53878160 0.68209117 0.01600022
v -0.86111544 0.65412746 0.01601421
v 0.36264560 0.30144854 0.02399541
v 0.38594840 0.25409269 0.01630638
v -0.68982166 0.85878114 0.03127541
v -0.62600133 1.11368662 0.01635749
v 0.63456182 0.58351704 -0.00732672
v -0.62983532 0.94843479 0.01526521
v 0.88071408 0.45574649 0.01646970
v 0.36818658 0.43095802 0.01649155
v -0.14903931 0.33515016 0.01932615
v 0.85054408 0.50160098 0.01662567
v 0.36801928 0.42641300 0.01663271
v -0.52634554 0.32053918 0.01678967
v 0.59674800 0.64958593 0.01685487
v -0.52974733 0.32377367 0.01688465
v -0.62092652 0.95279857 0.01692823
v -0.62073134 0.95295193 0.01955931
v -0.53627208 0.32979652 0.01727415
v -0.52456099 0.32600436 0.01238930
v -0.61947658 0.95343989 0.01728375
v -0.17168773 0.32854176 0.01755032
v 0.27243446 0.92129016 0.01736902
v -0.62667054 1.11379816 0.01739267
v 0.87915260 0.45892522 0.01739595
v 0.83515236 0.51119292 0.01755106
v -0.74785248 0.67294885 0.01762621
v 0.83353512 0.51354908 0.01770093
v 0.87681038 0.44894291 0.01770441
v -0.53869786 0.68178408 0.01625047
v -0.48038910 0.66899543 0.06327764
v -0.55567903 1.09966120 0.01797734
v -0.86061353 0.65360116 0.01797913
v 0.27987936 0.92407852 0.01971037
v -0.60941255 0.41487272 0.01088317
v 0.84848070 0.50515613 0.01811570
v -0.13580857 0.33874714 0.01815330
v 0.81635885 0.54901695 0.01828388
v -0.18894068 0.32461018 0.01830144
v -0.18420047 0.32578129 0.01833019
v 0.81513198 0.55056449 0.01838583
v 0.36810293 0.42816967 0.01847999
v 0.83364665 0.51368850 0.01855400
v 0.13707377 0.87390208 0.01859592
v -0.20271515 0.32137569 0.01862907
v 0.83526390 0.51142993 0.01863242
v 0.83526390 0.51142993 0.01863242
v 0.13922081 0.87468282 0.01867695
v -0.19928547 0.32224008 0.01868745
v -0.73468506 0.58410450 0.02675519
v 0.83688114 0.50929684 0.01885375
v -0.54034308 0.67629226 0.01650648
v -0.13837385 0.33827312 0.01892446
v 0.75016332 0.19090858 0.01848321
v -0.63773525 1.01266293 -0.06044534
v -0.52905024 0.32179394 0.01764448
v 0.27056626 0.92059307 0.01742479
v 0.26498258 0.24990319 0.01555267
v -0.52656861 0.31680279 0.01912231
v 0.87987757 0.45842331 0.01914303
v 0.53230913 0.57303862 0.01841767
v 0.59764027 0.65070475 0.01595912
v -0.60712417 0.40112960 0.01961311
v -0.53733166 0.67966007 0.01923733
v 0.10352935 0.24569999 0.01468172
v 0.87759112 0.44844100 0.01932340
v -0.20194835 0.32187759 0.01935492
v 0.73469620 0.19128115 0.01765929
v -0.61346768 0.95354097 0.02729045
v -0.57427127 0.35408829 0.03169225
v 0.27987936 0.92407852 0.01971037
v 0.28074375 0.91981233 0.02432161
v -0.03052216 0.20401693 0.01548570
v 0.52249412 0.56096505 0.00816418
v -0.17417634 0.32887636 0.01975661
v 0.87630848 0.45072745 0.01976605
v 0.87630848 0.45072745 0.01976605
v -0.13585428 0.33937882 0.01957449
v 0.69990815 0.59867601 0.00462499
v 0.87502583 0.45301390 0.01996995
v -0.63827009 0.94409890 0.01997538
v 0.27601052 0.92305379 0.02226650
v -0.59990233 0.39415174 0.01916240
v -0.59301510 0.38803130 0.01825727
v -0.86105967 0.65497442 0.02016711
v 0.49806813 0.90282951 0.01978201
v 0.05792766 0.83668639 0.01769650
v -0.16050125 0.33221668 0.01963557
v 0.59568842 0.64844967 0.01822814
v 0.59574419 0.64920601 0.02026625
v -0.15267147 0.33660472 0.02502651
v -0.73573359 0.72961464 0.03799656
v 0.81691653 0.54897512 0.02033070
v -0.52466892 0.31363261 0.01995138
v -0.59131353 0.38716926 0.01739361
v -0.47221719 0.84119648 -0.00352437
v -0.60698475 0.39995152 0.02040148
v -0.60085037 0.39345465 0.02049471
v -0.14768391 0.18439080 0.02592840
v -0.53685740 0.32784618 0.01881174
v 0.28121777 0.92091373 0.03052875
v -0.61763627 0.95417183 0.01464440
v 0.71794737 0.34662685 0.01108490
v -0.60207725 0.39404021 0.02104193
v -0.60564634 0.39769295 0.02112558
v -0.85657042 0.57369258 0.01220458
v -0.18563648 0.18059167 0.02751782
v 0.80302666 0.14785467 0.02723829
v -0.63637401 0.94496329 0.02125977
v -0.36542960 0.18332426 0.02154902
v 0.59223086 0.64415561 0.02161861
v -0.60441947 0.39412386 0.02326651
v -0.59912159 0.39013651 0.02177822
v -0.13681237 0.33994613 0.02164136
v 0.87597387 0.45217740 0.02164994
v -0.58981244 0.37904687 0.02291977
v -0.85286191 0.59050767 0.02182444
v -0.85698433 0.58260110 0.01514008
v 0.37363084 0.33714383 0.00713026
v 0.27954631 0.92424922 0.02183251
v -0.85286191 0.58916926 0.02201091
v -0.13940554 0.33933269 0.02203173
v -0.36269701 0.18293389 0.02216246
v 0.74943835 0.17311888 0.02236447
v 0.06648132 0.23117569 -0.00412316
v 0.72155480 0.59174848 0.02265725
v 0.21173198 0.90387689 0.01293772
v -0.13919642 0.33969518 0.02275670
v 0.75066522 0.16801619 0.02310948
v 0.12936398 0.24943963 0.04184600
v 0.01388514 0.83695638 0.06409927
v 0.39920761 0.35971401 0.00925021
v -0.13312826 0.34399970 0.02780123
v -0.35652081 0.18006188 0.02688785
v 0.14205796 0.87621292 -0.01902640
v 0.58376776 0.65518997 0.07892457
v 0.17766526 0.88459542 0.02337925
v 0.84000410 0.50682915 0.02355996
v 0.37305725 0.44636753 0.01747696
v 0.24873344 0.91469570 0.03091259
v -0.83569004 0.55071175 0.05296281
v -0.11396181 0.35199182 0.02662380
v 0.59329044 0.64657450 0.02381095
v -0.70926165 0.79645553 0.02400457
v 0.89758238 0.45757305 0.10793186
v -0.71093466 0.79173624 0.02411087
v -0.70095235 0.49302679 0.02421021
v 0.72462199 0.59128143 0.02395035
v 0.71508582 0.59382581 0.02435118
v 0.71508582 0.59382581 0.02435118
v 0.27806710 0.92668225 0.05139230
v 0.28303412 0.91578422 0.02048135
v 0.74393832 0.17359290 0.02338908
v -0.69933511 0.49037785 0.02497178
v -0.70100812 0.49214846 0.02505020
v 0.28076764 0.92303784 0.03172176
v 0.72462199 0.59128143 0.02395035
v 0.72043946 0.59264076 0.02514760
v -0.73041829 0.72195070 0.00563147
v 0.36121569 0.33386752 0.02442790
v -0.59136997 0.37836965 0.02539089
v 0.17325267 0.88819239 0.02449764
v -0.46122352 0.27905195 0.00680393
v -0.45126044 0.34484556 0.01978815
v 0.17506511 0.88810874 0.02542825
v -0.51248742 0.28931658 0.02902968
v 0.17523241 0.88875006 0.02576460
v 0.28250764 0.92118867 0.02744302
v -0.75058506 0.66721007 0.02290666
v 0.56758181 0.89477291 -0.00327443
v -0.51173456 1.10548886 0.02327390
v -0.54619269 0.61162669 0.03935980
v -0.60877656 0.39538052 0.02639632
v -0.18233227 0.18131664 0.02633626
v -0.17312395 0.68783715 0.00117126
v 0.02368907 0.21549550 0.00529066
v -0.71143657 0.79184777 0.02645832
v 0.62608149 0.59116990 0.02653830
v 0.73170441 0.16832291 0.02678401
v 0.73058907 0.16910365 0.02682061
v -0.61774780 0.40101109 0.02961350
v -0.55930389 0.58760778 0.02697414
v 0.75529650 0.12557656 0.09351239
v -0.01389121 0.21170420 0.02923267
v 0.73864741 0.31146309 0.02482824
v -0.62034097 0.40577918 0.02751527
v 0.26498955 0.25317254 0.03115831
v -0.14304435 0.34036438 0.02721284
v 0.43079908 0.89326720 0.06215434
v 0.35987191 0.32464238 0.02732280
v 0.84229055 0.50523978 0.02745146
v -0.18563648 0.18059167 0.02751782
v -0.55973260 0.34672880 0.02301392
v 0.62362774 0.59096077 0.02753863
v -0.11490985 0.35193605 0.02757009
v -0.62449562 0.40965499 0.02762942
v 0.84831340 0.49702808 0.02840647
v -0.11533507 0.35207547 0.02755659
v 0.62295853 0.59095729 0.02802136
v 0.19693976 0.27472652 -0.02078873
v -0.63938543 0.94334604 0.02862103
v -0.00379347 0.21438653 0.02828982
v 0.41093519 0.43330588 0.05360704
v 0.05912554 0.84081215 0.03642746
v 0.26575635 0.91983325 0.03156959
v -0.62471869 0.40840023 0.02900094
v -0.14098096 0.34175856 0.02907930
v 0.38661237 0.25617699 0.01555788
v -0.51594875 0.29231550 0.02942756
v -0.73045314 0.74114155 0.03133794
v 0.84187230 0.52029428 0.03227956
v 0.02881242 0.82974848 0.02952018
v -0.12493314 0.34542148 0.02335438
v -0.18563648 0.69138772 0.02958643
v 0.35911049 0.32148722 0.02911583
v -0.50837034 0.28238011 0.03122330
v 0.28579068 0.91733767 0.02449065
v 0.73260714 0.17135873 0.02607581
v 0.06366511 0.84158505 0.02906925
v 0.72265669 0.24030101 0.04148215
v 0.06643081 0.84310470 0.03011445
v -0.15005706 0.33838465 0.02755441
v 0.75063400 0.12163348 0.03429431
v 0.84585964 0.50133609 0.03026944
v 0.29634092 0.24920226 0.02829029
v -0.17527774 0.33308678 0.03042817
v -0.52001598 0.29494209 0.03134576
v -0.11503533 0.35316293 0.03048741
v -0.17774543 0.33252911 0.03053970
v 0.84106368 0.50833486 0.03068770
v -0.51167880 1.10646478 0.03071402
v -0.55685014 0.58675733 0.03075934
v 0.56691261 1.01071269 0.03080798
v 0.24463456 0.91310634 0.02973451
v -0.00000154 0.21591806 0.03264746
v -0.29400936 0.17601877 0.03078631
v -0.18655663 0.68899409 0.03124028
v 0.84809033 0.49853379 0.03127499
v -0.73142907 0.74092545 0.03568690
v 0.59524229 0.64730296 0.01703089
v -0.86830410 0.71510286 0.03476363
v 0.62822852 0.59298930 0.03138656
v 0.27990725 0.92466407 0.02396958
v 0.06597073 0.84324412 0.03250720
v 0.02850919 0.83020856 0.03143020
v 0.72757765 0.14796792 0.03146322
v -0.71818438 0.77612145 0.03146690
v 0.09278514 0.85541194 0.02783673
v -0.86540950 0.69815645 0.03160983
v 0.62296744 0.59257456 0.03353968
v -0.50394111 0.28111185 0.02886891
v 0.25857634 0.25386963 0.03170030
v -0.09751020 0.18951331 0.02448358
v -0.72041507 0.76988948 0.03184682
v -0.30067004 0.17232420 0.03868781
v -0.55579056 0.58852793 0.03208032
v 0.83997622 0.52433304 0.03586053
v -0.50916928 0.28245026 0.03212040
v -0.86468453 0.69888665 0.03222849
v 0.13565869 0.25064211 0.03945978
v 0.01070728 0.82790817 0.03615298
v 0.25291598 0.91588075 0.03288012
v -0.72911473 0.74576673 0.03252474
v -0.02173267 0.79956958 -0.03482610
v 0.20501205 0.90072605 0.03265706
v 0.25217911 0.91562311 0.03263900
v -0.50994304 1.10717930 0.03676409
v 0.72272591 0.14501227 0.03294976
v -0.52122891 1.10722810 0.04125378
v -0.10890093 0.80579652 0.03314158
v -0.50049095 0.26910194 0.03520107
v 0.25191217 0.91494665 0.03316767
v -0.74651407 0.69232356 0.03330548
v -0.05715431 0.19815830 0.01964027
v 0.26897690 0.92105315 0.03350227
v 0.06284081 0.84190571 0.03356329
v 0.56680107 1.01021079 0.03372007
v 0.74236869 0.58304462 0.01064304
v 0.72021639 0.14306042 0.03380021
v 0.27976087 0.27239650 0.10125580
v -0.63180111 0.41134892 0.03301443
v -0.14433179 0.34974294 0.05143751
v 0.25750855 0.91743880 0.03482780
v 0.25498439 0.25448632 0.03300187
v -0.45329065 0.87063970 0.03408269
v 0.20773069 0.90161832 0.03420111
v 0.06425590 0.84268645 0.03423250
v -0.04961006 0.20390231 0.03532171
v 0.26819616 0.92064884 0.03243224
v 0.25507695 0.91669635 0.03454965
v 0.24859403 0.25537534 0.03453919
v -0.51307297 1.10744071 0.03851618
v -0.31868281 0.18781351 -0.00909674
v -0.17794062 0.33420212 0.03472049
v 0.00493375 0.21750948 0.03494702
v -0.01056536 0.21341757 0.03667145
v -0.71957856 0.77403716 0.03479202
v -0.49826332 0.85126412 -0.00442501
v -0.74729481 0.69083963 0.03490704
v 0.04497970 0.83420508 0.02962653
v -0.51918295 0.28877460 0.03734355
v -0.29423389 0.17402819 0.03497596
v 0.25559280 0.91689850 0.03521362
v 0.25843692 0.91777683 0.03537918
v 0.31191756 0.94390372 0.03541751
v 0.36800185 0.42201524 0.02872551
v 0.63461385 0.61464087 0.09498719
v -0.10961198 0.80639601 0.03562321
v 0.06322631 0.84316375 0.03974444
v 0.02717949 0.83005520 0.03190248
v 0.06765159 0.84373034 0.03032793
v -0.11120134 0.80580349 0.03583931
v 0.47813140 0.23964902 0.03591591
v 0.24996729 0.25550081 0.03555433
v 0.06255500 0.84218454 0.03603796
v -0.45329065 0.87232666 0.03604151
v 0.54689222 0.98932601 0.03484935
v -0.75639878 0.66243850 0.04192062
v 0.56423578 1.00954158 0.03621913
v 0.84139828 0.52263912 0.03638988
v 0.47919097 0.23546649 0.03665831
v 0.47919097 0.23780870 0.03668271
v -0.62342983 0.40303337 0.04084265
v 0.25056679 0.91545901 0.03714630
v 0.16559074 0.86500396 0.04446429
v 0.71045715 0.60540793 0.03832258
v -0.86496337 0.69887227 0.03693732
v 0.04793401 0.84304371 0.10316412
v 0.28280278 0.92654621 0.02788853
v 0.37156049 0.45035103 0.04128699
v 0.30790233 0.94170092 0.03739376
v 0.25711245 0.91733767 0.03501931
v -0.44312710 0.86128477 0.06228342
v -0.74790824 0.69060175 0.03747058
v -0.08240460 0.81391063 0.03772841
v 0.37091917 0.44927751 0.03781201
v -0.51151149 1.10738494 0.03785395
v 0.42456711 0.48329543 0.03809083
v -0.54921005 0.60294373 0.03827221
v -0.70737951 1.06223015 0.06941597
v -0.50967815 0.27615206 0.04032382
v 0.56635668 0.98262220 -0.06605337
v -0.13681237 0.33994613 0.02164136
v 0.24454751 0.25686023 0.03960730
v 0.85796110 0.50024863 0.03892031
v 0.43091061 0.48733506 0.03415446
v 0.21005897 0.90220387 0.03918529
v -0.54388429 0.31698403 0.03705927
v 0.85902068 0.48579101 0.03923051
v -0.72760902 0.75005382 0.03227030
v -0.83171224 0.55038324 0.05793189
v -0.08556241 0.81391760 0.03940492
v 0.04730269 0.83727704 0.03948158
v 0.22936832 0.25766179 0.03854397
v 0.36612387 0.23806912 0.05621899
v -0.49360329 0.26887097 0.03055674
v 0.61556939 0.58985937 0.03046662
v 0.85929951 0.49851985 0.03959300
v -0.53036077 0.29979382 0.03978140
v -0.52294375 0.64884353 0.03979186
v -0.28858252 0.17495919 0.03308671
v 0.54354619 0.99044135 0.04007752
v 0.25576707 0.25688802 0.04298093
v 0.04886418 0.83800201 0.04016472
v -0.51067499 1.10769166 0.04028679
v 0.30809751 0.94124084 0.03432134
v -0.05540809 0.20305535 0.04015139
v 0.37097493 0.44637762 0.04042609
v 0.85779380 0.48816111 0.04053756
v 0.04693029 0.83696501 0.03867232
v -0.52238608 0.64667210 0.04074338
v 0.64487500 0.77702070 0.04079202
v 0.10259107 0.86411663 -0.01369547
v -0.70820208 0.80804114 0.04088980
v -0.12470304 0.35991891 0.05863696
v -0.52294375 0.29022977 0.04137773
v -0.38031414 0.33567402 0.10483499
v 0.04796841 0.83802990 0.04175408
v 0.04909770 0.83840632 0.04172272
v 0.47794318 0.50083418 0.04810363
v 0.86008025 0.48527517 0.04184111
v -0.52060153 0.28724623 0.04184827
v -0.51792471 0.64726811 0.04186918
v 0.34538108 0.21250896 0.02148232
v -0.54681206 0.60288796 0.04202952
v -0.16005331 0.76779822 0.04223859
v -0.08612008 0.81481684 0.04236406
v -0.74832650 0.69186087 0.04095603
v -0.74902359 0.69151711 0.04376878
v 0.54204048 0.99211437 0.04290770
v -0.74852168 0.69238804 0.04271966
v 0.90000000 0.46232799 0.09669403
v 0.37101397 0.44921202 0.03878140
v -0.70786747 0.80936561 0.04286256
v -0.54591979 0.60448429 0.04290785
v 0.84256939 0.52365687 0.04293206
v -0.70937318 0.80551768 0.04305426
v 0.61258585 0.68743435 0.04342354
v -0.74813131 0.69451329 0.04344115
v -0.74712750 0.70191583 0.04792168
v -0.16186574 0.76429883 0.04345501
v 0.03217193 0.83557931 0.04752643
v 0.31116863 0.24975593 0.03024414
v 0.62616723 0.72062082 0.05842411
v 0.54368561 0.98894958 0.03994246
v -0.75339433 0.67200201 0.03947493
v 0.02994301 0.83302828 0.04023138
v 0.30586683 0.94158938 0.04307852
v 0.86008025 0.49924482 0.04415545
v 0.61370119 0.68995084 0.04425656
v -0.51530366 1.10810991 0.04426020
v 0.35875846 0.34207573 0.04365100
v -0.52846469 0.29614108 0.04206437
v -0.54547365 0.60200266 0.04453903
v -0.07761212 0.40409222 0.02758752
v 0.68290815 0.60208631 0.04461206
v 0.84275063 0.52463628 0.04604979
v 0.42662668 0.48624847 0.04569402
v 0.42615647 0.48671117 0.04948649
v 0.13107198 0.24942343 0.04487904
v -0.51619593 1.10813780 0.04477953
v -0.16087587 0.76731025 0.04487010
v -0.52734935 0.29307389 0.04489803
v -0.16708193 0.34157949 0.04615525
v -0.54533423 0.60108250 0.04500957
v 0.01423420 0.82984789 0.04027552
v 0.67367245 0.60164594 0.00871132
v -0.31493247 0.17020505 0.04327640
v 0.06184397 0.84341142 0.04534758
v 0.64325775 0.77623996 0.04536841
v 0.55507727 0.54154952 0.07062768
v 0.71168403 0.60683348 0.04537537
v -0.61504310 1.09460208 -0.02496440
v -0.51731127 1.10819356 0.04593321
v 0.12914788 0.24872511 0.04850015
v 0.25052148 0.91208423 0.05982543
v 0.64286738 0.77510370 0.04605504
v -0.51251530 1.10844452 0.04629569
v 0.36431077 0.38665107 0.04635831
v 0.37087231 0.43262392 0.05138867
v 0.01710394 0.83228588 0.04644201
v 0.06055436 0.84318835 0.04658142
v -0.67234378 0.87497559 0.04670003
v -0.66972273 1.09386142 0.04670351
v 0.06388644 0.84433158 0.04673827
v 0.05646941 0.83569465 0.01672250
v -0.74712750 0.70046991 0.04675580
v -0.54732616 1.10585396 0.04684476
v 0.61174935 0.68800248 0.04676608
v 0.76784149 0.58215654 0.05116817
v 0.70727843 0.60776061 0.04679743
v -0.49338719 0.25409269 0.04445886
v 0.04059932 0.83579224 0.04042395
v 0.01843016 0.83277385 0.04718789
v -0.75058506 0.68872571 0.04741804
v -0.75058506 0.68872571 0.04741804
v 0.52929596 0.52047161 0.05676833
v 0.48644069 0.88895919 0.04751546
v -0.49185923 0.58622871 0.07521620
v 0.71146096 0.60734236 0.04762000
v -0.66247301 1.09885258 0.04768989
v -0.74712750 0.70136676 0.04774916
v 0.43478643 0.46239672 0.06348926
v -0.68266075 1.00800799 0.04866669
v -0.08055731 0.39866888 0.04796168
v 0.79571270 0.56540991 -0.01696260
v 0.06334968 0.84438734 0.04819867
v 0.48197933 0.88958657 0.04848442
v 0.65839882 0.21797919 0.00376306
v 0.37540145 0.45558616 0.06393715
v -0.29778409 0.17119491 0.04114941
v 0.36846716 0.24057789 0.09034004
v 0.36369733 0.38163203 0.04878418
v -0.47860891 0.69340056 0.04878778
v -0.31186528 0.16759794 0.04879822
v -0.32977241 0.23032382 0.00635507
v -0.46030336 0.88417542 0.04065363
v 0.36456172 0.38837985 0.04893406
v 0.01834302 0.83328969 0.04901078
v -0.30072977 0.16864091 0.04670394
v -0.43703454 0.35254949 0.04913980
v -0.19559491 0.17518602 0.04692856
v -0.66927659 1.09422391 0.04916423
v -0.75008316 0.69182253 0.04916773
v 0.25972653 0.25714594 0.04303670
v -0.74539872 0.70744668 0.04947794
v 0.48750027 0.88727224 0.04969735
v 0.47300083 0.49739057 0.04972872
v 0.84498459 0.51361313 0.05678753
v 0.47728095 0.50031834 0.05143746
v -0.74606793 0.70663370 0.05008092
v -0.75175617 0.68651594 0.05008092
v 0.71129366 0.60791397 0.05016089
v -0.74857745 0.69791987 0.05016806
v -0.73650387 0.73390577 0.04914333
v 0.16862401 0.88148640 0.05516257
v -0.85096824 0.59491452 0.07924835
v -0.16719449 0.74042418 -0.00329509
v -0.67083807 0.87737358 0.05055144
v -0.74577049 0.70699458 0.05015720
v -0.31339888 0.16670566 0.05070127
v -0.75086390 0.69028196 0.05083378
v -0.75086390 0.69028196 0.05083378
v 0.47645838 0.49987220 0.05084407
v 0.87914215 0.34219898 0.06136615
v 0.38176587 0.97075557 0.05092424
v -0.74874475 0.69851806 0.05161800
v -0.74746211 0.70052960 0.04847413
v -0.29006484 0.16551671 0.05363079
v 0.37333802 0.45199285 0.04825015
v -0.58500169 0.55435304 -0.00027421
v 0.69370506 0.61347072 0.08811214
v 0.04506504 0.83974473 0.05127283
v 0.49400444 0.22194065 0.04713558
v 0.05823654 0.84346719 0.05141574
v -0.84371262 0.55200746 0.02849972
v -0.47604362 0.69559029 0.05157265
v 0.47171818 0.49641464 0.05183393
v 0.68218318 0.60384994 0.05205697
v 0.01765247 0.83585498 0.05827858
v -0.43472021 0.35327446 0.05347570
v 0.25086216 0.91704261 0.05736716
v -0.18393236 0.71497374 0.06459675
v 0.14133352 0.24364107 0.06882446
v 0.09048037 0.24093166 0.05268095
v -0.73966803 0.72712980 0.05476830
v -0.53519159 0.64183866 0.03833799
v 0.46739623 0.49307559 0.05336404
v -0.85788095 0.65965189 0.05243709
v -0.08101739 0.39752565 0.05244744
v 0.67855832 0.60392662 0.05247523
v -0.74651407 0.70562412 0.05250679
v -0.70787768 1.06885603 0.07462523
v -0.08094768 0.39839004 0.05264263
v 0.06116779 0.84469406 0.05317937
v -0.47688013 0.69099038 0.05279256
v 0.17717990 0.88834140 0.02526498
v 0.89066153 0.44042797 0.03168322
v 0.36084101 0.35812446 0.04412180
v -0.42664792 0.18201373 0.05792661
v -0.67161881 0.87666255 0.05286926
v -0.80932524 0.69999509 0.05424647
v -0.74885628 0.69961336 0.05435756
v -0.43705197 0.36153496 0.05703085
v -0.08104789 0.40288975 0.05600434
v -0.08291474 0.43617888 0.04309095
v 0.01759042 0.83678353 0.06149094
v -0.81112499 0.70027691 0.05337400
v -0.51532805 1.12203600 0.15931120
v 0.77726612 0.57931242 0.05458565
v 0.05395118 0.84297922 0.05516433
v -0.04176868 0.20917230 0.08248499
v 0.04171902 0.83872698 0.05047816
v -0.30570302 0.16586916 0.05254332
v -0.29945362 0.16364544 0.05732884
v -0.74866116 0.69830804 0.05119213
v 0.36210797 0.97036520 0.05410646
v 0.26662074 0.92308168 0.05753266
v -0.74630494 0.70482569 0.04918298
v 0.35789755 0.33913751 0.05422845
v -0.68137810 1.01090787 0.05428784
v 0.37855926 0.97061615 0.05452471
v 0.38265814 0.97011425 0.05452819
v 0.71675883 0.60738767 0.05417438
v 0.60734375 0.83914524 0.05460833
v -0.75527605 0.67197931 0.04746983
v -0.56030770 1.10649267 0.05485944
v 0.54917706 0.14552205 0.05386451
v -0.80516013 0.69732010 0.05523012
v 0.60355158 0.84080431 0.05523571
v 0.22890824 0.90870074 0.05707259
v -0.37505709 0.27724231 0.01122011
v 0.68555709 0.19999862 0.05919516
v -0.73770287 0.73327839 0.05575522
v 0.52270542 0.13420826 0.05957240
v -0.68271652 1.02227042 0.05711976
v -0.43879121 0.35017939 0.04426019
v 0.63708155 0.72292379 0.01980758
v 0.08624904 0.23987209 0.05594332
v 0.61098255 0.08907787 0.05911261
v 0.77492391 0.58041382 0.05605477
v 0.35753507 0.96952869 0.05608619
v 0.67866985 0.19826984 0.05712132
v -0.67987233 1.01581271 0.06161881
v -0.85726751 0.65943579 0.05621531
v -0.77771575 0.69097491 0.05561929
v 0.51293006 0.15655605 0.05631272
v 0.23769156 0.91186552 0.05888153
v 0.06397880 0.84810544 0.06718105
v 0.37920030 0.46261889 0.07635048
v -0.74684829 0.70581335 0.05471401
v 0.48220240 0.16146356 0.05672052
v -0.81109236 0.69994927 0.05573432
v 0.47264793 0.15661988 0.05788452
v 0.48504652 0.16029245 0.05686343
v 0.07227725 0.84829601 0.05486236
v -0.76936176 0.69591158 0.05472503
v -0.42005347 0.32810956 0.05523759
v 0.23067885 0.90394660 0.05710744
v 0.51449154 0.15131395 0.05718757
v -0.02312211 0.20561715 0.01305161
v 0.60622840 0.83913130 0.05726423
v -0.75666368 0.67408511 0.05671720
v 0.51287429 0.15114665 0.05730607
v 0.25269105 0.90608058 0.05921718
v -0.42835928 0.17418542 0.07889504
v 0.51545555 0.86701924 0.06834953
v 0.23348652 0.90336248 0.05745465
v -0.85749058 0.66069403 0.05765829
v 0.68218318 0.19932941 0.05774522
v -0.77484375 0.58056718 0.05777330
v 0.23599951 0.91137777 0.05837951
v 0.26367205 0.91993432 0.04274479
v -0.77453703 0.61501382 0.07459404
v -0.63734993 0.51037733 -0.02561422
v 0.68441386 0.20089089 0.05692962
v -0.52907813 0.28894713 0.05809044
v 0.48504652 0.16029245 0.05686343
v -0.56164611 1.10682727 0.05818455
v 0.35722835 0.33534534 0.05822277
v -0.53086267 0.29126146 0.05829956
v 0.50471637 0.08092620 0.08872309
v -0.43611439 0.18711642 0.05831698
v 0.36051860 0.97011425 0.05833779
v 0.06720110 0.84590003 0.04994662
v 0.54332099 0.20461171 0.07339973
v 0.25576750 0.91905468 0.05910270
v 0.45625650 0.51186020 0.06386035
v 0.58202549 0.11210968 0.05852945
v 0.19579306 0.19186011 0.08223400
v -0.74199693 0.72349823 0.06200985
v -0.74255460 0.72036504 0.05840764
v 0.23239369 0.91001127 0.05633019
v 0.40693077 0.42427991 0.05975810
v 0.51666646 0.14149894 0.05882921
v 0.48407059 0.14437094 0.05982780
v 0.23918333 0.90839402 0.05908020
v 0.68993239 0.20241879 0.05933113
v 0.57051856 0.20703016 -0.00542861
v 0.48209086 0.14991977 0.05886756
v 0.51577418 0.14462190 0.05832034
v -0.73831630 0.73294030 0.05916398
v 0.53657531 0.99504214 0.05920564
v 0.76585479 0.26654576 -0.00338661
v 0.23872720 0.91221199 0.05902306
v -0.75789055 0.67101443 0.05926158
v 0.48276007 0.14735448 0.05931718
v 0.23769156 0.91186552 0.05888153
v -0.52941273 0.28928173 0.05942885
v 0.57745259 0.10898673 0.05943218
v 0.40242757 0.41610306 0.05301115
v -0.27856991 0.33081009 0.08963064
v -0.74026815 0.72736359 0.05945676
v 0.24106547 0.91334335 0.05950543
v -0.67879555 1.00804797 0.05996700
v -0.56025193 1.10646478 0.05953690
v -0.34008346 0.16296927 0.05957173
v 0.57990634 0.10647721 0.05957857
v 0.46613102 0.16210662 0.05696233
v -0.48117420 1.05172938 0.05964145
v 0.51463096 0.14010476 0.05919867
v 0.24577779 0.91503728 0.05970061
v 0.24805727 0.91585635 0.05968405
v -0.12027742 0.81023697 0.05981568
v 0.52157396 0.19648529 0.05983302
v 0.51998460 0.19896693 0.06025650
v 0.25491662 0.91855060 0.05836220
v 0.26579554 0.19116134 0.07212271
v 0.58503691 0.10067743 0.05996197
v -0.77568025 0.58091573 0.06006323
v 0.40560630 0.42195164 0.06007353
v 0.24683736 0.91558798 0.06016417
v 0.58392157 0.09978516 0.06021989
v -0.77590332 0.57881052 0.06029676
v -0.66158073 1.09935448 0.06033857
v -0.74875881 0.70021801 0.05521039
v -0.85821555 0.66305019 0.06050241
v 0.52196433 0.19704296 0.06050571
v 0.58447924 0.09777754 0.06046387
v 0.24931900 0.91657784 0.06068699
v -0.34248144 0.16246736 0.06081952
v 0.77486814 0.58125033 0.06155131
v -0.48340488 1.05058616 0.06085787
v -0.43188253 0.38439384 0.08526783
v 0.05152434 0.84373459 0.06161386
v -0.75555122 0.68150181 0.06186163
v 0.43524651 0.89311384 0.06104945
v 0.86727421 0.29940345 0.06109819
v -0.46841963 0.69989408 0.04976100
v -0.11478436 0.81302533 0.06139807
v -0.48201070 1.05156208 0.06148525
v 0.24382594 0.91452840 0.06152350
v -0.85866168 0.66395641 0.06156547
v -0.67833874 1.00934640 0.06210743
v 0.63695607 0.78230463 0.06171514
v 0.26980128 0.25583897 0.05133539
v 0.57499186 0.10696168 0.05997069
v 0.37105858 0.21837387 0.01357554
v 0.53406579 0.99320182 0.06194171
v 0.86100041 0.49123876 0.06091433
v -0.13343165 0.79999441 0.03564443
v -0.67025252 1.09351985 0.06088840
v 0.52518488 0.19466589 0.06127425
v 0.86660500 0.30461768 0.06227278
v -0.75844822 0.67123750 0.06241590
v 0.86699537 0.29862272 0.06247494
v 0.09623136 0.24210277 0.05692621
v 0.40499286 0.42080841 0.06379773
v 0.43528836 0.51306809 0.11621008
v -0.00958268 0.21543278 0.05757871
v -0.75163767 0.69049817 0.05519014
v 0.43360138 0.89222156 0.06299433
v -0.67981657 1.08708572 0.06321406
v -0.68243768 1.03161141 0.06364451
v 0.53423309 0.99362008 0.06325224
v 0.23232398 0.90998338 0.05773831
v 0.72888817 0.25413800 0.04239205
v 0.05850840 0.23273390 0.07633840
v -0.33947002 0.16096165 0.06379260
v -0.63431063 0.48503467 0.06948785
v -0.50303930 0.49455297 0.06866774
v -0.75026440 0.70043783 0.06496551
v 0.63578496 0.78153086 0.06398765
v -0.07207439 0.20188193 0.06692046
v -0.66121825 1.09966120 0.05691935
v -0.11817221 0.81254433 0.06430841
v 0.33419087 0.92268913 0.10974481
v -0.06741370 0.20214565 0.05854871
v -0.59640120 0.42368390 0.07095979
v -0.01022454 0.83358247 0.06471968
v -0.65248008 0.94077190 0.08508161
v 0.86059322 0.49310804 0.06472007
v -0.85760211 0.66338480 0.06497075
v -0.66029809 1.10021887 0.06110188
v -0.43070498 0.17543321 0.07849770
v 0.62440848 0.59588919 0.04378951
v -0.67780896 1.00513598 0.06081607
v 0.42816408 0.88099147 0.07976977
v -0.01395920 0.83319210 0.06517976
v 0.25768406 0.91993781 0.06127603
v -0.27814362 0.16843444 0.07873294
v -0.04452305 0.20775024 0.06668548
v 0.46775930 0.49272091 0.07160707
v -0.69978124 1.07183342 0.08126169
v -0.67836663 1.08789434 0.06767891
v 0.53602124 0.58228721 0.06233671
v 0.69894922 0.21155974 0.06970421
v 0.40848702 0.42689922 0.06079044
v 0.24821760 0.91645934 0.06421426
v 0.86002449 0.49437914 0.06625316
v 0.63483692 0.78360819 0.06630896
v 0.24262695 0.91437504 0.06639963
v 0.24198563 0.91419380 0.06734070
v 0.86250612 0.49112374 0.06721122
v -0.53398563 1.10925314 0.07235636
v 0.35568121 0.29982279 0.14782775
v -0.67875701 1.03545237 0.07639601
v -0.73729855 0.73692939 0.06288644
v 0.69645961 0.50901800 0.06696421
v 0.19096572 0.22821676 0.06597441
v 0.24198563 0.91419380 0.06734070
v 0.04804858 0.84076248 0.05239863
v -0.67629627 1.01873967 0.07381939
v -0.00868746 0.83458628 0.06744530
v -0.04073961 0.20864252 0.06757775
v -0.68723365 1.08186801 0.06279319
v -0.67859971 0.94965423 0.02649516
v -0.47707532 0.66183029 0.06999671
v -0.45827832 0.20675166 0.05264617
v 0.69595771 0.50767959 0.06778677
v 0.10530292 0.86417604 0.12276244
v 0.62823898 0.61056116 0.09630469
v -0.74746211 0.71027359 0.06807975
v 0.69757495 0.50655031 0.06808652
v 0.43784665 0.46449495 0.06373411
v 0.43057429 0.19497261 0.14627726
v -0.74997163 0.70268153 0.06833767
v 0.73387529 0.09266717 0.05216233
v 0.18000052 0.22130164 0.07015695
v -0.67892453 1.03313601 0.07440216
v 0.36403193 0.37842542 0.06867212
v 0.41830850 0.29958633 0.05527399
v -0.14747782 0.64835905 0.06885344
v -0.15062866 0.64812901 0.06888132
v -0.42959917 0.17495139 0.07723627
v -0.63854893 0.48796593 0.06844919
v -0.62812048 0.95072124 0.06488010
v -0.68687660 1.08190322 0.06931733
v -0.11202991 0.19571605 0.09152905
v 0.01856304 0.83812052 0.06553527
v 0.18532001 0.22177350 0.06913819
v -0.62655900 0.47753748 0.07051954
v 0.50788314 0.86082469 0.07623900
v -0.62622440 0.47543227 0.06959241
v -0.74841015 0.70809301 0.06966214
v 0.40397518 0.41931360 0.07210769
v -0.18585169 0.69553708 0.04962882
v -0.62990503 0.95026116 0.07006644
v -0.63838162 0.49033603 0.07026162
v 0.70121375 0.21102656 0.07017605
v -0.75861552 0.68119835 0.08986246
v -0.67753012 1.01904987 0.07048469
v 0.50746489 0.86573220 0.07124785
v -0.62655900 0.47753748 0.07051954
v 0.89064062 0.45164761 0.07054722
v -0.18363930 0.69267559 0.08429396
v 0.42821985 0.90152073 0.07065882
v -0.77508097 0.60363768 0.06681097
v -0.63793549 0.49115859 0.07099357
v -0.47575329 0.66502505 0.07061583
v -0.65670286 0.50969723 0.09983517
v -0.03846012 0.20900500 0.06538889
v -0.57581095 1.11809222 0.07113297
v -0.77980702 0.57129590 0.07116088
v -0.53649515 1.10889065 0.07127936
v 0.41246565 0.94794683 0.07132105
v -0.75531886 0.68787279 0.07175986
v 0.36364156 0.37477268 0.07139774
v -0.15022435 0.64894809 0.07141175
v 0.37620310 0.45626234 0.06814931
v 0.36450595 0.37956865 0.07169749
v -0.68070890 1.04272300 0.07667484
v 0.60563346 0.05451661 0.14365715
v 0.42540361 0.89807711 0.07193449
v -0.68271652 1.04208168 0.07197647
v -0.69752268 1.05232888 0.08213653
v 0.51217721 0.86526515 0.06978396
v -0.53984118 1.10858393 0.07229711
v -0.67881276 1.03148593 0.07383769
v -0.58321482 1.12049906 0.10025906
v 0.37300139 0.42999630 0.06850412
v -0.62577826 0.95277068 0.07256201
v -0.46739275 0.66831975 0.09637280
v 0.07919102 0.23822696 0.05640253
v 0.41101570 0.94867180 0.07261764
v -0.60653862 0.93693283 0.07265960
v -0.67747435 1.02267473 0.07275720
v -0.50323730 0.25879325 0.07205734
v -0.68422223 1.04255570 0.07289662
v -0.69328438 1.04358739 0.07029648
v -0.78025316 0.57004114 0.07293846
v -0.68809804 1.07950140 0.08664670
v -0.70184463 1.05616287 0.07661908
v -0.67992811 1.03566846 0.07346127
v -0.58451367 0.40504829 0.07357502
v -0.62834355 0.95146016 0.07358674
v -0.62834355 0.95146016 0.07358674
v -0.68146176 1.04125911 0.07319986
v -0.79022849 0.67970495 0.10903459
v -0.04292498 0.20836368 0.07116078
v -0.77869168 0.59561035 0.07571984
v 0.42562668 0.89977801 0.07393514
v -0.68645276 1.04344989 0.07493001
v -0.58774511 0.41132800 0.07396316
v 0.37683048 0.45103417 0.07398394
v -0.08297142 0.48140284 0.07539953
v 0.04356979 0.22927634 0.07804801
v 0.72469102 0.37091113 0.06322262
v -0.82259083 0.68646093 0.07227361
v -0.57731666 1.11898450 0.07434655
v -0.63729855 0.48203942 0.06400204
v -0.67986577 1.04302103 0.07884483
v -0.07463205 0.20158798 0.07022321
v 0.83336782 0.53461510 0.07451367
v 0.72212118 0.46778976 0.08099065
v 0.89086369 0.45320909 0.07471581
v -0.51383977 0.27110166 0.06066836
v -0.58635093 0.40823293 0.07343337
v -0.60475407 0.93749050 0.07490423
v 0.19449996 0.89503780 0.07492503
v -0.69500129 1.04681983 0.07969822
v -0.85849438 0.60579482 0.07267358
v -0.77554274 0.61163280 0.07564197
v -0.68360879 1.04294607 0.07511337
v -0.18439564 0.69845053 0.07514815
v -0.78125696 0.57149109 0.07524583
v -0.86700584 0.67511865 0.08076460
v 0.89158866 0.45265142 0.07531531
v -0.61851111 0.48381389 0.08771192
v 0.50339389 0.86159149 0.07750422
v 0.37741603 0.45209375 0.07587305
v 0.36786592 0.39328735 0.07806888
v -0.86207437 0.65493684 0.08141861
v 0.07625976 0.85095043 0.06431187
v -0.44736017 0.78751406 0.08572869
v -0.27017590 0.33073585 0.08444558
v -0.60525597 0.93768569 0.07670969
v 0.83331205 0.53528430 0.07680012
v 0.41140607 0.83865727 0.07682805
v 0.55642839 0.84852805 0.07685592
v -0.58278184 0.40176395 0.07340549
v -0.70474452 1.05751522 0.07785641
v -0.69178564 0.98316941 0.02196405
v -0.85858500 0.60572947 0.09353047
v -0.65009271 0.90294279 0.07716977
v -0.58746627 0.41389329 0.07726039
v 0.58799257 0.50123850 0.08310880
v 0.19282695 0.89454984 0.07739272
v 0.40895232 0.42677549 0.07746240
v 0.38457950 0.91626328 0.10335468
v 0.06852209 0.85275241 0.08740294
v 0.41310697 0.83807172 0.07761576
v -0.55782680 0.35335700 0.06803679
v 0.54321159 0.39557990 0.07882019
v 0.85935691 0.38733181 0.05626293
v -0.09324433 0.82432513 0.07788770
v 0.40909174 0.94535366 0.07790854
v 0.41433385 0.83609199 0.07732996
v 0.85071138 0.21555763 0.07815943
v 0.66353694 0.18565846 0.07555564
v -0.67981361 1.03791925 0.07524978
v 0.06705819 0.85093998 0.07837564
v 0.04870037 0.23044745 0.07837564
v -0.18348943 0.69812029 0.08300434
v -0.48597373 0.24733438 0.07865788
v -0.42816758 0.17442941 0.07686302
v 0.00710508 0.83988415 0.07850112
v 0.01924197 0.22324391 0.09414140
v -0.61110455 0.95368910 0.08812037
v -0.77626581 0.60656162 0.07430126
v 0.19560136 0.89588825 0.07861263
v -0.77902628 0.59750644 0.07863367
v -0.18403316 0.69747330 0.07864057
v -0.74743074 0.71037252 0.06839954
v -0.48580287 0.24701027 0.07868243
v -0.65215610 0.90078181 0.07869639
v 0.83470623 0.53402954 0.07872408
v -0.78120120 0.59137206 0.08310202
v 0.06951543 0.85190893 0.08050873
v 0.01054129 0.84056730 0.07933066
v -0.70228348 1.05601331 0.07806752
v -0.75503925 0.69147826 0.08034956
v 0.40619364 0.42205757 0.07932178
v -0.57726089 1.11842682 0.07940741
v -0.48294473 0.24378192 0.07947666
v -0.58239147 0.40162453 0.07410954
v -0.48360007 0.24436134 0.07915994
v 0.64476346 0.47993547 0.07963032
v -0.08841350 0.82588661 0.07972801
v 0.40591302 0.42115695 0.08051914
v -0.84943223 0.60787214 0.07664524
v -0.65065038 0.90235723 0.07983962
v -0.68684328 1.04470273 0.07995813
v 0.50771054 0.86083148 0.07648457
v 0.85204979 0.21968440 0.08011825
v 0.18948543 0.19309825 0.04860817
v -0.67641478 0.50473788 0.08026484
v 0.43055120 0.19433408 0.05124997
v 0.55743220 0.84810980 0.08035530
v -0.45889524 0.34980296 0.01423832
v 0.34761853 0.85643990 0.09001698
v 0.63835025 0.47863888 0.08050168
v 0.84970757 0.21343848 0.08051559
v 0.50306573 0.86200949 0.07726064
v 0.63115629 0.47834611 0.08130334
v -0.43000789 0.17501496 0.08063427
v -0.70290908 1.06649299 0.08085264
v -0.61752473 0.93305702 0.08091313
v -0.09455485 0.82468762 0.08093397
v 0.61520691 0.48606985 0.08193072
v 0.62491038 0.48183155 0.08145670
v 0.37569422 0.43938582 0.07609960
v -0.75660791 0.68702656 0.08109439
v -0.47869256 0.23861733 0.08030665
v 0.60439672 0.61140420 0.09997932
v 0.83855416 0.52955424 0.08125451
v 0.60159974 0.69444968 0.08139396
v -0.43142995 0.17629760 0.08141501
v 0.62831217 0.47946145 0.08144275
v 0.63042435 0.50206803 0.07782574
v -0.42841853 0.17395539 0.08062730
v 0.55503422 0.84823527 0.08151247
v -0.67786472 0.50542103 0.08153355
v 0.60589380 0.50075053 0.08088508
v 0.62220568 0.47813698 0.08234548
v -0.67128624 0.48789651 0.10850450
v 0.66004365 0.47122186 0.07953272
v 0.61966827 0.48332332 0.08183312
v -0.78010429 0.60067145 0.08706200
v 0.62212202 0.48035372 0.08200740
v 0.83966950 0.52832736 0.08227923
v -0.07074132 0.82943238 0.07940733
v -0.70340611 1.06614518 0.08057157
v 0.39885151 0.40720734 0.08028169
v 0.60249201 0.69756610 0.08246747
v -0.45489452 1.03359265 0.02007934
v -0.79220151 0.67656454 0.10614700
v 0.61080131 0.48506604 0.08257901
v -0.86011163 0.67291748 0.08260709
v 0.60070746 0.69389724 0.08267660
v 0.42101544 0.85575250 0.10384417
v 0.59578377 0.49958739 0.08233156
v -0.61875161 0.93217869 0.08278133
v -0.67822721 1.04346191 0.08340871
v -0.66730397 0.99896388 0.08526876
v 0.60494576 0.48633474 0.08303909
v -0.68171271 1.04408929 0.08212608
v -0.65427524 0.45627628 0.08311594
v 0.01004070 0.84134804 0.08323435
v -0.22939272 0.33918630 0.08032927
v -0.86139427 0.67219600 0.08331115
v -0.78499336 0.58840246 0.10232076
v -0.61724590 0.93319643 0.08335294
v 0.42674915 0.89425417 0.06977218
v -0.30584244 0.16603646 0.08503288
v -0.65672900 0.45598350 0.08375726
v -0.86739446 0.66462561 0.08549935
v -0.62086851 0.48069144 0.08014245
v 0.77319513 0.11160778 0.08379889
v 0.49162704 0.80757126 0.14389451
v -0.65661746 0.96749319 0.09748381
v -0.67507637 0.50720557 0.08385485
v -0.54897129 0.96999051 0.09016850
v 0.76996064 0.10915403 0.08397316
v 0.40065462 0.45159597 0.12706274
v -0.47294225 0.65206732 0.08367077
v -0.30235699 0.32210066 0.07877303
v 0.39921604 0.38364740 0.12877449
v 0.56005325 0.50857187 0.08422414
v -0.85827042 0.60287436 0.09115546
v -0.31180952 0.16542302 0.08454841
v -0.69013354 1.04551135 0.08066219
v 0.53735605 0.50719163 0.08438447
v -0.29884367 0.16653836 0.08448218
v -0.69918175 1.07201466 0.08641143
v 0.83905606 0.52981913 0.08454477
v -0.65600402 0.45368311 0.08462862
v -0.69382811 1.04655002 0.08040775
v 0.38942870 0.85246837 0.09461687
v 0.55591952 0.50347789 0.08643653
v 0.55826871 0.50709404 0.08493517
v -0.24263044 0.33757603 0.08493528
v 0.53612917 0.50642484 0.08497701
v 0.82053529 0.34378774 -0.00216787
v -0.31291398 0.16546436 0.08530553
v -0.29477267 0.16681720 0.08516533
v 0.49842381 0.85639725 0.08419931
v -0.45921622 0.22361568 0.10144665
v 0.56434732 0.50409656 0.08547193
v -0.44835526 0.77899346 0.08546510
v -0.08220941 0.49000143 0.08356897
v -0.65617133 0.45247018 0.08522463
v -0.84767557 0.61024224 0.08560457
v 0.56183780 0.50291848 0.08609234
v -0.08171819 0.47976251 0.08438950
v 0.55370626 0.50745478 0.08491600
v -0.65762127 0.45128512 0.08590429
v -0.70314121 1.06797852 0.08395245
v -0.44447945 0.81603675 0.08593215
v 0.56189357 0.50331582 0.08597384
v -0.25651645 0.33453672 0.08599486
v 0.53813679 0.50523978 0.08602263
v -0.65895968 0.45120147 0.08620404
v -0.67286770 1.04002435 0.09799482
v -0.31922654 0.16503265 0.08652465
v 0.23760791 0.19037879 0.08440543
v -0.44492559 0.81094103 0.08651073
v -0.08159597 0.48495451 0.08655948
v -0.69738326 1.05758493 0.08891224
v -0.28729988 0.32923885 0.09093025
v 0.28162209 0.21653356 0.08669188
v 0.59264912 0.45307664 0.09368712
v -0.68868393 1.07924873 0.08650216
v -0.84789864 0.61107875 0.08700572
v -0.04658818 0.83472570 0.08706835
v 0.77202402 0.11082704 0.08711703
v -0.84871772 0.61447619 0.10007483
v 0.61654532 0.74964951 0.08862974
v -0.51641900 0.92653227 0.08720086
v 0.63877057 0.61118033 0.09314508
v 0.07821859 0.85503886 0.08726352
v 0.58886741 0.39812275 0.10895162
v 0.07395938 0.85403505 0.08733323
v -0.86699241 0.64501147 0.08667806
v 0.61766066 0.75137132 0.08736801
v -0.24204489 0.33860772 0.08744480
v -0.32056495 0.16497688 0.08751452
v 0.60608550 0.75825856 0.10258546
v -0.08135199 0.48202673 0.08759814
v 0.08093821 0.85559840 0.08644019
v 0.60243400 0.46531739 0.08841853
v -0.05141900 0.83423773 0.08766087
v -0.03192143 0.83690061 0.08838584
v -0.45167341 0.75442457 0.09300760
v 0.19169767 0.18987689 0.09277399
v -0.04831696 0.83469781 0.08790485
v -0.17093486 0.70258841 0.13437978
v -0.44916389 0.77330522 0.08806524
v 0.28211005 0.21611531 0.08806514
v -0.08066884 0.46433462 0.08804428
v -0.51842661 0.92742454 0.08820466
v -0.04443417 0.83531125 0.08837190
v 0.83378607 0.18312907 0.09329672
v -0.57532880 0.98308587 0.09316072
v -0.04835878 0.83479540 0.08846950
v -0.24798408 0.33752026 0.08851135
v -0.26546706 0.33448095 0.09192708
v -0.08135199 0.48735249 0.08875879
v -0.33316135 0.16430768 0.08822555
v -0.33440234 0.16427200 0.08871187
v -0.08116029 0.47831822 0.08803034
v -0.10533710 0.82569509 0.13421261
v 0.34565295 0.28010619 0.04834266
v 0.74564689 0.31081241 0.06989010
v 0.57101219 0.45418815 0.09859100
v -0.52896659 1.03243397 0.08950823
v -0.81920647 0.68265538 0.07506807
v 0.07771843 0.22293283 0.16190428
v -0.04571333 0.83531125 0.08975911
v -0.03514895 0.83667754 0.08977305
v 0.76410509 0.38547996 0.08978688
v -0.27569858 0.16288910 0.06619101
v -0.51892852 0.92774520 0.08983585
v -0.03193537 0.83710974 0.08992641
v -0.32247149 0.16481655 0.08950122
v -0.04571333 0.83531125 0.08975911
v 0.28272349 0.21488843 0.08996820
v -0.21589099 0.34821099 0.09636340
v -0.41442533 0.18559677 0.10081237
v -0.44972156 0.76902335 0.08865254
v 0.22674249 0.19059141 0.09414333
v 0.23011749 0.19042238 0.09057384
v 0.77883506 0.58247156 0.07785400
v 0.21537428 0.19050427 0.08663786
v -0.07722495 0.41328048 0.12167342
v -0.04861670 0.83507424 0.09086051
v 0.07244670 0.85406293 0.09091626
v 0.76544350 0.38227335 0.09093011
v -0.36365391 0.15348741 0.07859719
v 0.82784687 0.36147223 0.09102770
v -0.57929809 0.40908624 0.08938122
v 0.19873129 0.19018361 0.09377779
v -0.44542749 0.81202152 0.09115334
v -0.67959353 1.04452149 0.12098877
v 0.07851834 0.85552682 0.09134149
v -0.52991174 1.11700398 0.15684517
v 0.24823154 0.92363238 0.09141814
v -0.59555250 0.97254012 0.09184348
v -0.45069403 0.76192352 0.09144422
v 0.84639809 0.21596045 0.11639574
v -0.52924543 1.03260127 0.09162040
v 0.82589503 0.36133281 0.09164810
v -0.52840892 1.03318683 0.09165526
v -0.25788274 0.33612608 0.09138335
v 0.87491430 0.48068832 0.09176660
v 0.82673153 0.36016170 0.09178055
v 0.25160545 0.92601642 0.09179457
v -0.08738181 0.82551018 0.07694663
v 0.76443969 0.38308197 0.09187118
v 0.38943213 0.47710703 0.12365150
v -0.04356630 0.83586892 0.09189917
v 0.19438931 0.19005072 0.08990192
v -0.84949778 0.62206838 0.09422445
v -0.58483128 0.96573653 0.09250397
v 0.28285593 0.21848541 0.09036554
v -0.21020186 0.17841675 0.09339968
v -0.59295503 0.97361233 0.09245600
v 0.87329705 0.48308631 0.09240792
v -0.61188503 0.46976254 0.10113686
v -0.60344354 0.96922197 0.09300762
v -0.52458975 0.29379320 0.06721914
v -0.03628520 0.83691455 0.09263809
v -0.26061533 0.33647463 0.09425536
v 0.83247554 0.18008977 0.09264494
v -0.77081769 0.52130375 0.09239350
v 0.13954148 0.19629010 0.09658010
v 0.18853288 0.18968170 0.09408800
v -0.86809634 0.66530452 0.08644744
v 0.20682699 0.19040011 0.09345337
v -0.07995505 0.46065757 0.09245091
v -0.34126850 0.16416826 0.08992645
v 0.71279937 0.60493740 0.09405657
v -0.51998809 0.31292697 0.10200354
v 0.01812170 0.84434552 0.09395558
v 0.81934239 0.54050550 0.09406004
v 0.87424509 0.48216615 0.09412974
v 0.54750740 0.47045855 0.09368081
v -0.59058923 0.97327903 0.09205261
v 0.13271001 0.19977555 0.09873411
v 0.48707520 0.84874781 0.09589563
v 0.82227017 0.53904858 0.09446435
v 0.52695504 0.51664055 0.08353785
v -0.80974659 0.68360066 0.08932562
v 0.25168910 0.92741060 0.09468052
v -0.76814951 0.62309265 0.04223142
v 0.13665554 0.20267544 0.09472236
v 0.82611809 0.53881157 0.09460377
v 0.84148828 0.53219799 0.10267639
v 0.83136020 0.17908596 0.09480592
v 0.82238170 0.53772411 0.09484775
v -0.51721368 0.30474315 0.09663770
v -0.32059283 0.16453075 0.09496640
v 0.14015492 0.19774005 0.09537414
v -0.45223108 0.75036054 0.09504310
v -0.20539195 0.17936479 0.09507792
v -0.26432384 0.33590302 0.09517552
v 0.54042324 0.46804314 0.09519633
v -0.45256568 0.74792770 0.09528011
v -0.75053154 0.70902481 0.11020078
v 0.18319319 0.18917980 0.09541944
v 0.13778482 0.20833580 0.09114280
v -0.04781853 0.83640568 0.09987387
v -0.28780178 0.33071668 0.09548225
v -0.59192764 0.97587220 0.09579598
v 0.37984887 0.45505986 0.08381202
v -0.85737904 0.60222921 0.09117082
v -0.69916781 1.06296645 0.09571234
v -0.45072449 0.77978164 0.10653834
v 0.59602303 0.70069448 0.09688153
v 0.63545036 0.61395773 0.09574702
v 0.34106980 0.85635636 0.09615834
v -0.60436370 0.46472499 0.09671091
v 0.39844023 0.85266179 0.09017556
v 0.70279022 0.61810875 0.08881388
v 0.53869189 0.46292056 0.09635781
v 0.63533882 0.61333035 0.09624195
v 0.64208664 0.61287724 0.09584112
v -0.07830919 0.44647521 0.10104499
v 0.53198847 0.46592050 0.09702358
v 0.63660753 0.61483257 0.09459159
v 0.34084462 0.85628165 0.09620553
v 0.20823261 0.19046244 0.09489663
v -0.44947061 0.77419749 0.09580293
v -0.45022346 0.76811888 0.09653487
v -0.51937465 0.30827042 0.09656276
v 0.01611670 0.84442917 0.09668120
v -0.51519212 1.11443948 0.09670218
v -0.57824379 0.94356214 0.11642109
v -0.45391803 0.73817543 0.09881958
v 0.39411554 0.47805414 0.10024997
v 0.18175021 0.18929133 0.09037775
v 0.83130443 0.17763601 0.09172478
v -0.26589926 0.33570783 0.09567394
v 0.34332837 0.85485064 0.09777210
v 0.38889708 0.47425768 0.09755599
v -0.51798048 1.11410488 0.09719711
v -0.75560410 0.69026649 0.08388623
v 0.01842929 0.84487531 0.09766409
v -0.82282610 0.55562274 0.10642530
v 0.55097604 0.58271070 0.02201203
v 0.35068965 0.85170677 0.10044892
v 0.39467595 0.85192984 0.09813109
v 0.07839635 0.85603569 0.11633212
v -0.76999201 0.64878776 0.09844494
v -0.20703708 0.17942056 0.09847972
v -0.31822273 0.16447498 0.09854944
v 0.58966558 0.68649851 0.09736426
v -0.59678635 0.97272136 0.09314355
v -0.60910390 0.48079986 0.10283657
v -0.55910871 0.38306803 0.10582533
v -0.45315820 0.75189545 0.10763601
v -0.59883408 0.97196203 0.09383163
v 0.58732336 0.68369447 0.09917670
v 0.39676721 0.85227839 0.09932311
v 0.51504921 0.46435554 0.10022234
v 0.52291576 0.45606781 0.10014903
v 0.42296601 0.86746882 0.12891071
v -0.77004778 0.64863092 0.09967181
v 0.87853916 0.48972259 0.09972736
v -0.76915550 0.65139487 0.09981123
v -0.60457588 0.46845529 0.10080475
v -0.69749479 1.06321741 0.09982516
v -0.69732749 1.06193476 0.09984608
v -0.55875943 0.37992017 0.10232204
v 0.38653395 0.84915543 0.09991564
v 0.39916520 0.85241780 0.09994352
v 0.58615225 0.68128167 0.09935446
v -0.56763758 0.38870399 0.09182213
v -0.59071470 0.97517511 0.09414039
v 0.51538381 0.45042073 0.10232058
v -0.47152649 0.64269869 0.09928837
v 0.87524890 0.49458827 0.10051507
v -0.28558242 0.33455589 0.10532601
v 0.51677799 0.45970596 0.10063362
v -0.81216001 0.55238305 0.10662930
v -0.45412716 0.73741909 0.10076620
v 0.20753552 0.19068551 0.10078005
v 0.02549080 0.84622766 0.10078705
v 0.18392513 0.18931922 0.09990521
v -0.19467596 0.35578398 0.10292975
v 0.51454731 0.57878263 0.10100308
v 0.77978804 0.30051549 0.11381502
v -0.46583825 0.23284543 0.10105201
v 0.20020277 0.19040344 0.09957066
v -0.54347301 0.36045796 0.11332339
v 0.51503527 0.45458932 0.10174025
v 0.54251450 0.45905069 0.09643714
v 0.31292596 0.29812250 0.20230534
v -0.47072089 0.64333568 0.10185652
v 0.39768737 0.47961481 0.09850055
v 0.17154482 0.19074128 0.11833275
v 0.02096495 0.84571181 0.10157476
v -0.04287809 0.83727340 0.10161630
v -0.46773433 0.23546649 0.10171424
v -0.46979771 0.64897946 0.10115657
v -0.07694987 0.48925206 0.11698043
v -0.51647476 1.11491350 0.10181881
v 0.03914882 0.84588661 0.08370655
v -0.34496307 0.16319234 0.11019431
v -0.79125406 0.68049258 0.10728585
v 0.38801178 0.85041019 0.10213935
v 0.49474999 0.47077572 0.10215328
v 0.49363465 0.47085937 0.10220207
v -0.64487283 0.94635790 0.05831588
v -0.49554642 0.30029399 0.14181471
v 0.87820456 0.49081005 0.10243904
v -0.20127913 0.35394367 0.10246009
v 0.50642623 0.56501165 0.10744244
v -0.66542866 1.02423621 0.10417499
v 0.00830430 0.84405274 0.10279467
v -0.00066429 0.84291649 0.11158147
v 0.00019999 0.84300711 0.10280861
v 0.39251497 0.85234112 0.10255412
v 0.21096520 0.19088070 0.10257157
v 0.20351332 0.19058792 0.10160088
v 0.49302121 0.46832197 0.10297584
v -0.46572671 0.23362617 0.10301780
v -0.86302855 0.62756473 0.10083854
v -0.60865776 0.48173396 0.10478145
v -0.51871061 0.31161983 0.10329872
v 0.49706074 0.47198575 0.10183201
v -0.16503051 0.75496481 0.11598360
v -0.59819331 0.94298204 0.10257927
v 0.51666646 0.58233779 0.10339409
v 0.38695221 0.85014530 0.10342896
v 0.17710063 0.18901250 0.10349174
v 0.40606020 0.48561311 0.10409487
v 0.35236433 0.97312916 0.08973802
v -0.20737168 0.35284227 0.10366431
v 0.53315624 0.60065142 0.10694597
v -0.60862280 0.48136039 0.10458677
v -0.21317669 0.35349753 0.10983442
v -0.45321587 0.79032322 0.11274398
v 0.02697386 0.84649255 0.10391001
v 0.54741504 0.60184233 0.09216573
v -0.86658061 0.63013715 0.10397983
v 0.52102381 0.43678626 0.10309726
v 0.01802585 0.84533538 0.10164447
v 0.89949364 0.45988023 0.10705114
v 0.60873792 0.77581474 0.10236936
v -0.60709629 0.47773267 0.10475357
v -0.86950591 0.65346157 0.10458365
v -0.75900938 0.62074585 0.06129635
v 0.39292626 0.48007663 0.10790819
v 0.18134939 0.18919374 0.10230494
v -0.77988631 0.61294183 0.12474195
v -0.86685945 0.63215174 0.10473269
v -0.21152633 0.35218701 0.10478837
v -0.86624601 0.62939824 0.10482331
v -0.66453639 1.02139209 0.10483025
v 0.31190362 0.84536327 0.10522398
v -0.76804118 0.69432381 0.09861398
v -0.21680329 0.35044428 0.10355104
v -0.66559596 1.02733128 0.10524851
v 0.50644278 0.53917602 0.11786620
v -0.51602863 0.30687624 0.10275988
v 0.31197362 0.84544032 0.10539021
v -0.65364786 0.50097012 0.07724819
v -0.66503829 1.02549097 0.10565282
v -0.07613721 0.52016744 0.13219271
v 0.30981235 0.84447796 0.10589318
v -0.85598486 0.61708765 0.10570861
v -0.66470369 1.02479388 0.10628020
v -0.67016887 1.02880911 0.10820416
v -0.60720782 0.47925929 0.10612335
v -0.66577943 1.02733754 0.10544416
v -0.07436634 0.43313765 0.12485944
v -0.60674600 0.47934773 0.10759812
v -0.81582210 0.55299602 0.10725767
v 0.60516883 0.77800359 0.10610576
v -0.75865735 0.67949495 0.10456189
v -0.60712730 0.47907467 0.10594286
v -0.78003009 0.56506393 0.10699821
v -0.47035538 0.64124875 0.10547503
v -0.02740603 0.83936831 0.10327915
v -0.00878854 0.84183600 0.10636376
v 0.00148413 0.84318618 0.10766765
v -0.75766748 0.68390883 0.10648237
v 0.31515902 0.84691429 0.10506191
v -0.45290028 0.74995275 0.10487205
v 0.44445179 0.93994221 0.06020363
v -0.66420179 1.02331605 0.10660783
v -0.85553873 0.61604202 0.10678910
v -0.66353258 1.02147574 0.10740251
v -0.07972081 0.47911290 -0.01327408
v -0.85615217 0.61926954 0.10708188
v 0.37057064 0.94329028 0.10805764
v 0.83888876 0.54116773 0.10080786
v 0.58640320 0.68421642 0.10112855
v 0.36796351 0.94596710 0.10738146
v 0.60377465 0.78021336 0.10752782
v 0.30840897 0.84408951 0.10868100
v 0.72275859 0.21372560 0.13432073
v -0.78148834 0.56512774 0.10816376
v -0.45395986 0.74292958 0.10773012
v 0.16541396 0.18814313 0.09088645
v -0.75777902 0.68397244 0.10686925
v -0.66707379 1.02517031 0.10806823
v 0.48197933 0.84360660 0.10809248
v 0.30818116 0.84374602 0.10654496
v 0.45698250 0.45992919 0.10592983
v -0.51779923 0.31294092 0.10740075
v 0.39244526 0.91568557 0.10841315
v 0.69445372 0.20898060 0.06139730
v 0.32232336 0.95668135 0.09510922
v 0.36712703 0.94404313 0.10875473
v 0.33845534 0.85567965 0.09668730
v -0.03913281 0.83762558 0.10895694
v -0.60895477 0.93852992 0.03585896
v 0.51839394 0.38928406 0.08567539
v 0.29601540 0.83605563 0.11379085
v -0.62042636 0.48183525 0.09062935
v -0.75871312 0.52755359 0.12164404
v -0.61157160 0.49391035 0.10924718
v 0.29695806 0.83886989 0.11051140
v 0.48931270 0.43447135 0.11008615
v 0.60299391 0.77838002 0.10830856
v 0.39038191 0.91515578 0.10951455
v -0.34298332 0.33144165 0.10954950
v -0.54859661 1.00106498 0.10957741
v 0.49307698 0.44222297 0.10799488
v 0.33871364 0.85707436 0.09541245
v -0.51442803 0.31399209 0.11696287
v -0.78270691 0.56541247 0.10995736
v -0.47627192 0.82604226 0.14220769
v 0.36042801 0.94413376 0.11058284
v -0.60163108 0.52011217 0.17323033
v 0.51806063 0.58753807 0.11009312
v 0.48733297 0.43681356 0.11009312
v 0.50676954 0.44320325 0.10525902
v -0.61465273 0.50047518 0.11002704
v 0.48259276 0.84328594 0.11029528
v 0.14393891 0.19274836 0.09624452
v 0.29767000 0.83924875 0.11042876
v -0.68270235 1.04533783 0.11583952
v -0.18866705 0.35865076 0.10686918
v -0.56500259 0.39573065 0.10832135
v -0.34320639 0.33194355 0.11066485
v -0.45340219 0.77870068 0.11360657
v -0.05723098 0.20545856 0.07404897
v 0.38728683 0.91533702 0.11081810
v -0.61663246 0.50387349 0.11058123
v 0.48289948 0.43555183 0.11122937
v -0.45390273 0.81163329 0.11159999
v -0.07592863 0.43021911 0.11586509
v -0.04210589 0.83719339 0.11114580
v 0.29550115 0.83816583 0.11096625
v 0.49982926 0.41635760 0.11204435
v -0.61718283 0.50443152 0.11082130
v 0.29404423 0.83755587 0.11160583
v 0.28476076 0.83350230 0.11462030
v -0.61749685 0.50557439 0.11121558
v -0.54556126 1.00263164 0.11040055
v 0.48159681 0.42983178 0.11253479
v 0.41060442 0.87853074 0.09748454
v -0.51296144 0.30651376 0.10975168
v 0.34405687 0.87269960 0.12397915
v -0.44626226 0.82750908 0.08216221
v 0.48069668 0.84265856 0.11221227
v 0.51567488 0.53452944 0.10969782
v -0.77562449 0.63219357 0.11231700
v -0.77495528 0.63479371 0.11237974
v 0.41039097 0.82331000 0.13027210
v 0.47685573 0.44515772 0.11076233
v -0.56599535 0.40210867 0.11563615
v 0.29482714 0.83784107 0.11126861
v -0.45817053 0.72050608 0.12262616
v -0.67893825 1.03756803 0.08705623
v -0.86782143 0.64635666 0.11475682
v 0.77423298 0.55279670 0.09827489
v 0.29033572 0.83585498 0.11289544
v -0.34170068 0.33275217 0.11297918
v 0.29046473 0.83569366 0.11315573
v 0.29243047 0.83641962 0.11264187
v -0.46614804 0.65701720 0.12033645
v -0.54587796 1.00369998 0.11644896
v -0.67064811 1.02303373 0.12706739
v -0.16593672 0.75473826 0.11246331
v -0.45384832 0.76116890 0.11333471
v -0.46042884 0.71123710 0.12801540
v 0.82044379 0.28587994 0.11306703
v 0.81133238 0.58707527 0.09719924
v -0.85843862 0.67745902 0.11367634
v -0.43148452 0.49105266 0.10432928
v 0.47071437 0.40957134 0.11885553
v -0.22684833 0.35146203 0.11400389
v -0.77584756 0.63206112 0.11401092
v 0.41657153 0.24500266 0.16319386
v -0.53914409 0.35388790 0.11448492
v 0.28763102 0.83436321 0.11423385
v -0.61484855 0.50051793 0.11002290
v -0.86020922 0.61380437 0.09347558
v -0.04115437 0.83727704 0.11441514
v -0.45482425 0.80495304 0.11380873
v 0.51576019 0.53920550 0.12126556
v -0.49327566 1.05602345 0.11480557
v -0.67602441 1.07950140 0.11480559
v 0.06761708 0.23009738 0.13019151
v 0.28492631 0.83270414 0.11570471
v 0.53490230 0.59388157 0.08632936
v 0.28905308 0.83504636 0.11371103
v -0.05472363 0.83558486 0.10947104
v -0.16441707 0.75722338 0.11503556
v 0.28324472 0.83292042 0.11522239
v -0.85871745 0.67776399 0.11511931
v -0.07613776 0.42680337 0.11516103
v -0.16500262 0.75553991 0.11523075
v -0.45885690 0.70548425 0.11028756
v -0.46353437 0.67653690 0.12143749
v 0.49427597 0.41825707 0.11224364
v 0.47433924 0.41776910 0.11645057
v 0.69047607 0.21095842 0.10939534
v 0.28640414 0.83420985 0.11416414
v -0.58116672 1.02316945 0.12729122
v 0.81641462 0.27734757 0.11575344
v -0.60266280 0.97359969 0.11026057
v -0.66135767 0.51720183 0.11583031
v -0.45510308 0.73443033 0.10964188
v -0.69944664 0.82330738 0.11596974
v -0.53674706 0.35070951 0.11577764
v -0.67641478 1.07844182 0.11612309
v -0.52438585 0.92637520 0.08536676
v 0.29490689 0.21404778 0.17459191
v -0.85754634 0.67794175 0.11633921
v -0.67005733 0.87298192 0.11642284
v -0.62960210 0.51489430 0.11711551
v 0.23052255 0.91139352 0.11144073
v 0.62362774 0.40809351 0.11663179
v -0.53164341 0.34329215 0.11773335
v 0.27718314 0.82999169 0.11729310
v 0.81185566 0.27059975 0.11789350
v 0.50716371 0.57338086 0.11380145
v 0.31021669 0.84610218 0.11680611
v -0.07585892 0.42797448 0.11686193
v 0.41917225 0.82450896 0.11268892
v 0.27730016 0.83027827 0.11703267
v -0.08176937 0.20393020 0.12307386
v -0.45370890 0.81625982 0.11067183
v 0.81535505 0.27260737 0.11718944
v -0.07573868 0.42594595 0.11827528
v -0.45596747 0.75876395 0.11977581
v -0.49433523 1.05591192 0.11734297
v 0.51961166 0.54657496 0.12005146
v 0.27591993 0.82951147 0.11757988
v -0.22234513 0.35372060 0.11759389
v 0.27586566 0.82954043 0.11761520
v -0.70357341 0.81508174 0.11768458
v -0.45480514 0.76825075 0.11702908
v -0.64044501 0.50709578 0.11675657
v 0.27787178 0.82917687 0.11854186
v 0.47467318 0.41424303 0.11706776
v 0.26950149 0.82682942 0.11954916
v -0.64199799 0.51244171 0.11680077
v -0.67334759 1.07955716 0.11807494
v 0.49504538 0.53937556 0.12561663
v -0.23295482 0.35126685 0.11808883
v -0.86708252 0.64718097 0.11843745
v 0.37941930 0.83683221 0.10604436
v 0.27355680 0.82858086 0.11825170
v -0.53758958 1.00328521 0.09079174
v 0.27723046 0.83026433 0.11713375
v -0.07913699 0.50338204 0.10838795
v -0.52182841 0.32739853 0.11850014
v 0.58970242 0.19352927 0.14485213
v -0.60677709 0.48278692 0.11014607
v -0.51286385 0.31471849 0.12176252
v -0.86663638 0.64563343 0.11890450
v -0.78509792 0.55526112 0.11343540
v -0.75720741 0.68575655 0.10707141
v -0.22609547 0.35330235 0.11909263
v -0.22609547 0.35330235 0.11909263
v -0.66593057 1.02830721 0.10486511
v -0.66108814 0.51746460 0.12093571
v -0.49204878 1.05752916 0.11919026
v -0.78852903 0.57585865 0.13834075
v -0.09378108 0.20150433 0.11944813
v -0.70212346 0.81743790 0.11949003
v 0.62154344 0.38962066 0.13791042
v -0.86712434 0.64823532 0.11937329
v 0.02507080 0.84645073 0.11383655
v 0.27352558 0.82857835 0.11858539
v 0.27000862 0.82714137 0.11964326
v -0.64178342 0.50939443 0.11983160
v -0.65083163 0.49727032 0.12179478
v -0.64178342 0.50293939 0.11990131
v -0.53514280 0.35350450 0.12396880
v 0.39734060 0.81658353 0.15261641
v 0.45376999 0.41422795 0.12169908
v -0.64161612 0.51519421 0.11919028
v 0.28509271 0.83653058 0.13156489
v -0.78503578 0.59897471 0.12355273
v 0.27985148 0.26335352 0.06693813
v -0.66977850 0.87224300 0.12033351
v -0.51909582 0.32421981 0.12045199
v -0.67245532 0.86814412 0.12049384
v 0.36194069 0.23624722 0.12057038
v 0.43203992 0.51232220 0.12062614
v 0.31307824 0.84726980 0.11539189
v 0.26956248 0.82712743 0.12077952
v -0.55439639 1.00053520 0.12071689
v -0.76917729 0.67886280 0.10592176
v 0.33643622 0.86632857 0.12902154
v 0.30558105 0.84412942 0.11817589
v -0.54915428 1.00301683 0.12080054
v 0.30972873 0.84673653 0.12107578
v -0.47836406 0.65528098 0.07700441
v -0.10266286 0.19900178 0.10839317
v -0.64183918 0.51074678 0.11991525
v -0.86463643 0.65717297 0.12131397
v 0.31836021 0.81769740 0.14266410
v 0.51397569 0.53400166 0.11513132
v -0.51502482 0.31789024 0.12114211
v -0.07647236 0.50042987 0.12120479
v -0.50259248 0.26489042 0.07060267
v -0.51658630 0.32062283 0.12135123
v 0.45601976 0.53501941 0.12538028
v -0.65509688 0.50506138 0.12214665
v -0.66046539 0.51729942 0.12109333
v -0.64252942 0.49625832 0.12071006
v -0.04031089 0.21148664 0.12192975
v 0.43427061 0.51476202 0.12197152
v -0.55238877 1.00173419 0.12202742
v -0.45678659 0.75439195 0.12169052
v 0.35481152 0.85863124 0.10760317
v -0.05362354 0.20897712 0.12167184
v -0.52702220 0.34659416 0.13416994
v -0.23119816 0.35307928 0.12232015
v -0.62478491 0.49364023 0.11676223
v -0.15994318 0.74480158 0.14576347
v -0.07540582 0.48522637 0.12501787
v -0.75387532 0.70040282 0.12254328
v -0.59605440 0.94055769 0.12257115
v 0.48472586 0.56801262 0.13566930
v -0.51273837 0.31515766 0.12278027
v -0.38779218 0.40918097 0.12559649
v 0.81362627 0.25286582 0.12308681
v -0.03415908 0.83614776 0.12312874
v 0.56886445 0.79900165 0.12964644
v 0.50211080 0.51382619 0.12633207
v 0.29660952 0.84016299 0.12083528
v -0.75303882 0.70265430 0.12386775
v -0.59705821 0.93988849 0.12400716
v 0.38157071 0.82973454 0.12172057
v -0.03657100 0.21223949 0.12301024
v -0.04333974 0.21143087 0.12950013
v 0.37875447 0.38890963 0.12418826
v -0.75404262 0.70022244 0.12427206
v -0.46225051 0.89762924 0.09704724
v -0.86055777 0.62544575 0.12432786
v -0.78442721 0.59874870 0.14754894
v -0.68041340 0.37535594 0.11851600
v -0.03958940 0.83496271 0.12445321
v 0.51120128 0.36057995 0.09189910
v 0.36216376 0.23752987 0.12456469
v -0.51312874 0.31722104 0.12482971
v 0.54658550 0.66343316 0.14143771
v -0.04812525 0.21020399 0.12491330
v 0.43973578 0.40467778 0.12633181
v -0.13159814 0.80722555 0.12496907
v -0.14962561 0.79863755 0.11088283
v 0.37783431 0.38467134 0.12508054
v 0.78663500 0.24754006 0.12517807
v 0.44520096 0.40603013 0.12531755
v -0.82287283 0.66182616 0.13581752
v -0.67100537 1.03367479 0.12621694
v 0.38653398 0.82515467 0.12494809
v -0.65229116 0.50598523 0.12456712
v -0.38238277 0.39842489 0.12722419
v -0.67124066 1.03539956 0.12566362
v 0.51829764 0.50321039 0.12589699
v -0.03703457 0.83487905 0.12601469
v -0.65104075 0.51806622 0.12614722
v -0.06267175 0.20779207 0.12864970
v -0.59466023 0.94086441 0.12604265
v 0.78857290 0.25817066 0.12165429
v 0.22557270 0.80742335 0.13021636
v 0.37850352 0.38525689 0.12614011
v -0.58016032 0.33740938 0.20690723
v -0.86434993 0.64635492 0.12864284
v -0.86507490 0.64690214 0.12626576
v 0.44277509 0.40385521 0.12629347
v 0.36339064 0.23702796 0.12629347
v -0.51110226 0.31754497 0.13019586
v -0.07578922 0.49783670 0.12463447
v -0.57731666 0.43560760 0.13157405
v -0.13321538 0.80394226 0.12671179
v -0.66989722 1.02936942 0.12806318
v -0.07629112 0.51282411 0.12417439
v -0.38681625 0.40870695 0.12686519
v 0.45140505 0.39040140 0.12752035
v 0.78727632 0.24049947 0.12747150
v -0.67400724 0.37518962 0.12769084
v 0.77004429 0.23814331 0.12868443
v 0.69461930 0.23956537 0.12937456
v -0.38706720 0.40998959 0.12736710
v -0.85966549 0.62474169 0.12739505
v -0.12978571 0.80703036 0.12752041
v -0.86044623 0.62835261 0.12752052
v -0.78453328 0.56990870 0.11270041
v 0.43836949 0.39546227 0.12913062
v -0.46572671 0.66103953 0.12540393
v -0.86423839 0.64502000 0.12785513
v 0.70139500 0.26088582 0.13374356
v -0.27007686 0.35256412 0.15137146
v -0.84522372 0.59770230 0.11905591
v 0.57876135 0.82207842 0.11322753
v -0.66894199 1.02919948 0.12802240
v -0.65076192 0.51856812 0.12807815
v 0.50102379 0.51295656 0.12514326
v -0.07525601 0.48262917 0.12548078
v 0.54062049 0.36466599 0.14327828
v -0.03638105 0.21249044 0.12613319
v -0.03938376 0.21210007 0.12824537
v -0.67206495 1.02882305 0.12906803
v -0.51078652 0.31420962 0.12608447
v 0.58789128 0.45868755 0.04247986
v -0.04739156 0.21038524 0.12584391
v 0.47213824 0.33840794 0.13593496
v 0.44996904 0.38773853 0.12845444
v -0.12322262 0.19712661 0.12746465
v -0.65399702 0.51875893 0.12929730
v -0.57301686 0.42576627 0.12939933
v 0.23244908 0.81046564 0.12819365
v 0.43871455 0.39847718 0.12826275
v -0.32491127 0.16676143 0.13461855
v -0.65399641 0.51851235 0.12936081
v -0.64009930 0.89981381 0.15515344
v -0.39537650 0.43229643 0.12897040
v -0.51346334 1.04771415 0.12899830
v 0.44805554 0.38874233 0.12867054
v 0.43770028 0.39554592 0.12919336
v -0.07204859 0.52265365 0.14767186
v 0.38279769 0.82871823 0.12205966
v -0.04446641 0.21094291 0.12582997
v 0.22812752 0.80844545 0.12954193
v -0.64577425 0.45316726 0.09350082
v -0.04697854 0.21076166 0.12970927
v -0.59065539 0.45500899 0.12118595
v 0.79262996 0.23379347 0.12961853
v -0.86423839 0.64699973 0.12977909
v -0.67150747 1.02615620 0.12997927
v -0.75502813 0.69801990 0.12793428
v 0.45811103 0.37121055 0.13038189
v -0.51580556 1.04668246 0.12994634
v -0.52826950 0.33697653 0.11671560
v -0.08800221 0.20334464 0.12996022
v -0.46118169 0.77840088 0.12566664
v -0.45915665 0.76139829 0.12505430
v -0.57809982 0.99424629 0.13938316
v 0.43662677 0.39364984 0.12979983
v 0.78886568 0.23178586 0.13030865
v -0.66364216 1.00735177 0.13887729
v 0.51088149 0.51402746 0.13364251
v -0.39562745 0.43505690 0.13047611
v -0.54129112 0.36852676 0.13060160
v -0.39437269 0.43221278 0.13068524
v 0.38530654 0.86449307 0.14116057
v -0.54274106 0.37111993 0.13079679
v 0.78320532 0.23220411 0.13023197
v 0.51744720 0.46096071 0.13090818
v 0.80303052 0.22665529 0.13180042
v -0.81975298 0.69154064 0.13730739
v 0.51022536 0.45704308 0.13629668
v 0.23322324 0.81094103 0.12791074
v -0.46484818 0.68023578 0.13717095
v 0.32413058 0.90118612 0.13101974
v 0.51477038 0.46149050 0.13106154
v -0.77537354 0.63021732 0.13091533
v -0.07367704 0.20602146 0.13108951
v 0.16796092 0.78393081 0.14869357
v 0.51739143 0.46444616 0.13122187
v 0.51622032 0.46391637 0.13125673
v 0.51435212 0.46338658 0.13124976
v 0.49843174 0.39906985 0.11831288
v -0.46723242 0.65045032 0.11951091
v -0.77456491 0.70249572 0.13136844
v 0.50958404 0.46012421 0.13256725
v -0.05003527 0.21095685 0.13991465
v 0.51858591 0.46372071 0.13165983
v 0.43425667 0.51567520 0.12378395
v 0.31950191 0.90290096 0.13181443
v 0.32209508 0.89842565 0.13184231
v -0.34018033 0.16268903 0.12189574
v 0.06241802 0.85410727 0.11381990
v -0.31628800 0.34152010 0.13750098
v 0.37655828 0.49320295 0.15899333
v -0.46611708 0.67600733 0.14070939
v -0.57425719 0.43210970 0.13513738
v -0.54731397 1.00516386 0.12675367
v 0.51417916 0.45673517 0.13116867
v 0.50957432 0.45863454 0.13275149
v -0.08559726 0.20401385 0.13260916
v -0.83341313 0.79099210 0.13042040
v 0.61793850 0.39859231 0.13561282
v -0.65921063 0.52015051 0.13379429
v -0.07808263 0.54931670 0.14485701
v -0.66567961 0.87346291 0.13481901
v -0.61907720 1.06251762 0.13562503
v 0.43710607 0.37390467 0.13459624
v -0.66880257 0.29544399 0.13477719
v 0.22279566 0.80623002 0.13062808
v 0.44129726 0.37524670 0.13338983
v 0.44472694 0.37137088 0.13345954
v -0.81901128 0.68350212 0.14662074
v -0.07070744 0.20674643 0.13351538
v -0.77807824 0.70204054 0.13361306
v -0.77807824 0.70204054 0.13361306
v -0.12442400 0.19770002 0.13490380
v -0.51441138 1.04816029 0.13372456
v -0.63135497 1.07347855 0.13637351
v 0.50160934 0.47745383 0.14904643
v -0.51650265 0.32542229 0.12862535
v -0.07318384 0.45280478 0.13283223
v -0.07552911 0.41324936 0.14020960
v -0.66922780 1.02970487 0.12816530
v 0.69378279 0.24349695 0.13415659
v 0.70092275 0.31870644 0.15464894
v 0.23309079 0.81205637 0.13440761
v 0.22917315 0.81007664 0.13450520
v -0.62828778 1.07576500 0.13460290
v 0.44135303 0.37006036 0.13461671
v 0.56142283 0.66229631 0.12914994
v -0.64974551 0.40439657 0.13044043
v 0.63472539 0.40421770 0.13492340
v -0.64233406 0.49505072 0.12630993
v 0.51934328 0.50760989 0.13722381
v -0.62449562 1.06894747 0.13541850
v -0.62823201 1.07292088 0.13550912
v 0.50289163 0.47621761 0.13715605
v -0.44647181 0.51947237 0.10889991
v 0.51933801 0.50713331 0.13396678
v 0.52582620 0.45504592 0.14453801
v 0.21128586 0.80114345 0.13356762
v -0.10914142 0.20162980 0.14799216
v -0.66732474 0.87065364 0.13619228
v 0.05862692 0.84583729 0.13578786
v 0.05408778 0.85023940 0.11654386
v -0.79669399 0.66340952 0.14350519
v 0.21155535 0.80068855 0.13418620
v -0.24717543 0.35358118 0.13631769
v 0.79665766 0.12878133 0.12268404
v 0.22889432 0.81034153 0.13651282
v -0.66554020 0.51821260 0.12735319
v -0.57579004 0.43639880 0.13719956
v 0.20041127 0.79615578 0.13644311
v 0.05688768 0.84461041 0.13688926
v -0.24377364 0.35461287 0.13701477
v -0.16719150 0.71439426 0.14144826
v 0.65327492 0.35785608 0.17272739
v 0.49966991 0.50282873 0.14416328
v 0.62909291 0.40502632 0.13736321
v 0.63305237 0.40438500 0.13739109
v -0.13621983 0.19612280 0.13875051
v -0.63001656 1.07672698 0.13479809
v 0.07988849 0.20149762 0.14998710
v 0.51947572 0.46870885 0.13376276
v -0.77344957 0.70423070 0.13768406
v -0.77344957 0.70423070 0.13768406
v 0.47390209 0.83605474 0.12872486
v 0.23205027 0.80989257 0.12917913
v -0.56967657 0.42189587 0.13332723
v 0.05359742 0.84328594 0.13776760
v 0.53603332 0.42146138 0.13475057
v 0.14015493 0.20139279 0.16311373
v 0.69227708 0.24561610 0.13790693
v -0.76890455 0.70314433 0.12779063
v 0.75739013 0.22220530 0.13460155
v -0.10625547 0.39462576 0.15254590
v -0.84120659 0.58698040 0.13864604
v -0.07657343 0.20609117 0.13824861
v 0.18099529 0.78794675 0.14242097
v 0.44160398 0.35514266 0.13825551
v -0.67191011 0.29435747 0.14049773
v -0.54196033 0.37488421 0.13835323
v -0.84059315 0.58406657 0.13861816
v -0.78142426 0.57101707 0.13861816
v -0.57694479 0.95162516 0.13456208
v 0.19806876 0.79504364 0.13696514
v 0.17461663 0.19310117 0.13023190
v -0.84016095 0.58311155 0.13923160
v -0.84053738 0.58410839 0.13885517
v -0.53613266 0.36894502 0.14429939
v -0.54117959 0.37385252 0.13889695
v 0.19375780 0.79302075 0.13816030
v -0.53259145 1.11418853 0.13895272
v -0.24923881 0.35388790 0.13899452
v 0.43633399 0.35600705 0.13930114
v 0.51662611 0.45548470 0.13836121
v -0.77673983 0.70370288 0.13935707
v 0.43945695 0.35210335 0.13952421
v -0.83469750 0.79494955 0.14234819
v 0.44165975 0.34956595 0.13963575
v 0.51793516 0.45831178 0.13353969
v -0.84538912 0.60720991 0.13985898
v 0.19490427 0.79370029 0.13757936
v 0.20490380 0.79795996 0.13566789
v 0.43594362 0.35068129 0.14069532
v -0.46238925 0.77802717 0.12796110
v 0.42725719 0.43944889 0.14058638
v 0.75935835 0.14396445 0.14943198
v -0.12119845 0.19859398 0.13868690
v -0.54179302 0.37638992 0.14111370
v -0.67256685 0.86697999 0.12367954
v -0.67188370 0.28818730 0.14017614
v 0.12638916 0.85553379 0.14209912
v 0.18859214 0.79087185 0.13935694
v -0.54419101 1.10941347 0.15121103
v 0.30597839 0.81695691 0.14147607
v 0.29192508 0.87641159 0.14153184
v 0.49053374 0.56934134 0.13493420
v -0.78139581 0.57359111 0.15170326
v 0.51599725 0.43093014 0.14182459
v 0.40166080 0.46462043 0.13726913
v 0.53168774 0.50622890 0.13955669
v 0.18005628 0.78717989 0.14146040
v 0.53409716 0.64324983 0.14437942
v -0.65124988 0.99677092 0.15065337
v 0.27874488 0.80819777 0.14932921
v -0.67206495 0.29496300 0.14092900
v -0.53359526 1.11399334 0.14234057
v -0.16620163 0.71282406 0.14485005
v 0.28835599 0.87526837 0.14253565
v 0.27615912 0.88781836 0.14405966
v 0.73454853 0.20234083 0.14263319
v 0.17083379 0.78346180 0.14307939
v 0.42980807 0.82906195 0.13780943
v -0.80610468 0.66269559 0.14995974
v 0.59928874 0.37927787 0.14236063
v -0.07211642 0.48437244 0.14147613
v 0.54151418 0.43458637 0.14606115
v -0.84550065 0.61101601 0.14298194
v 0.53266912 0.43513819 0.14612739
v 0.21590058 0.79702714 0.14303757
v -0.78655484 0.58976875 0.14306559
v 0.73279187 0.20097454 0.14337907
v -0.16710776 0.71222087 0.14270617
v 0.53843046 0.44006317 0.14330668
v 0.06088549 0.83986890 0.14288902
v -0.57623661 0.29499118 0.14158780
v 0.73337742 0.20178316 0.14335816
v 0.20825624 0.79687348 0.13934159
v 0.52657308 0.46758068 0.14024655
v 0.28434076 0.87327470 0.14373464
v 0.17676518 0.78598642 0.14330531
v 0.30762352 0.81542331 0.14399953
v 0.30385924 0.81499112 0.14401348
v 0.51200402 0.51894045 0.14026531
v -0.64861489 0.87776395 0.17400932
v -0.13522677 0.19688420 0.14410576
v -0.77760883 0.66280364 0.14366981
v 0.51777986 0.43672461 0.14488767
v 0.62472652 0.41302847 0.13491033
v -0.84488721 0.61003312 0.14459918
v -0.52944061 0.37957213 0.17713924
v -0.44231281 0.20552566 0.09808567
v -0.46709301 0.25886775 0.14388811
v -0.55595786 0.94886699 0.15034316
v -0.59690180 0.30639634 0.14673671
v -0.59302904 1.01125119 0.14114247
v 0.60846149 0.42031309 0.13391514
v -0.64958028 0.28480746 0.16759997
v 0.53490230 0.59388157 0.08632936
v -0.65473280 1.08091680 0.13478052
v -0.53275876 1.11446736 0.14518469
v 0.53893844 0.44808549 0.15704204
v -0.78504913 0.59675358 0.14253580
v -0.78571833 0.59292656 0.14525444
v -0.66336528 0.30093705 0.14387419
v -0.84643475 0.65253810 0.17826682
v -0.14601393 0.68127242 0.15026816
v -0.66530439 0.29647235 0.14486022
v -0.67315502 0.24972108 0.18809064
v -0.13556109 0.19776793 0.15253892
v -0.13365978 0.19663168 0.13942495
v 0.51089313 0.51684048 0.15904655
v -0.46594978 0.25844253 0.14581207
v -0.11614368 0.67531590 0.13680215
v -0.46561518 0.25799639 0.14585390
v 0.68863476 0.18144996 0.15737226
v -0.82889389 0.79193022 0.13726694
v 0.21173199 0.79418302 0.14606293
v -0.78694521 0.58794238 0.14196419
v 0.54358120 0.66759768 0.14611517
v -0.57664746 0.42584836 0.11923035
v 0.43018567 0.87679499 0.11431052
v 0.16934181 0.78994004 0.15333444
v 0.49813610 0.51835159 0.13802764
v 0.50997441 0.46430674 0.14971563
v -0.32589068 0.16882481 0.14678797
v -0.32382730 0.16977285 0.15136087
v -0.64763896 0.89201244 0.14709473
v -0.75209078 0.71365011 0.15856882
v -0.66551231 0.29032736 0.14844710
v 0.21523138 0.79439912 0.14742922
v -0.68329857 1.08145499 0.09193324
v 0.46759142 0.40117839 0.14748495
v 0.51640293 0.41534672 0.14505646
v 0.50963980 0.45454750 0.14942286
v -0.83298094 0.79679885 0.14843317
v -0.50809576 0.31950749 0.14049677
v -0.83916934 0.55917397 0.12422633
v -0.55668284 0.30470133 0.14785456
v -0.46553850 0.25931737 0.14814906
v -0.13420525 0.67455913 0.14794511
v 0.54262778 0.24528498 0.14228706
v 0.42934218 0.50640218 0.11089043
v -0.55774241 0.30905116 0.14818219
v 0.03573750 0.84579245 0.13080033
v -0.55986156 0.31250872 0.14821007
v -0.13342451 0.67468460 0.14855855
v -0.56209224 0.31317793 0.14776394
v 0.16670006 0.77947445 0.14869793
v 0.46792602 0.39721893 0.14875365
v -0.64869854 0.89020001 0.14886534
v 0.73298705 0.20050052 0.14342787
v 0.51767026 0.43743397 0.14881290
v -0.61389295 0.50161164 0.11065994
v 0.17014367 0.78031096 0.14918589
v -0.61821485 0.51883127 0.16461954
v 0.46296275 0.39526708 0.14946468
v 0.52150251 0.46161467 0.15052339
v 0.48289948 0.40846994 0.15008509
v -0.55456369 0.31331734 0.14977155
v 0.61730917 0.25053309 0.19260137
v -0.51227829 0.33388146 0.15159791
v -0.60296952 0.92954369 0.14999462
v -0.60285799 0.92856777 0.15308969
v 0.18077130 0.19651060 0.14528268
v 0.23395519 0.79790547 0.15006422
v 0.13293308 0.84833287 0.15024548
v 0.50156333 0.47464444 0.14906051
v 0.50479504 0.46582988 0.14734553
v 0.39310958 0.81383518 0.15570079
v -0.64791780 0.89046490 0.15027345
v -0.55595786 0.94886699 0.15034316
v 0.71711849 0.18375979 0.15010098
v -0.55751934 0.94886699 0.15044076
v 0.55001963 0.44173537 0.15406622
v -0.55205417 0.31538073 0.15094265
v -0.55569297 0.31423750 0.14964956
v 0.49390735 0.49306146 0.12137071
v -0.63035202 1.02731831 0.17063571
v 0.51016959 0.45764257 0.13204444
v 0.20076759 0.81251774 0.16776410
v -0.55588816 1.00860051 0.15134697
v -0.83535801 0.78600878 0.13921069
v 0.55543243 0.39033823 0.15698496
v 0.53356389 0.45741950 0.15102616
v 0.48485133 0.40955740 0.15250399
v 0.16713225 0.77866583 0.15105409
v 0.53350812 0.45853485 0.15106799
v 0.53093230 0.45786841 0.15123900
v -0.16316928 0.70416470 0.14826927
v 0.52274420 0.47083977 0.14273277
v -0.50903677 0.32301218 0.14341944
v -0.79762460 0.66319484 0.14395786
v 0.51666384 0.41375562 0.15090199
v -0.81276537 0.66034810 0.14514640
v -0.51686513 0.34145184 0.15168156
v -0.48357218 0.81841382 0.15272719
v 0.40979234 0.29392085 0.18289272
v -0.63138285 0.51933492 0.14888973
v -0.11877324 0.37412833 0.09515784
v 0.48393118 0.40940404 0.15180690
v 0.13385324 0.84653438 0.15194637
v 0.44458752 0.30079763 0.15202998
v 0.53417732 0.45677818 0.15207179
v -0.54837354 0.31521342 0.15221135
v 0.37759382 0.36822353 0.13563794
v -0.56821268 0.31348464 0.15421898
v 0.23305594 0.79659146 0.15205092
v -0.48270301 1.07829651 0.18452654
v -0.54030125 0.29981474 0.15255205
v 0.13736657 0.84833287 0.15110987
v -0.06988835 0.20989727 0.16257003
v -0.51864968 0.34527189 0.15297815
v 0.50954221 0.45015584 0.16244099
v -0.52115920 0.35339994 0.15886854
v -0.60285799 0.92856777 0.15308969
v 0.41941739 0.55986626 0.19166819
v 0.06211411 0.23783659 0.16047177
v -0.77047300 0.57281207 0.16479732
v -0.52260914 0.35204759 0.15325698
v 0.51454731 0.45806083 0.16010923
v -0.54681206 0.31794601 0.15343822
v -0.17460283 0.19853837 0.20152631
v -0.53036077 0.28841734 0.15433050
v 0.44216165 0.30046303 0.15274101
v 0.54694799 0.68249548 0.14685757
v -0.48134150 0.86458897 0.13969164
v 0.58184625 0.38673602 0.14964940
v 0.13332345 0.84437340 0.15370304
v -0.56950927 0.31356830 0.15384255
v -0.54295224 0.31383631 0.15400892
v 0.48861561 0.39997940 0.14793109
v -0.05659936 0.21460717 0.17938418
v 0.44517656 0.30201754 0.15154376
v 0.44589805 0.29890155 0.15225305
v -0.84951620 0.65488949 0.16739689
v -0.56087997 0.26365550 0.14922151
v -0.50208686 0.22238910 0.16892753
v 0.50952827 0.44693529 0.15421883
v -0.75257002 0.70273725 0.13962936
v -0.58283107 1.06012495 0.16937303
v -0.62005750 0.40892462 0.16728882
v 0.55664013 0.38261623 0.15108258
v 0.48666376 0.37686394 0.15459525
v -0.54329874 1.10958774 0.15472087
v -0.53652303 0.30284010 0.15435315
v 0.72772926 0.21235103 0.13188669
v 0.58983288 0.37908766 0.14414065
v -0.53961811 0.31108666 0.15481149
v 0.55525728 0.34850638 0.15679805
v 0.54376926 0.36116551 0.15495774
v -0.48390678 0.81979406 0.15497182
v -0.77606714 0.63787048 0.19091485
v -0.80654037 0.66385707 0.15557310
v -0.85425608 0.66607207 0.15937746
v -0.52090825 0.34977508 0.15400984
v 0.63377299 0.40637737 0.14782847
v -0.56837747 0.31778433 0.15471225
v -0.53083557 0.29145146 0.15451437
v -0.78167522 0.57313622 0.15255993
v -0.55662707 0.31387501 0.15707704
v 0.52009637 0.46200037 0.15580959
v -0.61401489 0.31979765 0.15536438
v 0.17275078 0.77835214 0.15586400
v 0.50995001 0.44157294 0.15862966
v -0.52449825 0.28761917 0.15680168
v -0.64837787 0.29194461 0.15581009
v 0.54505191 0.35899059 0.15555724
v -0.84711790 0.61288421 0.13811626
v 0.51165247 0.74270913 0.16522071
v -0.55935966 0.31418173 0.15636601
v -0.48365613 0.85380993 0.15643953
v -0.51034038 0.33392328 0.15649147
v 0.49207317 0.37538611 0.15476256
v 0.11964644 0.84651316 0.14972210
v 0.25646060 0.81704435 0.12808806
v 0.28450806 0.80866852 0.14989690
v -0.85498106 0.66612784 0.15681217
v 0.49656025 0.40588657 0.18173597
v -0.77006172 0.70932010 0.15579442
v -0.55902505 0.31699797 0.15700733
v 0.40891401 0.28052281 0.21565284
v 0.46748338 0.41233279 0.14478670
v 0.17475841 0.77637241 0.16197746
v -0.84037710 0.60629635 0.15996911
v -0.58090871 0.52379313 0.23598630
v -0.48435292 0.86035764 0.15827602
v 0.53728634 0.66795846 0.15060268
v -0.54525058 1.10855605 0.15359158
v -0.53716436 1.11282223 0.16063218
v 0.70375244 0.35845688 0.12599651
v 0.55737643 0.34716797 0.15742543
v 0.24561052 0.80035443 0.15073778
v -0.77395147 0.70867682 0.15748138
v -0.77710929 0.70764110 0.15693068
v -0.52397544 0.35236825 0.15035012
v 0.38622653 0.33769947 0.15905388
v 0.57463947 0.72910733 0.13841416
v 0.38541167 0.34415306 0.15587443
v 0.42253164 0.52268094 0.15391909
v -0.83995183 0.60487118 0.16032550
v 0.50973696 0.44791685 0.15873369
v 0.55665146 0.34447023 0.15826194
v 0.42752279 0.52921963 0.15791341
v 0.49762251 0.36433190 0.15794225
v 0.56352214 0.76141994 0.13217987
v 0.55675553 0.34581779 0.15777839
v 0.72052311 0.16185393 0.15855469
v 0.51020656 0.45564619 0.14990309
v 0.49848639 0.37017189 0.15600337
v 0.27989333 0.80179174 0.16005349
v 0.17580403 0.77813604 0.15844322
v 0.17679739 0.77872508 0.15769037
v -0.16379302 0.38124192 0.16771982
v -0.85380995 0.66361135 0.15856884
v 0.43170532 0.53218923 0.15706296
v -0.38876810 0.44568053 0.15865243
v -0.75554697 0.71021204 0.14445323
v 0.42834536 0.53092750 0.15947489
v 0.49982480 0.35192908 0.16161145
v -0.77423031 0.70893082 0.15898709
v 0.67556277 0.34658194 0.15936729
v 0.54388951 0.44588617 0.16392622
v 0.49887676 0.36083090 0.15895903
v -0.60003359 0.92772987 0.16116158
v 0.05027974 0.73606447 0.16783582
v -0.85425608 0.66607207 0.15937746
v 0.72144327 0.15956748 0.15940514
v 0.27993516 0.80219257 0.15941914
v -0.84176426 0.60572162 0.15378681
v -0.60121286 0.92124485 0.17295672
v 0.53820264 0.44889602 0.15941445
v 0.67186627 0.34792082 0.15948879
v 0.23378789 0.79895111 0.14807055
v -0.48379525 0.85335190 0.15723039
v -0.85403302 0.66588734 0.16020002
v 0.14357529 0.20079736 0.16189209
v -0.10243020 0.66648945 0.13786869
v 0.51195414 0.78319865 0.15316622
v 0.38720318 0.33523381 0.16046475
v 0.54478875 0.43548801 0.14463244
v 0.71779052 0.16018091 0.15939817
v 0.18241700 0.78777959 0.14164491
v 0.69133599 0.31075903 0.16427082
v 0.55701395 0.35647061 0.15546139
v -0.71097649 0.35922063 0.16039520
v -0.48463176 0.83227194 0.16106437
v -0.50893227 0.33326802 0.15896265
v -0.47902716 0.81978360 0.13929430
v -0.61507254 0.51635661 0.16573172
v -0.51056345 0.33757603 0.16139898
v 0.17831358 0.77754351 0.16148253
v 0.17675210 0.77714617 0.16145465
v 0.27670067 0.80043591 0.16148252
v -0.71452122 0.36041331 0.16128224
v -0.38687202 0.44325466 0.16166386
v 0.67721991 0.34226046 0.16039500
v 0.72495659 0.15708584 0.16017891
v 0.72170816 0.15445085 0.16142670
v -0.48502213 0.86021126 0.16187300
v 0.44989055 0.76453234 0.17253719
v -0.09872420 0.68737823 0.17372006
v -0.86160633 0.65288296 0.14669029
v 0.01729709 0.77852381 0.18179278
v -0.65120805 0.31356830 0.16233309
v 0.39460199 0.79304730 0.16886968
v -0.72083332 0.36378656 0.16293260
v -0.61484791 0.51487703 0.16985119
v -0.33143951 0.17088122 0.15761376
v 0.04915349 0.73562409 0.16254213
v -0.84115082 0.58183588 0.16265378
v -0.73202201 0.53520942 0.13299401
v 0.74251347 0.18031035 0.15014978
v 0.05200109 0.73685445 0.16291856
v -0.07691152 0.41390375 0.17281375
v 0.55080463 0.30246716 0.16290891
v -0.85390255 0.66981273 0.16781485
v -0.41291525 0.20819638 0.16800736
v -0.61971902 0.51910560 0.16269444
v 0.39435643 0.33566624 0.16469530
v -0.58487310 0.94193444 0.13853753
v -0.07723218 0.20883770 0.16407574
v -0.65182149 0.30824254 0.16326719
v 0.50465887 0.35215036 0.16115799
v 0.54181741 0.36163953 0.15490197
v -0.38876810 0.44568053 0.15865243
v -0.16586701 0.71858724 0.14275879
v 0.16686040 0.77325903 0.16414541
v -0.06685253 0.47582264 0.16389450
v -0.51117689 0.34025285 0.16389455
v -0.64495402 0.52910672 0.22201812
v 0.07768881 0.22637645 0.16396418
v -0.71754306 0.35475229 0.16327069
v -0.53270299 0.37613897 0.16373422
v 0.07796491 0.22614485 0.16461929
v -0.08723541 0.20719257 0.16427093
v 0.52015190 0.34246959 0.16262223
v 0.50373548 0.21934631 0.15825323
v -0.84048161 0.58077631 0.16439650
v 0.68425307 0.29194530 0.16661614
v -0.48555191 0.83109386 0.16559545
v -0.07336334 0.41751815 0.16588817
v 0.12946159 0.77103968 0.16446608
v -0.14712926 0.72457524 0.16448007
v 0.53999104 0.29091292 0.18177824
v 0.46230750 0.34785111 0.16441723
v -0.81764346 0.68999099 0.14867350
v -0.06661170 0.47340085 0.16469894
v 0.55737911 0.31497736 0.16692597
v -0.48535673 0.81872751 0.16221631
v -0.51333787 0.34007858 0.15831784
v -0.51390948 0.34560649 0.16514931
v 0.46033348 0.25218177 0.17018964
v -0.75594568 0.36742188 0.17471515
v -0.73095505 0.37125935 0.16583249
v -0.06631577 0.46784795 0.16564419
v 0.12594827 0.76979189 0.16520500
v 0.51148709 0.44008640 0.17063701
v -0.14672495 0.72344072 0.16528868
v -0.14456397 0.72615937 0.16533050
v 0.47637473 0.33701139 0.16772492
v 0.18789158 0.77696493 0.16754720
v 0.13010292 0.77216896 0.16549778
v -0.65226763 0.31256449 0.16552575
v -0.14587450 0.72389557 0.16556751
v -0.14306523 0.72430729 0.16691986
v 0.46859523 0.34407289 0.16559531
v 0.54800756 0.29371521 0.16563714
v -0.79664868 0.70405082 0.16577673
v -0.63905077 0.43475018 0.24450591
v -0.08530447 0.20775024 0.16608336
v -0.07401454 0.20945638 0.16462511
v -0.08987738 0.20696950 0.16609730
v -0.50076676 0.21990181 0.17594394
v -0.72465337 0.35363695 0.16619497
v -0.07411023 0.41667064 0.16420150
v -0.84025854 0.58179406 0.16630652
v 0.44923536 0.34067110 0.16668888
v 0.07655255 0.23359829 0.16040903
v -0.80361957 0.70210567 0.16636229
v 0.54979211 0.29025765 0.16643182
v -0.50922504 0.34058745 0.16922031
v -0.11974558 0.39177403 0.16349761
v -0.48680667 0.80635419 0.16652955
v 0.70560541 0.27843503 0.16658515
v -0.48666028 0.83909557 0.17134469
v -0.69760633 0.36115157 0.16496810
v -0.48521731 0.86051100 0.16298137
v -0.77919358 0.57437703 0.15459543
v -0.48758741 0.80661908 0.17065631
v -0.48608170 0.80663999 0.16289075
v -0.51212493 0.34382194 0.16687809
v 0.10470404 0.84702582 0.13888293
v -0.62014579 0.52079880 0.16212396
v -0.61311913 0.51540334 0.16778432
v -0.69275458 0.38911005 0.16285679
v 0.45765025 0.34242513 0.16619459
v 0.47221386 0.33980180 0.16695922
v 0.70627462 0.27860233 0.16726830
v -0.79469683 0.70497931 0.16728244
v -0.72933780 0.35779160 0.16694783
v -0.73505393 0.34669395 0.17165318
v -0.54357409 0.36455249 0.11885326
v -0.53214532 0.37764468 0.16736605
v 0.04858187 0.73661396 0.16737993
v -0.11757270 0.39312005 0.16750542
v -0.80361957 0.70241359 0.16754734
v 0.51313222 0.44675405 0.16757810
v -0.06178121 0.48984110 0.17926182
v 0.14390527 0.82046326 0.16763087
v -0.79809862 0.70406711 0.16764493
v -0.84330134 0.61983026 0.16051284
v 0.13604211 0.81855324 0.16827219
v -0.72721865 0.35118320 0.16772857
v 0.70426700 0.27584186 0.16777020
v 0.17575177 0.77510196 0.16526772
v 0.18341627 0.77573108 0.16779815
v -0.70519065 0.35118320 0.16784010
v 0.14121171 0.81932212 0.16803862
v -0.07571079 0.41481345 0.15821671
v -0.70734373 0.35503770 0.16790095
v 0.07904813 0.22400635 0.16668980
v -0.80200232 0.70319923 0.16873239
v -0.48675091 0.81225156 0.16795161
v -0.51407678 0.34783717 0.16800738
v -0.67831086 0.40734066 0.16694783
v -0.53398563 0.38129743 0.16811891
v -0.48647207 0.82056085 0.16825833
v -0.41216350 0.20907992 0.17143271
v -0.81153849 0.70032831 0.16835596
v 0.38167876 0.31926351 0.16541583
v -0.72090303 0.34835999 0.16591614
v -0.80835977 0.70131840 0.16860691
v -0.78292998 0.67141177 0.16867662
v -0.51040477 0.34370894 0.17100997
v -0.05889178 0.70226742 0.16908084
v 0.55439289 0.29191672 0.16898839
v -0.70848091 0.35669020 0.16799346
v 0.45973176 0.33836374 0.16754891
v -0.68348040 0.40938235 0.16861422
v 0.51221661 0.44261895 0.16443727
v 0.46096909 0.33353291 0.16905288
v -0.72527229 0.32155196 0.18321034
v -0.74082582 0.37028343 0.16912275
v -0.08977749 0.71016533 0.17727273
v -0.05740001 0.69908306 0.17104837
v -0.07553564 0.59514271 0.17309433
v -0.70278851 0.39826966 0.16570008
v -0.05990953 0.70174972 0.16940150
v -0.06509064 0.45379952 0.16992005
v -0.78688944 0.67088895 0.16951313
v 0.20307666 0.77344079 0.18115802
v -0.06618333 0.53149214 0.17076082
v -0.51009466 0.34833472 0.17867458
v -0.81011643 0.70105209 0.16960375
v -0.78192617 0.67195202 0.16997321
v 0.14453836 0.76914724 0.17208814
v -0.05515887 0.69876945 0.17120696
v -0.72394234 0.40377853 0.17347258
v 0.71952868 0.12835366 0.16921313
v -0.72111216 0.31250524 0.16694434
v 0.18351386 0.77108150 0.17686380
v -0.72267227 0.31673433 0.17330397
v -0.70185265 0.39120357 0.17121238
v -0.51655005 0.35403814 0.17116751
v -0.72143282 0.32049039 0.17136040
v -0.06238419 0.70158612 0.16937362
v 0.39132752 0.31074664 0.17224359
v -0.51876122 0.35770098 0.17111988
v -0.48680667 0.82831248 0.17152070
v -0.48267991 0.85229233 0.15091476
v -0.48758741 0.80661908 0.17065631
v -0.46318204 0.27152414 0.17382960
v -0.70892008 0.37278946 0.16763098
v -0.03351775 0.78118232 0.17085143
v -0.03435338 0.77875122 0.17206088
v -0.51357488 1.11519233 0.17086544
v -0.48044922 0.29594589 0.17126278
v -0.15022433 0.38495017 0.17093511
v -0.61271668 0.51667832 0.17063544
v 0.50843644 0.45215375 0.17555132
v -0.47593906 0.29354791 0.17830861
v -0.74502230 0.36949572 0.17060406
v 0.25688234 0.78993826 0.17362223
v -0.49815179 0.33389714 0.18616045
v -0.85712809 0.62007642 0.12618907
v -0.06436741 0.52503710 0.17171583
v -0.85630901 0.67118217 0.17681950
v 0.48523252 0.31703687 0.17374873
v 0.54167800 0.28902380 0.18578911
v -0.07821159 0.20959056 0.16917843
v -0.74946275 0.71175578 0.16035511
v -0.52450174 1.10389950 0.17097262
v 0.38015752 0.78955479 0.17286932
v -0.82659561 0.68365439 0.17191111
v -0.05617313 0.69763712 0.17192496
v -0.02849174 0.78064556 0.17195283
v -0.12594822 0.38984373 0.16293949
v 0.39220828 0.31906135 0.16880891
v -0.55573480 0.35065341 0.17223175
v -0.51240377 1.11416064 0.17228750
v 0.45601023 0.20107370 0.18089251
v -0.43469230 0.53953654 0.17235720
v 0.24148375 0.78719122 0.17248259
v -0.68422223 0.40078802 0.17248271
v -0.81014432 0.66686675 0.17258032
v 0.51183574 0.67329098 0.17162275
v -0.14502405 0.38648377 0.17266387
v -0.48728069 0.81312989 0.17092121
v -0.12160187 0.39267391 0.17274752
v -0.63480556 0.91192826 0.10956000
v -0.73439616 0.36277939 0.16754676
v -0.52076883 0.36219720 0.17284517
v 0.68987904 0.28705104 0.16652938
v -0.76302113 0.67570845 0.16882301
v -0.73796776 0.32590502 0.17934120
v -0.68274440 0.40045342 0.17216902
v -0.49733271 0.68054973 0.18203978
v -0.02934916 0.77837305 0.17308211
v -0.84929281 0.62781585 0.17308222
v -0.52782321 0.38044867 0.18251703
v -0.48730858 0.67355532 0.17313795
v -0.06446326 0.51542773 0.17141957
v 0.24293369 0.78705180 0.17319362
v -0.69732052 0.39602691 0.17253325
v -0.06504794 0.44855951 0.17057958
v 0.36900917 0.48877629 0.18204837
v 0.01600779 0.75868030 0.18672415
v -0.47966849 0.29616896 0.17337496
v 0.17811839 0.76666196 0.18268798
v -0.69645743 0.30031588 0.18550384
v -0.77456144 0.57775685 0.17230108
v 0.23911365 0.78599920 0.17366764
v -0.55595786 0.35313505 0.17369563
v -0.43248950 0.53525642 0.17474124
v -0.43552881 0.54077736 0.17373743
v -0.11121751 0.39652709 0.17619846
v 0.44140880 0.76254914 0.17377915
v -0.48719704 0.83025039 0.17377927
v -0.82609370 0.68484467 0.17377931
v -0.15170216 0.38508959 0.17377923
v 0.03515328 0.71453193 0.20175687
v -0.06353752 0.52658806 0.17382061
v -0.70859244 0.41166261 0.17416967
v -0.81731039 0.66693951 0.17527979
v -0.75652252 0.35364566 0.18129960
v -0.05791586 0.69421005 0.17390469
v 0.00541640 0.22954123 0.17516641
v -0.48764318 0.81898543 0.17421146
v -0.72818687 0.34056047 0.17066729
v -0.06286867 0.50221442 0.17595413
v -0.48992963 0.67936207 0.17458789
v 0.44249625 0.75977821 0.17460171
v -0.06691440 0.53571476 0.17338536
v -0.06350651 0.49192539 0.17478302
v -0.84840054 0.62577338 0.17492254
v -0.02583061 0.78324919 0.17092114
v -0.72989547 0.74243116 0.17507588
v -0.06329738 0.49779488 0.17507580
v -0.71769642 0.31105181 0.18150653
v -0.01709660 0.75628659 0.18569492
v -0.55333681 0.35268891 0.17511769
v -0.75359649 0.71822127 0.17514559
v -0.50929470 0.77997635 0.24577635
v -0.77662830 0.58417810 0.18415200
v 0.37321262 0.76954268 0.18103585
v 0.57794473 0.27481150 0.17934604
v 0.43705896 0.75988626 0.17534063
v 0.47595648 0.73556832 0.17538244
v -0.71026546 0.41325197 0.17552202
v -0.50744747 0.29730870 0.18208509
v -0.06183554 0.47114246 0.18025967
v 0.49224047 0.65420850 0.17817777
v -0.48742011 0.83436321 0.17559170
v -0.51469022 1.11134440 0.17570323
v -0.77763123 0.64527046 0.13902998
v -0.72822246 0.74545304 0.17580085
v -0.49009693 0.67389341 0.17580083
v -0.75625937 0.35274119 0.18170173
v -0.06254452 0.53203587 0.17595413
v 0.51443577 0.44570319 0.16515266
v -0.70217030 0.32230110 0.17009493
v -0.77668406 0.57957732 0.17465764
v -0.77632158 0.58306276 0.18298787
v -0.77957462 0.58425228 0.18055983
v -0.06612747 0.54259048 0.17836946
v -0.40998748 0.21098473 0.17988228
v -0.25586797 0.17202465 0.11187038
v -0.41167443 0.20945114 0.17316582
v 0.18674835 0.77226655 0.17616322
v 0.01084768 0.23126844 0.17618905
v -0.50101099 1.09460725 0.17656834
v -0.06350651 0.44389599 0.17642815
v -0.83348284 0.59734610 0.17965578
v -0.75242538 0.71878417 0.17649794
v -0.50439761 0.26982140 0.17290001
v -0.49954945 1.08499445 0.18012278
v -0.64237082 0.41154844 0.19880663
v -0.52385345 0.36233487 0.16541421
v -0.75947991 0.36852676 0.17589149
v 0.17654297 0.76936667 0.17676271
v -0.06219638 0.53325381 0.17659631
v -0.48781048 0.82771298 0.17680463
v -0.77765387 0.38988948 0.19991427
v -0.55020511 1.08405495 0.18961440
v -0.64340066 0.50933867 0.17691618
v -0.54639109 1.07371758 0.18650500
v -0.71223125 0.41301496 0.17585139
v 0.38854159 0.76804220 0.17994142
v 0.43983512 0.71928036 0.18730965
v -0.12215257 0.39288304 0.17509671
v -0.05966293 0.53301267 0.18100629
v -0.11347382 0.39351042 0.16190083
v -0.43477064 0.23029890 0.16790054
v -0.84906975 0.63143374 0.17750176
v -0.64105844 0.50947808 0.17759933
v -0.06410600 0.53361129 0.17762714
v -0.65270545 0.43327998 0.25634509
v -0.11132679 0.39756748 0.18316901
v -0.72729533 0.31003406 0.17728043
v -0.00804097 0.23477201 0.19697353
v 0.55891177 0.31615798 0.16573560
v -0.85055179 0.67271670 0.17991693
v 0.54192895 0.29477479 0.17800349
v 0.20759653 0.76628815 0.18887290
v 0.31885064 0.79242988 0.17750853
v -0.55825517 0.34220666 0.22276894
v -0.73246076 0.73568683 0.17810125
v -0.82534085 0.68863901 0.17612850
v -0.64245262 0.50960356 0.17814306
v 0.48295525 0.37471691 0.15547707
v 0.47885637 0.73218483 0.17545912
v 0.46999637 0.73353152 0.17720010
v -0.83491536 0.60686790 0.18236832
v -0.85130043 0.67206703 0.17773877
v -0.70786747 0.41459038 0.17585662
v 0.39061892 0.80271887 0.16459849
v -0.76459842 0.37105056 0.17791853
v 0.17202489 0.21560477 0.20024891
v -0.22447300 0.37053264 0.18345135
v -0.84410647 0.64269172 0.17857528
v -0.60998223 0.51564209 0.17198777
v 0.18315137 0.76998707 0.17878428
v -0.75348495 0.71913794 0.17889594
v 0.54059054 0.29360368 0.17897943
v 0.08997353 0.73578577 0.19569220
v 0.54153858 0.29357579 0.17913279
v 0.58074284 0.38642800 0.17924431
v -0.62411309 0.88999894 0.19159797
v -0.42704524 0.51471670 0.19994798
v -0.06153375 0.50369225 0.17930017
v 0.48939635 0.69936590 0.17941162
v -0.52032269 0.36411419 0.17683949
v -0.06093425 0.45365523 0.18378942
v 0.28743583 0.78460502 0.18229760
v -0.48477117 0.30296906 0.17172460
v 0.47259651 0.71920351 0.17977411
v -0.06184918 0.50314155 0.17850548
v -0.30524865 0.17946296 0.19552353
v 0.58196972 0.38534054 0.17980198
v -0.83308141 0.59712071 0.18102433
v 0.38854159 0.76804220 0.17994142
v -0.51759011 0.36723192 0.18822514
v -0.05941111 0.51226644 0.18311847
v -0.43775949 0.54403974 0.15306178
v -0.21135205 0.37322514 0.18232555
v 0.57968327 0.38776641 0.18037359
v 0.38999154 0.76685018 0.18012267
v -0.74014382 0.33245508 0.17889660
v -0.48974274 0.74534266 0.16363201
v 0.39863059 0.74310973 0.19053571
v -0.69334709 0.41446839 0.17387515
v -0.84293537 0.64022403 0.18112664
v 0.59103884 0.27602484 0.17303367
v 0.06433608 0.73502285 0.18118228
v -0.41433034 0.21776043 0.18504771
v -0.43531968 0.54079828 0.17117214
v 0.12486081 0.75272019 0.18165630
v -0.06148495 0.45663877 0.18185152
v -0.57249978 1.08055051 0.18354202
v -0.50214262 0.28604724 0.18228376
v 0.43006716 0.28406053 0.18926498
v -0.73803747 0.31108666 0.18278570
v 0.53829015 0.29080487 0.18402984
v -0.75533515 0.38605239 0.17360982
v -0.49840623 0.69427802 0.18256260
v 0.46536073 0.71379563 0.18274371
v -0.84934858 0.67062406 0.18282753
v 0.05940069 0.73266495 0.18284135
v -0.56231531 1.08641651 0.18286933
v -0.06119217 0.45546766 0.18288321
v 0.05313735 0.73069916 0.18281348
v -0.50219839 0.28942115 0.18368491
v -0.50405265 0.27914606 0.17789210
v -0.06316493 0.53966551 0.18247890
v -0.84349304 0.64477601 0.18316214
v 0.47966499 0.69041833 0.18381722
v -0.53650561 0.33237095 0.17857525
v 0.48287160 0.68928338 0.18297375
v -0.73729036 0.30801202 0.18281344
v -0.73681059 0.30682048 0.18339913
v -0.06662728 0.60906111 0.18520625
v -0.40896238 0.21287678 0.18589446
v -0.12121150 0.73310150 0.17368859
v 0.04927896 0.78047129 0.18154478
v 0.49792871 0.28875194 0.18256246
v -0.65971804 0.35474796 0.18403935
v 0.11878916 0.74996320 0.18359421
v -0.05872448 0.52635460 0.18333283
v -0.56471330 1.08488292 0.18367796
v -0.49879660 0.69341799 0.18373371
v 0.44421194 0.28799030 0.18548784
v -0.50035808 0.28501555 0.18380342
v -0.83213049 0.59391294 0.18220015
v 0.02794119 0.73687754 0.17759751
v -0.49857353 0.69701540 0.18402649
v -0.84971107 0.67389166 0.18480727
v 0.48773813 0.27126612 0.21891604
v 0.05077716 0.77525506 0.18470543
v 0.05827489 0.73164197 0.18422159
v 0.15054024 0.20277303 0.15969855
v -0.49907543 0.67613455 0.18427744
v -0.71656714 0.32695240 0.17616683
v 0.58091732 0.28081003 0.19052817
v 0.12481898 0.75117265 0.18454225
v -0.64985746 0.35577440 0.18573263
v -0.06192062 0.54455907 0.18569247
v 0.47766705 0.68664112 0.18504590
v -0.06729169 0.63335073 0.18487688
v -0.04584173 0.74459098 0.18488562
v -0.41079610 0.21516726 0.18694030
v 0.33975931 0.50656425 0.18387302
v -0.48344102 1.09141192 0.27237038
v 0.53883212 0.29043722 0.18489295
v -0.49974464 0.67867369 0.18525336
v 0.43783099 0.28525256 0.18785077
v 0.33909010 0.50660259 0.18609325
v -0.54087112 1.05867849 0.18676953
v -0.04300513 0.74123217 0.18565761
v -0.68940160 0.31278756 0.18763395
v -0.34133677 0.18436325 0.21206604
v 0.46239115 0.70991415 0.18431913
v -0.40809140 0.21198854 0.18582496
v -0.44553900 0.25417634 0.18583890
v -0.53761655 0.34845279 0.25292412
v 0.60635737 0.26686336 0.18361680
v 0.37012277 0.26341974 0.17295702
v -0.02247160 0.49773465 0.22562659
v -0.55360044 1.04561082 0.19908685
v -0.06225871 0.54912848 0.18620135
v -0.50035808 0.67674624 0.18634082
v 0.44850250 0.70716904 0.18824619
v 0.47606802 0.68495446 0.18578301
v 0.46449634 0.67306213 0.19101815
v 0.45535754 0.71491729 0.18490470
v -0.54589899 0.94127313 0.21532844
v -0.64710220 0.87860394 0.17501487
v 0.46704184 0.69256572 0.18667860
v 0.27959707 0.77901089 0.18608627
v -0.06196593 0.55081544 0.18689844
v -0.52856925 0.38689156 0.19015912
v -0.05625786 0.52716365 0.18745291
v -0.06490068 0.62134687 0.18703785
v -0.06234323 0.63828002 0.18763561
v -0.06505025 0.63144159 0.18668419
v -0.76998418 0.35586585 0.18570998
v -0.67122844 0.30771275 0.19017484
v 0.54191501 0.28989517 0.18743511
v 0.18902893 0.76800382 0.18461529
v 0.27395742 0.77903189 0.18601720
v 0.48891536 0.74304607 0.17043660
v -0.71918030 0.70768009 0.24105534
v -0.49522750 0.33018689 0.18791624
v -0.67713975 0.31050111 0.19080221
v 0.44916042 0.58024652 0.18812524
v 0.44846333 0.57893599 0.18812524
v -0.05951131 0.65641130 0.18518360
v -0.44364292 0.25303312 0.18839025
v -0.04162750 0.43599100 0.24039998
v 0.13170622 0.75100187 0.18845989
v -0.50091249 0.67489071 0.18773757
v -0.50147342 0.67242429 0.18912918
v 0.30050276 0.76601498 0.19214833
v 0.44759894 0.57875475 0.18869686
v -0.49996771 0.68044255 0.18551129
v -0.06525620 0.55756326 0.18370577
v -0.67128421 0.31596628 0.18709370
v -0.62856662 0.31061264 0.19177813
v -0.67345912 0.30961580 0.19026197
v -0.67189765 0.31119819 0.18914314
v -0.62878968 0.31752776 0.18926861
v 0.44522884 0.70706372 0.18903843
v -0.49288529 0.32739853 0.18933830
v -0.82002898 0.58363437 0.22117089
v 0.26328868 0.77172980 0.19011196
v -0.06202170 0.61801478 0.18946372
v 0.56600639 0.29739061 0.18686785
v -0.49172115 0.32883105 0.19438871
v -0.67016887 0.30774063 0.18964505
v 0.43109801 0.55205508 0.18706491
v -0.62265530 0.89215883 0.19085100
v -0.05491140 0.52565054 0.18990986
v -0.63704321 0.32051130 0.19079523
v -0.70429838 0.78044340 0.18999359
v 0.56335223 0.25482638 0.19080640
v -0.44517651 0.25601666 0.19002143
v -0.04978329 0.53741823 0.19867837
v 0.26429249 0.77347949 0.18914998
v -0.67122844 0.30771275 0.19017484
v -0.05240188 0.53739648 0.19283763
v 0.13144133 0.74992486 0.19024444
v 0.44235684 0.70463556 0.19025834
v 0.37630072 0.52183049 0.19027228
v 0.12845779 0.74907442 0.19030020
v 0.46379926 0.67788772 0.19032803
v 0.43382400 0.57673836 0.20043825
v -0.63392832 0.31875363 0.19047423
v -0.52902236 1.07389680 0.19155504
v -0.66729686 0.30913481 0.18755378
v -0.70195616 0.78403341 0.19053732
v 0.44350006 0.70195035 0.19059294
v 0.54175891 0.29246877 0.19065400
v -0.06040620 0.61406055 0.19084047
v -0.62443985 0.31027804 0.19066278
v -0.68182424 0.30302832 0.19438525
v -0.67527068 0.30852059 0.19126361
v 0.26022149 0.77041927 0.19084390
v -0.49487011 0.28868272 0.19136776
v 0.44011221 0.70326382 0.19109484
v -0.50186379 0.67429903 0.19091721
v -0.53208955 1.06784607 0.19195935
v 0.36180650 0.74806219 0.20768992
v -0.50171043 0.67897083 0.19175720
v 0.24943056 0.76863995 0.19183030
v -0.48472393 0.28929105 0.17813581
v -0.05533401 0.47057749 0.19540466
v 0.33674788 0.51440650 0.19309550
v -0.57017847 0.46310775 0.19141564
v 0.37934002 0.52385205 0.19145733
v -0.52921656 1.07297795 0.19164573
v -0.57157265 0.46606340 0.19163871
v -0.41145136 0.21895943 0.19354173
v 0.25963594 0.76887173 0.19169435
v -0.75881071 0.37289054 0.17568236
v -0.41179991 0.21840176 0.19173627
v -0.59348737 0.26235755 0.19701544
v 0.39526153 0.72965875 0.19195923
v -0.67831086 0.30799159 0.19201515
v -0.70440991 0.77884707 0.19202909
v -0.26756353 0.36757001 0.21556536
v 0.45774855 0.67714881 0.19205682
v 0.02620526 0.72256887 0.17950105
v -0.61908621 0.89449407 0.19207090
v -0.53091844 1.06750450 0.19483136
v 0.27282486 0.76190782 0.19515191
v 0.33781966 0.51030553 0.18752654
v -0.21986350 0.37414530 0.19714565
v 0.39342121 0.72699065 0.19304669
v 0.45696781 0.67185094 0.19322793
v -0.64496214 0.31967479 0.19377180
v -0.21860874 0.37371310 0.19335349
v 0.34180875 0.75819931 0.19309899
v -0.67680515 0.30422731 0.19333962
v -0.71784412 0.43650199 0.19889995
v -0.62360335 0.88936350 0.19342325
v 0.37833622 0.52477221 0.19353465
v -0.02381863 0.54199030 0.21242668
v 0.12637349 0.21993535 0.19446879
v 0.38753431 0.25552481 0.19090818
v 0.39105111 0.72610883 0.19368801
v 0.23531401 0.76685434 0.19286882
v -0.52896912 1.10043810 0.18296597
v 0.29069821 0.76354598 0.19382744
v 0.54356014 0.29325513 0.19601279
v 0.26252829 0.74309143 0.20486795
v 0.20105784 0.77251663 0.18176957
v -0.50263913 0.67316361 0.19413627
v 0.30567167 0.76169172 0.19414810
v -0.63053603 0.29278182 0.19372469
v 0.33796082 0.75716413 0.19427358
v -0.61872372 0.89372031 0.19358358
v 0.32491917 0.47941483 0.22581641
v -0.03665813 0.61234048 0.19446881
v -0.60631555 0.90517696 0.19285861
v -0.56803402 0.47029320 0.20748776
v -0.70429838 0.36046842 0.19544483
v 0.33344368 0.75602439 0.19463607
v -0.62181880 0.89001876 0.19481743
v 0.28752994 0.76505866 0.19315301
v -0.49229973 0.32619954 0.18903158
v 0.30525342 0.76018252 0.19488702
v 0.30313427 0.76023480 0.19498461
v -0.64519864 0.30813772 0.19805878
v -0.70778626 0.26780014 0.20084634
v 0.26830772 0.76198450 0.19517980
v 0.26393000 0.76329851 0.19457333
v -0.63006182 0.30382424 0.19498299
v -0.67372665 0.31874723 0.20225429
v 0.28923781 0.28825178 0.16502808
v 0.45829228 0.25594695 0.20371890
v -0.03835206 0.60994947 0.19541685
v -0.51820116 0.39132596 0.22360833
v -0.63811673 0.30388573 0.19552498
v -0.57029001 0.46642589 0.19552846
v 0.56000446 0.26524437 0.19400081
v 0.62729808 0.42038590 0.19648228
v -0.52299946 1.09890834 0.25344259
v -0.62954254 0.30382300 0.19467453
v 0.29351445 0.76141985 0.19483125
v -0.49321989 0.79569570 0.19635101
v -0.83496067 0.59039613 0.19657412
v -0.62237647 0.88812268 0.19661592
v -0.03648386 0.60480495 0.19661584
v 0.23264467 0.75683301 0.19811455
v -0.62679596 0.26876989 0.26196101
v -0.68822617 0.30514169 0.19259582
v 0.64366372 0.41502305 0.19441517
v -0.73909736 0.63264763 0.28512220
v 0.63988210 0.42812828 0.19662273
v -0.64757099 0.87641987 0.17690442
v 0.26616069 0.75855482 0.19697828
v -0.13246251 0.20724834 0.19833069
v 0.38264422 0.66357127 0.21140103
v 0.04116137 0.71932964 0.19782877
v -0.49372179 0.79390418 0.19802403
v 0.04314110 0.71992217 0.19805184
v -0.50672595 1.08804857 0.19603993
v -0.84184516 0.67695748 0.21167099
v -0.84064891 0.61739437 0.19869327
v -0.59619905 0.91653210 0.18776420
v 0.07522809 0.72930324 0.19854676
v 0.08120214 0.73028962 0.19909746
v -0.68855115 0.29980080 0.19476865
v -0.62862041 0.88176731 0.19710215
v 0.33475421 0.75635899 0.19570958
v -0.67382164 0.30333591 0.19182650
v 0.08354436 0.73059460 0.19930659
v -0.12658606 0.20883770 0.20017100
v 0.45420019 0.41943161 0.17512946
v 0.07639920 0.72870026 0.19959936
v 0.07639920 0.72870026 0.19959936
v 0.47503632 0.26400529 0.19936927
v 0.08291001 0.73004215 0.19971090
v 0.23462534 0.75254760 0.20042354
v -0.06529360 0.59815432 0.19007545
v -0.49377756 0.79952272 0.19979463
v -0.83535104 0.59535940 0.19979467
v -0.06689436 0.42711009 0.17603778
v 0.33248170 0.51881210 0.20100746
v 0.65247326 0.41775516 0.19460117
v 0.48345715 0.26686336 0.20120261
v 0.03959205 0.71727563 0.20091688
v -0.49285389 0.33247779 0.19701394
v 0.64521502 0.23382353 0.19098823
v 0.61629436 0.41095158 0.19911133
v 0.46702992 0.65903724 0.19251145
v -0.69632363 0.58961713 0.30823725
v -0.14970803 0.38159725 0.15251356
v -0.83417993 0.59150450 0.20079848
v 0.33401273 0.51882413 0.19929591
v 0.23357877 0.74893151 0.20237376
v -0.57354541 0.45441200 0.17022719
v 0.25668028 0.72802495 0.22541951
v -0.72264575 0.18945864 0.20113307
v -0.72258998 0.19414307 0.20123066
v -0.15892400 0.38807313 0.20138395
v 0.47901748 0.26673599 0.20055279
v -0.49243218 0.33615571 0.20374799
v -0.16328080 0.38718085 0.20164188
v -0.13435859 0.20791754 0.20181613
v -0.50495883 0.66511924 0.20421940
v 0.42408963 0.68353824 0.19865346
v 0.04970644 0.72030366 0.20167294
v 0.40952745 0.66653651 0.20535728
v -0.02072970 0.69545034 0.18126333
v -0.84037008 0.62032912 0.20229025
v 0.56886445 0.39741412 0.20887058
v -0.67674938 0.18678182 0.20237389
v 0.36661119 0.42653848 0.20218552
v -0.71500566 0.24701027 0.20256907
v -0.75794632 0.68663967 0.20273639
v -0.40373396 0.21953580 0.21056831
v 0.34629800 0.54416521 0.23081497
v 0.22487990 0.74916270 0.20223585
v -0.72359379 0.18733949 0.20287579
v -0.83989600 0.64295618 0.22461800
v -0.15702792 0.38824043 0.19994795
v -0.67608018 0.18767409 0.20339164
v 0.04165564 0.73815518 0.16976136
v -0.82362648 0.60561702 0.22733621
v -0.37811656 0.24678720 0.31666850
v -0.71422492 0.24784678 0.20364259
v -0.75605024 0.68735767 0.20367048
v -0.13199736 0.20818027 0.20118312
v -0.67764166 0.18248775 0.20372624
v 0.59485192 0.41273612 0.20252707
v 0.19507159 0.74558897 0.20376794
v 0.47963711 0.41309425 0.15249789
v -0.83942204 0.61793113 0.20404691
v 0.46762978 0.26970748 0.20680546
v 0.26114514 0.73516347 0.20746686
v 0.41246568 0.67430120 0.20315099
v 0.36092294 0.42832303 0.20420012
v 0.39451167 0.63375700 0.21604309
v -0.44575172 0.27565965 0.22460828
v 0.40675472 0.67419801 0.20435350
v 0.55942850 0.40021996 0.20962915
v -0.68028359 0.21259501 0.22420147
v -0.04012222 0.54511575 0.21202895
v -0.15685364 0.21190489 0.22516165
v 0.19967237 0.74331646 0.20507847
v 0.19147461 0.74282153 0.20521789
v -0.46679884 0.22634688 0.21487267
v 0.58018517 0.40906944 0.20532936
v -0.75878283 0.68712066 0.20539926
v -0.49511597 0.78962406 0.20315460
v -0.71545180 0.24221430 0.20559444
v 0.34861410 0.72106975 0.20517779
v 0.36457042 0.42630075 0.20310757
v -0.56613056 1.05073575 0.25235577
v -0.49943443 0.22369092 0.17385225
v 0.32944284 0.75844789 0.21114519
v 0.64914688 0.37611018 0.20323085
v -0.59967926 0.90118612 0.20637516
v 0.47272896 0.26867579 0.20281115
v 0.47873338 0.26969894 0.20537735
v -0.49201217 0.90945103 0.15166970
v 0.40543902 0.67664604 0.20405372
v -0.49388561 0.78567963 0.19644861
v -0.67392535 0.32406302 0.20236520
v -0.50267241 0.66282887 0.19161081
v 0.25074109 0.73752714 0.20810383
v -0.43139540 0.53506273 0.16424099
v -0.59878699 0.90113036 0.20753233
v -0.49639861 0.78482809 0.20756020
v 0.47757373 0.27046033 0.20758795
v -0.49690052 0.77702070 0.20765779
v 0.48027846 0.26956109 0.21029614
v 0.69183968 0.42342598 0.27910879
v -0.84483145 0.64658147 0.20802032
v -0.69827553 0.26708643 0.20802030
v -0.77630736 0.61595431 0.18196651
v -0.17526431 0.39193783 0.24604076
v 0.56390118 0.40561188 0.20843838
v 0.57053747 0.40669934 0.20719756
v -0.75932824 0.68799567 0.19380358
v 0.25071320 0.73646408 0.20859179
v 0.56574849 0.40820505 0.20803756
v -0.68854321 0.40106076 0.24987743
v 0.37167379 0.40940055 0.22141994
v 0.24979305 0.73507339 0.20923312
v -0.84427378 0.64544522 0.20927508
v 0.25018342 0.73377681 0.20973502
v -0.01705750 0.67864777 0.19904191
v -0.69721596 0.26477209 0.20972120
v 0.56996585 0.40470566 0.20742412
v -0.16051336 0.38910482 0.20986055
v -0.42779112 0.22467555 0.17151023
v -0.84449679 0.64737267 0.21009764
v 0.55509004 0.40326966 0.21009746
v 0.25203389 0.72877770 0.21217116
v 0.14319177 0.28476175 0.20439165
v 0.24602877 0.73268238 0.21040422
v 0.34806258 0.44623917 0.22924299
v -0.83713553 0.64756437 0.21054378
v 0.54017234 0.39346859 0.21408481
v 0.25641365 0.72749277 0.21094795
v 0.23969920 0.73184413 0.21103160
v 0.35363400 0.43004182 0.20658699
v -0.69816394 0.26123088 0.21114326
v -0.73418948 0.70859099 0.21133845
v 0.47441435 0.27145010 0.21267444
v -0.72019894 0.33805702 0.21052459
v 0.53597587 0.40059284 0.21383735
v -0.55867943 0.40338695 0.19067550
v 0.68653304 0.36226691 0.20958159
v -0.81329510 0.36196716 0.21444225
v -0.40450488 0.21792076 0.20555170
v -0.84427372 0.64842876 0.21192401
v 0.35375763 0.71992104 0.20266863
v 0.21694623 0.73052140 0.21211906
v 0.19351011 0.73019900 0.21213300
v -0.84349298 0.64540339 0.21220285
v -0.74863316 0.67504012 0.21232831
v -0.49748603 0.77847936 0.21069710
v -0.78923160 0.58060901 0.21237015
v 0.42027525 0.26244251 0.22032203
v -0.83646633 0.64663027 0.21250957
v -0.78995658 0.58021864 0.21257928
v -0.72325914 0.33913751 0.21090625
v -0.83685670 0.64849150 0.21270475
v 0.18718055 0.72886756 0.21274644
v 0.21486891 0.72915162 0.21283009
v -0.84354875 0.64646994 0.21287205
v 0.35138677 0.42472605 0.20820838
v -0.08267592 0.41237267 0.19962230
v 0.55771261 0.38408311 0.21552657
v -0.79051425 0.57946578 0.21223073
v 0.31936598 0.68253382 0.21659436
v 0.19105636 0.72771562 0.21341565
v 0.21431559 0.73457987 0.20994284
v 0.31836566 0.69042617 0.21475056
v -0.26582952 0.36757872 0.21375032
v -0.74807549 0.67408511 0.21532579
v -0.40075105 0.22265400 0.22316451
v 0.21426941 0.72681289 0.21395938
v -0.72699553 0.33475979 0.21400132
v 0.27834150 0.49495631 0.22055152
v 0.33146395 0.68639395 0.21407090
v -0.67467897 0.30985194 0.23475365
v -0.71553340 0.45404722 0.21075583
v -0.17134613 0.38751546 0.21421038
v -0.52844903 1.06975965 0.21429348
v -0.66567962 0.32001811 0.19976765
v 0.29498838 0.72952004 0.21880430
v 0.67912979 0.46445621 0.22011061
v 0.32166473 0.54052444 0.22786866
v -0.81365759 0.36664462 0.21422092
v -0.74930237 0.67155467 0.21469841
v -0.73480292 0.70433080 0.21476812
v 0.21399755 0.32421284 0.22618283
v -0.16765156 0.38840773 0.21489353
v 0.33004189 0.68352369 0.21499105
v 0.33344368 0.68142022 0.21507470
v 0.41899635 0.28180178 0.21191052
v -0.73307414 0.70736477 0.21524214
v 0.23376001 0.56654176 0.21538144
v -0.72519230 0.33025081 0.21552851
v -0.81402935 0.36305358 0.21488844
v -0.72967235 0.33273823 0.21568828
v 0.46809338 0.27085070 0.21572994
v 0.10112944 0.61629039 0.21892606
v 0.13428457 0.61605280 0.21483426
v -0.39896610 0.17231272 0.10797985
v -0.49963305 0.76440775 0.21677571
v -0.72703038 0.32996382 0.21622504
v 0.24533168 0.72690874 0.21510957
v -0.77785517 0.59108625 0.18226986
v 0.47567073 0.26618370 0.21841025
v 0.47132787 0.26984690 0.21612031
v -0.52751659 1.07007676 0.21330421
v -0.64098524 0.30334549 0.19968050
v -0.52093608 0.34778141 0.21638534
v 0.56048548 0.39716316 0.21019679
v 0.35377081 0.47253239 0.21652465
v -0.78081077 0.57192328 0.21655268
v -0.53677372 0.25085511 0.17885548
v -0.44280641 0.26767198 0.21667810
v 0.26887742 0.70523213 0.21763649
v 0.32028311 0.68526250 0.21579214
v -0.44542746 0.27146414 0.21683146
v 0.46329739 0.27126199 0.21673027
v -0.76866749 0.59843008 0.21868229
v -0.26359884 0.36861041 0.21702663
v -0.72542708 0.32272804 0.21711208
v 0.26167841 0.73134222 0.20772391
v -0.44829947 0.52650099 0.21747279
v -0.16957553 0.38843561 0.21758429
v 0.13788478 0.69705972 0.23183050
v 0.35368716 0.46954885 0.21762605
v 0.35855371 0.43512748 0.21207155
v 0.35190262 0.47490249 0.21685925
v 0.28730726 0.69202345 0.21785944
v -0.71637190 0.22818888 0.21362315
v -0.72320337 0.72438876 0.21787714
v -0.53231082 0.59691936 0.34123306
v 0.50863605 0.38514536 0.22080475
v -0.83205921 0.37856722 0.23138804
v -0.26780926 0.36799698 0.21796073
v -0.76031928 0.54565530 0.16844280
v -0.72074962 0.72892855 0.21805838
v 0.29296375 0.68917947 0.21792231
v -0.78362483 0.42338633 0.25888905
v 0.46937984 0.26749550 0.21906238
v -0.29497006 0.22783403 0.33473433
v -0.40211038 0.22073003 0.21629819
v -0.82984356 0.59324225 0.22091182
v -0.67621612 0.39526403 0.20335242
v -0.24582074 0.37395173 0.22673428
v 0.29311362 0.68133439 0.21999964
v -0.51926306 0.34635934 0.21865785
v -0.44679376 0.27436403 0.21865784
v 0.33105790 0.41228737 0.22012250
v 0.52516250 0.38326984 0.21960579
v 0.58314088 0.37618080 0.21423119
v 0.28838833 0.68675905 0.21906058
v -0.25201061 0.37483019 0.23838368
v 0.49925672 0.39234892 0.22092843
v 0.47172520 0.27079494 0.21328055
v 0.14789349 0.59335440 0.22003844
v -0.73880421 0.31777871 0.22128590
v -0.72370527 0.32614377 0.21715217
v -0.80016898 0.65966561 0.17568672
v -0.44361503 0.27026515 0.21929916
v 0.53292262 0.38217576 0.21924327
v -0.44598514 0.52156560 0.21935492
v 0.06925409 0.62174463 0.22077654
v 0.26455216 0.69743534 0.21941800
v 0.46435698 0.26778351 0.21994036
v -0.72141882 0.72616285 0.21973139
v -0.40053496 0.22107858 0.21982894
v 0.41580996 0.27865984 0.21335637
v -0.78058770 0.57313622 0.21988477
v 0.30115454 0.67839311 0.21991250
v 0.30486305 0.54755306 0.21992644
v 0.36086718 0.41184385 0.21963366
v 0.35009019 0.41163472 0.22005192
v 0.00763225 0.60417408 0.22238736
v 0.33704397 0.50563116 0.21049176
v -0.78131268 0.57273191 0.22014966
v 0.63277267 0.26586042 0.18100641
v 0.23031359 0.72167209 0.21561207
v -0.52821368 1.06972821 0.22437398
v -0.40109263 0.22163625 0.22026114
v 0.51465104 0.38508621 0.22010034
v -0.46214847 0.22726777 0.21607099
v 0.16218609 0.57965799 0.22272377
v 0.30622934 0.66459076 0.22303546
v 0.06744858 0.62161699 0.22095816
v 0.52514311 0.38316562 0.21953604
v 0.27278303 0.68670677 0.22071067
v 0.42240965 0.55762077 0.19624807
v 0.35179108 0.41037996 0.22090237
v -0.44704471 0.27598128 0.22097217
v 0.32756025 0.65880492 0.22172493
v -0.26055953 0.36994882 0.22111157
v 0.46323117 0.26266863 0.22054334
v 0.29725084 0.67467066 0.22136244
v 0.69613015 0.43658081 0.26532152
v -0.44927539 0.52337803 0.22137648
v 0.30001131 0.67338453 0.22140427
v 0.37066568 0.40926235 0.22172968
v -0.82776666 0.36636579 0.22376755
v 0.21361415 0.54065886 0.22304244
v 0.23341146 0.54256888 0.21991948
v 0.30213046 0.54968616 0.22172493
v -0.53510092 1.06639613 0.22604699
v 0.21074214 0.55091303 0.22176677
v 0.25401043 0.69174911 0.22127881
v 0.06733705 0.61885826 0.22183649
v -0.43428799 0.25431576 0.21322054
v 0.06390389 0.61946821 0.22202471
v 0.06229285 0.60091041 0.22665730
v -0.44453519 0.27322081 0.22239423
v 0.35991216 0.40207067 0.22625077
v 0.21216420 0.54419310 0.22263116
v 0.35130311 0.72564810 0.21196569
v 0.29766909 0.66954357 0.22271480
v 0.20729591 0.55113610 0.22238718
v 0.04602610 0.62593637 0.22242507
v -0.25902594 0.37061803 0.22309131
v -0.25934660 0.36850585 0.21210170
v -0.59861267 0.89260409 0.21921379
v -0.60849041 0.87216545 0.23295167
v 0.11697151 0.59007983 0.22417871
v 0.30327369 0.54936549 0.22289604
v 0.22854056 0.48697171 0.23138224
v 0.21070729 0.54856384 0.22213623
v -0.53203373 1.06790184 0.22324469
v 0.29084982 0.66538370 0.22459606
v 0.36251928 0.40661569 0.22348333
v 0.42741126 0.27637165 0.22270084
v -0.00092412 0.25251782 0.22965908
v 0.69063198 0.44849677 0.22505696
v 0.69088296 0.44587572 0.22360702
v 0.10387147 0.59752735 0.22364892
v 0.29231545 0.66825396 0.22367678
v 0.21263822 0.54625648 0.22219896
v 0.59529811 0.31443966 0.22237667
v 0.64701513 0.34292270 0.22211264
v 0.22676009 0.53448992 0.22231421
v 0.33399423 0.62267528 0.22913889
v 0.27700739 0.67284080 0.22406715
v 0.10534930 0.59469020 0.22420659
v 0.10118768 0.59618197 0.22424842
v -0.71322310 0.21118656 0.22497460
v 0.04418695 0.68933033 0.22385283
v 0.41606265 0.27804466 0.22437385
v 0.41946445 0.27687355 0.22441568
v -0.82836801 0.36604080 0.22454552
v -0.38365493 0.42637379 0.35024727
v -0.75939621 0.30580970 0.23189560
v -0.71687380 0.21249044 0.22044939
v -0.50571249 0.74927832 0.23881408
v 0.44739967 0.26081785 0.22433173
v 0.27491612 0.67560302 0.22352342
v 0.38878209 0.58429312 0.22099123
v 0.69088296 0.44763238 0.22481995
v 0.32095185 0.39947750 0.22663243
v 0.20929220 0.54132109 0.22355132
v -0.70685664 0.22041634 0.22535690
v 0.32471613 0.40416193 0.22447146
v 0.32374633 0.40220280 0.22537304
v 0.11128849 0.58844428 0.22516858
v 0.33562557 0.40373671 0.22474681
v 0.30432647 0.66115798 0.22416707
v 0.35124996 0.40033442 0.22689729
v 0.11027423 0.58568381 0.22594931
v 0.30710767 0.65048169 0.22651393
v 0.32454883 0.40134570 0.22576804
v 0.40698656 0.28429754 0.19254479
v 0.27829003 0.66817205 0.22521734
v -0.15489483 0.39295275 0.22596330
v -0.62766732 0.85717369 0.22804068
v -0.68328628 0.22828794 0.22773892
v 0.19871388 0.53632645 0.22598067
v 0.07129303 0.61708765 0.22188529
v -0.79692752 0.35645319 0.19968314
v 0.20253758 0.53359343 0.22589161
v -0.17043992 0.38971826 0.22652097
v -0.70619441 0.21778832 0.22652104
v 0.20625289 0.52532988 0.22682763
v -0.79558208 0.57535688 0.21870756
v 0.37173609 0.42596599 0.21455972
v 0.11138478 0.58909410 0.22496555
v 0.20395250 0.70461037 0.22786629
v -0.82392225 0.57958646 0.20337030
v -0.37103417 0.41461826 0.22692531
v -0.74925570 0.32152907 0.22642137
v 0.25170307 0.48955442 0.22665859
v 0.69238867 0.44365898 0.22713428
v -0.37304178 0.41721143 0.22717626
v -0.12687186 0.39925443 0.22723198
v -0.15142332 0.39390079 0.22724594
v 0.07782126 0.59288474 0.22728772
v -0.70647324 0.21550187 0.22730178
v -0.12915831 0.39875253 0.22742717
v 0.18384628 0.58581223 0.23049258
v -0.70399161 0.21937768 0.22688352
v -0.84374404 0.36498729 0.22741489
v -0.70811837 0.21282505 0.22760501
v 0.07920847 0.59004759 0.22788722
v -0.75314332 0.65783641 0.21954318
v 0.22957748 0.49726509 0.22811028
v 0.20428710 0.70487878 0.22813816
v 0.36622159 0.40095740 0.22708028
v 0.03122474 0.60232700 0.22919615
v 0.37793191 0.39898954 0.22879340
v 0.08854500 0.58684140 0.22784675
v 0.28712911 0.65284482 0.22837516
v -0.69868467 0.20959041 0.23195827
v 0.08150189 0.58691069 0.22848672
v -0.49690016 0.33562156 0.23941903
v 0.47907948 0.38862731 0.22513716
v 0.22811359 0.49387724 0.22887707
v 0.29354233 0.64781184 0.22893283
v 0.08141475 0.58576049 0.22878647
v -0.17239176 0.38971826 0.22897472
v 0.03333481 0.63732414 0.22060266
v 0.55084128 0.31614317 0.24802169
v 0.36354051 0.40115748 0.22684852
v 0.24155845 0.48829442 0.22735401
v 0.20271168 0.70456569 0.22911408
v -0.53363529 1.06707056 0.21563118
v 0.22521370 0.49499258 0.22918379
v 0.08008680 0.58461030 0.22919775
v -0.23575015 0.37834177 0.23999221
v 0.26010996 0.70795182 0.22658451
v -0.83339914 0.36647732 0.22868900
v 0.28765890 0.64856469 0.22946958
v 0.29800370 0.64969049 0.22788719
v 0.20647596 0.70602680 0.22937898
v -0.78931525 0.57800887 0.22522969
v 0.25134601 0.48777910 0.23568596
v 0.28372732 0.65028999 0.22949050
v 0.21159259 0.59945131 0.22957416
v 0.21864194 0.58849056 0.21229467
v 0.28584647 0.64881216 0.22962992
v -0.62254372 0.86113141 0.22967186
v -0.00732779 0.48077023 0.23081849
v 0.19316157 0.70108150 0.22928836
v 0.19259317 0.70074463 0.22941245
v 0.07772604 0.58677207 0.22885508
v 0.08969268 0.57763592 0.23006911
v 0.21437923 0.51049122 0.22833550
v -0.83462601 0.36665857 0.22999255
v -0.37541188 0.41898204 0.22965092
v 0.21503621 0.66897196 0.23127506
v 0.08007286 0.57797401 0.23089864
v 0.18836560 0.69878100 0.23002727
v 0.18925787 0.51453198 0.23135174
v 0.68511815 0.40629749 0.20611777
v 0.21024024 0.60071304 0.23034096
v 0.03448185 0.59062835 0.23146548
v -0.46815789 0.54330526 0.22579726
v 0.17708670 0.52887109 0.23053614
v 0.21518957 0.59904700 0.23055009
v -0.83518369 0.36660280 0.23056416
v 0.17394979 0.53112966 0.23063374
v 0.13372778 0.67880265 0.23445380
v 0.21340502 0.67136995 0.23070345
v 0.20270471 0.69900058 0.23033399
v -0.12984146 0.39908713 0.23077320
v 0.04255577 0.59401615 0.23014412
v 0.03867974 0.66558760 0.23252984
v -0.70385913 0.67229718 0.27418273
v 0.21386684 0.52450731 0.22588308
v 0.21969102 0.63564328 0.24053240
v 0.08322370 0.57592457 0.23112171
v -0.00697696 0.48410754 0.23042812
v -0.47387986 0.30997488 0.20952631
v 0.19437450 0.50537920 0.23223704
v 0.03051988 0.59787763 0.23014929
v -0.12620963 0.40102503 0.23816235
v -0.12556395 0.39833427 0.21835369
v 0.17401950 0.52454914 0.23176302
v -0.44064195 0.27258297 0.23132045
v 0.27332414 0.71197494 0.21932128
v 0.28871848 0.64338358 0.23071040
v -0.50437325 0.74340011 0.23183282
v 0.33000006 0.30471527 0.22783840
v 0.19692585 0.50523978 0.23188850
v -0.46280586 0.22842938 0.22072297
v -0.62193028 0.85792480 0.23445389
v 0.21120222 0.66718393 0.23220916
v 0.17156575 0.52401935 0.23220916
v 0.21338411 0.48238225 0.23288533
v 0.17916256 0.51515666 0.23272044
v 0.22708641 0.48579103 0.23039375
v -0.59150584 0.51778389 0.25458058
v -0.62275243 0.85861422 0.23249739
v -0.44769558 1.10369325 0.23796192
v 0.17578314 0.52711443 0.23105199
v -0.50493092 0.73648848 0.23264145
v -0.70550777 0.20191212 0.23466739
v -0.82720725 0.62933256 0.22702426
v 0.38849980 0.29843449 0.24203177
v 0.17406133 0.51386626 0.23367304
v -0.83144729 0.39370560 0.23438421
v 0.08015651 0.57358235 0.23198610
v 0.33570225 0.55453789 0.23814832
v -0.60979658 0.25898495 0.23636784
v -0.17221749 0.38860989 0.22201080
v 0.33863899 0.30533336 0.23313817
v 0.24235511 0.65459277 0.23280517
v 0.17032493 0.51962769 0.23317114
v -0.00597577 0.47003681 0.23338726
v -0.00666850 0.47077572 0.23328270
v 0.20090971 0.49583257 0.23280168
v -0.17402295 0.39038746 0.23522063
v -0.62014573 0.86035067 0.23354768
v -0.01184576 0.45703523 0.23851479
v -0.00280401 0.48643233 0.23416800
v 0.34294500 0.30466647 0.23342207
v -0.50481939 0.74289472 0.23377073
v 0.16813189 0.67329669 0.23504408
v -0.50582325 0.65044335 0.20155129
v 0.36852187 0.28249150 0.21692457
v 0.29609193 0.47677504 0.23874959
v 0.24022899 0.64579376 0.23549942
v 0.30483187 0.41990478 0.21693302
v 0.24017322 0.65048169 0.23418889
v 0.17242271 0.57992156 0.23197724
v -0.62193028 0.85792480 0.23445389
v 0.40047575 0.31205910 0.25999160
v -0.46199375 0.24436744 0.25506155
v -0.52219569 1.07143136 0.23391912
v 0.16558909 0.65048604 0.24045223
v -0.83022041 0.81918062 0.23495582
v -0.37206586 0.41785275 0.22415089
v -0.83122422 0.81884602 0.23548561
v 0.17052011 0.50719163 0.23536000
v -0.57563608 0.11339565 0.23866870
v -0.51000573 0.64951970 0.23565287
v 0.33736132 0.30652073 0.23507417
v 0.14869601 0.53079592 0.23423682
v 0.25927345 0.62631624 0.23866071
v 0.18253974 0.59549827 0.21833944
v 0.21996462 0.34015526 0.23588978
v -0.59382018 0.83236605 0.28033975
v -0.72135731 0.73685856 0.21422937
v 0.15744273 0.51289382 0.23619650
v 0.08579117 0.53480898 0.24037557
v -0.61858425 0.18282235 0.26375950
v -0.82762643 0.39866247 0.23615252
v -0.68900702 0.31353010 0.26311573
v 0.42548729 0.38598186 0.23636378
v 0.15869575 0.49093117 0.23985012
v 0.11811997 0.53680396 0.23655899
v 0.22217440 0.34094994 0.23661476
v 0.12065039 0.53471269 0.23669841
v -0.56767238 1.05769472 0.25827864
v 0.22478151 0.34136819 0.23711666
v -0.65698904 0.27273611 0.26530508
v 0.11272450 0.53425261 0.23767433
v 0.38797347 0.26345372 0.19517630
v 0.13778483 0.52417271 0.23675417
v 0.13356048 0.52598514 0.23689359
v -0.51000573 0.64787806 0.23692158
v 0.02406527 0.55686617 0.23686574
v 0.15742879 0.51502691 0.23580613
v 0.22054321 0.34164703 0.23697724
v 0.11841972 0.53387619 0.23711666
v 0.11841972 0.53387619 0.23711666
v 0.44408792 0.44163695 0.24903039
v 0.12087346 0.53175704 0.23728396
v 0.15477288 0.50929684 0.23722820
v 0.30769323 0.46434857 0.23937523
v -0.30029010 0.19359586 0.24042354
v 0.12957923 0.52671882 0.23723007
v 0.58130099 0.32262622 0.23625597
v 0.11474606 0.53361129 0.23759068
v 0.02420643 0.55220962 0.23764648
v -0.50744044 0.71269336 0.23767444
v 0.03404062 0.56742204 0.23679361
v -0.82971851 0.39813909 0.23906865
v -0.65271780 0.22714542 0.23862630
v -0.03798957 0.43957404 0.23809261
v 0.13644987 0.52216960 0.23727681
v 0.02755856 0.56278097 0.23644574
v 0.11149044 0.52469858 0.23977518
v 0.12242100 0.52213024 0.23901274
v 0.15872745 0.50026193 0.23828123
v -0.44014353 0.27993377 0.24599068
v -0.85069391 0.37291145 0.26499686
v -0.50187070 0.77852292 0.22851294
v 0.12426567 0.52943747 0.23734670
v 0.26936730 0.64774213 0.23186060
v -0.82960698 0.81978011 0.23870616
v 0.30583897 0.46804314 0.23890121
v 0.35407753 0.46701144 0.21821857
v 0.10732207 0.53114360 0.23892909
v 0.11611932 0.52022719 0.24015597
v -0.22187285 0.38539979 0.26522681
v 0.27042691 0.63457244 0.23523761
v -0.03781878 0.43904425 0.23929160
v 0.05153405 0.55136440 0.23917658
v -0.83345491 0.39376137 0.23798119
v 0.18792120 0.38359433 0.25667000
v -0.43540989 0.26463420 0.23038972
v 0.29897962 0.59443925 0.24096459
v 0.11035440 0.52609668 0.23962618
v 0.29158351 0.60228672 0.24030236
v 0.10751725 0.52733749 0.23968195
v -0.48931614 0.35321870 0.23976568
v 0.02353026 0.54641332 0.23841327
v 0.27009575 0.33181808 0.24129222
v 0.10743709 0.52954726 0.23923582
v 0.24371443 0.62773220 0.24010020
v 0.31013304 0.55884590 0.24010017
v 0.24245967 0.41135589 0.23979348
v 0.30608457 0.46242516 0.24042509
v 0.22574610 0.62619555 0.24230126
v 0.03099211 0.53131695 0.24275108
v 0.60543029 0.33099203 0.22730901
v -0.09217039 0.41550650 0.29000551
v 0.25863559 0.70736565 0.23545310
v -0.80395437 0.42555555 0.24660455
v -0.42211904 0.24725716 0.23079140
v 0.31083013 0.55929204 0.24076938
v 0.18627433 0.62182263 0.23680646
v 0.30804177 0.56072804 0.24088094
v 0.06681498 0.64831024 0.23164683
v -0.82233634 0.40364609 0.23597357
v -0.50844425 0.70920443 0.24110412
v -0.56627197 0.38041264 0.27285441
v 0.29658164 0.59500389 0.24121554
v 0.31302308 0.45367451 0.24074193
v 0.18757092 0.63115490 0.24138284
v 0.10477072 0.52279248 0.24093673
v -0.02147118 0.44356138 0.24637403
v -0.69787117 0.44381931 0.24343937
v -0.68515627 0.44388204 0.23982147
v 0.11936079 0.51078861 0.24160591
v 0.00226381 0.44621990 0.24194403
v -0.64954544 0.28199889 0.24436649
v 0.29267533 0.59358183 0.24197624
v -0.57751179 0.89059038 0.24372517
v 0.18899995 0.63167423 0.24180110
v 0.09296204 0.52510681 0.24174536
v -0.28768993 0.19142251 0.23151304
v 0.30982632 0.45850696 0.24035112
v 0.26068775 0.35720017 0.24345750
v -0.65829042 0.23111665 0.24021184
v -0.12811834 0.40033103 0.23648907
v -0.64630050 0.21723065 0.23915227
v 0.24241436 0.36261894 0.24264109
v 0.24549898 0.35539361 0.24221935
v 0.25075503 0.35383039 0.24205379
v -0.63776805 0.21978430 0.23603288
v 0.05915735 0.49087332 0.25213120
v -0.65985190 0.29747949 0.24238676
v 0.11839183 0.50257691 0.24329287
v 0.69021370 0.45619263 0.24266543
v 0.30433326 0.45608109 0.24277702
v -0.50866732 0.71259751 0.24291655
v -0.66068841 0.29711700 0.24294443
v -0.63220536 0.28089924 0.24194062
v -0.31040137 0.19718238 0.25215992
v 0.08928141 0.52019931 0.24311165
v 0.23717202 0.60182730 0.24546591
v 0.14100887 0.67216060 0.23785732
v 0.12360474 0.55398545 0.23475354
v 0.12506123 0.51442741 0.24018385
v -0.00204245 0.46776845 0.23676463
v -0.48806138 0.35128079 0.23997481
v 0.08262769 0.52213721 0.24340443
v -0.68533757 0.40428741 0.17458792
v 0.11591562 0.50340837 0.24345307
v -0.59814561 0.87502439 0.24235888
v 0.07297650 0.46176934 0.25641210
v -0.69046809 0.44403540 0.24400401
v 0.11096784 0.50756806 0.24325104
v 0.09438292 0.51275138 0.24406248
v -0.13976102 0.40262834 0.27015872
v -0.81790015 0.81701816 0.27352560
v -0.40064301 0.22871518 0.23624451
v 0.07874152 0.51959003 0.24428128
v -0.75645450 0.31896028 0.22909853
v -0.76329991 0.43307717 0.24447805
v -0.75900584 0.43424828 0.24118779
v -0.30938362 0.19274889 0.23965415
v 0.23451713 0.41030479 0.24340492
v 0.24840584 0.34463754 0.24074152
v 0.69077142 0.45513305 0.24475670
v 0.61152633 0.32249103 0.24486823
v 0.09793185 0.52277592 0.24169656
v 0.16678018 0.54645934 0.23212062
v -0.60046518 0.13048058 0.26386798
v -0.48769889 0.35374848 0.24514720
v -0.58030566 0.89202734 0.23897352
v -0.62005867 0.24624391 0.24192434
v -0.63515614 0.27532050 0.24492596
v -0.85448101 0.37366229 0.24868336
v 0.39010656 0.38304015 0.23970632
v 0.08316097 0.51096985 0.24559329
v 0.22871732 0.37350010 0.24683409
v 0.33707670 0.31265196 0.24621622
v 0.08056954 0.51251739 0.24555146
v -0.75927165 0.43392163 0.24898600
v -0.84353282 0.67627384 0.20473701
v 0.68993486 0.45649935 0.24578839
v -0.75655209 0.43491748 0.24467324
v 0.10961549 0.49299194 0.24615093
v 0.09114264 0.50539314 0.24587212
v 0.09548550 0.50471000 0.24550964
v 0.09656599 0.50162887 0.24601154
v 0.10638448 0.49909843 0.24538067
v 0.61481659 0.32276987 0.24545379
v 0.12423502 0.32302596 0.27612237
v -0.81495417 0.65120383 0.28475932
v 0.08895274 0.50278754 0.24663396
v 0.10636759 0.49455301 0.24624735
v -0.59395572 0.32020850 0.19356605
v -0.76076250 0.43134839 0.24852117
v 0.08192712 0.50402685 0.24714082
v 0.09025733 0.50213077 0.24662498
v 0.09911733 0.48976442 0.24810280
v 0.40525081 0.40255863 0.24866042
v -0.76370464 0.43284044 0.24635364
v -0.68995224 0.44395872 0.24456865
v 0.34442283 0.31528313 0.25023933
v -0.67055161 0.24885103 0.23427062
v -0.57709354 0.88781596 0.24740580
v -0.02370446 0.40719078 0.35614111
v -0.59134208 0.25324225 0.19630223
v 0.40672167 0.40413405 0.24891137
v -0.66537284 0.23028015 0.24765675
v -0.76062806 0.43110974 0.24447294
v 0.39906541 0.37980237 0.24256894
v 0.40677743 0.40226585 0.24779603
v -0.76500300 0.43043940 0.24879554
v -0.65249064 0.24126626 0.23345008
v -0.63754506 0.26661241 0.24849326
v -0.57263217 0.89188696 0.24790770
v -0.46463357 0.24069217 0.25402271
v -0.75984235 0.42998210 0.24638808
v 0.23663201 0.41102129 0.24325104
v -0.13601767 0.39961692 0.24417125
v -0.76412333 0.43294977 0.24778238
v -0.61135341 0.84607566 0.26191551
v 0.09923584 0.48634868 0.24874413
v 0.23401488 0.30852312 0.20473057
v -0.67501671 0.22990306 0.25525959
v -0.52322253 1.10155728 0.24905093
v 0.04962621 0.48092533 0.25366209
v 0.41174070 0.40761949 0.24905079
v 0.40611990 0.32176333 0.31060622
v -0.50595232 0.61745642 0.20893686
v -0.76385758 0.43310505 0.24570493
v -0.76318837 0.43296564 0.24995717
v -0.76614403 0.43077678 0.24990140
v -0.57776274 0.88547375 0.24930188
v -0.53288423 1.09144601 0.18619443
v -0.66857945 0.23125607 0.24944130
v -0.66503824 0.22799370 0.24944130
v 0.15394648 0.47807696 0.24530169
v -0.68610605 0.78358771 0.22270927
v -0.52107550 1.10564222 0.25334499
v -0.48974528 1.13287747 0.27039685
v 0.19098131 0.40260086 0.25625565
v 0.26901875 0.43966291 0.25675016
v -0.36939394 0.21913396 0.27211693
v -0.37482633 0.40538881 0.25038931
v -0.76714238 0.43164648 0.25101515
v -0.30798944 0.19659682 0.25050084
v -0.76334173 0.43056417 0.24763238
v 0.40858240 0.40687531 0.24985881
v -0.51937634 1.07181599 0.24177681
v 0.04707967 0.45786476 0.25741381
v -0.76707063 0.42941928 0.25211766
v 0.34596339 0.31579898 0.25114206
v 0.06045592 0.48075280 0.25362723
v -0.45565373 0.31692826 0.27120786
v -0.76764974 0.43196183 0.24863270
v -0.58849688 0.86678524 0.25797036
v -0.50909951 0.75307527 0.24889060
v -0.75952866 0.43461774 0.25084596
v 0.35081516 0.31468364 0.25167184
v -0.43299140 0.26561557 0.23837150
v -0.01212888 0.26532976 0.25966751
v -0.61069082 0.18457298 0.26149578
v -0.48661143 0.35645319 0.25268970
v 0.25846483 0.26466056 0.25351219
v -0.37661088 0.40731277 0.25225751
v 0.28061905 0.47315311 0.24473126
v 0.41261381 0.41498423 0.25523745
v -0.57975293 0.87918775 0.25362034
v 0.19831415 0.41679971 0.27033206
v -0.52205142 1.10264474 0.25275944
v -0.76805405 0.43119503 0.25283615
v -0.31398441 0.19737756 0.25281518
v 0.05217886 0.48622321 0.25284301
v 0.35957059 0.31334523 0.25309390
v -0.74404062 0.31382269 0.22776125
v 0.05332557 0.48378340 0.25326126
v -0.37516093 0.40519362 0.25340073
v -0.81630638 0.36208114 0.26040029
v -0.76650522 0.43210042 0.25377456
v -0.51206911 0.69645207 0.25367960
v 0.23456863 0.41470191 0.25342853
v -0.76759397 0.43215701 0.25395846
v -0.76572577 0.43217095 0.25383298
v -0.76606038 0.43076981 0.25133566
v -0.83457025 0.31791813 0.25524110
v -0.25884186 0.37767677 0.26204187
v 0.34138487 0.36985180 0.24443872
v -0.57900356 0.07987630 0.25416059
v 0.26649529 0.45086687 0.25454388
v 0.25573224 0.26385193 0.25454388
v 0.26731785 0.44445366 0.25595200
v -0.31878038 0.20052840 0.26183551
v 0.25383616 0.26298754 0.25540827
v 0.23632529 0.41598456 0.25490636
v 0.22967028 0.26357179 0.25179125
v 0.22098586 0.40572690 0.24770892
v 0.40773942 0.29965441 0.25363066
v -0.53662754 1.07206695 0.29640416
v -0.58060686 0.07803599 0.25529684
v -0.54037091 1.07028588 0.25744387
v -0.28406188 0.20577051 0.26903292
v -0.57702383 0.06355572 0.25940008
v -0.33488628 0.36390774 0.19756320
v -0.54101223 1.07032771 0.25563144
v -0.55749141 1.07000008 0.25730446
v 0.02337320 0.44436303 0.25218774
v 0.26974372 0.45323697 0.25314970
v 0.07391060 0.43497325 0.26159844
v -0.22251156 0.38630028 0.27207784
v 0.08723023 0.45801203 0.25548497
v 0.44140183 0.43207685 0.26219788
v 0.25570436 0.45518882 0.25624477
v -0.68854431 0.18027873 0.25214641
v -0.31965871 0.19787947 0.25427906
v -0.32207063 0.20019380 0.26012067
v -0.54084493 1.07057866 0.25632853
v -0.51263847 0.69884238 0.25580849
v 0.06481571 0.43067021 0.28890544
v -0.83668940 0.31490671 0.25649586
v -0.51190051 0.71977163 0.25587962
v 0.14226016 0.37134300 0.28242742
v 0.26860050 0.44913809 0.25440446
v 0.26588185 0.44236239 0.25685821
v 0.19320339 0.39869676 0.25691398
v -0.81455139 0.75677703 0.28211104
v 0.19292456 0.39774872 0.25705340
v -0.51329599 0.71405443 0.25950726
v -0.31992360 0.19893904 0.25722078
v -0.58428749 0.07597261 0.25730446
v -0.18031196 0.22378618 0.26513276
v 0.01563968 0.27334977 0.25784375
v -0.73326933 0.66800214 0.25663528
v 0.06599865 0.46377695 0.25657940
v 0.21574027 0.47470033 0.25140698
v -0.82637064 0.76498951 0.27322010
v -0.40832196 0.24084997 0.24652799
v 0.26162961 0.44220903 0.25790384
v -0.56609952 0.34415529 0.25754211
v -0.66555123 0.14071510 0.27741121
v -0.74340500 0.29242908 0.27080012
v -0.51162297 0.70862106 0.25362383
v -0.84299108 0.39155857 0.25836406
v 0.18840742 0.39738623 0.25839181
v 0.19783729 0.39676582 0.25559997
v -0.83989600 0.31300365 0.25896355
v -0.30690199 0.19860444 0.25596602
v -0.22444008 0.38355633 0.25712776
v 0.23967132 0.42119878 0.26327143
v -0.84076039 0.39423539 0.25906115
v -0.51731122 0.69882369 0.26918285
v -0.73162420 0.66866873 0.25945152
v -0.51346329 0.71039340 0.25998128
v -0.03230849 0.22211114 0.17363554
v -0.51346329 0.71861339 0.25981398
v -0.34627358 0.21837387 0.29296748
v 0.15023484 0.33015900 0.26026000
v -0.55958267 0.87342806 0.26028800
v 0.08163687 0.45947890 0.25829593
v -0.84332568 0.39153069 0.26031591
v -0.41081701 0.45624142 0.24088799
v -0.81735638 0.81840371 0.24012334
v -0.73190303 0.66690161 0.26073416
v -0.74051994 0.53904335 0.21041604
v -0.23964687 0.38104647 0.26092926
v -0.73566993 0.61336760 0.30011052
v 0.25418471 0.43143204 0.26179360
v -0.81833287 0.81609257 0.24722360
v -0.32708967 0.37498180 0.26313906
v 0.14691671 0.32904366 0.26126381
v -0.56348637 0.87195023 0.26129180
v -0.55846733 0.87017962 0.26143122
v 0.00578751 0.29282294 0.30278244
v -0.61200374 0.27341599 0.26296482
v -0.51418826 0.71558715 0.26165429
v -0.24558607 0.37995902 0.26168212
v -0.81594404 0.39860222 0.23680616
v -0.61055379 0.27450345 0.26204466
v -0.39948834 0.23958959 0.26224577
v -0.51466228 0.71618795 0.26272781
v 0.15080646 0.33107916 0.26226762
v -0.61111146 0.27402943 0.26226773
v 0.06517032 0.42647796 0.26434220
v -0.61481300 0.27000723 0.25653766
v -0.84293531 0.39123791 0.25685835
v -0.51408618 0.70503331 0.26143250
v -0.56893760 0.29635369 0.28151086
v -0.14181317 0.40154179 0.26534425
v 0.24950992 0.43267679 0.26299442
v -0.30678348 0.37374447 0.26498634
v -0.80578307 0.65336379 0.28643560
v -0.46042878 0.32012093 0.26335516
v 0.27080635 0.43599361 0.25613498
v 0.58376739 0.32294043 0.29042570
v -0.59428374 0.40315115 0.26480513
v -0.46866085 0.32970396 0.25696358
v -0.29743029 0.36213620 0.20883236
v -0.46126529 0.53805872 0.26031585
v 0.01534687 0.27711056 0.26522330
v -0.44640339 0.51676266 0.27057700
v -0.58251426 0.32007857 0.27389758
v -0.79213149 0.42211894 0.26416384
v 0.45412369 0.43744094 0.26604581
v -0.78934314 0.42348523 0.26421960
v -0.52077477 0.70856476 0.27695326
v -0.55955711 1.05981688 0.27533536
v 0.23760097 0.43132051 0.26585065
v 0.01673190 0.27712450 0.26438680
v -0.31682853 0.37399194 0.26494452
v -0.24368999 0.38087917 0.26500026
v 0.05860428 0.43712377 0.26389883
v -0.59566398 0.35034669 0.26519550
v 0.01823674 0.27807254 0.26519542
v -0.46048455 0.53775200 0.26527912
v -0.73636440 0.60697987 0.26382923
v -0.82443371 0.80457942 0.25422117
v -0.47817143 0.39403934 0.35666833
v -0.59778313 0.34976114 0.26611566
v -0.48543649 0.22913422 0.27481274
v -0.60959522 0.27522005 0.26850311
v 0.06825721 0.43236614 0.26465169
v -0.46026148 0.32148722 0.26639446
v -0.59828503 0.40452442 0.26656179
v -0.59722546 0.34789294 0.26664544
v -0.59438134 0.49888234 0.26672909
v 0.43982482 0.43390763 0.26726045
v -0.67253711 0.76636974 0.27310892
v -0.60163106 0.35121108 0.26684063
v 0.58851195 0.31655924 0.25650743
v -0.59488324 0.49677713 0.26698005
v -0.00777196 0.27723255 0.28046166
v -0.77418111 0.26629901 0.28759478
v 0.06175152 0.42970458 0.26714995
v -0.74571072 0.59986264 0.27073965
v -0.55053098 0.06795783 0.33111134
v -0.73208163 0.60361441 0.26620281
v -0.81303718 0.70082903 0.28217661
v -0.71246820 0.22336503 0.26734256
v -0.74359827 0.40924798 0.22153067
v -0.81943602 0.75346959 0.26897004
v -0.61785928 0.18382616 0.26946168
v -0.59449287 0.49658194 0.26812327
v -0.83897585 0.33255699 0.26812330
v -0.60511650 0.40856056 0.26673607
v 0.42537227 0.43143030 0.28544405
v -0.29108268 0.37622100 0.27832628
v 0.00850068 0.28490010 0.28508203
v -0.71244032 0.22448037 0.26905740
v -0.58480334 0.20017289 0.24924263
v -0.71249609 0.22369963 0.26868097
v -0.61844253 0.26824396 0.24970392
v -0.54477341 0.37004421 0.22022758
v -0.46126529 0.53967596 0.26898763
v -0.31404017 0.37454961 0.26904340
v -0.55534437 1.05666477 0.26921073
v -0.83864124 0.33436942 0.26923864
v -0.65837407 0.32698551 0.27626265
v -0.55618088 1.05621864 0.26951745
v -0.76696659 0.28716955 0.26785143
v -0.71436428 0.56169002 0.26767716
v -0.71673439 0.56457597 0.26965689
v -0.59259679 0.40003517 0.26823481
v -0.74859029 0.29073375 0.27036872
v -0.46226910 0.32391309 0.26491664
v -0.63272121 0.35017939 0.27754791
v -0.72897526 0.67057004 0.26309032
v -0.71299799 0.56255441 0.27018668
v -0.61696799 0.18443569 0.27046539
v -0.55271813 0.85987384 0.26961111
v 0.21137483 0.41811688 0.27355365
v 0.44885370 0.43739912 0.27035382
v -0.84142960 0.33057726 0.27038187
v -0.40486736 0.25463991 0.28224626
v -0.69028422 0.18885565 0.23505449
v -0.51165086 0.64358574 0.25238301
v -0.45317906 0.52710745 0.26922464
v -0.61601897 0.18482997 0.27191543
v -0.77450909 0.83397284 0.33345445
v -0.02503120 0.26127254 0.25920206
v -0.63210477 0.36533560 0.27046986
v -0.52946844 0.44311525 0.27105104
v -0.75091961 0.28939326 0.27121837
v -0.45000034 0.52258335 0.27130197
v -0.57383813 0.34956595 0.25939572
v -0.61339705 0.55428303 0.28911813
v 0.44832392 0.43783131 0.27262633
v -0.68048578 0.75040585 0.27149718
v -0.55461940 1.05711091 0.27155295
v -0.72852738 0.22398718 0.26963947
v -0.84328386 0.38126257 0.28892442
v -0.51627433 0.33749063 0.20899620
v -0.60776544 0.34517429 0.27131594
v -0.16556027 0.39832730 0.27672006
v -0.65909904 0.38340263 0.27443889
v -0.65750968 0.38032150 0.27467590
v -0.70986109 0.56125086 0.27127414
v -0.00795898 0.27470645 0.27559930
v -0.84324200 0.38873798 0.28966993
v -0.59264733 0.32094175 0.27582872
v -0.45674315 0.31972196 0.27317680
v -0.80088692 0.37750526 0.27300292
v -0.45089261 0.52438184 0.27311440
v -0.53772197 0.79307465 0.27333749
v -0.65555783 0.38297044 0.27333749
v -0.45819810 0.32235161 0.27369995
v -0.63288851 0.43528171 0.25573775
v 0.16715808 0.45277885 0.27554167
v -0.56984382 0.84268993 0.27303775
v -0.81499475 0.74907058 0.27198951
v -0.79982735 0.37828600 0.27397884
v -0.65750968 0.38266372 0.27406247
v -0.60520015 0.33660010 0.27406247
v -0.51757565 0.71750952 0.26943731
v -0.58499852 0.84138986 0.27633498
v -0.59970709 0.33287068 0.27372786
v -0.53875366 0.78866208 0.27491292
v -0.67892424 0.75024901 0.27434130
v -0.57528111 0.83652767 0.27601432
v 0.13637673 0.45608109 0.27545654
v -0.60486555 0.33534534 0.27445284
v -0.51011726 0.77175071 0.25158833
v -0.58172221 0.84233790 0.27484321
v -0.52857617 0.44392387 0.27484321
v -0.60492132 0.33414635 0.27484321
v -0.42811162 0.48065037 0.23771000
v -0.80250417 0.37644569 0.27526149
v 0.13888625 0.45599744 0.27534500
v -0.57469555 0.83780683 0.27545664
v 0.13637673 0.45608109 0.27545654
v -0.70435443 0.18655961 0.27847282
v 0.24112736 0.42371701 0.26390142
v -0.54274488 0.46599479 0.26664972
v -0.62795312 0.42613417 0.27579125
v -0.66429309 0.39172407 0.27355883
v -0.55169860 0.80114345 0.28183849
v -0.77432698 0.24478406 0.28053954
v -0.83259557 0.40473876 0.31309663
v 0.60438103 0.32376907 0.28839495
v -0.29148238 0.20752717 0.27632098
v -0.63180105 0.42780718 0.27662775
v -0.16363545 0.22684001 0.26360608
v -0.67925885 0.74744671 0.27671140
v -0.62315715 0.17133433 0.27699024
v -0.58582980 0.53106692 0.25411615
v -0.58052644 0.83383151 0.27769540
v 0.15794465 0.44420270 0.27835642
v -0.29002524 0.20757518 0.27601013
v -0.53883731 0.23674913 0.28964937
v -0.19401105 0.39562337 0.30169184
v -0.54697931 0.48202673 0.27777098
v -0.54502746 0.47826245 0.27779886
v -0.68112010 0.17554475 0.27430819
v -0.41953759 0.27048822 0.28068478
v -0.41295011 0.26249261 0.28094968
v -0.55494518 0.77610900 0.28869989
v -0.74304251 0.60735630 0.26159158
v -0.54973281 0.79288295 0.28193260
v -0.68542919 0.16825089 0.28009840
v -0.82224455 0.71975983 0.27937363
v -0.62477440 0.16849021 0.27846807
v -0.62243218 0.17150163 0.27849595
v -0.45441291 0.53123335 0.28136619
v 0.65903375 0.42887329 0.21453660
v -0.59334807 0.81721129 0.28498557
v -0.45507514 0.32059495 0.27945791
v -0.79415859 0.82795086 0.28267496
v -0.57622218 0.36069671 0.30401027
v -0.52673585 0.44440486 0.28087302
v -0.51503059 1.09019046 0.27553446
v -0.62455133 0.82138168 0.27298198
v -0.70538578 0.18198585 0.28028052
v -0.74805283 0.60119115 0.26794227
v -0.80826234 0.67886154 0.28460058
v -0.66186961 0.37512028 0.27737704
v -0.61236622 0.27252197 0.25963099
v -0.82436487 0.22219392 0.28041994
v -0.57760938 0.82737490 0.27944399
v 0.14202315 0.44361715 0.28061499
v 0.12773108 0.44720019 0.28096354
v -0.52316676 0.69010769 0.28083817
v -0.54419095 0.47858312 0.28089394
v 0.05634767 0.44575024 0.27791206
v -0.54846791 1.07958570 0.28081790
v 0.07585158 0.45833975 0.27283171
v 0.70267071 0.36931404 0.28336452
v 0.13772908 0.44127493 0.28173033
v -0.82458794 0.21784409 0.28186989
v -0.82497831 0.21946133 0.28192565
v -0.75583831 0.21308138 0.29553312
v 0.14827995 0.44140161 0.28038837
v -0.64766679 0.35206153 0.28446303
v -0.77400719 0.26956806 0.28281793
v -0.26010640 0.38483167 0.31605503
v 0.13783713 0.43707149 0.28281779
v -0.78175881 0.26468844 0.28323618
v -0.28802483 0.21059436 0.28323610
v -0.70530213 0.17490343 0.28368232
v -0.71394603 0.15900980 0.28284581
v -0.52978952 0.61987371 0.31089082
v -0.53478026 0.45018721 0.26624462
v -0.65542280 0.35417981 0.28413692
v -0.41303274 0.26333707 0.28258569
v -0.77194380 0.26954018 0.28359867
v -0.72401169 0.15441103 0.28639771
v -0.71840740 0.66835504 0.28365443
v -0.70530213 0.17490343 0.28368232
v -0.71210572 0.17635337 0.28382871
v -0.52545321 0.68753020 0.28404478
v -0.53563071 0.71420604 0.28755113
v -0.77305915 0.26822965 0.28421210
v -0.78281839 0.26276448 0.28423999
v -0.71985734 0.66475109 0.28426787
v -0.49227665 0.27413811 0.29084404
v -0.41643024 0.26900351 0.28549275
v -0.78136844 0.26337791 0.28446306
v -0.70638262 0.28367714 0.30085161
v -0.76639498 0.24569975 0.28878501
v -0.65856926 0.35433404 0.28474186
v -0.17402294 0.23407231 0.28549467
v -0.65612248 0.35281787 0.28874315
v -0.51759005 0.69298163 0.26962724
v -0.81703757 0.63671355 0.27407677
v -0.81154367 0.66274941 0.28941021
v -0.17966936 0.23273390 0.28557832
v -0.04109509 0.26965171 0.28560617
v -0.61454940 0.32563392 0.27103482
v 0.11940261 0.44774391 0.28167457
v -0.69660247 0.33213874 0.28596874
v -0.29120703 0.21098473 0.28528555
v -0.60062725 0.79684938 0.29006762
v 0.19756544 0.41850627 0.27560118
v -0.39511277 0.44813684 0.33715133
v -0.81325364 0.65548337 0.28673603
v -0.81354605 0.65886069 0.28588512
v 0.61129031 0.47261943 0.25447330
v 0.13632096 0.37349003 0.28652630
v -0.71706899 0.66736169 0.28666586
v 0.09552384 0.38503731 0.28678077
v -0.66732469 0.35603493 0.28744657
v -0.69922352 0.33177625 0.28672160
v -0.40444003 0.25624333 0.28652607
v -0.80989680 0.65762554 0.28593391
v -0.81209611 0.65441327 0.28649856
v -0.81078210 0.64975410 0.29349733
v 0.12329934 0.42805813 0.28716762
v -0.81650171 0.71043261 0.28719564
v -0.41196024 0.26497425 0.28842944
v -0.66885828 0.39192106 0.27453649
v -0.69087588 0.34145358 0.29696357
v 0.13491284 0.43868176 0.28273414
v -0.03821960 0.26789505 0.28036407
v -0.04513472 0.26970748 0.28817146
v -0.39694495 0.25213387 0.29406888
v -0.72649363 0.30458979 0.28825522
v -0.81577674 0.71165731 0.28831099
v 0.12900850 0.42585533 0.28701426
v -0.59541303 0.82152981 0.28581538
v -0.51958721 0.43873317 0.29304070
v -0.40678087 0.25978094 0.28878495
v 0.12383146 0.42517718 0.28789328
v 0.36920069 0.31257703 0.28767328
v 0.13205478 0.37309966 0.28903582
v -0.46611267 0.24884274 0.26193135
v -0.80412142 0.65226275 0.28914749
v -0.61521209 0.41609827 0.32301683
v -0.20961628 0.39114032 0.28939836
v 0.66085232 0.34428202 0.28868722
v -0.41226046 0.26588182 0.28966531
v 0.13123962 0.43659275 0.28375915
v 0.09894089 0.38742571 0.29777298
v 0.12329934 0.42805813 0.28716762
v -0.67236499 0.28892634 0.29872968
v 0.65156858 0.34159792 0.28968739
v -0.41411424 0.26597108 0.28529951
v -0.73028579 0.30233123 0.29006765
v -0.72928198 0.30341868 0.29009553
v -0.16941518 0.23630299 0.28808784
v 0.09316269 0.38494251 0.28456951
v 0.57766177 0.45217043 0.29256304
v 0.57287974 0.45277689 0.29139193
v -0.58013284 0.77105711 0.29305116
v -0.64979291 0.68841262 0.31026228
v 0.09430046 0.38807313 0.29115500
v -0.53917192 0.70659318 0.29140603
v 0.65820339 0.34555072 0.29148952
v -0.81432679 0.71206511 0.29176855
v 0.64604616 0.34121483 0.29174047
v 0.09639172 0.38854715 0.29193574
v -0.51185610 0.61459384 0.30237983
v 0.08515813 0.40734066 0.29733120
v -0.14459184 0.40413405 0.29213095
v -0.14810517 0.40349273 0.29229825
v -0.56934191 0.70331379 0.30879142
v 0.57566809 0.45212163 0.29257698
v -0.64446018 0.11283465 0.29988263
v -0.03623965 0.27454179 0.29249689
v -0.20511309 0.39245084 0.29288381
v 0.09482771 0.38846875 0.29295116
v -0.15057286 0.40310236 0.29330206
v 0.57488735 0.45142454 0.29352502
v -0.18795077 0.23418384 0.29341359
v -0.51462422 0.08393366 0.33086641
v -0.60727595 0.42047054 0.28952520
v -0.67202307 0.13764404 0.29604516
v -0.74674754 0.29352700 0.28045828
v -0.54134683 0.70538052 0.29298145
v -0.58517977 0.76950608 0.29385978
v 0.10343580 0.41704413 0.29267464
v -0.47358982 0.35843292 0.29394341
v 0.13637324 0.37558827 0.28693759
v 0.11822404 0.39170228 0.29042668
v 0.35798123 0.36044053 0.29808400
v -0.60688711 0.77404936 0.29428501
v -0.70487031 0.26207023 0.25655461
v -0.66127616 0.35491833 0.28861077
v 0.09501846 0.38941154 0.29466833
v 0.09504983 0.38932789 0.29423613
v -0.44140581 0.30113693 0.28252143
v 0.64838838 0.34474210 0.29489131
v 0.10111973 0.38407881 0.30001151
v -0.68868354 0.35938096 0.29288386
v -0.58679701 0.76327411 0.29525396
v -0.18850844 0.23490881 0.29533756
v -0.60386174 0.76806311 0.29536550
v 0.35806227 0.35912739 0.29570955
v -0.20826393 0.39214413 0.29583946
v 0.09473265 0.39083360 0.29603462
v -0.81116380 0.76312700 0.26954964
v -0.60185413 0.42942443 0.29634142
v -0.19744860 0.23485305 0.30001502
v -0.80289454 0.22169201 0.29639721
v 0.64186363 0.34371041 0.29650856
v -0.69579384 0.33091186 0.28428179
v -0.56731234 0.52706367 0.30140207
v 0.09396586 0.39219989 0.29667594
v -0.80222533 0.22308619 0.29667605
v -0.19019539 0.23513188 0.29678750
v -0.46681736 0.28338850 0.27217566
v 0.09354063 0.39314793 0.29728938
v -0.68229819 0.31006935 0.23814019
v -0.69600646 0.33514667 0.29125965
v -0.65328881 0.12299472 0.29646864
v -0.60492132 0.75694977 0.29744282
v -0.60235603 0.42936866 0.29547703
v 0.35792546 0.35846080 0.29781911
v -0.47347828 0.36049630 0.29793075
v -0.67602047 0.13659636 0.29817551
v -0.67394758 0.12365313 0.30350912
v -0.80255994 0.21856906 0.29832118
v -0.58925831 0.21279467 0.28421382
v -0.18577585 0.23702796 0.29871147
v -0.62629405 0.18706762 0.25532647
v -0.64841965 0.11450767 0.29873940
v 0.63939594 0.34532068 0.29899716
v -0.67686086 0.13720487 0.29820962
v -0.64847541 0.11406153 0.29890671
v -0.64945134 0.11509322 0.29871152
v -0.75328971 0.20808484 0.30156961
v -0.67652626 0.13447229 0.29926919
v -0.47191681 0.35871175 0.29940858
v -0.70365003 0.13809715 0.31454241
v 0.10005920 0.38411333 0.29902377
v -0.70705245 0.32700586 0.28502562
v -0.53644865 0.32418348 0.30018523
v -0.56360559 0.73255662 0.30058579
v -0.74958019 0.30315730 0.30518518
v -0.74723192 0.61108624 0.26738664
v 0.09972381 0.38467134 0.29999408
v 0.35798123 0.35756853 0.30007768
v -0.64836388 0.11344809 0.29912977
v -0.79062578 0.23094935 0.30021726
v 0.67955430 0.43212481 0.30444334
v -0.19316499 0.23602416 0.30041236
v -0.06259330 0.41375387 0.30044022
v -0.64334687 0.41637694 0.29402004
v -0.19559086 0.23568955 0.30097003
v -0.51538725 0.44507755 0.31595749
v -0.06107365 0.41275007 0.30124884
v -0.78885433 0.23065872 0.30091048
v -0.79696144 0.20187291 0.30642483
v -0.54759275 0.36289429 0.28806001
v -0.71171535 0.35125813 0.30553081
v -0.70657817 0.28198650 0.30250735
v -0.08555541 0.41367022 0.30169498
v 0.37150645 0.33353740 0.33658605
v -0.49869895 0.28838248 0.29528880
v -0.63336253 0.35669717 0.30324957
v -0.57532990 0.53317823 0.31134451
v -0.57564359 0.36632396 0.30233638
v 0.09046124 0.39831685 0.29741834
v 0.10045575 0.38411366 0.30219688
v -0.57352444 0.36453942 0.30239215
v -0.08342929 0.41319620 0.30250360
v -0.78177275 0.23362617 0.30159750
v -0.80548459 0.70954410 0.31738837
v -0.79227857 0.83120276 0.28929430
v -0.06433602 0.41152319 0.30278244
v -0.07935480 0.41367022 0.30183440
v -0.70457716 0.28362137 0.30030091
v -0.61316787 0.18393072 0.29701062
v -0.54657500 0.33915493 0.30385603
v 0.62500454 0.32993245 0.28394876
v -0.71043270 0.27996862 0.30437191
v -0.72611776 0.57466841 0.27493143
v 0.38225509 0.42098557 0.28051892
v -0.08701929 0.41241546 0.30384201
v -0.19701989 0.23672125 0.30410693
v -0.60045995 0.43090225 0.30060760
v -0.66975247 0.00000000 0.33072209
v -0.60472203 0.82515580 0.28830914
v -0.62505323 0.16397308 0.30576606
v -0.75342913 0.20914442 0.30445556
v -0.69169496 0.68742390 0.30459495
v -0.00412259 0.29078744 0.30512465
v -0.59891938 0.76284104 0.29612532
v 0.00467287 0.29257199 0.30294974
v -0.75370797 0.20975786 0.30504111
v -0.69197380 0.68480981 0.30543146
v 0.58933103 0.33283583 0.30543129
v -0.69024502 0.68825169 0.30565452
v -0.81263287 0.70117970 0.28524380
v -0.03955452 0.28021958 0.30598904
v -0.00022954 0.29167388 0.30438164
v -0.75002734 0.19955248 0.30809436
v 0.58091020 0.33074456 0.30635145
v -0.66159115 0.15960930 0.34135157
v 0.47668499 0.33447398 0.33633500
v 0.59316502 0.33622019 0.30742497
v -0.24430433 0.38683150 0.30956680
v 0.06342640 0.31814120 0.30660248
v -0.62360329 0.16659413 0.30671410
v -0.72215331 0.35578096 0.30409725
v 0.05580746 0.31101515 0.30660634
v -0.69699284 0.60884110 0.30702082
v -0.71110191 0.27132124 0.32827856
v -0.62186754 0.23665154 0.30989979
v -0.71654879 0.14546537 0.31247164
v 0.61866452 0.41676530 0.30755044
v -0.57999343 0.67885319 0.31981936
v 0.62162018 0.41774122 0.30771774
v -0.00295627 0.29138694 0.30709044
v 0.57243360 0.43946250 0.30827541
v 0.06342640 0.31814120 0.30660248
v 0.06216989 0.31903347 0.30756446
v 0.00134847 0.29246045 0.30874952
v 0.61660114 0.41682106 0.30897250
v -0.03882606 0.28192047 0.30900047
v -0.77011070 0.36514284 0.32183288
v 0.57332588 0.43870965 0.30908404
v -0.66899073 0.37652585 0.32879787
v 0.06014631 0.32443499 0.31085000
v -0.70739277 0.28334202 0.30137545
v -0.69347951 0.61033984 0.30992071
v -0.25994607 0.23387712 0.32799616
v -0.65238686 0.34903677 0.31513499
v 0.56786070 0.43817986 0.30972536
v -0.64506407 0.73797741 0.30954574
v 0.01783069 0.41500863 0.30986486
v -0.69347951 0.61033984 0.30992071
v -0.00301226 0.29241166 0.31351063
v 0.00393295 0.29445413 0.31401951
v 0.01327522 0.41414424 0.31053406
v 0.58916373 0.33830100 0.31064551
v -0.51719271 0.44448503 0.30912951
v -0.70769139 0.38793720 0.28995784
v -0.51803619 0.44721413 0.31106393
v -0.01184314 0.29224989 0.31670792
v 0.59669229 0.34032256 0.30980901
v -0.63389394 0.35459095 0.30343563
v 0.58464659 0.33774333 0.31166326
v -0.50088760 0.42834837 0.33224790
v -0.74601211 0.11950405 0.31501384
v -0.04382767 0.28175317 0.31170517
v 0.52883910 0.42565703 0.32719918
v 0.12948295 0.35030596 0.28340445
v -0.64501785 0.33830100 0.31201197
v -0.65033664 0.35884420 0.31243371
v 0.01460579 0.41495287 0.31215131
v -0.59849416 0.10650770 0.26673694
v -0.25991818 0.38478287 0.31488392
v -0.51686508 0.44587572 0.31243023
v -0.41107494 0.26739314 0.29550489
v -0.63057766 0.34207399 0.30805077
v -0.00143906 0.29246298 0.31379142
v -0.68707088 0.56803041 0.29817112
v -0.75373700 0.14083701 0.32978544
v 0.38250045 0.40088213 0.28222698
v 0.00573687 0.29422308 0.31449381
v -0.77327655 0.74158793 0.34939784
v -0.73513753 0.27090647 0.31443787
v -0.83716560 0.33279400 0.29585566
v -0.25646063 0.38528477 0.31474450
v -0.75900584 0.28875194 0.31212353
v -0.79358144 0.40664357 0.31533014
v 0.00198826 0.29377098 0.31429834
v -0.75129953 0.22406560 0.32462843
v -0.79073731 0.40750796 0.31555321
v -0.73859509 0.26993055 0.31577628
v 0.00667499 0.29782803 0.31672421
v 0.00530993 0.29625261 0.31597135
v 0.01513100 0.30159231 0.31605500
v -0.69225740 0.60219525 0.32101985
v -0.70979943 0.23858200 0.33507638
v 0.00136677 0.29496997 0.31625019
v -0.65339686 0.69880196 0.31522555
v -0.65790005 0.69826624 0.31664064
v -0.73800953 0.16062705 0.31679403
v -0.79352567 0.40541669 0.31680797
v 0.00126743 0.29547187 0.31680786
v -0.00332540 0.29543005 0.31847390
v -0.78655478 0.15482727 0.31680797
v 0.00323177 0.29637530 0.31689877
v -0.22435275 0.39054082 0.31592956
v -0.83883767 0.12216796 0.31806055
v -0.78460293 0.15153701 0.31728199
v -0.66158068 0.69871325 0.31758868
v -0.78674271 0.84638625 0.33514093
v -0.78499330 0.15365616 0.31772813
v -0.21152631 0.39298063 0.31783958
v -0.73870662 0.15912134 0.31783966
v -0.55122806 0.15490395 0.32410123
v -0.67674933 0.68710149 0.31806270
v -0.17993773 0.39783978 0.31785308
v -0.73887392 0.26605473 0.31772813
v -0.73614133 0.15694642 0.31767236
v -0.57790216 0.68012625 0.31899680
v -0.20821513 0.39349648 0.31477239
v -0.59386894 0.42051506 0.31605684
v -0.65628281 0.35768703 0.32144358
v -0.73986379 0.15935835 0.31822306
v -0.60681740 0.40478583 0.29019310
v -0.25174831 0.38589821 0.31365705
v -0.57826465 0.67880962 0.31965206
v -0.59237372 0.32282563 0.27364421
v -0.78536799 0.35516619 0.32877088
v -0.64977200 0.33289856 0.31629210
v -0.58208471 0.66077039 0.32951410
v -0.21294837 0.39280636 0.32051640
v -0.05616270 0.28152102 0.31865306
v 0.57446213 0.31341319 0.25643990
v -0.79115731 0.40616955 0.31558371
v -0.57787428 0.67204786 0.32274714
v -0.76724456 0.08433070 0.36384927
v -0.65371752 0.57210453 0.32227312
v -0.05093449 0.28292428 0.32227303
v -0.05067134 0.28298005 0.32154458
v -0.69364681 0.20937446 0.33611381
v -0.65115223 0.57087765 0.32266349
v -0.65633857 0.36545957 0.32269137
v -0.18599565 0.39608747 0.32618809
v -0.39441927 0.28719810 0.37331763
v -0.18515575 0.39743822 0.31937379
v -0.61989006 0.18585956 0.32753302
v -0.53344185 0.47412872 0.33020599
v -0.05053018 0.28309158 0.32263552
v -0.21791164 0.39183741 0.32355571
v -0.65723085 0.35609070 0.32377883
v -0.19484121 0.30913820 0.40646247
v -0.64892155 0.57176992 0.32469898
v -0.65813706 0.35707360 0.32787074
v -0.05302227 0.28309158 0.32506139
v -0.54714661 1.06353807 0.36029236
v -0.70264580 0.13731582 0.32498442
v -0.23035307 0.38971619 0.32508265
v -0.08978072 0.27413030 0.32788064
v -0.78597271 0.84345499 0.32825068
v -0.83518369 0.36660280 0.23056416
v -0.65742977 0.35930716 0.32513255
v -0.22139709 0.39086148 0.32639983
v -0.55181362 0.69077495 0.30103631
v -0.05760999 0.28184899 0.32441595
v -0.21834383 0.39119608 0.32718057
v -0.10834225 0.37655156 0.34234486
v 0.36029299 0.38568146 0.28586548
v -0.38611914 0.43596312 0.33024778
v -0.66418519 0.36232877 0.34019200
v 0.54846888 0.35402402 0.33028917
v -0.23838512 0.38810798 0.32920212
v 0.50201371 0.38068399 0.32872105
v -0.70226283 0.13586646 0.32923006
v -0.60048783 0.34334792 0.32958558
v -0.46254793 0.53370888 0.32603737
v -0.53465478 0.58961539 0.35255467
v -0.70173304 0.13865482 0.32907670
v -0.54276454 0.20778197 0.29740795
v 0.03914144 0.43621712 0.27772820
v 0.49502888 0.37856484 0.32969000
v 0.01166683 0.36996995 0.33879425
v -0.46327291 0.52703077 0.33281307
v -0.60324830 0.37413136 0.33047088
v -0.68737301 0.15316820 0.34242595
v -0.46823618 1.14157017 0.33058239
v 0.49558655 0.37623656 0.33003855
v -0.60503285 0.35508689 0.33072183
v -0.60503285 0.35508689 0.33072183
v 0.48805799 0.37535823 0.33074958
v -0.46355174 0.52959606 0.33077757
v -0.65812312 0.36492979 0.33206024
v 0.01118178 0.32745430 0.33083328
v 0.00890535 0.32564187 0.33083328
v 0.48415430 0.37420106 0.33123754
v 0.53010638 0.34783717 0.33158606
v 0.06524759 0.39922666 0.32747246
v 0.00648068 0.32566975 0.33169767
v -0.42578755 0.31838743 0.35491071
v -0.60391751 0.36891713 0.33200447
v 0.52486427 0.34666606 0.33228315
v -0.67580129 0.20390231 0.33228331
v -0.78491314 0.34938471 0.33219271
v -0.65803164 0.36355264 0.33259259
v 0.52603538 0.34847849 0.33261775
v -0.81098533 0.30702465 0.35638328
v -0.68881596 0.26973536 0.32128326
v 0.46991975 0.37380372 0.33236682
v 0.43305003 0.34761137 0.34020154
v -0.47829168 0.39360627 0.34062743
v -0.22885592 0.38849138 0.33507161
v -0.39183212 0.25936429 0.31987122
v -0.43543218 0.50671082 0.32035182
v -0.65812312 0.36205778 0.33337077
v -0.58019210 0.52229079 0.34117642
v -0.54284034 0.35430267 0.24382624
v -0.67207711 0.25133092 0.34014038
v -0.60609242 0.34951019 0.33390055
v -0.38511085 0.43511643 0.33424217
v -0.22236256 0.38953701 0.33410963
v -0.22085336 0.38973220 0.33412357
v -0.47075964 1.14147257 0.33902414
v -0.46469497 0.52991672 0.33169773
v -0.60450306 0.36759266 0.33373325
v -0.67178606 0.36760661 0.33434669
v -0.51234795 0.44464884 0.33420727
v -0.04403815 0.41113674 0.30505405
v -0.60736744 0.55266861 0.33290328
v -0.51184604 0.44347773 0.33459764
v -0.22259609 0.38932789 0.33468124
v -0.04831489 0.28500417 0.32649871
v -0.22860496 0.38832408 0.33588023
v -0.22332802 0.38934183 0.33451394
v -0.46606126 1.14260186 0.33490434
v -0.51363059 0.44576418 0.33431881
v -0.51095377 0.44169319 0.33507166
v -0.22779111 0.38857829 0.33548727
v -0.50904375 0.43907910 0.33535050
v -0.67351704 0.20485103 0.33506051
v -0.50691065 0.43631166 0.33553174
v -0.50771928 0.43695298 0.33574087
v -0.60904808 0.33280794 0.33574087
v -0.67379367 0.36799698 0.33493225
v -0.66988998 0.36646338 0.33420727
v -0.60631549 0.35008877 0.33503681
v -0.76474985 0.09723381 0.41741183
v -0.50827695 0.43600494 0.33652161
v -0.23373554 0.38765487 0.33638214
v -0.60631549 0.36267122 0.33858499
v -0.23434897 0.38745969 0.33692586
v -0.23588257 0.38729239 0.33691192
v -0.74143044 0.25407391 0.32320253
v -0.23738828 0.38704144 0.33741383
v -0.69835499 0.11830026 0.37247404
v -0.24309047 0.38620493 0.33820851
v -0.60943845 0.33107916 0.33788790
v -0.25169254 0.38520112 0.33791573
v -0.46678623 1.14282493 0.33802729
v -0.56304023 0.12677643 0.33825039
v -0.56409981 0.12699950 0.33836192
v -0.54427809 1.31358724 0.34042879
v -0.65566937 0.36802486 0.33850134
v -0.53387404 1.30516293 0.33833404
v -0.24731482 0.38559149 0.33878012
v -0.67124233 0.20869828 0.34152670
v -0.60061549 0.13406536 0.32665127
v -0.25169254 0.38490835 0.33979787
v -0.53482208 1.30485621 0.33900324
v -0.60915961 0.33294736 0.33903113
v -0.67159087 0.20547773 0.33680044
v -0.56365367 0.12499188 0.33917054
v 0.42843531 0.39708835 0.33987898
v -0.37231678 0.25311677 0.33942147
v -0.65695201 0.36693740 0.33950515
v -0.26833902 0.23853368 0.33953298
v -0.64446893 0.21864008 0.33531025
v -0.65578290 0.36590709 0.33942213
v -0.78231648 0.24305081 0.33986766
v -0.65583667 0.36420481 0.34017435
v -0.68117681 0.15189132 0.34071923
v -0.68143382 0.15265236 0.34067626
v -0.37323694 0.25537534 0.34322757
v -0.37513302 0.25487343 0.33925417
v -0.22224754 0.38902117 0.33512738
v -0.29455783 0.24419360 0.35271364
v -0.78237225 0.23819907 0.34089935
v -0.78287415 0.24215854 0.34092724
v -0.59933066 0.19210757 0.27694841
v -0.07548180 0.32589249 0.36052018
v -0.67942615 0.15114665 0.34031377
v -0.27394361 0.23847791 0.34145694
v -0.65488863 0.36428846 0.34195890
v -0.68422217 0.15304273 0.34148488
v -0.68466831 0.15281966 0.34165218
v -0.60631549 0.58076585 0.34517945
v -0.62516477 0.59281503 0.34232139
v -0.62343599 0.59579857 0.34240504
v -0.67887932 0.64412852 0.32290783
v -0.25991818 0.38358388 0.34229345
v 0.43965216 0.33721354 0.34318564
v -0.62181874 0.60472827 0.34204255
v -0.26175850 0.38336081 0.34243287
v -0.41463006 0.46478076 0.34335653
v 0.40595707 0.37621935 0.32099524
v -0.62209758 0.59221553 0.34273964
v -0.61546335 0.59893607 0.34312391
v -0.36881740 0.25151347 0.34070411
v -0.01666030 0.36661424 0.35276888
v -0.37056012 0.25373021 0.34321363
v -0.37382249 0.25582147 0.34340882
v 0.44112999 0.33897020 0.34346447
v -0.80623272 0.30938751 0.24492942
v -0.26573190 0.38271949 0.34365974
v -0.60915961 0.59545699 0.34400834
v 0.44347221 0.34075475 0.34357601
v -0.08532829 0.39530147 0.34146230
v -0.77060888 0.73326750 0.36234880
v -0.68330202 0.15209469 0.34135940
v -0.60938268 0.36739051 0.34748681
v -0.64998112 0.37192856 0.34406411
v -0.66071629 0.34013434 0.34301847
v -0.12258980 0.29843000 0.36006945
v -0.65547418 0.35621618 0.34548617
v -0.00517628 0.29254410 0.31524638
v -0.23462171 0.24858221 0.34315958
v -0.61205950 0.58501461 0.34430112
v -0.42040544 0.46365148 0.35002072
v 0.42666714 0.33884299 0.34490048
v -0.26981684 0.38284496 0.34078774
v -0.61049802 0.59089106 0.34418958
v -0.53380101 1.35940243 0.32179771
v -0.37030917 0.25477584 0.34586257
v -0.60742898 0.58300610 0.34500024
v -0.37357154 0.25690893 0.34614140
v -0.41539596 0.46355917 0.34541549
v -0.08236970 0.29540217 0.34456593
v -0.45769620 1.09759782 0.34519336
v -0.33506097 0.21963792 0.30820982
v -0.65114886 0.36620838 0.34591781
v -0.60146376 0.59031248 0.34524916
v -0.65321562 0.36477643 0.34410593
v 0.41137261 0.33055613 0.34437603
v -0.26988655 0.38200846 0.34488662
v -0.60965564 0.37304425 0.34429845
v -0.69364679 0.59439786 0.30427256
v -0.41274792 0.45984537 0.34661542
v -0.08280190 0.29948711 0.34734034
v -0.07793621 0.29940345 0.34563945
v -0.27335805 0.38149261 0.34575101
v 0.00959323 0.37318680 0.34221325
v -0.59588705 0.58929473 0.34591836
v -0.26521417 0.38477750 0.33150435
v -0.08190266 0.29867848 0.34650384
v -0.52112298 1.29484645 0.35807386
v -0.33764358 0.37922010 0.35864720
v -0.26886183 0.38133228 0.34577192
v -0.65842554 0.34992404 0.34398030
v 0.01101818 0.38952307 0.34657354
v -0.54169799 1.35252748 0.38995130
v -0.90000000 0.21906297 0.33497206
v -0.38406273 0.43182938 0.34480996
v -0.27228454 0.23928653 0.34222374
v -0.35491330 0.38456954 0.32219858
v -0.05018645 0.35996194 0.35979408
v -0.77934237 0.19261828 0.35238029
v -0.62926888 0.36265989 0.35782379
v -0.54387485 0.59325583 0.35158578
v -0.61033072 0.37474479 0.34421747
v -0.00830260 0.37434985 0.35544358
v -0.67142646 0.23789328 0.34672357
v 0.00231337 0.35961536 0.34545646
v -0.45752890 1.09857374 0.34965473
v -0.36176286 0.26007371 0.37007945
v -0.54776179 0.07368441 0.34845490
v -0.58359298 0.54271715 0.35132950
v -0.27600699 0.24422192 0.35155081
v -0.45485208 1.09927083 0.35194121
v -0.44743505 1.14494408 0.35247100
v 0.00510743 0.37448717 0.34615127
v -0.72454178 0.22333714 0.35095140
v -0.57957517 0.52536125 0.34860912
v -0.68070597 0.11107027 0.35053148
v -0.53317695 0.58954568 0.35098621
v -0.27684350 0.38129743 0.34614138
v -0.77019760 0.78193822 0.34605259
v -0.41100570 0.43770746 0.36134003
v -0.47064367 1.13787601 0.36954212
v -0.72299534 0.21571982 0.35345857
v -0.72309183 0.21254621 0.35383734
v -0.43432979 1.11399334 0.35595644
v -0.02350753 0.37901098 0.36228595
v -0.53387404 1.29908431 0.34268387
v -0.69313618 0.15357774 0.34658312
v -0.43472016 1.11287800 0.35687660
v -0.47835790 1.13577039 0.34800960
v -0.44509283 1.14541810 0.35726697
v -0.83233956 0.31273179 0.35732279
v -0.57524437 0.49407013 0.34663548
v -0.52088031 0.52012960 0.35927461
v -0.52588880 0.57936153 0.35151045
v -0.82927237 0.31264814 0.35804776
v -0.77831345 0.23219540 0.34366681
v -0.76173843 0.16570186 0.35988807
v -0.00502238 0.38166988 0.36361788
v -0.83127999 0.31142126 0.35821506
v -0.44584569 1.14600365 0.35824289
v -0.37295810 0.40797675 0.35997690
v -0.57525488 0.11125676 0.35239124
v -0.03114809 0.38888177 0.35859901
v -0.51074570 0.53719651 0.35915260
v -0.75296240 0.15748883 0.35904211
v -0.50937835 0.53193131 0.35941403
v -0.50728708 0.54893853 0.35889121
v -0.49913115 0.43263103 0.36013897
v -0.49706776 0.42844850 0.36025050
v -0.50838848 0.51721925 0.36016688
v -0.50994996 0.50691280 0.36075244
v -0.65598306 0.11010207 0.35948722
v -0.34666392 0.24965921 0.36117066
v -0.50493092 0.51395339 0.36052937
v -0.75164458 0.15544071 0.35974866
v -0.48942767 0.52527760 0.36101033
v -0.49611972 0.43112532 0.36108701
v -0.60983579 0.26887446 0.37242170
v -0.19844380 0.21993709 0.26103469
v -0.05119241 0.36955148 0.35896084
v -0.43352116 1.11357509 0.36144950
v -0.03380876 0.39214413 0.35916996
v -0.02466666 0.37697199 0.35906671
v -0.75276690 0.15765048 0.35903588
v -0.54020448 1.06352935 0.23929386
v -0.70777908 0.14973547 0.34684627
v -0.34340155 0.24960344 0.36368018
v -0.34605048 0.25057937 0.36379172
v -0.37306964 0.40335331 0.36381960
v -0.35652749 0.25726517 0.36955901
v -0.37647143 0.40748008 0.36323404
v -0.37015581 0.39694707 0.36606422
v -0.60595051 0.08292093 0.37478685
v -0.60612315 0.34758739 0.33771452
v -0.65634436 0.11060764 0.36554890
v -0.54159920 1.06188531 0.39268824
v -0.13205993 0.40030878 0.32124050
v -0.34694276 0.25155529 0.36532531
v -0.45458945 0.49160894 0.36401928
v -0.37332320 0.37102495 0.38295555
v -0.61907919 0.35356376 0.35567413
v -0.39835914 0.41496768 0.37135426
v -0.65084551 0.11052032 0.36684499
v -0.62002683 0.26666639 0.37484614
v -0.65613141 0.21773495 0.33820149
v -0.44721198 0.45691760 0.36883864
v -0.61705066 0.27387607 0.36062696
v -0.44721198 0.45691760 0.36883864
v -0.57026943 1.33517244 0.38530419
v -0.46896115 1.11095403 0.37102750
v -0.44132934 0.45245077 0.36998084
v -0.65890386 0.11065974 0.36747237
v -0.45560668 0.44570482 0.37014197
v -0.43599583 0.45748224 0.37046285
v -0.46418391 1.14231976 0.39372535
v -0.43094194 0.41931315 0.37526231
v -0.36578158 0.26200814 0.37343942
v -0.32873478 0.25034933 0.36990518
v -0.48166385 0.42494302 0.35904105
v -0.44016442 0.44878432 0.37043323
v -0.61408106 0.25124509 0.38064037
v -0.62248795 0.25702047 0.37631145
v -0.44091030 0.40706182 0.37636719
v -0.44473035 0.40215432 0.37586529
v -0.44613847 0.40082985 0.37564222
v -0.83378951 0.09426421 0.37628360
v -0.44018533 0.40098321 0.37670180
v -0.36523436 0.26507881 0.37717582
v -0.83451448 0.09610453 0.37737106
v -0.83233956 0.09342771 0.37748259
v -0.36608220 0.28587645 0.38596349
v -0.43548695 0.39999334 0.37753830
v -0.35169073 0.25554615 0.37469360
v -0.43591833 0.39963837 0.37750356
v -0.43179238 0.39406809 0.37834693
v -0.46825781 1.11330307 0.37645240
v -0.46830503 1.14179560 0.38197216
v -0.62221168 0.25007594 0.37962081
v -0.46873808 1.11515051 0.37819357
v -0.39509067 0.41031026 0.37233802
v -0.84053733 0.25074667 0.38342179
v -0.63113185 0.26463267 0.38459287
v -0.63035111 0.26139818 0.38467652
v -0.55368221 1.06771757 0.35949695
v -0.38293046 0.39028342 0.38245709
v -0.75541235 0.15137641 0.36922335
v -0.63007227 0.25950210 0.38506689
v -0.84148537 0.24438922 0.38568035
v -0.83797204 0.24539303 0.38579189
v -0.74712745 0.14874866 0.38892879
v -0.63571231 0.26156397 0.39028340
v -0.46583819 1.11365874 0.38188814
v -0.40798942 0.35910212 0.38435932
v -0.39398230 0.34906405 0.38832923
v -0.62918000 0.25099762 0.39212142
v -0.63051144 0.25613342 0.39036302
v -0.39297849 0.34582956 0.38905421
v -0.61571225 0.25665101 0.37669137
v -0.33686284 0.26570619 0.38293377
v -0.63168952 0.25623973 0.39047630
v -0.63140043 0.25562638 0.39066541
v -0.63084604 0.25664055 0.39050766
v -0.63888347 0.26212315 0.39086666
v -0.63173134 0.25491526 0.39067845
v -0.62946403 0.25493759 0.39154393
v -0.51664166 1.41414138 0.42104849
v -0.36050113 0.30512307 0.40047426
v -0.35840289 0.28825004 0.39443573
v -0.35706448 0.28802697 0.39465880
v -0.47869612 1.29474853 0.37247754
v -0.80031809 0.10152006 0.41786693
v -0.54527754 1.06429266 0.40983880
v -0.36834861 0.37456529 0.38213909
v -0.36066146 0.32000939 0.39934324
v -0.35647893 0.31660760 0.40076530
v -0.01720650 0.39723950 0.38682824
v -0.83406834 0.11339233 0.39608091
v -0.32996346 0.33834928 0.41036445
v -0.45874183 1.14322227 0.40649885
v -0.45774378 1.14369435 0.40750284
v -0.45814233 1.14321530 0.40748523
v -0.45730583 1.14352202 0.40829385
v -0.45875577 1.14416334 0.40837750
v -0.54848502 1.38867414 0.41133319
v -0.77871375 0.12772917 0.41568659
v -0.80492655 0.06238286 0.36151926
v -0.77021503 0.09100184 0.41679839
v -0.76664593 0.09560262 0.41743971
v -0.76820741 0.09939479 0.41771855
v -0.78580890 0.11645254 0.41792767
v -0.76909968 0.09855828 0.41774643
v -0.77211111 0.10441382 0.41791373
v -0.54558513 1.38839531 0.41799735
v -0.54491593 1.38778187 0.41969825
v -0.54009904 1.38935729 0.42576641
v -0.41361231 1.14600365 0.43732062
v -0.41324983 1.14486043 0.43793406
v -0.41324983 1.14603153 0.44033205
v -0.58211263 0.91829268 0.00725473
v -0.56426716 0.62212761 0.00723928
v -0.13189093 0.63482159 0.00720997
v 0.63567343 0.71248423 0.00714146
v -0.46204608 0.31512977 0.00710657
v -0.86847669 0.65607931 0.00705208
v -0.67836663 0.93645881 0.00699813
v -0.56337489 0.62558517 0.00698886
v 0.44542400 0.49409159 0.00648951
v -0.86765455 0.65626939 0.00763000
v 0.01943831 0.82142524 0.00674482
v 0.41017223 0.22871867 0.00827270
v -0.86676883 0.65735367 0.01313156
v -0.55707321 1.09779300 0.01095984
v -0.46830766 0.22794129 0.03815361
v -0.40911601 0.24344827 0.00321938
v -0.58872103 0.40693635 0.00304396
v -0.52523173 0.35117827 -0.00069534
v 0.76608214 0.19397288 0.01454311
v -0.86892283 0.66478594 0.00640533
v -0.52918966 1.10024675 0.00633650
v -0.48446446 0.78447955 0.00622877
v -0.45858853 0.27776582 0.00654638
v -0.47131736 0.31931928 0.00526527
v -0.45900678 0.29289613 0.00741514
v -0.59068682 0.62173724 -0.02340184
v 0.55209250 0.37159395 0.00186295
v -0.55866257 1.09644065 0.00583852
v -0.55908082 1.09648247 0.00602859
v 0.32828520 0.94953619 0.00598207
v 0.71366146 0.36356013 0.01214700
v -0.61671611 0.95441581 0.00867813
v 0.63967472 0.71856154 0.00137055
v -0.61859825 0.95316105 -0.00252092
v -0.15398864 0.32837446 0.00694989
v -0.48267991 0.78943585 0.00536329
v 0.27832924 0.92039368 0.00014436
v -0.59142573 0.40616955 0.00519034
v 0.54616725 0.36795515 0.00404697
v 0.80765919 0.44930539 0.00505640
v 0.18646515 0.18364396 0.00146988
v -0.52488865 0.76860977 -0.00498245
v -0.67786472 0.93606844 0.00253336
v 0.01732526 0.82042144 0.00479096
v -0.58427322 0.96213270 -0.00187180
v -0.53967387 0.69651676 0.00780676
v 0.87218171 0.45089476 0.00469565
v 0.36745202 0.39834299 0.03246661
v -0.56040761 0.38423480 0.00045462
v 0.50346360 0.90787469 0.00700713
v -0.48312604 0.79208478 0.00424447
v -0.33049480 0.19064854 -0.00123902
v -0.52874352 0.73588898 0.00413664
v 0.45701688 0.46231711 -0.01613925
v -0.35233391 0.18898636 0.00500650
v 0.43721753 0.48549053 -0.00952755
v -0.68609042 0.96257175 0.01685227
v 0.54884082 0.39632776 0.02088231
v 0.61343980 0.66962030 -0.00245280
v -0.58191745 0.91804173 0.00691938
v -0.56119997 1.09595269 0.00368267
v -0.53024924 0.73273117 0.00367526
v 0.37908905 0.39744897 -0.02287785
v 0.55372369 0.56854937 -0.00671805
v 0.32499494 0.94713821 0.00340589
v 0.18920208 0.89698965 0.00337280
v 0.85165942 0.48159454 0.00318188
v 0.18810068 0.89658534 0.00200650
v 0.19194861 0.89790981 0.00312969
v -0.57006694 0.37860841 0.00875311
v 0.85037678 0.48343485 0.00310651
v 0.51928751 0.90687437 0.00291006
v 0.67437579 0.59883090 0.00483117
v 0.82960354 0.51297747 0.00321805
v 0.36708303 0.41619543 -0.00395899
v 0.04614487 0.83193124 0.01833201
v 0.18875594 0.89680841 0.00256200
v -0.67892430 0.93645881 0.00254643
v 0.54772873 0.36819216 0.00250749
v -0.03467494 0.81013938 0.00248317
v 0.80427134 0.44963302 -0.00229418
v 0.35742764 0.20025590 0.00196870
v -0.60339126 0.91754440 0.00255168
v 0.26135067 0.91612231 -0.00175568
v 0.43813812 0.27489164 -0.00244805
v -0.14759086 0.32995802 0.00666730
v -0.53024924 0.73631072 0.00216911
v 0.44860272 0.49612187 0.00210537
v 0.51655492 0.90787818 0.00194067
v 0.40013136 0.97914649 -0.07622080
v -0.03853681 0.80919831 0.00167367
v 0.68413503 0.59805714 0.00167184
v 0.67922752 0.59800834 0.00164526
v 0.62418541 0.75084328 0.07599152
v 0.23913453 0.19499352 0.00216683
v 0.87318552 0.44768815 0.00154721
v 0.49665522 0.25728013 -0.00870660
v -0.74896782 0.63902503 0.00139929
v 0.17845296 0.17884895 0.00419549
v 0.15998185 0.19640861 0.00467709
v 0.63486480 0.57829293 -0.02781044
v 0.44807294 0.49566179 0.00122617
v -0.07615171 0.80187888 0.00102277
v 0.20637246 0.90151659 0.01219367
v 0.44745950 0.49492984 -0.00191226
v 0.30475846 0.24027640 -0.00129510
v 0.83911706 0.50604754 0.01858003
v -0.55785395 1.09782088 0.01123562
v 0.13138466 0.85769999 0.01105363
v 0.79697979 0.46296833 0.00601033
v -0.68358091 0.93917745 0.01936892
v -0.19685786 0.31335568 -0.00118502
v 0.14745691 0.86962544 0.02392075
v 0.55481115 0.57045940 -0.00021421
v 0.70189690 0.35628589 0.00360342
v 0.85065561 0.48152483 -0.00040769
v 0.52919314 0.86780429 0.05680547
v 0.83287767 0.50599334 -0.00243892
v -0.10294062 0.79242614 -0.00377248
v 0.71241945 0.28430974 -0.00387882
v -0.68227038 0.93807605 0.00111130
v 0.81298928 0.43979899 -0.01008023
v -0.74774094 0.63893441 -0.00120216
v 0.51967788 0.90879833 -0.00127901
v -0.20907957 0.31420962 0.00659362
v 0.67443156 0.59745764 -0.00033273
v 0.68628206 0.59609135 -0.00566938
v -0.08055732 0.79976670 -0.00174946
v -0.03765151 0.80817359 -0.00179913
v -0.07503637 0.80088901 -0.00192025
v -0.53013770 0.35855840 -0.00216635
v -0.74723904 0.64195281 -0.00194194
v 0.65061901 0.75078577 0.00335357
v 0.71475122 0.29167971 -0.00203973
v 0.64869156 0.23344841 -0.01823015
v -0.66682284 1.08808953 -0.00209444
v -0.65120805 0.47166800 -0.00138515
v -0.68829322 1.07085750 -0.00234539
v -0.52863199 0.35745700 -0.00237155
v 0.87466335 0.40520060 -0.11884133
v -0.32397678 0.17789551 0.01019539
v 0.83281015 0.50503763 -0.00498974
v 0.14135673 0.87599873 -0.00288907
v -0.50192484 1.10226060 0.00152717
v 0.43906568 0.23975271 0.00415375
v -0.66219417 1.09107307 -0.00319236
v 0.62474308 0.58913440 0.02036602
v 0.58057380 0.17568591 -0.00296310
v 0.10180283 0.85581960 -0.02175593
v 0.55698606 0.56953924 -0.00333368
v 0.68653301 0.59517119 -0.00913522
v -0.68634138 1.07205649 -0.00339451
v -0.65048308 0.47437270 -0.00356791
v 0.68636571 0.33740873 -0.02361898
v 0.69853497 0.35138339 -0.00372230
v -0.66353258 1.08987407 -0.00389380
v 0.27912651 0.92198725 -0.00400546
v 0.28121777 0.92287952 -0.00301211
v 0.67878139 0.59650960 -0.00404298
v -0.26527188 0.27358329 -0.00411257
v -0.68773555 1.07057866 -0.00415869
v 0.57201529 0.22623703 -0.01100558
v -0.69713928 0.57452517 -0.00747106
v -0.49669468 0.88799583 0.00237345
v -0.71249614 0.71181764 -0.04268068
v -0.68873006 0.51983449 -0.01284942
v -0.52598305 0.35433404 -0.00210099
v 0.09650504 0.18065882 -0.00105927
v 0.27723043 0.92099738 -0.00554167
v 0.59334621 0.20652337 -0.00498840
v 0.56447774 0.34001059 -0.03279617
v 0.54792391 0.36643550 0.00051578
v 0.67443156 0.59630744 -0.00465119
v 0.36873727 0.96541587 -0.09319013
v -0.48256837 0.82056085 -0.00468241
v 0.01690135 0.81775507 -0.00439776
v 0.69974987 0.34934985 -0.00371862
v -0.58346498 0.58766354 -0.00452838
v 0.73071103 0.32419311 0.01935672
v 0.41912197 0.20845256 0.00155886
v -0.13444616 0.62635181 0.01566567
v -0.25966729 0.27439191 -0.00491073
v 0.64592063 0.58981842 0.00816962
v 0.60152597 0.20413994 -0.00530260
v 0.04352099 0.82521741 -0.00516783
v -0.25702929 0.27459801 -0.00544585
v 0.02283510 0.81867684 -0.00558843
v -0.23420961 0.29460051 -0.00851991
v -0.55453580 0.95113950 -0.00598639
v -0.55779818 0.95006598 -0.00531239
v -0.65221186 0.47746777 -0.00443579
v -0.55628091 0.94910333 -0.00540305
v 0.45350612 0.21790272 0.00245062
v 0.27916523 0.92179660 -0.00552472
v -0.55455846 0.92739491 -0.00074341
v 0.16649766 0.88695615 -0.00219061
v -0.69920963 0.56808232 -0.00590207
v -0.48240107 0.82461791 -0.00560256
v -0.26039226 0.27391789 -0.00567492
v -0.26430851 0.27351825 -0.00478132
v 0.56496076 0.89756126 -0.00570378
v -0.48474329 0.82123006 -0.00570974
v 0.66126883 0.38621079 -0.02183645
v 0.84541351 0.48672511 -0.00584934
v -0.13061064 0.76940865 -0.01913147
v -0.26984478 0.27207758 -0.00588753
v -0.57804163 0.41104917 -0.00589707
v 0.27681217 0.92092767 -0.00580047
v -0.57943581 0.41202509 -0.00567139
v -0.19347872 0.31097513 -0.00648486
v 0.19486561 0.89921301 0.00058463
v -0.58512117 0.58614471 -0.00592194
v 0.71371952 0.29098262 -0.00335854
v -0.58651823 0.58395503 -0.00682594
v -0.25503862 0.27472652 -0.00620993
v 0.73577541 0.58037200 -0.00625363
v -0.55339258 0.95204571 -0.00637284
v 0.27644689 0.92046458 -0.00876295
v 0.04605577 0.82614802 -0.00559980
v 0.87837186 0.44913809 -0.00639220
v 0.61174935 0.20758294 -0.00735240
v 0.68293908 0.59577548 -0.00683120
v -0.51800996 0.35967737 -0.00941435
v 0.82879492 0.50806996 -0.01126484
v 0.83916759 0.49532718 -0.00648020
v -0.57854354 0.41233181 -0.00648437
v -0.33262808 0.20285668 -0.00339232
v 0.65251509 0.75028386 -0.00663528
v 0.79012741 0.25978791 -0.00649120
v -0.69816400 0.57499047 -0.00669261
v -0.57463984 0.40820505 -0.00615238
v 0.12190385 0.86837383 0.01734242
v -0.72433040 0.72517198 -0.01139841
v 0.62697376 0.58927208 -0.00724283
v -0.75623845 0.60760551 0.01793239
v 0.56663377 0.89795163 -0.00686356
v -0.72361185 0.69112610 -0.03611978
v -0.19777627 0.31038609 -0.00554193
v 0.71598018 0.52612628 -0.01577973
v 0.87971027 0.43318870 -0.00692460
v -0.69788516 0.57292709 -0.00696099
v -0.59019310 0.64143812 -0.03502088
v -0.70344619 0.70696378 -0.04760768
v -0.59519350 0.44873552 -0.01961371
v -0.66191399 1.03987381 -0.06549859
v -0.53030500 0.36413859 -0.00554200
v -0.19446616 0.31340796 -0.00241111
v -0.19454527 0.31030592 -0.00707520
v 0.16997497 0.89035010 -0.00735872
v 0.17086166 0.89043005 -0.00623744
v -0.09662609 0.79248561 -0.00782600
v -0.19112953 0.30882809 -0.01067218
v 0.79338281 0.25947422 -0.00720081
v 0.87826032 0.44894291 -0.00724962
v -0.20805080 0.30559902 -0.00848268
v -0.09914868 0.79202205 -0.00727040
v -0.25997401 0.27338811 -0.00733137
v 0.67392965 0.59579857 -0.00649412
v -0.59752526 0.95694973 0.00639723
v -0.61023804 0.46896293 -0.02372614
v 0.46859789 0.21054418 -0.00604632
v -0.55445215 0.95494560 -0.00685122
v -0.66726985 1.09007144 0.01158282
v 0.84697499 0.49645647 -0.00755633
v 0.87736805 0.45039285 -0.00760165
v -0.26018313 0.27365300 -0.00650315
v 0.65179012 0.74803227 -0.00601487
v 0.55508998 0.57224394 0.00595198
v -0.50054396 0.33771004 -0.00507581
v 0.71653576 0.29692182 0.00000884
v 0.84424240 0.48751979 -0.00785260
v -0.88349265 0.74212892 -0.02821147
v -0.48201070 0.94649689 -0.00790993
v -0.32754886 0.19026477 -0.00827026
v 0.56797218 0.41420001 -0.00794667
v 0.88511968 0.43564246 -0.00798331
v 0.64214241 0.72000059 -0.00800070
v 0.56501652 0.41336350 -0.00816102
v 0.55732067 0.56807535 -0.00821853
v 0.82344127 0.51702058 -0.00825516
v -0.30912050 0.18571353 -0.00226843
v 0.79343858 0.26205345 -0.00788831
v 0.26899781 0.91699000 -0.01879093
v -0.12546377 0.77879130 -0.00831080
v 0.64284647 0.71184607 -0.04380013
v 0.73131404 0.58102726 -0.00838411
v -0.69922357 0.60809521 -0.00892155
v -0.58911140 0.58265148 -0.00900783
v 0.16501309 0.88838758 -0.00936170
v 0.87881800 0.43371849 -0.00868388
v -0.33541469 0.18666854 -0.00149080
v 0.81440701 0.52979125 -0.00871350
v 0.58321402 0.37907720 -0.01047111
v -0.12848914 0.77616328 -0.00875519
v 0.02369009 0.22245358 -0.00918422
v 0.52402771 0.91129391 -0.00878491
v -0.22034887 0.27930290 -0.01115644
v 0.79636635 0.25685316 -0.00725222
v -0.68647482 0.57775316 -0.01620781
v 0.88528698 0.43463865 -0.00905508
v 0.53103825 0.18570957 -0.01296625
v 0.53307821 0.56681560 -0.01498841
v -0.60637131 0.54833903 -0.01740448
v 0.87909683 0.43299352 -0.00951864
v 0.73393509 0.58000951 -0.00963539
v -0.48111843 0.95436005 -0.00967182
v -0.70318346 1.00771594 0.01821432
v 0.64325775 0.72198381 -0.00967546
v -0.69747987 0.60640694 -0.00986661
v 0.16235718 0.88719904 -0.01044350
v 0.41281419 0.22701777 0.00689917
v -0.71015392 0.63257696 -0.01002033
v -0.57545892 0.96859982 -0.00850484
v 0.63402830 0.59055995 -0.00845686
v -0.55523289 0.97061615 -0.01013537
v 0.25914023 0.91465536 -0.00868133
v -0.19296985 0.30963672 -0.00871162
v -0.19571638 0.30804735 -0.00996202
v 0.58431869 0.19416791 -0.01009433
v -0.55105036 0.95288222 -0.00694009
v 0.84407510 0.48676694 -0.01020527
v 0.82500275 0.51396733 -0.01024187
v 0.65396503 0.75292932 -0.01030109
v 0.52848908 0.91143333 -0.01037601
v 0.83950220 0.49316621 -0.01037780
v -0.09880362 0.79174321 -0.00809209
v 0.16417210 0.88803251 -0.00988183
v 0.14433047 0.88009222 -0.00156389
v 0.84870377 0.49267825 -0.01070195
v 0.47776435 0.34035152 -0.02890552
v -0.55171957 0.97231705 -0.01109561
v -0.50392608 0.94005132 0.08390041
v -0.68477990 0.53276084 -0.01113219
v -0.48155302 0.95013805 -0.00916158
v 0.52765257 0.91183764 -0.01120729
v 0.81334743 0.53023738 -0.01122127
v 0.44729220 0.29982171 -0.01123168
v 0.45076687 0.27741416 -0.00601878
v -0.57244924 0.63019227 -0.00711623
v 0.03021269 0.22453614 -0.01070881
v -0.14521645 0.31601186 -0.01894985
v 0.54025594 0.25350714 -0.01156978
v 0.83788495 0.49495076 -0.01155588
v 0.04866811 0.82614105 -0.01015136
v 0.45362612 0.91344443 -0.05060957
v -0.25565206 0.27497747 -0.00551284
v 0.03883015 0.82312698 -0.00590007
v -0.48237319 0.96152612 -0.01187244
v 0.02460636 0.82159255 0.00326913
v 0.13038172 0.87255669 -0.02390994
v -0.69459491 0.60782422 -0.01255273
v 0.02442379 0.22503647 -0.01306314
v 0.26298194 0.91648373 -0.00225408
v 0.44874214 0.30141107 -0.01199499
v 0.44874214 0.30141107 -0.01199499
v -0.58444800 0.44422775 -0.01903675
v -0.12742956 0.77490852 -0.01201409
v 0.63288507 0.58936444 -0.01201419
v 0.45038727 0.30012843 -0.01202985
v 0.81446277 0.52838313 -0.01205778
v -0.68137810 0.52961000 -0.01209243
v -0.56354219 0.97390641 -0.01211162
v -0.23080543 0.29262989 -0.01010995
v 0.02599530 0.22509381 -0.01275302
v 0.54346254 0.19918999 -0.00736721
v 0.75663230 0.49224605 -0.01228955
v 0.25842298 0.91414500 -0.01256658
v -0.52016933 0.96328278 -0.01323132
v -0.56220378 0.97438043 -0.01242705
v 0.24332404 0.91086171 -0.01244459
v -0.71681809 1.03109556 0.01017760
v -0.59164880 0.58672944 -0.01256995
v 0.53165735 0.22830041 -0.00882069
v 0.88433894 0.43519632 -0.01260326
v 0.75518236 0.49312438 -0.01267818
v -0.56454600 0.97404583 -0.01270589
v -0.59280047 0.58374438 -0.01281776
v -0.58501252 0.90656765 -0.01555959
v 0.53854064 0.26987681 -0.01505080
v 0.82721589 0.51172320 -0.00796431
v -0.64489859 0.43386370 0.02146875
v 0.54672492 0.25763390 -0.01282628
v 0.54842581 0.25675557 -0.01281321
v 0.20217359 0.90046246 -0.01575025
v -0.53928350 0.74358484 -0.01296730
v 0.61490606 0.78233005 -0.11432677
v 0.84664038 0.49450462 -0.01311039
v -0.02967050 0.33708719 -0.03034437
v 0.82344127 0.51495720 -0.01315744
v -0.03062868 0.36002989 -0.01301942
v 0.44890944 0.30573302 -0.01319921
v -0.50420600 0.96342220 -0.01450787
v -0.19442155 0.30135437 -0.01490685
v 0.55618214 0.19208363 -0.00641356
v 0.48381616 0.26719796 -0.00972009
v -0.70742134 0.63675252 -0.01357374
v -0.30646633 0.23050321 -0.00924793
v 0.02641268 0.22553994 -0.01364529
v 0.49118090 0.28554533 -0.01581504
v 0.62326002 0.55250021 -0.13127430
v -0.52963606 0.97592000 -0.01523779
v 0.41878373 0.25318435 0.00819492
v 0.25674648 0.91207291 -0.01963070
v -0.67992811 0.53345793 -0.01406345
v 0.30278570 0.93191379 -0.01364402
v 0.53887396 0.27422636 -0.01555272
v 0.23677140 0.90927235 -0.01434241
v 0.45039740 0.49355804 -0.05492044
v 0.02205501 0.22495439 -0.01377425
v 0.72596040 0.36440000 -0.01440347
v 0.37019768 0.44693181 0.03207192
v 0.57385561 0.56795685 -0.01068187
v 0.38990876 0.45006148 -0.06252534
v -0.08223763 0.30818396 -0.04443641
v 0.03962077 0.82304249 -0.00757714
v -0.16189362 0.31967479 -0.00641907
v -0.50565595 0.96205590 -0.01415584
v -0.70028315 0.60320862 -0.00675796
v 0.27714678 0.92070461 -0.00923798
v 0.49056746 0.28272909 -0.01494717
v 0.75607463 0.49138166 -0.01497857
v -0.54151419 0.74148312 -0.01506379
v 0.50907391 0.35588292 0.01283808
v 0.17728708 0.89241152 -0.01563245
v -0.53236839 0.97769857 -0.01526072
v 0.72925066 0.35981315 -0.01355215
v -0.03065013 0.35997349 -0.01283405
v -0.52573210 0.97399006 -0.01530952
v 0.58525502 0.21698438 -0.01323903
v -0.50554442 0.96872007 -0.01587939
v -0.08819741 0.79119948 -0.01589339
v -0.50688283 0.96913832 -0.01589682
v -0.14717111 0.74967391 -0.01731196
v -0.59449292 0.58381561 -0.01446255
v 0.27706313 0.91977051 -0.01741135
v -0.59125843 0.90675586 -0.01869998
v 0.49430385 0.28501555 -0.01616359
v 0.56401272 0.23633785 -0.02116151
v -0.09817275 0.33400693 -0.01627330
v -0.64769473 0.47559958 -0.00598899
v -0.54028731 0.74837036 -0.01631855
v 0.71350343 0.59355133 -0.00532846
v -0.10173487 0.33264064 -0.01643712
v -0.51747857 0.97544001 -0.01667930
v 0.72763341 0.36225297 -0.01652959
v 0.23889055 0.90953725 -0.01656090
v -0.67098790 0.55967097 -0.02481378
v -0.52004386 0.97649958 -0.01662179
v -0.58255877 0.62315233 -0.01662701
v 0.16316537 0.88760553 -0.01008057
v -0.09152950 0.78967286 -0.01691462
v 0.22582711 0.26134242 -0.01695649
v -0.64512944 0.49351475 -0.01710276
v -0.58216840 0.62545272 -0.01711497
v -0.52132650 0.97923217 -0.01712369
v -0.70400560 0.61549655 -0.00725768
v -0.03163564 0.37061803 -0.01756467
v -0.64195072 0.49036391 -0.01729446
v 0.04785995 0.82453686 -0.01541856
v -0.02925508 0.35781948 -0.01324794
v 0.30229774 0.93127247 -0.01760305
v 0.27505551 0.91894794 -0.01760653
v 0.22521367 0.26229046 -0.01762047
v -0.53441086 0.82032559 -0.03385752
v -0.02807113 0.35284522 -0.01982685
v -0.52294375 1.09266243 -0.02626427
v -0.58239147 0.62637985 -0.01775978
v 0.03000792 0.81732636 -0.01790102
v -0.09742687 0.33291948 -0.01790449
v 0.11345684 0.86181804 -0.02244845
v -0.60541630 0.46635357 -0.02172000
v 0.62467239 0.58247920 -0.03017831
v 0.81078215 0.52880835 -0.02363163
v -0.14697593 0.74899774 -0.01848655
v 0.42088648 0.35168510 -0.01853020
v -0.63548054 0.57136764 -0.02421372
v 0.41291179 0.21460959 -0.02107108
v -0.14301646 0.75409345 -0.01861726
v 0.05451974 0.18183597 -0.02801257
v -0.71840745 0.73465862 -0.01866249
v -0.53814028 1.00096739 -0.01868691
v 0.03160948 0.81754246 -0.01881769
v 0.27555742 0.91904554 -0.01887001
v 0.41974325 0.35394367 -0.01890140
v 0.72718728 0.36310341 -0.01900164
v -0.14492649 0.75120054 -0.01904074
v 0.36973324 0.44048199 -0.04222304
v 0.22980052 0.26086840 -0.01908087
v 0.68483212 0.34375920 -0.02138220
v 0.03330166 0.81944551 -0.01371849
v 0.42233642 0.35293986 -0.01933533
v 0.46512372 0.32066466 -0.02092993
v -0.06447123 0.79984666 -0.01115895
v -0.02763609 0.36190442 -0.01717081
v -0.08835775 0.78935220 -0.01958796
v -0.53220108 1.00050731 -0.01958790
v -0.52952426 0.99886218 -0.01981271
v 0.05564248 0.82547707 -0.02720749
v -0.59097960 0.90605180 -0.01982142
v 0.27545982 0.91898977 -0.02009775
v 0.27416324 0.91855757 -0.02003066
v 0.00191848 0.35172344 -0.04249518
v 0.27975389 0.92191057 -0.00713670
v 0.61503263 0.57470292 -0.02288136
v -0.51491329 1.09400084 -0.02249999
v 0.67395231 0.23200021 -0.03090442
v -0.02018683 0.35369272 -0.02042273
v -0.01966837 0.35335811 -0.02091418
v 0.47253944 0.28416728 -0.01222011
v -0.58895748 1.11712793 0.00555777
v 0.56217240 0.91214436 -0.02156604
v 0.27386392 0.91737182 -0.02515634
v -0.71767146 0.73504167 -0.02030357
v 0.05014681 0.82389294 -0.02192497
v -0.14712929 0.74777435 -0.01960538
v -0.50554442 0.97421313 -0.01728925
v -0.59114690 0.90482493 -0.02202944
v -0.01870638 0.35307928 -0.02151716
v 0.13834812 0.86753404 -0.02106243
v 0.56105706 0.91307846 -0.02223873
v 0.04735148 0.82261029 -0.02227351
v 0.13303763 0.87305686 -0.02365071
v 0.70864472 0.58678521 -0.03106737
v 0.70393240 0.59131629 -0.01779306
v -0.64478090 0.88354455 -0.03049340
v -0.14319771 0.75075788 -0.02193191
v 0.26476648 0.91585287 -0.01669509
v 0.52220134 0.23614963 -0.01614747
v -0.55456369 1.00276588 -0.02287641
v -0.55618093 1.00195726 -0.02287990
v 0.68380043 0.34270660 -0.02292189
v 0.55250924 0.23785378 -0.02163919
v -0.54803894 0.88391227 -0.02302280
v -0.55144073 0.88604536 -0.02305417
v 0.41330216 0.21382885 -0.02305430
v 0.26404151 0.91487695 -0.02310308
v 0.12070962 0.86197489 -0.01624349
v 0.56334351 0.91342700 -0.02335407
v -0.07712373 0.22432875 -0.03580943
v 0.49903011 0.22183143 -0.02467853
v 0.56886620 0.90774704 -0.01893850
v 0.02231032 0.81439162 -0.02054647
v 0.41695490 0.21360579 -0.02199124
v -0.71818438 0.73356594 -0.02021003
v 0.02920801 0.81552787 -0.02359101
v 0.56434732 0.24274409 -0.02340809
v -0.51614016 1.09291338 -0.02484221
v -0.57045731 0.67433257 -0.02371989
v -0.68321842 1.06265973 -0.02386626
v -0.08659412 0.78781860 -0.02386983
v -0.49966599 1.00602252 -0.02468819
v 0.30213043 0.93050567 -0.02496082
v -0.08891803 0.20797331 -0.01090398
v -0.68717788 1.05825413 -0.02401265
v 0.65791665 0.22880842 -0.02250873
v -0.55517713 1.00262646 -0.02411375
v -0.51625170 1.09338740 -0.02412769
v 0.12781644 0.87146227 -0.02433342
v 0.61039920 0.57311845 -0.02416195
v 0.57064900 0.98062634 -0.02456352
v -0.08146354 0.78909427 -0.02460177
v -0.63624505 0.50215517 -0.02355813
v 0.51110369 0.22601396 -0.02893251
v 0.04997254 0.82309826 -0.02476909
v -0.63274610 0.52883438 -0.02010241
v 0.12842059 0.87145024 -0.02474556
v -0.55116189 0.88395409 -0.02491191
v -0.57302259 0.67018490 -0.02493631
v 0.30180977 0.93137006 -0.01397645
v -0.57034577 0.67765594 -0.02496070
v 0.34682776 0.95762242 -0.02501659
v -0.11032301 0.21494420 -0.02518035
v 0.66990004 0.33533053 -0.03427145
v -0.63458946 0.51076073 -0.02534758
v 0.61612096 0.90305519 -0.09065233
v 0.68326612 0.33884993 -0.02561161
v -0.63631531 0.51270725 -0.02544822
v 0.66643697 0.23221950 -0.02573236
v 0.03267428 0.81349760 -0.03443858
v 0.34844503 0.95851469 -0.02550805
v 0.12756200 0.87063622 -0.02514291
v -0.66689255 0.59574803 -0.03078051
v -0.63726628 0.51314477 -0.02559156
v 0.27576799 0.91363008 -0.02513432
v 0.53253219 0.34238942 -0.03715163
v 0.10878070 0.84899748 -0.02633260
v 0.02390316 0.81330416 -0.02594368
v -0.10790412 0.21572494 -0.02607263
v 0.57182011 0.97995714 -0.02613545
v 0.60684184 0.57269008 -0.02172986
v -0.68383186 1.05942524 -0.02628864
v 0.12247674 0.86812321 -0.02710609
v -0.63327371 0.61374599 -0.03192494
v 0.68090054 0.34097782 -0.02640036
v 0.12194031 0.86716123 -0.02712494
v 0.47868733 0.21094465 -0.05662000
v 0.03310822 0.16018091 -0.02843926
v 0.11584045 0.85644698 -0.02972540
v 0.05164493 0.16345434 -0.02578538
v 0.62735716 0.67752952 -0.06358824
v 0.71704812 0.16499257 0.02871522
v 0.48714410 0.25469633 0.01446763
v 0.10851405 0.84901601 -0.02782932
v -0.87462676 0.72530794 0.00846132
v -0.56647345 1.07961293 -0.04360739
v 0.11943022 0.86606173 -0.02810712
v 0.30427747 0.93142583 -0.02762022
v -0.66542866 0.55806516 -0.02556738
v 0.10995354 0.84862216 -0.02504270
v 0.27416324 0.91578316 -0.02839398
v -0.66290339 0.62030751 -0.03776888
v 0.38792724 0.40018351 -0.02307186
v 0.47782468 0.34108935 -0.02916778
v 0.82689883 0.50360860 -0.02821281
v 0.25711245 0.91185158 -0.02925140
v 0.25727857 0.91238729 -0.02119129
v 0.02933174 0.15940017 -0.02831727
v -0.07787353 0.78839718 -0.02836954
v 0.26487802 0.91451446 -0.02845672
v 0.50363666 0.22238061 -0.02953462
v 0.24668400 0.90386295 -0.06358999
v -0.55181682 1.07201465 -0.07267081
v 0.12833180 0.85802184 -0.02755541
v 0.44429959 0.34215901 -0.02226900
v 0.70618594 0.58814581 -0.02754315
v 0.77888860 0.34482488 -0.02862420
v 0.11708649 0.86386749 -0.02992320
v 0.27523675 0.91554615 -0.02071206
v -0.56473191 0.99142641 -0.02075092
v 0.02991904 0.15973478 -0.02910498
v 0.42718816 0.97050462 -0.02915034
v 0.28436378 0.92290139 -0.01527926
v 0.02962975 0.16012515 -0.03022729
v 0.03609384 0.81523536 -0.03213807
v 0.47746219 0.34248353 -0.02968362
v 0.27390532 0.91634780 -0.02907451
v 0.27221139 0.91631295 -0.03178706
v 0.47891214 0.34170279 -0.02966620
v 0.17002987 0.27045307 -0.01615749
v -0.10692722 0.77812756 -0.02838926
v 0.48108705 0.34106147 -0.02988926
v 0.49167348 0.34429410 -0.03492553
v 0.12673247 0.86813367 -0.02521349
v -0.09043221 0.21995151 -0.03081171
v 0.11578468 0.86196792 -0.03032838
v 0.11713006 0.86194004 -0.03034581
v 0.34710659 0.95734358 -0.03052708
v 0.11627613 0.85821061 -0.03076754
v 0.42696509 0.97075557 -0.03061074
v 0.78680230 0.34599686 -0.03086174
v 0.12083161 0.86712637 -0.02751214
v 0.24896428 0.91062788 -0.02785010
v 0.63317785 0.58923896 -0.01268993
v 0.27239263 0.91653602 -0.03136532
v 0.02570906 0.22590243 -0.01442298
v 0.29460188 0.92653227 -0.02749822
v -0.61345373 1.09168650 -0.03567496
v -0.59803413 0.92461527 0.01207105
v 0.57070477 0.97992926 -0.03180278
v 0.78914451 0.34708432 -0.03181327
v 0.08200267 0.83843493 -0.02786622
v -0.13352293 0.75313002 -0.03430478
v -0.61889103 1.09525560 -0.03244569
v 0.42933648 0.20352102 -0.05237742
v 0.61409156 0.57264128 -0.03049226
v -0.50718986 1.08355032 -0.02811609
v -0.86984454 0.73025304 -0.00480169
v 0.67243788 0.26352256 -0.02783179
v 0.25320178 0.90678026 -0.03878496
v 0.02608331 0.81274649 -0.03011401
v 0.42771795 0.97067192 -0.03332242
v 0.65557000 0.30225077 -0.04510254
v -0.28904974 0.20656570 -0.02418166
v -0.12008922 0.21643597 -0.02967483
v -0.13937766 0.74305157 -0.03388001
v -0.14064636 0.74021790 -0.03406474
v -0.04250696 0.17626623 -0.04425009
v -0.05877330 0.79094156 -0.03427039
v -0.53432023 1.08834048 -0.03436444
v 0.82494699 0.50363648 -0.03448312
v 0.48288097 0.91322501 -0.02245424
v -0.63630779 1.09632389 -0.02181585
v -0.06306040 0.78959618 -0.03473744
v 0.03580769 0.81345055 -0.03799809
v 0.45284799 0.93937264 -0.05255597
v -0.52539750 1.08831260 -0.03541356
v 0.05606096 0.17773012 -0.02733568
v 0.41155943 0.21170971 -0.03073447
v 0.82701037 0.50020680 -0.03559847
v 0.79784418 0.42552073 -0.03581805
v 0.55745660 0.41856204 -0.02379944
v 0.87911469 0.42471130 -0.03095155
v -0.51073075 1.07729860 -0.03613156
v 0.56323198 0.56829842 -0.03631992
v 0.27137672 0.91558004 -0.03726692
v -0.13826232 0.74074769 -0.03645576
v 0.79633847 0.42630147 -0.03661621
v 0.61918118 0.27219456 -0.04508662
v -0.50438725 1.08521752 -0.02374604
v 0.56958943 0.56684848 -0.01299882
v 0.10589561 0.26725373 -0.03370098
v 0.27031531 0.91433147 -0.04254227
v 0.62702953 0.57430733 -0.03705884
v -0.55372718 1.00290530 -0.03711097
v 0.25217128 0.90866154 -0.04380512
v -0.54056615 1.08641651 -0.03715976
v 0.79817878 0.42150550 -0.03719480
v -0.52411486 1.08691842 -0.03725387
v 0.55628549 0.30943282 -0.02809144
v 0.83308898 0.49079611 -0.03743530
v 0.44104628 0.95985310 -0.03771060
v -0.51290567 1.07760531 -0.03771744
v 0.42197394 0.97329297 -0.03772453
v -0.52589940 1.08700207 -0.03773486
v -0.53592256 1.09418529 -0.01560771
v -0.59588710 0.64982294 -0.03802415
v -0.53777779 1.08650017 -0.03805204
v 0.05273998 0.82121612 -0.03817411
v 0.81417285 0.35364228 -0.03720667
v -0.59761588 0.64746678 -0.03833435
v -0.70860424 0.79975116 0.01961679
v 0.70053061 0.58801209 -0.03055153
v -0.61551799 0.97254230 -0.11674365
v 0.62418541 0.57330352 -0.03859592
v -0.01318544 0.80012222 -0.03878056
v 0.30571347 0.93227628 -0.02714097
v 0.56541038 0.35768006 -0.05752187
v -0.06168016 0.78811835 -0.03888861
v 0.54171982 0.55593207 -0.05277905
v -0.59744858 0.64947091 -0.03893733
v -0.61713436 1.08976254 -0.03898264
v -0.70779466 0.72427499 -0.04792829
v 0.86275707 0.45942712 -0.03902467
v -0.20407536 0.20763859 -0.03113267
v -0.56517338 0.99727282 -0.03955339
v -0.51531628 1.09238337 -0.02606362
v -0.62517420 1.09125961 -0.03886083
v -0.06417922 0.24051341 -0.05197122
v 0.01916644 0.31019439 -0.06390364
v -0.14340683 0.72475648 -0.03973207
v -0.55026962 1.00435524 -0.03994115
v 0.56117910 0.32544720 -0.03279392
v 0.04971461 0.81894361 -0.03997608
v 0.88188519 0.42680337 -0.03999711
v 0.04788781 0.82145836 -0.02748904
v 0.74140788 0.40175001 -0.04010862
v 0.72891606 0.41198327 -0.04132940
v -0.01946708 0.35217306 -0.02271398
v 0.63918776 0.33915772 -0.04070775
v 0.63948650 0.33654782 -0.04014520
v 0.42127685 0.97368334 -0.04040832
v 0.77197667 0.45128662 -0.05500052
v 0.88205249 0.42596687 -0.04065586
v 0.76321282 0.56831236 -0.04066281
v 0.74386164 0.40190337 -0.04071160
v 0.66345589 0.34329215 -0.03484189
v 0.63400041 0.34106147 -0.04071507
v -0.50916928 1.07768897 -0.03451083
v 0.86153020 0.46051458 -0.04086149
v 0.54999688 0.44165637 -0.00979659
v -0.05355908 0.78945676 -0.04089623
v -0.15864943 0.69011016 -0.03924274
v 0.62563535 0.57302468 -0.04114030
v 0.30121028 0.92849806 -0.04084748
v 0.55921675 0.56702972 -0.04126228
v -0.65427524 0.86444955 -0.04130394
v 0.26955728 0.91077112 -0.04999846
v -0.57653592 0.70059778 -0.04139457
v 0.27053173 0.91360783 -0.04820145
v 0.74793263 0.40142935 -0.04145052
v -0.51502482 1.07498426 -0.04153748
v -0.51502482 1.07498426 -0.04153748
v 0.73795033 0.57641253 -0.04175375
v -0.05634046 0.78831353 -0.04177107
v 0.27580837 0.91668938 -0.04179900
v 0.83258708 0.48955529 -0.04182696
v 0.28772074 0.28472887 -0.05761420
v -0.57045731 0.99322971 -0.04187208
v -0.01785245 0.79790547 -0.04191049
v -0.07383129 0.55605842 -0.04610282
v -0.64641208 0.63794455 -0.04212302
v 0.71720497 0.57425156 -0.04217897
v -0.05117504 0.17211507 -0.04229737
v 0.86353781 0.45677818 -0.04235326
v 0.79031946 0.55814618 -0.02508214
v 0.88188519 0.42549285 -0.04246829
v 0.66667993 0.57830861 -0.04249614
v -0.06227966 0.16006938 -0.04395644
v -0.70507912 0.65107944 -0.02125479
v 0.54906714 0.31633922 -0.05402902
v -0.64953504 0.64117904 -0.04331853
v 0.05411324 0.82072816 -0.04272261
v 0.47506421 0.51423223 -0.04709690
v 0.83063523 0.49195328 -0.04281334
v -0.57642439 0.70472362 -0.04286543
v 0.75819378 0.56913493 -0.04299806
v -0.13578070 0.72329434 -0.04775208
v -0.01473298 0.79824705 -0.04306417
v 0.56267431 0.56670906 -0.04309911
v 0.08459693 0.29530457 -0.04855376
v 0.64636774 0.84033945 0.00950740
v -0.64797356 0.64093506 -0.04321396
v -0.12048308 0.75912992 -0.04052763
v -0.57068038 0.99339701 -0.04339870
v -0.57129381 0.99264415 -0.04343007
v -0.05076724 0.17144587 -0.04349637
v 0.57377196 0.32794226 -0.03998312
v -0.69950241 0.69592576 -0.04480680
v -0.57832047 0.70182052 -0.04355206
v 0.62742687 0.33400693 -0.04619659
v 0.75280746 0.35671435 -0.02701751
v -0.11210582 0.76362963 -0.04289773
v -0.55428485 1.00218033 -0.04367406
v -0.64457177 0.64259413 -0.04371238
v 0.61771642 0.33954182 -0.04393214
v 0.74931287 0.41284766 -0.04615238
v -0.13693296 0.72925004 -0.04381854
v 0.62005864 0.91218618 -0.04395653
v 0.37356810 0.44233451 -0.04400530
v 0.62134129 0.67493207 -0.04404018
v 0.25188451 0.89467871 -0.05043984
v 0.62156435 0.91123814 -0.04422840
v -0.13370337 0.73467256 -0.04433983
v 0.57139113 0.49106191 -0.04005428
v -0.65427524 0.86205157 -0.04439553
v 0.79990756 0.54699539 -0.04444452
v 0.54594418 0.55958481 -0.04037000
v -0.05793680 0.78662658 -0.04465353
v 0.73566387 0.57606399 -0.04470592
v 0.76176287 0.56723885 -0.04489414
v 0.62295853 0.91097325 -0.04501959
v 0.66734913 0.57761153 -0.04504400
v 0.27076145 0.91511396 -0.03873355
v 0.27056754 0.91502455 -0.03921859
v -0.10855939 0.76446613 -0.04508224
v -0.71635801 0.73601272 -0.02266901
v -0.65210033 0.86510482 -0.04515884
v 0.30037872 0.92733069 -0.04822505
v 0.73677922 0.57545055 -0.04539952
v -0.02573130 0.42387560 -0.04819126
v 0.27720520 0.91702537 -0.04379730
v -0.10534928 0.76733814 -0.04465614
v -0.10448838 0.76691291 -0.04591177
v 0.33311191 0.42545199 -0.07003819
v -0.11060186 0.76201238 -0.04600587
v 0.54892772 0.57963308 -0.04767549
v 0.55135359 0.58226808 -0.04386939
v 0.62279123 0.67696583 -0.04608265
v -0.70023185 0.69682794 -0.04547619
v 0.56214452 0.31479169 -0.03955659
v 0.08546307 0.84726283 -0.01277503
v 0.47600007 0.51548787 -0.03299940
v 0.79299244 0.54394214 -0.04624649
v 0.24760798 0.31254202 -0.05000296
v 0.55096322 0.58184982 -0.04636148
v -0.70123119 0.69541863 -0.04489743
v -0.07846954 0.77661813 -0.05166275
v 0.79873645 0.54745547 -0.04666823
v -0.62452350 1.08863326 -0.04226070
v 0.44230104 0.95859834 -0.04683200
v 0.43995882 0.96172130 -0.04690519
v 0.28618105 0.92039789 -0.04698534
v 0.25033797 0.90818977 -0.04594896
v 0.29963486 0.92676231 -0.05004730
v 0.03053596 0.79928571 -0.07903396
v 0.37637389 0.38125560 -0.01482162
v 0.80163634 0.54274315 -0.04728516
v 0.71503005 0.57305257 -0.04734440
v -0.06955770 0.43661315 -0.01198071
v 0.42194605 0.97382276 -0.04747332
v 0.47350273 0.51287988 -0.04749424
v 0.47417193 0.51346543 -0.04750470
v 0.54560958 0.55754931 -0.04776611
v -0.02852662 0.42925712 -0.04785666
v 0.14148246 0.87989993 -0.02576841
v -0.06725687 0.78226978 -0.04801698
v -0.14330751 0.24022063 -0.04741573
v 0.38168222 0.44665646 -0.04154109
v -0.64501791 0.87399967 -0.04813192
v 0.79382895 0.54161387 -0.04825062
v -0.06922414 0.55584081 -0.04889402
v 0.26777703 0.90869987 -0.06125169
v 0.27430266 0.91558798 -0.04568527
v 0.08664637 0.29597378 -0.04845268
v 0.10912628 0.84777577 -0.06194875
v 0.62223356 0.67583480 -0.04861657
v 0.79260207 0.54321717 -0.04866888
v 0.66567612 0.57646830 -0.04872811
v 0.48811371 0.34309697 -0.04885356
v -0.64256416 0.87676014 -0.04887432
v -0.11007032 0.24171240 -0.05693013
v 0.48365234 0.34318062 -0.04899647
v 0.08468058 0.29524881 -0.04901035
v -0.05346323 0.55134784 -0.07373564
v 0.71809724 0.57176992 -0.04904878
v 0.48328985 0.34313879 -0.04899298
v 0.26928362 0.91305057 -0.04911494
v 0.61781736 0.33554209 -0.04648106
v -0.64367950 0.87508713 -0.04912179
v 0.25417782 0.90365861 -0.04628313
v 0.26892113 0.91256958 -0.04964821
v 0.48164472 0.34354311 -0.04933107
v -0.69929328 0.70182602 -0.04775026
v -0.03271177 0.47198169 -0.06404480
v 0.27410050 0.91598880 -0.04195149
v 0.58733730 0.33732508 -0.04551452
v 0.24865938 0.90053173 -0.06529960
v -0.62137266 0.89499598 -0.04994436
v 0.37164414 0.44144223 -0.04994449
v -0.65728667 0.83432138 -0.06511997
v 0.26582250 0.90756024 -0.07220101
v 0.48904083 0.36473809 -0.06765404
v 0.08437386 0.29469114 -0.05039059
v 0.00564338 0.34537531 -0.03901010
v 0.88049101 0.42485152 -0.05057194
v 0.60090265 0.33772939 -0.05010485
v 0.25944770 0.91508607 -0.00638841
v 0.54310006 0.55651762 -0.05096924
v 0.31052338 0.93285486 -0.05069734
v 0.11592410 0.85885890 -0.05106677
v -0.06423151 0.78180273 -0.05110857
v 0.25267209 0.90934329 -0.04601975
v -0.08410666 0.75315466 -0.07857497
v -0.56695978 1.07654857 -0.05131642
v -0.61992272 0.89427101 -0.05161040
v 0.80264015 0.52686347 -0.05162454
v 0.53651954 0.30004478 -0.07669180
v 0.89761150 0.45895310 0.10661459
v -0.56471330 1.07180554 -0.06657690
v 0.49073476 0.37206797 -0.05103197
v 0.11818267 0.85969541 -0.05241912
v 0.50573678 0.41653031 -0.06227510
v -0.07788703 0.59069036 -0.05968972
v 0.40681226 0.21067801 -0.05749222
v 0.49274028 0.33263082 -0.07760213
v -0.06436036 0.13356520 -0.04410839
v -0.06660161 0.77999030 -0.05310225
v -0.62126113 0.89282106 -0.05329736
v 0.07330497 0.82585698 -0.06228728
v -0.09649277 0.24327388 -0.05368082
v 0.13944191 0.86246525 -0.07200699
v 0.10163814 0.30017722 -0.06880767
v -0.06992672 0.77510370 -0.06071097
v 0.51140692 0.33283583 -0.03185081
v 0.01698978 0.80279206 -0.05379934
v 0.11915162 0.85993242 -0.05384815
v 0.88037947 0.42345735 -0.05387614
v 0.28169057 0.24068618 -0.03729072
v 0.07518375 0.29159581 -0.05308484
v 0.03562645 0.81245371 -0.04121690
v -0.06118000 0.24419404 -0.05388996
v -0.05310946 0.25310283 -0.05664346
v 0.87987757 0.42451692 -0.05432925
v 0.39353272 0.97619286 -0.05439889
v -0.10219236 0.24352211 -0.05417663
v 0.66773950 0.47709135 -0.05460805
v 0.66433771 0.48017248 -0.05488689
v 0.66534152 0.48347668 -0.05492174
v 0.49040016 0.37245834 -0.05613466
v 0.80035370 0.52831342 -0.05495662
v 0.65710193 0.47995289 -0.05485204
v -0.07517275 0.24768819 -0.07531922
v 0.80314205 0.52434001 -0.05512392
v -0.07444073 0.77566734 -0.05632121
v -0.06118837 0.25140181 -0.05696373
v 0.26883748 0.91276477 -0.05005253
v 0.49045037 0.37252094 -0.05450284
v 0.19061149 0.29556860 -0.03898280
v 0.39671145 0.97677842 -0.05570245
v -0.06492976 0.23822279 -0.05074102
v 0.51831320 0.55200659 -0.06746850
v -0.08098227 0.25195067 -0.10378359
v -0.55623147 0.99901729 -0.08075373
v 0.47333543 0.51265332 -0.05113478
v 0.80442470 0.52223393 -0.05581033
v -0.60263492 0.95636766 -0.05595327
v 0.87931990 0.41779699 -0.05570948
v 0.35140069 0.95815221 -0.05622526
v 0.58330266 0.93355694 -0.05857151
v 0.01819662 0.80230410 -0.05644828
v 0.87954297 0.41771334 -0.05649719
v 0.22624535 0.32918308 -0.05670623
v -0.47232117 0.89361226 0.01779282
v 0.22796164 0.32951926 -0.05683013
v 0.21070028 0.32516785 -0.05687353
v 0.22323616 0.32837166 -0.05684008
v 0.21423275 0.32599628 -0.05694997
v 0.01606701 0.80150942 -0.05706172
v 0.53883672 0.56792689 -0.06559986
v 0.47335653 0.42104477 -0.05376727
v 0.03400223 0.28785967 -0.05725691
v 0.87926413 0.41740662 -0.05742432
v 0.55129782 0.58219140 -0.04695052
v -0.05558064 0.25308889 -0.05840709
v 0.59094822 0.56106264 -0.05746611
v 0.03302631 0.28877982 -0.05763334
v 0.42178572 0.47593156 -0.01006659
v 0.54325623 0.33781093 -0.04785511
v 0.39548457 0.97649958 -0.05826774
v -0.60630586 0.91868397 -0.01130774
v 0.54767296 0.91827874 -0.05840717
v -0.13231643 0.24152420 -0.05255118
v 0.03284332 0.29017400 -0.05845590
v -0.06699198 0.25013323 -0.05684561
v 0.22143544 0.32784467 -0.05851866
v 0.03196150 0.29045284 -0.05854652
v 0.52772034 0.34053973 -0.06992362
v 0.57611418 0.56502211 -0.05860933
v 0.55138147 0.55772707 -0.04803493
v -0.54996267 0.82838784 -0.05438552
v -0.63503560 1.04684976 -0.05897165
v 0.04817710 0.81240317 -0.05900007
v 0.03413816 0.29134511 -0.05927150
v -0.03103865 0.16434017 -0.04714264
v 0.26579817 0.91006006 -0.06223763
v -0.64171387 0.73897159 -0.07459023
v -0.61109758 0.69648915 -0.05736313
v 0.49123666 0.41698836 -0.05950160
v -0.07507123 0.77545922 -0.05616246
v -0.55261950 1.00137843 -0.06831734
v 0.03658712 0.28552965 -0.05196426
v 0.12061550 0.85897741 -0.04892322
v 0.48800217 0.41744844 -0.05956085
v -0.60062730 0.95684168 -0.05980817
v 0.17935307 0.88441243 -0.06034851
v -0.07609892 0.37196994 0.01108583
v 0.35273910 0.95873776 -0.05985709
v 0.48770299 0.41235608 -0.05883972
v 0.13641583 0.86460363 -0.06029588
v -0.10791109 0.24227007 -0.05359020
v -0.63263761 1.04874585 -0.06035189
v 0.80314205 0.52159348 -0.06037300
v -0.57012271 1.07269781 -0.05990576
v 0.59658070 0.63859981 -0.06062392
v 0.59418271 0.56122994 -0.06066575
v 0.46574588 0.41645771 -0.08013389
v -0.01220081 0.43204548 -0.06204590
v 0.49004123 0.41727294 -0.05956323
v 0.01879176 0.31369363 -0.06529690
v 0.48424486 0.41482216 -0.06924820
v 0.55023825 0.91854363 -0.06138374
v 0.35042476 0.95725993 -0.06162770
v 0.13645335 0.86581933 -0.06096718
v 0.51288824 0.53970036 -0.11337958
v 0.42357724 0.30889780 -0.06987426
v -0.62394492 0.80060909 -0.07856530
v -0.60107344 0.95650708 -0.06236648
v 0.13957979 0.86367927 -0.06204766
v -0.54625439 1.00482926 -0.06256167
v 0.56168623 0.31365310 -0.04212490
v -0.09083535 0.23962883 -0.06377129
v 0.26824321 0.91118238 -0.05860972
v 0.00203987 0.36121691 -0.04400219
v -0.63213571 1.04749109 -0.06315418
v -0.11623433 0.25244756 -0.06786658
v 0.85812840 0.44188837 -0.06341928
v -0.01930543 0.47560674 -0.07643438
v 0.54789603 0.91798596 -0.06347501
v 0.80264015 0.52067333 -0.06353081
v 0.57209894 0.56329333 -0.06357260
v 0.26790561 0.90884502 -0.06361869
v 0.59663646 0.63869043 -0.06375385
v 0.41620204 0.31342888 -0.06394901
v -0.05847566 0.76847229 -0.08139068
v 0.60137667 0.30528688 -0.04239157
v 0.26574241 0.90969061 -0.06409538
v 0.19875218 0.89184514 -0.06411628
v 0.79766294 0.52406466 -0.07007473
v 0.06916514 0.82027183 -0.06876198
v -0.56688821 1.07205649 -0.06425560
v 0.81396087 0.50505854 -0.06430458
v 0.59022325 0.55957087 -0.06452762
v 0.08894676 0.37516305 -0.06473668
v 0.26621643 0.90976031 -0.06460425
v 0.40276218 0.21882001 -0.06714690
v 0.26581038 0.25672420 -0.02813253
v -0.08048762 0.05545032 -0.06471574
v -0.11535025 0.25727656 -0.07186677
v 0.63765316 0.69995570 -0.07651755
v 0.34373268 0.24595070 -0.06574749
v 0.36810413 0.30778844 -0.07448180
v 0.02332120 0.80884541 -0.04008162
v 0.57466423 0.56340486 -0.06525955
v 0.59791911 0.64052377 -0.06919811
v 0.26803583 0.90611454 -0.06639054
v 0.29996294 0.34601287 -0.06082950
v 0.34529416 0.24483536 -0.06571264
v -0.03687427 0.54780402 -0.09528309
v 0.15478156 0.86762131 -0.07935725
v 0.09848643 0.37697548 -0.06675823
v 0.34437400 0.24639684 -0.06604027
v 0.03837820 0.79159682 -0.11608422
v 0.22048726 0.89389096 -0.08179223
v 0.40142028 0.21884512 -0.06677836
v 0.56369699 0.92184437 -0.04347214
v 0.34378845 0.24759583 -0.06646201
v -0.08028546 0.05372154 -0.06631207
v -0.56870064 1.07057866 -0.06726005
v 0.39216643 0.22018630 -0.06588691
v 0.81518775 0.50235384 -0.06650738
v 0.41280374 0.30983713 -0.07119742
v 0.54523363 0.55288314 -0.06598487
v -0.12286626 0.26066885 -0.06606504
v 0.61420310 0.93378199 -0.06235619
v 0.85863031 0.43946250 -0.06680016
v 0.09235736 0.37591646 -0.06540114
v 0.10137586 0.37839754 -0.06766445
v 0.26685775 0.90414178 -0.06705103
v 0.26719941 0.90909387 -0.06276472
v 0.43980072 0.35524352 -0.07049622
v 0.54689222 0.55231418 -0.06880076
v -0.54610103 0.99261627 -0.01978744
v 0.33735374 0.25699127 -0.06828226
v 0.04113998 0.80670883 -0.06679482
v 0.45627070 0.92102527 -0.04981990
v 0.81206479 0.50597870 -0.06768546
v -0.65678476 0.83163062 -0.06790833
v 0.10395509 0.37786775 -0.06791540
v 0.33671649 0.26047105 -0.06946558
v 0.24690107 0.90046832 -0.07622443
v 0.44352792 0.48959014 -0.07322726
v 0.10424089 0.37850907 -0.06811756
v -0.07736466 0.06108279 -0.06419292
v 0.85617656 0.44258546 -0.06831284
v 0.26635585 0.90432302 -0.06836853
v 0.20074585 0.89137112 -0.06838246
v 0.10975834 0.37887156 -0.06920153
v -0.57325979 0.79873905 -0.06919144
v 0.08693218 0.37630627 -0.06479244
v -0.65823471 0.82979031 -0.06698120
v -0.65368620 0.82861876 -0.07393945
v 0.59574419 0.63755418 -0.07067594
v 0.36833994 0.34608051 -0.05635422
v 0.45704283 0.31315821 -0.06518099
v 0.50542590 0.38907301 -0.06909147
v 0.10541200 0.37862061 -0.06832668
v 0.10543988 0.38040515 -0.06901680
v 0.19783202 0.89028366 -0.06905864
v 0.48929658 0.40977611 -0.08873510
v 0.10934799 0.37889242 -0.06904699
v -0.66113460 1.00948581 -0.06930948
v 0.60845909 0.57029210 -0.06934450
v -0.56750165 0.81398034 -0.06985322
v 0.11021494 0.37956865 -0.06948385
v 0.11382237 0.37974989 -0.07008683
v -0.06054576 0.05085393 -0.11110849
v -0.11622215 0.25639660 -0.06728157
v -0.56813634 0.81181991 -0.07005710
v -0.56865184 0.80003522 -0.06836297
v 0.33339161 0.27062433 -0.07195363
v 0.26582606 0.90500617 -0.07012519
v 0.11362276 0.37979988 -0.07006163
v -0.66453639 1.00184572 -0.07025752
v 0.11337972 0.38040515 -0.07031339
v 0.48029716 0.35812337 -0.05739780
v 0.60589380 0.92079523 -0.11348242
v -0.66520559 1.00000541 -0.07059212
v 0.07266982 0.82526000 -0.05855080
v 0.03324464 0.80339359 -0.06821894
v -0.53873716 1.02528184 -0.04779883
v -0.57084768 0.80122362 -0.07034118
v 0.28765887 0.92085797 -0.04855727
v -0.02490525 0.45755892 -0.06478545
v 0.59724990 0.63956876 -0.07094780
v 0.87982180 0.41795035 -0.05682482
v 0.41559536 0.21462833 -0.06928419
v 0.38342494 0.30496622 -0.07811733
v 0.40525242 0.33125368 -0.04979132
v 0.15844193 0.31116290 -0.06403524
v 0.24720274 0.89452794 -0.08158994
v -0.57469561 0.81174268 -0.07517898
v 0.44226626 0.48844624 -0.07230507
v 0.24609148 0.90272321 -0.06840338
v 0.44338850 0.48940193 -0.07249532
v 0.35746710 0.37411044 -0.07642384
v 0.41023497 0.20922807 -0.05351446
v 0.33305329 0.26970748 -0.07193066
v 0.07564630 0.40820505 -0.07426587
v 0.07712936 0.82459700 -0.07037612
v 0.24357836 0.89578533 -0.08845775
v 0.15424419 0.31329528 -0.07875563
v 0.14746253 0.86037329 -0.06752065
v 0.60845909 0.57029210 -0.06934450
v 0.33386191 0.27377848 -0.07264169
v 0.44205009 0.48816111 -0.07255806
v 0.33570222 0.27626011 -0.07291356
v -0.08192711 0.04510552 -0.07114289
v -0.52242790 1.01884771 -0.06757549
v 0.32175736 0.27744159 -0.06993260
v 0.45015026 0.90649097 -0.07210844
v 0.08369768 0.82266606 -0.07876908
v 0.60806872 0.56939982 -0.07325517
v 0.14558921 0.86756164 -0.06960408
v 0.24527589 0.90154861 -0.07342939
v 0.39927673 0.20524769 -0.07303991
v -0.56839393 0.80492516 -0.06905157
v 0.29013870 0.22571775 -0.11237266
v 0.45052842 0.90556102 -0.07717518
v 0.24590327 0.90127675 -0.07291703
v 0.58643109 0.93249935 -0.07395225
v 0.37385217 0.35440810 -0.07074431
v -0.65907121 1.01023867 -0.07404968
v 0.63007223 0.82602211 -0.07422637
v 0.24837096 0.90223176 -0.07415436
v 0.08140426 0.82342589 -0.07789074
v 0.05965509 0.43562503 -0.08066602
v -0.66264031 1.00271011 -0.07449582
v 0.05158629 0.41885656 -0.07365243
v 0.06876604 0.41263853 -0.07462836
v 0.62028171 0.67209143 -0.08748972
v 0.45426308 0.90534774 -0.08115317
v 0.41556769 0.31614752 -0.05957652
v 0.31651834 0.93406082 -0.07503967
v 0.24772964 0.90179956 -0.07513726
v -0.11131855 0.25648109 -0.06688891
v 0.00517772 0.34348734 -0.06118151
v 0.37097319 0.32693323 -0.06589519
v 0.14209280 0.86251165 -0.07547882
v 0.07092701 0.42242566 -0.07827413
v 0.06920521 0.41464615 -0.07538121
v -0.65962889 1.00820317 -0.07572966
v 0.39107093 0.30845103 -0.07827271
v 0.10476196 0.37993810 -0.06879635
v 0.26303073 0.90786946 -0.06929479
v 0.65714376 0.56829842 -0.07605747
v 0.28865048 0.91896363 -0.07426852
v 0.41921258 0.95030996 -0.09476959
v 0.62050478 0.84348984 -0.03127954
v 0.20285803 0.88659606 -0.08539840
v 0.58559458 0.93216474 -0.07630841
v -0.65858325 0.81369017 -0.07543079
v 0.40198144 0.20077936 -0.07660117
v 0.44971807 0.90548716 -0.07692880
v -0.03857118 0.53733955 -0.08712371
v 0.66199549 0.56822871 -0.07683124
v 0.48419258 0.33984505 -0.06271430
v 0.08145114 0.82389046 -0.07712846
v 0.57384220 0.56136137 -0.03873632
v 0.13971224 0.86620970 -0.06446482
v 0.72707024 0.56670484 -0.07890371
v -0.10539904 0.26913945 -0.07779350
v 0.40352722 0.19160218 -0.08944503
v 0.44174511 0.20085952 -0.08526948
v 0.32022685 0.38166688 -0.08949904
v 0.04390317 0.43740493 -0.07823265
v 0.08231047 0.82386505 -0.07808592
v 0.78459121 0.53110496 -0.08993242
v 0.12169599 0.84909966 -0.07770950
v 0.57934867 0.99981022 -0.07777230
v 0.14637292 0.86376641 -0.07788378
v 0.34331972 0.38987510 -0.08269601
v 0.06823277 0.42798842 -0.07967877
v 0.24842673 0.90142313 -0.07791864
v 0.12441463 0.85052172 -0.07806501
v 0.01387640 0.47682645 -0.08458975
v 0.08099995 0.82403236 -0.07633622
v 0.10165773 0.44870298 -0.09458521
v 0.06514900 0.42372342 -0.07770271
v -0.56872853 0.79826447 -0.06793623
v 0.37961883 0.30603974 -0.08311197
v 0.12477008 0.85020840 -0.07896109
v 0.58442347 0.93216474 -0.07427989
v 0.44778274 0.48947751 -0.06679095
v 0.14276200 0.86122900 -0.07857390
v 0.65781296 0.56755951 -0.07863671
v 0.08321669 0.82340498 -0.07891547
v 0.31710390 0.93400506 -0.07896429
v 0.08309470 0.82370472 -0.07934069
v 0.08270781 0.82365593 -0.07900609
v 0.24416054 0.90101882 -0.07473295
v 0.64543267 0.80570590 -0.07914558
v -0.64167188 0.80018495 -0.08359631
v 0.40344532 0.20063994 -0.07695320
v -0.10045224 0.67848025 -0.08256818
v 0.34233851 0.39379623 -0.08209597
v -0.55145119 1.06095361 -0.08299727
v 0.45547863 0.48459354 -0.07013295
v 0.48403660 0.48228368 -0.08199778
v 0.40064303 0.97591403 -0.08037242
v -0.62917703 0.96521855 -0.09658003
v 0.48460038 0.48261229 -0.08048396
v 0.31520782 0.93252723 -0.08072792
v 0.57795449 0.99972657 -0.08072796
v 0.02550210 0.78165634 -0.12438654
v -0.62288673 0.86096458 -0.09003182
v -0.04550771 0.77415566 -0.08091609
v 0.03179856 0.44233451 -0.07741497
v 0.04939046 0.44505315 -0.08186414
v 0.50304186 0.30570688 -0.08134313
v -0.04896875 0.77220382 -0.08134131
v 0.12102678 0.83699820 -0.08148772
v 0.12735635 0.85017318 -0.08151561
v 0.08630283 0.44311525 -0.09184886
v 0.04013690 0.28614264 -0.06058685
v 0.14026643 0.85218079 -0.09154323
v 0.39609801 0.97571884 -0.08166204
v 0.43773337 0.48465127 -0.06578976
v 0.82890645 0.48905339 -0.08196881
v 0.49395531 0.41574755 -0.05423335
v 0.12686838 0.85059143 -0.08039329
v 0.24446726 0.89834200 -0.08228940
v 0.45422323 0.90515383 -0.08246368
v 0.16078697 0.87024585 -0.08129429
v 0.47136920 0.48278384 -0.08232030
v 0.58374032 0.93083330 -0.08483207
v 0.44439231 0.31199636 -0.08698954
v 0.19706522 0.88620569 -0.08127513
v 0.04869241 0.80751779 -0.07331249
v -0.55751934 1.06575481 -0.08304214
v 0.04591137 0.44823757 -0.08225673
v 0.24392353 0.89653132 -0.08893091
v 0.44952288 0.90524318 -0.07783502
v 0.58453501 0.93135612 -0.08205243
v 0.03989960 0.45295117 -0.08254729
v -0.00884760 0.44142829 -0.06696735
v -0.03398576 0.64818830 -0.09240207
v 0.47338662 0.49984396 -0.08915565
v 0.40245546 0.97574672 -0.08360691
v 0.13055401 0.85101202 -0.08297446
v 0.45579646 0.91313883 -0.03523160
v 0.11668392 0.84231002 -0.08395542
v -0.55701744 1.06497407 -0.08401110
v 0.52369311 0.55331102 -0.08408095
v 0.15968732 0.86829051 -0.08426214
v 0.00900288 0.47869465 -0.08409482
v 0.13258451 0.85167889 -0.08435276
v 0.16078872 0.86895275 -0.08412273
v 0.11786200 0.84274221 -0.08447126
v 0.11629703 0.84116679 -0.08505333
v 0.51077597 0.54048809 -0.10746177
v -0.04387652 0.77272663 -0.08434577
v -0.09683435 0.67348910 -0.08440153
v 0.08609566 0.82364199 -0.08290978
v 0.11786200 0.84274221 -0.08447126
v 0.11662118 0.84196147 -0.08447823
v 0.14675632 0.34366858 -0.08984408
v 0.81212056 0.49810160 -0.08449924
v 0.52720644 0.55644791 -0.08592823
v 0.66355697 0.57319198 -0.08454105
v -0.00752465 0.49559382 -0.08557047
v -0.63124344 1.03759243 -0.08464543
v 0.01029337 0.47979605 -0.08471523
v -0.09655552 0.67832689 -0.08486858
v 0.10589647 0.33480859 -0.08291501
v 0.12821725 0.84992223 -0.08283310
v 0.00728456 0.48287718 -0.08500104
v 0.34298245 0.39855473 -0.07868437
v 0.08865565 0.82344041 -0.08604455
v 0.81094945 0.49930059 -0.08519633
v 0.48688033 0.29502387 -0.08603502
v 0.57884676 0.99833240 -0.08537057
v 0.00203330 0.48796593 -0.08539141
v 0.82957565 0.48650204 -0.08548214
v 0.05746166 0.46438691 -0.08968417
v -0.57608978 0.98935389 -0.08557257
v 0.45521112 0.90506194 -0.08370451
v 0.48355475 0.29486018 -0.08523898
v 0.82717767 0.48966682 -0.08576097
v 0.09779979 0.81865083 -0.08576785
v -0.57809740 0.98848950 -0.08586534
v 0.12149296 0.84074093 -0.08998244
v 0.10307326 0.34946836 -0.08486860
v -0.00841388 0.49821313 -0.08617215
v 0.52365821 0.55327394 -0.08483610
v 0.16178555 0.86884121 -0.08548902
v 0.48773480 0.49124232 -0.08072014
v 0.00438418 0.49173718 -0.08701911
v 0.10475215 0.34806091 -0.08533595
v -0.02073753 0.49993494 -0.08358420
v 0.00399997 0.49043362 -0.08654857
v -0.55919236 1.06413756 -0.08656244
v -0.00795641 0.49930059 -0.08659040
v -0.01325690 0.50529555 -0.08726657
v 0.52776411 0.55766085 -0.09010379
v 0.11943393 0.34823451 -0.08750926
v 0.48950788 0.29506756 -0.08626981
v -0.09126287 0.67884230 -0.08798631
v -0.04145066 0.77195984 -0.08732931
v 0.52709490 0.55654551 -0.08736424
v 0.58229791 0.26443592 -0.08789924
v 0.11934680 0.84107269 -0.08611813
v 0.07925025 0.81944900 -0.08301609
v 0.53862475 0.56923252 -0.08785046
v 0.20481511 0.39501265 -0.08888036
v 0.61782796 0.56818689 -0.08757338
v 0.13811551 0.85052716 -0.08840270
v 0.51212144 0.29119872 -0.08720739
v 0.09931247 0.81867871 -0.08761513
v 0.64698755 0.79885382 -0.09046574
v 0.01855997 0.47451212 -0.08489647
v 0.59758450 0.64009158 -0.07191676
v 0.79234589 0.53060118 -0.08767578
v 0.13805666 0.84949003 -0.08715506
v 0.13966693 0.85137217 -0.09020134
v 0.65320198 0.90602711 -0.08396930
v 0.26188750 0.90306478 -0.09008023
v 0.55765527 0.27743122 -0.08791494
v 0.06632797 0.45297208 -0.08776500
v 0.52540398 0.28995846 -0.08815660
v 0.52826601 0.28901683 -0.08789751
v 0.55556400 0.27925759 -0.08802299
v 0.09798103 0.81863689 -0.08806824
v 0.43501117 0.19717433 -0.08601661
v 0.56618763 0.27514477 -0.08808921
v -0.62968196 1.03739724 -0.08817967
v 0.52817648 0.28936906 -0.08824313
v -0.01895037 0.50624359 -0.08609547
v 0.06656213 0.45403971 -0.08817415
v -0.01453582 0.51086892 -0.08865341
v -0.63224724 1.03519444 -0.08835394
v 0.51287429 0.54826409 -0.08678565
v 0.54962481 0.28291731 -0.08837851
v 0.54281054 0.28639380 -0.08881547
v 0.55128480 0.28201115 -0.08838505
v 0.53594793 0.28746930 -0.08841161
v 0.45040121 0.90437182 -0.08387879
v -0.59547252 0.96854276 -0.11073817
v 0.65602842 0.57178386 -0.08863296
v 0.54629272 0.28526650 -0.08872879
v 0.66182819 0.57192328 -0.08868175
v 0.52310756 0.55293459 -0.08530434
v 0.55692640 0.27844796 -0.08812053
v 0.57455553 0.22629193 -0.11014717
v 0.54742662 0.28506003 -0.08889633
v 0.81295706 0.49500652 -0.08896061
v -0.01541221 0.52324210 -0.09221242
v -0.56036346 1.06299434 -0.08905105
v 0.06369819 0.46563802 -0.09140611
v 0.06625652 0.45733585 -0.08921146
v 0.08913148 0.82355136 -0.08616170
v -0.57837623 0.98812702 -0.08947626
v 0.07644273 0.81609600 -0.08690235
v 0.47171121 0.51144562 -0.07970671
v 0.08512581 0.44987119 -0.09073342
v 0.21152981 0.39783237 -0.09091586
v 0.06802713 0.45557919 -0.08900233
v 0.67907068 0.56861037 -0.09724287
v -0.56125574 1.06271550 -0.09002697
v 0.08858427 0.44559688 -0.09006888
v 0.09300382 0.82347468 -0.09037560
v 0.47077946 0.31050740 -0.08644188
v 0.08981115 0.44587572 -0.09048714
v 0.26310741 0.90427423 -0.08592123
v 0.26540432 0.89916718 -0.08286013
v 0.44835177 0.90317980 -0.08817982
v 0.20948504 0.39621433 -0.08996906
v 0.08350249 0.81809316 -0.09077294
v 0.21447153 0.39696798 -0.09093677
v 0.07239274 0.45203199 -0.09252151
v -0.03415562 0.77315186 -0.09092628
v 0.62128552 0.56793594 -0.09096820
v 0.58308506 0.62318021 -0.08869568
v 0.61637801 0.56721096 -0.09105882
v 0.44880680 0.90430362 -0.08338373
v 0.09331751 0.82327950 -0.09107269
v 0.12161234 0.84109709 -0.09113543
v 0.58221370 0.26165088 -0.08851401
v 0.08836469 0.44298977 -0.08893263
v 0.26322535 0.90293342 -0.09317730
v 0.49088179 0.41306998 -0.09544140
v 0.12343147 0.84487736 -0.08653725
v 0.12166433 0.84106640 -0.09136762
v 0.39847427 0.30740746 -0.08290358
v 0.54836074 0.30881554 -0.09584509
v 0.09394140 0.82332830 -0.09131319
v 0.08451197 0.46144345 -0.09888749
v 0.56846096 0.27632124 -0.08870417
v -0.03774215 0.77075387 -0.09191615
v 0.07811409 0.46024577 -0.09293297
v 0.08926045 0.81741001 -0.09877552
v 0.25279047 0.40350667 -0.09654137
v 0.07825167 0.45490301 -0.09087750
v 0.15160109 0.85046421 -0.10138438
v 0.12193300 0.84058124 -0.09243201
v 0.24463456 0.89542817 -0.08882809
v 0.07742388 0.45995691 -0.09266205
v 0.37844772 0.96980753 -0.09267603
v 0.29984398 0.36536198 -0.09264814
v -0.08317615 0.05594994 -0.13059622
v 0.59267352 0.27730923 -0.09193018
v 0.30240927 0.36925173 -0.09308033
v 0.14991563 0.85364880 -0.10025404
v 0.26490589 0.90338892 -0.09352995
v 0.17636768 0.87621144 -0.08688227
v 0.33846269 0.94702667 -0.09319885
v 0.12285315 0.84060912 -0.09335217
v 0.80149586 0.48355912 -0.12665126
v 0.33952227 0.94772376 -0.09342191
v 0.63425834 0.55545805 -0.13279874
v 0.71553196 0.56341880 -0.09343590
v 0.13571288 0.86588526 -0.06293424
v 0.11598683 0.84232396 -0.08303177
v 0.12658258 0.84034423 -0.09758350
v 0.52217362 0.54177295 -0.11749384
v 0.65559796 0.87629440 -0.09734547
v 0.64746817 0.79772075 -0.09157816
v 0.56246373 0.59813365 -0.09077235
v 0.30134967 0.37162184 -0.09406323
v 0.12399638 0.84095767 -0.09392030
v 0.09504116 0.82250255 -0.09431329
v 0.22967852 0.32974424 -0.08562845
v 0.57250326 0.92555983 -0.04613711
v 0.10299115 0.81892941 -0.09308138
v 0.33726370 0.94630170 -0.09214624
v 0.51463696 0.54927442 -0.10236224
v 0.12697549 0.84036054 -0.09735881
v 0.12558574 0.84097161 -0.09560028
v 0.12513960 0.84176629 -0.09389590
v 0.37376326 0.96749319 -0.09499734
v 0.07976610 0.46480864 -0.09501124
v 0.07924328 0.46153233 -0.09393946
v -0.01696498 0.56294130 -0.12629657
v 0.08350249 0.81809316 -0.09077294
v 0.12635254 0.84168264 -0.09535979
v 0.05845875 0.67447639 -0.15561278
v 0.12907137 0.83911106 -0.09630142
v -0.02016157 0.53670637 -0.09547130
v 0.71971449 0.56111841 -0.09558991
v 0.26193529 0.89639602 -0.09578214
v 0.56604227 0.91316799 -0.11373853
v -0.01986530 0.53780777 -0.09571529
v -0.54536212 1.00460619 -0.09597314
v 0.07985636 0.46333315 -0.09461896
v 0.26149885 0.89627862 -0.09885614
v -0.01873951 0.53834452 -0.09595578
v 0.37802944 0.96919409 -0.09608479
v 0.26079305 0.89728940 -0.09754170
v 0.12757941 0.84187782 -0.09636359
v 0.12810920 0.83823902 -0.09343582
v 0.14412830 0.83872698 -0.12145181
v 0.33996838 0.94758434 -0.09660064
v -0.09477794 0.07045167 -0.09662846
v 0.12415671 0.83991901 -0.09580941
v 0.40284583 0.30224061 -0.07976596
v 0.27253202 0.41049150 -0.09687598
v 0.25721002 0.40451048 -0.09700842
v 0.12732846 0.84105526 -0.09698400
v 0.27419109 0.41071457 -0.09699797
v 0.25612256 0.40463595 -0.09701191
v 0.18890835 0.41347766 -0.09437242
v 0.71436085 0.56220587 -0.09715139
v 0.31788287 0.47316499 -0.17632929
v 0.26066664 0.90038128 -0.09750446
v 0.12760730 0.84098555 -0.09763230
v 0.55207856 0.28158587 -0.08821469
v 0.45049666 0.90107372 -0.10006337
v 0.66915352 0.58545877 -0.04477367
v 0.07345342 0.44429008 -0.09421580
v 0.74241169 0.55222356 -0.09803670
v 0.26107142 0.89485678 -0.10157975
v -0.09254726 0.07167854 -0.09812023
v 0.63143513 0.69102087 -0.10030918
v 0.24194199 0.89001031 -0.09973068
v 0.33812109 0.94610652 -0.09829631
v 0.08076294 0.46274526 -0.09790415
v 0.60827513 0.55243984 -0.12873006
v 0.34783154 0.43806832 -0.09614056
v 0.12760730 0.84098555 -0.09763230
v 0.56735874 0.96991906 -0.09866405
v 0.28473107 0.40265622 -0.10325783
v 0.41990705 0.18929831 -0.09527879
v -0.54709090 1.00360239 -0.09891485
v 0.43173315 0.32380156 -0.09695616
v 0.08231744 0.45702913 -0.09926348
v 0.09733971 0.82318888 -0.09537373
v 0.74542312 0.55050872 -0.09937511
v 0.06203836 0.80852191 -0.08815714
v -0.54625439 1.00418794 -0.09947252
v 0.08740619 0.47129157 -0.09908573
v 0.62775450 0.68502243 -0.09970969
v 0.50854275 0.19831000 -0.10764776
v 0.47662569 0.47854129 -0.09135158
v 0.08542994 0.46652348 -0.09982464
v -0.09698771 0.06448459 -0.10045548
v 0.62998518 0.68876928 -0.10069258
v 0.70921982 0.56100339 -0.10367178
v 0.14091452 0.85044498 -0.09018542
v 0.52921405 0.55961270 -0.09271613
v 0.08856212 0.46882932 -0.10107002
v -0.59140134 1.01184807 -0.13397840
v 0.36455779 0.44530645 -0.10101204
v 0.26030509 0.89908092 -0.09955628
v 0.56852985 0.32361334 -0.09978985
v 0.06495994 0.49849197 -0.10126412
v 0.06590101 0.49476951 -0.10035791
v 0.26070629 0.89909758 -0.09993539
v 0.09237992 0.44756964 -0.09191268
v 0.27578046 0.90672101 -0.10169634
v 0.06734398 0.49839437 -0.10170329
v -0.09541230 0.00894057 -0.13893477
v 0.10442910 0.81876237 -0.09839212
v 0.18362361 0.86516581 -0.10593376
v -0.01615418 0.69002534 -0.12816476
v 0.26231270 0.90100488 -0.09981420
v 0.85424307 0.42957844 -0.10115859
v 0.62479884 0.68158578 -0.10703609
v 0.09377410 0.46335870 -0.10403854
v 0.73934450 0.55113610 -0.10283963
v 0.06367032 0.50204712 -0.10205183
v 0.18692258 0.86791408 -0.11219798
v 0.65118649 0.27456847 -0.11157864
v 0.09104500 0.47049689 -0.10213549
v 0.51302765 0.53863033 -0.11345626
v 0.65580535 0.87889323 -0.10330667
v 0.78600762 0.53155139 -0.09986830
v 0.45937884 0.48750716 -0.08832795
v 0.10695850 0.82614136 -0.10142653
v 0.56624340 0.96916621 -0.10356458
v 0.62304216 0.32165452 -0.17668898
v 0.09346644 0.45842569 -0.10447094
v 0.56992403 0.60935694 -0.10394101
v 0.56091764 0.59938857 -0.10941315
v 0.25624803 0.40626714 -0.09782227
v 0.62828429 0.68714855 -0.10734978
v 0.09457227 0.45387829 -0.10551637
v 0.57944894 0.92753720 -0.10565094
v 0.53172357 0.90963484 -0.10451959
v 0.10641232 0.82346771 -0.10500401
v 0.53406579 0.90994156 -0.10477054
v 0.43743483 0.47370419 -0.08306230
v 0.10685497 0.82320979 -0.10518874
v 0.79700767 0.51755037 -0.10530734
v 0.10808882 0.82358970 -0.10683909
v -0.64959081 1.00870507 -0.10592058
v 0.25976136 0.89940855 -0.10258513
v 0.26766504 0.89402354 -0.15481015
v -0.01992544 0.62331793 -0.12323980
v 0.27689580 0.90626093 -0.10644352
v 0.37961999 0.96855333 -0.10695618
v -0.64947927 1.00703206 -0.10649916
v 0.56469504 0.60365765 -0.10775265
v 0.15683441 0.49356483 -0.11825647
v -0.64119263 0.96158406 -0.04120414
v 0.18444476 0.86846483 -0.10748883
v 0.48771637 0.48012020 -0.09609614
v 0.17048174 0.86103382 -0.10938174
v 0.65574958 0.87858651 -0.10717551
v 0.27313152 0.90422543 -0.10734277
v -0.64752743 1.00864931 -0.10744024
v 0.25291595 0.89572095 -0.10745429
v 0.63009323 0.69404520 -0.11939809
v -0.56016828 1.06123070 -0.09143509
v 0.56724721 0.96799510 -0.10764953
v 0.62730836 0.68569337 -0.10764953
v 0.80079984 0.51218279 -0.10764956
v 0.79928018 0.51511753 -0.10529688
v 0.79388472 0.52032478 -0.10638782
v 0.69662691 0.56205251 -0.10946197
v 0.36213582 0.44526228 -0.10569765
v 0.07555568 0.80643261 -0.11556316
v 0.15729282 0.85963964 -0.09752251
v 0.11334269 0.81770784 -0.10369121
v 0.37945150 0.96821817 -0.10810958
v 0.19067989 0.45825601 -0.11134404
v 0.36629047 0.44556900 -0.09862917
v 0.53194664 0.90867286 -0.10902975
v 0.38123605 0.45482633 -0.10691755
v 0.44715278 0.90189716 -0.09334525
v -0.10943685 0.26006413 -0.09308006
v 0.01276676 0.76780093 -0.11833669
v -0.04406474 0.72789163 -0.10964312
v 0.24848247 0.89344844 -0.11003352
v 0.19081234 0.45513305 -0.11015202
v -0.04011574 0.73460547 -0.11038552
v 0.20096020 0.45319166 -0.11127782
v 0.38288118 0.45647146 -0.11059121
v 0.19497093 0.86593917 -0.11406037
v -0.04101149 0.73030879 -0.11084211
v 0.19208801 0.45663877 -0.11096762
v -0.03780837 0.73684400 -0.11105124
v 0.19116175 0.86738255 -0.11416899
v 0.38661758 0.45775411 -0.10748220
v 0.15899023 0.85315672 -0.11133010
v 0.11532111 0.82089894 -0.10928239
v -0.03790596 0.73532434 -0.11144161
v 0.69644385 0.56063146 -0.11324848
v 0.47440313 0.47870570 -0.11257713
v 0.24901273 0.43656624 -0.12981220
v 0.16264297 0.85312186 -0.11558234
v 0.15984068 0.85346344 -0.11184595
v -0.03626432 0.73543239 -0.11234782
v -0.16469277 0.67614331 -0.01817029
v 0.85868608 0.42236989 -0.12203746
v -0.03184129 0.74367198 -0.11238965
v -0.59070076 1.05106018 -0.11248716
v -0.03888537 0.72715795 -0.11269637
v -0.60915967 0.96844124 -0.11273811
v 0.79589233 0.50319034 -0.11283589
v 0.79102665 0.50586368 -0.11655835
v 0.82137951 0.48049124 -0.12717520
v -0.61049808 0.96849700 -0.11287753
v 0.56685684 0.60714020 -0.11291952
v 0.80397968 0.50802979 -0.10901877
v -0.02880198 0.74719228 -0.11300309
v 0.56099476 0.99251476 0.04446912
v 0.12193300 0.84058124 -0.09243201
v 0.79338281 0.50571380 -0.11303108
v 0.14092169 0.85194378 -0.09242505
v 0.80622319 0.50624708 -0.10721039
v 0.25115929 0.89349027 -0.11347713
v 0.46742412 0.89955494 -0.11349112
v 0.18792571 0.86848733 -0.11416066
v 0.56412425 0.60401027 -0.11356084
v 0.19013616 0.86823475 -0.11426484
v -0.02923069 0.74367546 -0.11385353
v 0.46814909 0.51371638 -0.11395120
v 0.47974864 0.90075393 -0.11400696
v 0.36584303 0.25204859 -0.10145524
v 0.38659666 0.97088802 -0.10350356
v 0.15556686 0.85005822 -0.10489616
v 0.54410387 0.90953725 -0.11425791
v 0.19241193 0.86185516 -0.11256311
v 0.05472513 0.80260473 -0.09954028
v 0.79338281 0.50571380 -0.11303108
v 0.19263174 0.86461686 -0.11473189
v 0.76505313 0.52665435 -0.11480167
v 0.18999674 0.86782346 -0.11481554
v 0.05990953 0.79915326 -0.11929084
v 0.19267356 0.86046221 -0.11119068
v -0.00141403 0.54811344 -0.12549234
v 0.79488852 0.50281392 -0.11506658
v 0.69584617 0.56003095 -0.11513627
v 0.50043823 0.90276155 -0.11530355
v -0.09225180 0.24842842 -0.12706891
v 0.19084719 0.86673600 -0.11533139
v 0.00295515 0.77764667 -0.11353643
v 0.47283352 0.89954100 -0.11562421
v 0.42951641 0.48641142 -0.11176929
v 0.44248291 0.89698879 -0.11137588
v 0.45214679 0.50311667 -0.11702323
v 0.69055655 0.57519243 -0.06331968
v 0.79198864 0.50505854 -0.11634922
v 0.63070838 0.69285790 -0.11375344
v 0.76059176 0.52760239 -0.11661410
v 0.56462615 0.60516744 -0.11669774
v 0.76600117 0.52496739 -0.11671171
v 0.54181741 0.90857526 -0.11672561
v -0.01511769 0.54541300 -0.10352268
v -0.59070076 1.04997272 -0.11697641
v 0.53618494 0.90748781 -0.11711598
v -0.61060961 0.96782780 -0.11721342
v 0.44946709 0.89946780 -0.10559745
v 0.17856965 0.85902082 -0.12330059
v 0.56187963 0.60197826 -0.11730419
v -0.63496240 1.00581913 -0.11076273
v 0.44732361 0.48869687 -0.09425239
v -0.62220917 0.98059846 -0.12083828
v 0.62480059 0.68617834 -0.12404244
v -0.59304298 1.04874585 -0.11881672
v 0.53813679 0.90739021 -0.11898418
v 0.54404810 0.90846373 -0.11902600
v 0.49737104 0.90129766 -0.11931878
v 0.87450285 0.40576909 -0.11855528
v 0.58788103 0.63376899 -0.12008559
v 0.65561016 0.88220789 -0.09991011
v 0.59128282 0.63800031 -0.12023895
v 0.50094014 0.90147890 -0.12026682
v 0.06109458 0.79929965 -0.12047589
v 0.79422629 0.50059717 -0.11908878
v 0.16546618 0.85068902 -0.12371737
v 0.16055171 0.84916937 -0.12055955
v 0.53361965 0.90620516 -0.12060142
v 0.43842520 0.49471375 -0.12071294
v -0.00289163 0.65110907 -0.10554250
v 0.44577252 0.49989311 -0.12149368
v 0.44246832 0.49754393 -0.12107543
v -0.00405621 0.67834083 -0.12963562
v -0.01203874 0.66867875 -0.12147446
v -0.00760548 0.63349015 -0.12136118
v 0.06066935 0.79876986 -0.12157729
v 0.15985462 0.84815162 -0.12174461
v -0.00456203 0.66765621 -0.12261594
v -0.63525867 0.97584432 -0.11657210
v 0.87435663 0.40522151 -0.11920730
v -0.08698934 0.68998844 -0.09238683
v -0.68514405 0.94420913 -0.12876504
v -0.66448062 0.94975926 -0.12242763
v 0.15056940 0.83756982 -0.13380423
v 0.59306737 0.64007067 -0.11947215
v -0.62307124 1.00560262 -0.11932760
v -0.62255309 0.99532093 -0.12497109
v -0.00756038 0.63060338 -0.12330321
v 0.15709585 0.83066410 -0.12669813
v 0.16876777 0.85720450 -0.11607264
v 0.03932187 0.79179426 -0.11704673
v 0.04451432 0.79135981 -0.12391949
v -0.00705108 0.62915426 -0.12464447
v -0.63503560 0.99869488 -0.12490928
v -0.62430043 1.00435524 -0.12465833
v -0.00697826 0.66864174 -0.12283646
v 0.63723491 0.79177109 -0.12449119
v 0.05390062 0.79400178 -0.12779531
v -0.62927836 0.97736674 -0.11804401
v 0.43866918 0.49616021 -0.12541829
v -0.64659338 0.93856053 -0.26387740
v 0.27382861 0.90060057 -0.12585744
v 0.17961012 0.85311489 -0.13659259
v 0.24106000 0.89012082 -0.10758015
v 0.62013899 0.67413812 -0.11130129
v 0.59117129 0.63827915 -0.12298548
v -0.59701987 0.99429451 -0.12916152
v -0.01304429 0.67944049 -0.12673573
v 0.17983319 0.85788298 -0.12695883
v 0.63409531 0.93038689 -0.08237194
v 0.43972179 0.19188450 -0.09683069
v 0.64197511 0.79364975 -0.11188434
v 0.17790923 0.85636333 -0.12793475
v -0.66063912 0.95211129 -0.12211977
v 0.04630976 0.76895713 -0.14843262
v 0.65050747 0.89836989 -0.12877131
v 0.05394411 0.79396827 -0.12792989
v 0.62580265 0.69172689 -0.13331285
v 0.18126919 0.85775750 -0.12898039
v 0.03128416 0.78704969 -0.12132693
v -0.01156329 0.68580541 -0.12958810
v 0.63715126 0.79009460 -0.12713315
v 0.62613726 0.69064706 -0.12962176
v 0.18545173 0.86864603 -0.11080031
v -0.00346959 0.70866294 -0.13552187
v 0.64844409 0.90343075 -0.13009578
v 0.43224126 0.96066769 -0.12397926
v 0.15268855 0.83355459 -0.13137836
v 0.00857188 0.75638165 -0.13125287
v 0.27516702 0.90015443 -0.13160145
v -0.00998233 0.61857594 -0.12909886
v 0.40998399 0.18706065 -0.13179665
v 0.14758922 0.83850411 -0.12681251
v 0.15125254 0.83545067 -0.13088342
v 0.15349020 0.83211858 -0.13045123
v 0.27784384 0.90142313 -0.13221489
v 0.17969603 0.85350197 -0.13658213
v 0.23532143 0.88065686 -0.13554696
v 0.64894599 0.90026597 -0.13263318
v 0.74697887 0.53656062 -0.13812907
v -0.59577557 1.04434025 -0.13273061
v 0.85895620 0.43052321 -0.10256103
v 0.03575453 0.78670674 -0.12454687
v 0.65473183 0.55036233 -0.13448396
v -0.59672361 1.04381046 -0.13296762
v 0.42226669 0.18781351 -0.13210337
v 0.41793053 0.18765307 -0.13236178
v -0.00109227 0.68524201 -0.13338596
v -0.00188652 0.68673029 -0.13365085
v 0.06566080 0.79722923 -0.13303004
v 0.62424117 0.68818372 -0.13190821
v 0.15284191 0.83376371 -0.13377634
v -0.59432562 1.04436813 -0.13387384
v 0.01225567 0.75460581 -0.13404122
v 0.00694047 0.74034687 -0.13534478
v 0.15490529 0.83275293 -0.14208912
v 0.00061385 0.68746049 -0.13483590
v 0.71158188 0.54259598 -0.13550494
v 0.01452360 0.74860323 -0.13753625
v 0.01026984 0.73413581 -0.13876748
v 0.41399922 0.18812023 -0.13405522
v 0.40911263 0.49813994 -0.16699615
v -0.00573053 0.69132171 -0.13296945
v 0.04553904 0.67663297 -0.13620220
v 0.59472214 0.64333720 -0.13441752
v 0.23536432 0.88030207 -0.13689486
v 0.42055802 0.49138025 -0.14773205
v 0.23573969 0.88028741 -0.13687143
v -0.00026222 0.66232213 -0.10913991
v 0.56328991 0.33697697 -0.15805960
v 0.00941242 0.73851004 -0.13720600
v 0.09319342 0.81192205 -0.12274529
v 0.04573422 0.67734748 -0.13791703
v 0.04859577 0.67797312 -0.13820981
v 0.18929268 0.85770174 -0.13940883
v 0.77392402 0.49076801 -0.13083232
v 0.15494636 0.83723292 -0.13875611
v -0.58150544 0.96597121 -0.15439407
v 0.56557420 0.91079898 -0.13959884
v 0.05475401 0.58088741 -0.15846721
v 0.20492315 0.86879242 -0.13253379
v 0.01324871 0.73437691 -0.14041472
v 0.18644159 0.85531769 -0.14144433
v 0.01419202 0.57546212 -0.14226095
v 0.27858798 0.42058883 -0.10090689
v -0.61061833 0.94957627 -0.14780995
v 0.17199790 0.84696657 -0.14180682
v 0.18479062 0.85413215 -0.14207789
v 0.18460825 0.85379804 -0.14262938
v 0.16848457 0.84455464 -0.14314523
v 0.18553538 0.84944734 -0.13945414
v 0.02173520 0.56485480 -0.14377258
v 0.02663051 0.56246030 -0.14530269
v 0.17311324 0.84689686 -0.14380049
v 0.02422904 0.56545430 -0.14480427
v -0.67217648 0.93718378 -0.14523637
v 0.02446430 0.56824265 -0.14526435
v -0.67120056 0.93785299 -0.14598923
v 0.23493106 0.87985521 -0.13787524
v 0.55502027 0.60395973 -0.15103631
v 0.31517991 0.92218243 -0.14566870
v 0.20118549 0.86109452 -0.14728819
v 0.56010902 0.60770484 -0.14685378
v -0.55589678 1.00043749 -0.13971906
v 0.13153365 0.82532371 -0.13844248
v 0.34419274 0.45837626 -0.15535823
v 0.56128013 0.60937088 -0.14809460
v 0.31668562 0.92280981 -0.14755084
v -0.67490907 0.93491127 -0.14680482
v 0.18444772 0.84818888 -0.13555468
v 0.62772662 0.79123695 -0.14033950
v 0.02080176 0.72141824 -0.14637359
v 0.51811823 0.55561929 -0.12829573
v 0.23245853 0.87982691 -0.13483973
v 0.04261954 0.56591786 -0.15187101
v 0.22954257 0.87246259 -0.15554295
v 0.31826809 0.92748744 -0.12433432
v 0.31752212 0.92241944 -0.15236075
v 0.43304368 0.90957907 -0.15238865
v 0.45479284 0.88440023 -0.15259778
v 0.54131551 0.59066800 -0.15247231
v 0.04164231 0.57485105 -0.15277896
v 0.04344080 0.57204876 -0.15309962
v 0.43142643 0.91332941 -0.15333669
v 0.45733025 0.88421899 -0.15360158
v 0.39498787 0.90957733 -0.19749465
v 0.43153797 0.91020645 -0.15481452
v 0.65717171 0.75269298 -0.11663831
v 0.56042271 0.60735543 -0.14460218
v 0.11648873 0.69326114 -0.16044695
v 0.34076060 0.44832120 -0.14704980
v 0.45610337 0.88274116 -0.15666877
v 0.55445998 0.60773720 -0.16220917
v 0.26487799 0.88990723 -0.15715672
v 0.54859441 0.59876922 -0.15481529
v 0.26769423 0.89125958 -0.15829995
v 0.55039160 0.60274506 -0.15965581
v 0.03894458 0.77776658 -0.13906026
v 0.45850135 0.88209984 -0.15867639
v 0.36871634 0.30927423 -0.15878792
v 0.39704602 0.21539033 -0.15923406
v 0.40373807 0.21444229 -0.16020998
v 0.40016898 0.21555763 -0.15976385
v 0.37275599 0.31033472 -0.15944312
v 0.26314921 0.88856882 -0.16000084
v 0.46112241 0.88162582 -0.16022392
v 0.45705141 0.88110997 -0.16040517
v 0.40227419 0.21622684 -0.16020301
v 0.38702189 0.31647515 -0.15859971
v 0.19117586 0.85187336 -0.17804311
v 0.35170041 0.46787583 -0.16359782
v 0.11819659 0.69324110 -0.16140893
v 0.37493437 0.30854926 -0.16189694
v 0.38056685 0.31050111 -0.16231519
v 0.11968836 0.69254053 -0.16258004
v 0.34875172 0.46712298 -0.16411368
v 0.14154557 0.72295821 -0.17986437
v 0.37406998 0.94297659 -0.16765839
v 0.11876124 0.69426059 -0.16118587
v 0.57120667 0.62559562 -0.16230128
v 0.35271263 0.46988950 -0.16551624
v 0.35283318 0.93846642 -0.16632345
v 0.37904719 0.31092633 -0.16133230
v 0.13456946 0.66303059 -0.18579311
v 0.48521033 0.34056131 -0.16652388
v 0.42934321 0.51781239 -0.18158003
v -0.66826122 0.94580691 -0.19262441
v 0.37798762 0.96562500 -0.11663497
v 0.49608660 0.68146499 -0.27046850
v 0.38484697 0.31016650 -0.16411369
v 0.27750276 0.89374236 -0.18170966
v 0.35572261 0.93885679 -0.16751547
v 0.55475538 0.61352553 -0.17323163
v 0.34875172 0.46712298 -0.16411368
v 0.63885215 0.88727224 -0.16906305
v 0.56222817 0.61922772 -0.16934187
v 0.34378646 0.93143411 -0.17532738
v 0.55135359 0.60855529 -0.16998319
v 0.35262753 0.93651458 -0.17049901
v 0.63890792 0.88378679 -0.17072212
v 0.13389502 0.69117598 -0.17093118
v 0.13180376 0.68891218 -0.17094512
v 0.56429155 0.62217640 -0.17107066
v 0.63801565 0.88608719 -0.17123797
v 0.55297083 0.61098116 -0.17173986
v 0.34629537 0.47426054 -0.17225187
v 0.08655169 0.58740842 -0.17056909
v 0.13597235 0.69033163 -0.17246477
v 0.60808266 0.80895171 -0.16422176
v 0.36337141 0.46463568 -0.15024379
v 0.61068977 0.81388972 -0.17253455
v 0.42741023 0.32333214 -0.16757112
v 0.35586203 0.47306217 -0.16764792
v -0.68918550 0.94161727 -0.17330117
v 0.24500741 0.51903346 -0.18675806
v 0.43423887 0.28824881 -0.19164879
v 0.09750003 0.64490149 -0.17413779
v 0.10102032 0.65016800 -0.17448633
v 0.12001643 0.70266539 -0.16248318
v -0.68979894 0.94041827 -0.17463958
v 0.09198661 0.51561752 -0.12911236
v 0.22330362 0.50351798 -0.17719105
v 0.60734375 0.81276043 -0.17509984
v 0.56183780 0.62166056 -0.17516953
v 0.53906558 0.60474790 -0.18561284
v 0.37951535 0.46565402 -0.14502559
v 0.61047929 0.76839161 -0.18981231
v 0.37666315 0.27441980 -0.17547624
v 0.38237056 0.29032562 -0.17249444
v 0.58414464 0.22966671 -0.17586663
v 0.30650812 0.91144727 -0.17600601
v 0.57828909 0.22916480 -0.17600605
v -0.68924126 0.94175668 -0.17613135
v 0.10067178 0.64220376 -0.17614540
v 0.39272059 0.50471174 -0.18303442
v 0.22384125 0.49498300 -0.17427635
v 0.43511143 0.23907043 -0.17256491
v 0.09754512 0.71509573 -0.16841947
v 0.22610592 0.50171252 -0.17709346
v 0.19837691 0.73835390 -0.18395824
v 0.38481061 0.27516938 -0.17757735
v 0.22921494 0.50345524 -0.17830639
v 0.30745616 0.91160063 -0.17858524
v 0.17471654 0.71423567 -0.18140146
v 0.16168098 0.70367341 -0.17951932
v 0.30327363 0.48261229 -0.18155484
v 0.61699145 0.81707890 -0.16889226
v 0.30561585 0.91031799 -0.17988182
v 0.17023425 0.70460147 -0.18337422
v 0.22674724 0.86782346 -0.18013276
v 0.30003914 0.48004700 -0.18017460
v 0.21948489 0.52271013 -0.18277909
v 0.58885282 0.25816391 -0.14299868
v 0.10730806 0.60335501 -0.17924048
v 0.30201887 0.48085562 -0.18067651
v 0.46915290 0.26137030 -0.18067653
v 0.15233825 0.70121895 -0.17585612
v 0.34366295 0.92953672 -0.17962390
v 0.34086065 0.92736877 -0.18214039
v 0.62936517 0.37031396 -0.16336583
v 0.22645447 0.86767010 -0.18161059
v 0.62518921 0.89499598 -0.18197313
v 0.31403291 0.75693575 -0.18320054
v 0.16690217 0.70589266 -0.18113657
v 0.34166392 0.92769494 -0.18224406
v 0.28481995 0.50796104 -0.18904418
v 0.11706489 0.60659467 -0.18255764
v 0.34787338 0.92533327 -0.19142561
v 0.22540883 0.86715426 -0.18285141
v 0.51594148 0.25785697 -0.18289327
v -0.61601902 1.01032232 -0.18315802
v 0.51181472 0.26003189 -0.18319999
v 0.60596260 0.24412053 -0.18845226
v 0.62429694 0.89436860 -0.18356249
v 0.52505457 0.28864738 -0.19896890
v 0.62543968 0.90353207 -0.19109211
v 0.62602572 0.89241675 -0.18386921
v 0.19799234 0.54138557 -0.18424036
v 0.14526628 0.64308470 -0.19436904
v 0.34005203 0.92632314 -0.18410618
v -0.61289606 1.01012714 -0.18418971
v 0.05237097 0.77106328 -0.15370714
v 0.23159789 0.87009401 -0.18685239
v 0.19472299 0.54601947 -0.18495662
v 0.18911840 0.55066208 -0.18513786
v 0.33024054 0.92212308 -0.18514936
v 0.18090669 0.70893137 -0.18669934
v 0.57400897 0.23595445 -0.18254823
v 0.55252470 0.61086788 -0.17233238
v 0.11687038 0.60381247 -0.18208460
v 0.56679064 0.28136956 -0.19073120
v 0.14463193 0.66476852 -0.18976651
v -0.66987348 0.95178125 -0.12912360
v 0.22437714 0.86662447 -0.18820505
v 0.21998548 0.86457503 -0.18865119
v 0.24986787 0.87904479 -0.18174711
v 0.18170138 0.70315196 -0.18965499
v 0.14192548 0.66015728 -0.18969680
v 0.29496091 0.49556285 -0.18664659
v -0.61624209 1.00756185 -0.19001737
v 0.28358785 0.50968721 -0.19001749
v 0.32963055 0.77431774 -0.19431853
v 0.61555545 0.26693307 -0.19022666
v 0.60737163 0.25610031 -0.19033122
v 0.60862639 0.27253766 -0.19045670
v 0.61271900 0.26545814 -0.19041735
v 0.61202818 0.25785697 -0.19042185
v 0.60935136 0.25788486 -0.19043579
v 0.61544392 0.25861680 -0.19030508
v 0.23571180 0.87203388 -0.18711759
v 0.60074929 0.28543380 -0.19051247
v 0.50891483 0.58196136 -0.19044971
v 0.41154546 0.52071515 -0.19005933
v 0.28623679 0.51664415 -0.19295921
v 0.21811729 0.86376641 -0.19114676
v 0.41642509 0.52425636 -0.19118862
v 0.46277627 0.27078448 -0.19003669
v 0.29292884 0.51640714 -0.19386542
v 0.43905868 0.88474268 -0.14594581
v 0.48962468 0.27400546 -0.19695369
v 0.63066136 0.32599390 -0.17851383
v 0.08125348 0.54429597 -0.16064124
v 0.14606968 0.65749178 -0.19200765
v 0.18609303 0.70425488 -0.19121647
v 0.28760308 0.51456683 -0.19240154
v 0.21994366 0.86460291 -0.19242941
v 0.62150859 0.32430346 -0.19258282
v 0.20746926 0.56543862 -0.19362143
v 0.51131282 0.58575352 -0.19293135
v 0.41854075 0.51484044 -0.18076714
v 0.33249559 0.77407898 -0.19624947
v 0.41865577 0.52722596 -0.19295922
v 0.41773336 0.87858526 -0.18806885
v 0.22453747 0.86676215 -0.18527205
v 0.51203779 0.58589294 -0.19233185
v 0.29741067 0.78657497 -0.19438628
v 0.26370688 0.53402954 -0.19522474
v 0.62028171 0.32104109 -0.19410247
v 0.54170588 0.88486031 -0.19417217
v -0.60019511 0.96378468 -0.13771480
v -0.66807063 0.94434985 -0.12411633
v 0.53930790 0.88335460 -0.19447889
v 0.21125096 0.56380220 -0.19392815
v 0.51064361 0.58639484 -0.19454860
v 0.21238722 0.56507787 -0.19457644
v 0.28703447 0.51766049 -0.19345905
v 0.54460577 0.88685398 -0.19486926
v 0.21531499 0.56417166 -0.19493892
v 0.22244621 0.56693213 -0.19729508
v 0.55425348 0.97875815 -0.19514809
v 0.11288391 0.69191264 -0.16774156
v 0.40094972 0.54993014 -0.21484083
v 0.39529225 0.51725146 -0.19409461
v 0.18500860 0.58709092 -0.20716086
v 0.18022355 0.70163122 -0.18964105
v 0.24994417 0.73812641 -0.20613047
v 0.54349037 0.88554346 -0.19609613
v 0.21362803 0.56917675 -0.19612398
v 0.26730386 0.54280589 -0.19882869
v 0.26319617 0.53904033 -0.19681111
v 0.54070202 0.88342431 -0.19636103
v 0.21826559 0.56719163 -0.19651053
v 0.51792207 0.33141856 -0.18432993
v 0.63225903 0.30625800 -0.18704750
v 0.29396053 0.52255547 -0.19634706
v 0.54538645 0.88696552 -0.19700235
v 0.21463184 0.57152594 -0.19707202
v 0.27823769 0.52561917 -0.19492325
v 0.18238343 0.61013365 -0.20054744
v 0.18711470 0.60203446 -0.20185361
v 0.55308231 0.97794952 -0.19843835
v 0.32857938 0.48937866 -0.18876485
v 0.32629150 0.47805333 -0.17781147
v 0.55419765 0.97767069 -0.19956763
v 0.54504316 0.29022018 -0.19742932
v 0.27175128 0.78003909 -0.20191680
v 0.33150808 0.77484993 -0.19965478
v 0.32246971 0.77019969 -0.18855361
v 0.61715873 0.32442894 -0.19529798
v 0.20475845 0.58602539 -0.20064677
v 0.22023905 0.75384272 -0.18625233
v 0.33143601 0.77494337 -0.20184709
v 0.33934716 0.77120295 -0.20279960
v 0.11741988 0.59091005 -0.18962638
v 0.59652488 0.32196124 -0.20217476
v 0.27842939 0.78332935 -0.20248144
v 0.60343999 0.72249094 -0.20811395
v 0.60327269 0.72685297 -0.20881104
v 0.38620237 0.53933965 -0.21149710
v -0.67490912 0.93082633 -0.20309474
v 0.59540953 0.31867098 -0.20320645
v 0.27828998 0.78314811 -0.20327612
v 0.48683101 0.57788339 -0.20584840
v -0.67156310 0.93300125 -0.20446103
v 0.30267103 0.74615926 -0.21822991
v 0.49215677 0.58148037 -0.20573687
v 0.40136797 0.93145371 -0.17685647
v 0.27916831 0.78339209 -0.20402200
v 0.18562081 0.67959324 -0.20303497
v 0.49006550 0.58115274 -0.20701254
v 0.27742559 0.56233134 -0.20680339
v -0.67345918 0.93137006 -0.20713785
v 0.29073998 0.56167608 -0.20902013
v 0.27366131 0.56836813 -0.20789085
v 0.57148545 0.86142419 -0.20803030
v 0.21434740 0.68805643 -0.21153081
v 0.60343999 0.72249094 -0.20811395
v 0.49095777 0.58269330 -0.20798149
v 0.29178561 0.77908408 -0.19461828
v 0.30623713 0.63195525 -0.23648629
v 0.28838382 0.56129965 -0.20849034
v 0.57388344 0.86090834 -0.20864374
v 0.60343999 0.72607398 -0.20868557
v 0.41151061 0.84829104 -0.20485504
v 0.19117925 0.60445035 -0.20044140
v 0.28598583 0.56128571 -0.20807209
v 0.57243349 0.86004395 -0.20917353
v 0.25675926 0.58150083 -0.20861181
v 0.27916831 0.57102055 -0.20968933
v 0.27717216 0.56739747 -0.20825082
v 0.29538259 0.56202462 -0.20989846
v 0.29407206 0.56333515 -0.21007970
v 0.23336958 0.70549636 -0.21040035
v 0.43109183 0.83595257 -0.21504299
v 0.29744510 0.55618128 -0.20839667
v 0.23509836 0.70456373 -0.21140416
v 0.23939243 0.70708201 -0.21176664
v 0.30204676 0.79300146 -0.21471534
v 0.48083257 0.55768580 -0.19099251
v 0.49188920 0.60002177 -0.22511009
v 0.46639499 0.84604048 -0.20992666
v 0.59519385 0.71933883 -0.21704110
v 0.42094222 0.83460022 -0.21580979
v 0.21117428 0.66250646 -0.21571217
v 0.42691018 0.83505131 -0.21555848
v 0.32293153 0.72302596 -0.21629773
v 0.21432512 0.65997603 -0.21631166
v 0.21468761 0.66238099 -0.21667415
v 0.32712124 0.72119191 -0.21663382
v 0.29866588 0.58141937 -0.21645981
v 0.29817000 0.84542177 -0.27036083
v 0.23413290 0.69394189 -0.21600494
v 0.24025682 0.69450588 -0.21773372
v 0.35373893 0.59059775 -0.22806152
v 0.24713011 0.70954557 -0.21333509
v 0.42177873 0.82889803 -0.21861208
v 0.40832492 0.53015025 -0.19986040
v 0.29816746 0.77381670 -0.19266469
v 0.41268869 0.83111478 -0.21763616
v 0.38623592 0.85946537 -0.21342923
v 0.41751254 0.83002732 -0.21812412
v 0.38690338 0.75836486 -0.23790750
v 0.23969792 0.69507596 -0.21737618
v 0.42403729 0.83123328 -0.21739915
v 0.42200229 0.82889167 -0.21862055
v 0.42576607 0.82768510 -0.21901639
v 0.42576607 0.82768510 -0.21901639
v 0.40758600 0.82895380 -0.21869573
v 0.42757850 0.82531500 -0.21990867
v 0.41583953 0.82592844 -0.21990867
v 0.22485347 0.61075587 -0.21881923
v 0.44309899 0.58960741 -0.23277950
v 0.41176853 0.82527317 -0.22024327
v 0.42281042 0.82109064 -0.22170716
v 0.36976546 0.57086719 -0.22272665
v 0.53174443 0.76417379 -0.22934379
v 0.54834211 0.76630645 -0.22285041
v 0.37635817 0.58061685 -0.22696843
v 0.40058723 0.81772370 -0.22349170
v 0.32241743 0.71765140 -0.22238507
v 0.55062856 0.76439642 -0.22374268
v 0.40354289 0.81528389 -0.22443974
v 0.36670872 0.57699809 -0.22466281
v 0.36871634 0.57726298 -0.22496953
v 0.39570761 0.81264193 -0.22561085
v 0.41981468 0.60132779 -0.23826998
v -0.64331561 0.93413931 -0.21010931
v 0.25771192 0.65830651 -0.22678193
v 0.54666910 0.76235395 -0.22706082
v 0.25757250 0.66249949 -0.22717230
v 0.25591343 0.66710464 -0.22729081
v 0.61809776 0.71527050 -0.19271369
v 0.34713098 0.62022281 -0.23577789
v 0.25854843 0.67436046 -0.22851071
v 0.57038300 0.81071628 -0.21848106
v 0.45044301 0.58912394 -0.23088084
v 0.28035336 0.65699598 -0.23132695
v 0.26088944 0.67414352 -0.22895820
v 0.39190848 0.80624091 -0.22805763
v 0.25184940 0.67914989 -0.22695621
v 0.26213146 0.67622691 -0.22938904
v 0.34961611 0.89340662 -0.22998857
v 0.29995821 0.65636361 -0.23374510
v 0.31091198 0.64253291 -0.23296861
v 0.39027127 0.79926353 -0.23057224
v 0.40239966 0.79899293 -0.23040682
v 0.33216650 0.76224091 -0.27730961
v 0.27286663 0.67388644 -0.23139666
v 0.34207358 0.61147783 -0.23251900
v 0.27997519 0.67487216 -0.23294071
v 0.27854093 0.67081228 -0.23224711
v 0.34788733 0.89079950 -0.23230290
v 0.45758120 0.59574977 -0.23333459
v 0.39349031 0.74123909 -0.23756052
v 0.38420565 0.79875592 -0.23079022
v 0.45482073 0.59443227 -0.23316729
v 0.45936574 0.59887273 -0.23489607
v 0.34523837 0.89042308 -0.23330671
v 0.52795924 0.75826204 -0.23584414
v 0.35089875 0.61261932 -0.23425475
v 0.39077222 0.78901062 -0.23347401
v 0.39671142 0.78839718 -0.23358555
v 0.28784009 0.65861845 -0.23295814
v 0.45751250 0.59673047 -0.23400702
v 0.38192268 0.76780432 -0.23672942
v 0.29331921 0.66162116 -0.23439414
v 0.34813828 0.61418080 -0.23425475
v 0.29331921 0.66162116 -0.23439414
v 0.34643736 0.61663455 -0.23467300
v 0.35424478 0.61427142 -0.23523067
v 0.38777003 0.63853603 -0.24771836
v 0.36461049 0.61445963 -0.23686186
v 0.52904670 0.75770089 -0.23615086
v 0.52949283 0.75664131 -0.23704313
v 0.37010006 0.73081821 -0.23993167
v 0.37684439 0.75056096 -0.23743347
v 0.38112452 0.75124236 -0.23782384
v 0.38458208 0.75298857 -0.23807480
v 0.38394773 0.74864745 -0.23800509
v 0.31455340 0.62731896 -0.23691762
v 0.30707815 0.69896169 -0.23710845
v 0.41971530 0.76925594 -0.23909334
v 0.46391074 0.73604931 -0.26144121
v 0.32560835 0.66810409 -0.24091892
v 0.32443724 0.67290703 -0.24128140
v -0.61285897 1.02104697 -0.14623469
v 0.32686311 0.68608200 -0.24337267
v 0.35910697 0.71824918 -0.23985412
v 0.50401971 0.70270708 -0.23759011
v 0.41469631 0.62013393 -0.24490626
v 0.32761934 0.62307280 -0.23282456
v 0.42024513 0.61652301 -0.24404188
v 0.47735060 0.61419125 -0.23956657
v 0.48606288 0.76454658 -0.23018051
v 0.42120711 0.61909178 -0.24505962
v -0.65075037 0.96234045 -0.24910627
v 0.44628836 0.74365107 -0.24798740
v 0.45141545 0.63876973 -0.25576342
v 0.33993378 0.69837590 -0.24734702
v -0.65185989 0.96330805 -0.23140091
v 0.40449093 0.70285842 -0.26264020
v 0.45358688 0.74374779 -0.24966041
v 0.56136788 0.65564308 -0.22720830
v 0.39580256 0.68706591 -0.26304665
v 0.44680911 0.74129715 -0.25110957
v -0.62572255 0.93117488 -0.25809505
v 0.38294986 0.71575654 -0.25633298
v -0.75613394 0.86783043 -0.26176170
v -0.62711673 0.93033837 -0.25884790
v 0.44595376 0.73486775 -0.25898746
v 0.46582076 0.73315727 -0.26494059
v 0.42924147 0.85551070 -0.30698941
v -0.62683789 0.93015713 -0.26174779
v -0.75745969 0.86894670 -0.26176159
v -0.75867135 0.86959407 -0.26040935
v 0.42847078 0.71955620 -0.26669726
v -0.61406843 0.94401920 -0.26318790
v 0.45406787 0.75835266 -0.23284663
v -0.75688680 0.87123920 -0.26381115
v 0.45484861 0.73201317 -0.26425745
v 0.46120606 0.73310411 -0.26425745
v 0.57403682 0.80193421 -0.19080437
v 0.44605268 0.72018568 -0.27582010
v 0.42757637 0.72044219 -0.26689985
v -0.64421980 0.93876748 -0.25660502
v 0.45970572 0.66635709 -0.26833362
v 0.43192137 0.72581039 -0.26472449
v -0.64593812 0.96593172 -0.25134723
v 0.53440728 0.71453770 -0.26228677
v -0.62374282 0.93319643 -0.27108878
v 0.46746590 0.68691415 -0.27377968
v 0.49132733 0.65893377 -0.26279287
v 0.40119048 0.80551726 -0.27155402
v 0.46233185 0.64242683 -0.25756888
v 0.48297442 0.67734548 -0.27228300
v 0.34317064 0.75842412 -0.22029402
v 0.40680178 0.70094507 -0.26413894
v 0.39277984 0.78001818 -0.27407245
v 0.47963705 0.68605935 -0.27429552
v -0.62463682 0.93208106 -0.27133117
v -0.62767440 0.92962734 -0.28129416
v -0.66894727 0.90854346 -0.37836552
v -0.71874211 1.09888046 -0.32930959
v -0.71846327 1.09676131 -0.33148451
v -0.71734793 1.09745840 -0.33156816
v -0.70036605 1.09283169 -0.36403540
v -0.71375096 1.10850725 -0.38885144
v -0.73564825 1.15801536 -0.35223621
v -0.66552083 0.91767505 -0.32449400
v -0.66572963 0.91350387 -0.37914348
v -0.66234759 0.90470642 -0.38004376
v -0.71060709 1.09144078 -0.38347863
v -0.78566262 1.15448025 -0.39059765
v -0.78605299 1.15793781 -0.39327447
v -0.78510495 1.15448025 -0.39352542
v -0.74739979 1.20992544 -0.36796374
v -0.75206992 1.19712116 -0.42017861
v -0.72311528 1.11369142 -0.42804374
v -0.76385769 1.15779839 -0.43504402
v -0.76430382 1.16147902 -0.43507191
v -0.76274234 1.15835606 -0.43588053
v -0.73490585 1.13755929 -0.43873511
v -0.74236162 1.15926254 -0.44033205
vt 0.78979492 0.48071289
vt 0.60620117 0.63793945
vt 0.80786133 0.78125000
vt 0.19506836 0.68066406
vt 0.34863281 0.71484375
vt 0.66503906 0.10205078
vt 0.71191406 0.00976562
vt 0.48608398 0.86254883
vt 0.69506836 0.58007812
vt 0.07104492 0.30273438
vt 0.56665039 0.17895508
vt 0.43286133 0.11596680
vt 0.84667969 0.71240234
vt 0.81201172 0.87890625
vt 0.34692383 0.71508789
vt 0.78637695 0.03320312
vt 0.81933594 0.64379883
vt 0.18994141 0.18798828
vt 0.76147461 0.17456055
vt 0.26904297 0.66943359
vt 0.14965820 0.76708984
vt 0.81250000 0.48095703
vt 0.80151367 0.55908203
vt 0.77148438 0.00708008
vt 0.35742188 0.48437500
vt 0.36547852 0.74462891
vt 0.87329102 0.84155273
vt 0.66601562 0.92822266
vt 0.10766602 0.11621094
vt 0.43212891 0.11547852
vt 0.66259766 0.88134766
vt 0.34667969 0.84692383
vt 0.18652344 0.25341797
vt 0.55541992 0.16186523
vt 0.37011719 0.44165039
vt 0.18774414 0.25415039
vt 0.09399414 0.79760742
vt 0.11694336 0.86450195
vt 0.85717773 0.52905273
vt 0.37768555 0.43408203
vt 0.04028320 0.92211914
vt 0.82177734 0.94482422
vt 0.98706055 0.76416016
vt 0.09741211 0.81347656
vt 0.63818359 0.67016602
vt 0.80883789 0.47485352
vt 0.24682617 0.67260742
vt 0.52856445 0.99096680
vt 0.88842773 0.72094727
vt 0.81103516 0.88012695
vt 0.86938477 0.75732422
vt 0.25610352 0.66943359
vt 0.14916992 0.69335938
vt 0.78369141 0.74560547
vt 0.08129883 0.27319336
vt 0.35302734 0.84643555
vt 0.79150391 0.52807617
vt 0.23291016 0.24780273
vt 0.53344727 0.99804688
vt 0.25732422 0.67138672
vt 0.64477539 0.17382812
vt 0.26123047 0.67187500
vt 0.26513672 0.67358398
vt 0.66528320 0.10083008
vt 0.82324219 0.94482422
vt 0.25854492 0.67236328
vt 0.74291992 0.01660156
vt 0.66528320 0.10107422
vt 0.76416016 0.74145508
vt 0.76391602 0.61938477
vt 0.02001953 0.54956055
vt 0.33178711 0.84741211
vt 0.60546875 0.66357422
vt 0.78393555 0.74829102
vt 0.07031250 0.97338867
vt 0.82543945 0.94433594
vt 0.62329102 0.95678711
vt 0.66625977 0.10327148
vt 0.37475586 0.66821289
vt 0.06616211 0.30004883
vt 0.95898438 0.97949219
vt 0.74194336 0.01464844
vt 0.42138672 0.11767578
vt 0.33447266 0.11352539
vt 0.26586914 0.67016602
vt 0.92260742 0.42358398
vt 0.81884766 0.94799805
vt 0.78369141 0.95532227
vt 0.77490234 0.54663086
vt 0.78173828 0.74804688
vt 0.78320312 0.74853516
vt 0.67871094 0.98364258
vt 0.26464844 0.67138672
vt 0.98925781 0.76782227
vt 0.35131836 0.84790039
vt 0.35864258 0.84594727
vt 0.76464844 0.03149414
vt 0.74194336 0.02075195
vt 0.80102539 0.55834961
vt 0.78417969 0.74609375
vt 0.65258789 0.13745117
vt 0.58520508 0.51977539
vt 0.74194336 0.02075195
vt 0.81884766 0.94873047
vt 0.96093750 0.64379883
vt 0.43139648 0.10351562
vt 0.80566406 0.73339844
vt 0.10278320 0.98217773
vt 0.33056641 0.08984375
vt 0.89794922 0.93334961
vt 0.89355469 0.93139648
vt 0.61181641 0.66162109
vt 0.24877930 0.67480469
vt 0.80151367 0.88281250
vt 0.74658203 0.03173828
vt 0.35498047 0.84790039
vt 0.79345703 0.53491211
vt 0.32983398 0.09008789
vt 0.32958984 0.10742188
vt 0.35839844 0.84716797
vt 0.62377930 0.65844727
vt 0.08520508 0.27929688
vt 0.26416016 0.66772461
vt 0.92993164 0.45239258
vt 0.09960938 0.01904297
vt 0.72167969 0.78247070
vt 0.30468750 0.02148438
vt 0.09179688 0.03002930
vt 0.32910156 0.08984375
vt 0.13305664 0.79980469
vt 0.57373047 0.51464844
vt 0.41796875 0.80737305
vt 0.66845703 0.10131836
vt 0.67602539 0.64038086
vt 0.79223633 0.16748047
vt 0.27075195 0.67089844
vt 0.10937500 0.85156250
vt 0.81323242 0.48803711
vt 0.65063477 0.14868164
vt 0.39184570 0.34887695
vt 0.04760742 0.84594727
vt 0.66381836 0.10083008
vt 0.66235352 0.10058594
vt 0.61669922 0.66406250
vt 0.61035156 0.66064453
vt 0.66357422 0.10058594
vt 0.26171875 0.67236328
vt 0.52832031 0.99707031
vt 0.91284180 0.92724609
vt 0.34448242 0.85009766
vt 0.75317383 0.79345703
vt 0.43066406 0.10156250
vt 0.35644531 0.84765625
vt 0.66186523 0.95068359
vt 0.72167969 0.78198242
vt 0.74462891 0.76513672
vt 0.89770508 0.93286133
vt 0.10473633 0.84350586
vt 0.97070312 0.71240234
vt 0.07446289 0.29223633
vt 0.38305664 0.33129883
vt 0.27392578 0.67041016
vt 0.10180664 0.83544922
vt 0.15356445 0.69628906
vt 0.74804688 0.79077148
vt 0.18261719 0.18286133
vt 0.23339844 0.67944336
vt 0.35424805 0.84838867
vt 0.38867188 0.34228516
vt 0.25537109 0.67382812
vt 0.35571289 0.84814453
vt 0.33544922 0.85229492
vt 0.43115234 0.09350586
vt 0.25610352 0.67382812
vt 0.35937500 0.46289062
vt 0.35498047 0.84814453
vt 0.72094727 0.78076172
vt 0.27148438 0.66992188
vt 0.54223633 0.48852539
vt 0.78613281 0.27880859
vt 0.61132812 0.66210938
vt 0.52807617 0.99755859
vt 0.29663086 0.09228516
vt 0.30566406 0.02099609
vt 0.30322266 0.09277344
vt 0.80908203 0.55688477
vt 0.36791992 0.46508789
vt 0.08056641 0.30224609
vt 0.39843750 0.83666992
vt 0.81127930 0.84179688
vt 0.33325195 0.85205078
vt 0.25561523 0.67407227
vt 0.56933594 0.50488281
vt 0.67993164 0.98364258
vt 0.08349609 0.32739258
vt 0.25683594 0.67431641
vt 0.96411133 0.71240234
vt 0.09960938 0.98706055
vt 0.79467773 0.55712891
vt 0.32836914 0.85327148
vt 0.33398438 0.85205078
vt 0.33398438 0.85205078
vt 0.78784180 0.34423828
vt 0.09716797 0.79199219
vt 0.33471680 0.85205078
vt 0.11035156 0.85571289
vt 0.97070312 0.71093750
vt 0.08007812 0.30517578
vt 0.92846680 0.71801758
vt 0.30541992 0.02050781
vt 0.81127930 0.48266602
vt 0.76489258 0.04052734
vt 0.26586914 0.67285156
vt 0.36889648 0.46142578
vt 0.36791992 0.46313477
vt 0.26831055 0.67480469
vt 0.42016602 0.11425781
vt 0.79956055 0.55053711
vt 0.60961914 0.66479492
vt 0.07861328 0.31201172
vt 0.74780273 0.82397461
vt 0.39990234 0.06372070
vt 0.07983398 0.30664062
vt 0.39892578 0.35351562
vt 0.61621094 0.66723633
vt 0.00634766 0.68896484
vt 0.62231445 0.62744141
vt 0.81665039 0.73876953
vt 0.07641602 0.32568359
vt 0.08032227 0.30444336
vt 0.97338867 0.76831055
vt 0.39331055 0.34033203
vt 0.57128906 0.48876953
vt 0.77929688 0.74902344
vt 0.66186523 0.94946289
vt 0.36889648 0.46142578
vt 0.08374023 0.30615234
vt 0.08081055 0.30664062
vt 0.27221680 0.67041016
vt 0.56811523 0.17504883
vt 0.07861328 0.31665039
vt 0.03833008 0.88891602
vt 0.98852539 0.76782227
vt 0.09936523 0.01733398
vt 0.96997070 0.71069336
vt 0.42773438 0.09936523
vt 0.48120117 0.86938477
vt 0.02514648 0.23901367
vt 0.54687500 0.49536133
vt 0.81738281 0.86010742
vt 0.39868164 0.83764648
vt 0.24658203 0.67846680
vt 0.27197266 0.67138672
vt 0.54418945 0.49389648
vt 0.79394531 0.84375000
vt 0.67749023 0.88256836
vt 0.65698242 0.31787109
vt 0.27636719 0.67285156
vt 0.01660156 0.89428711
vt 0.52514648 0.96289062
vt 0.39428711 0.46411133
vt 0.52661133 0.98510742
vt 0.35400391 0.84985352
vt 0.82275391 0.92407227
vt 0.74658203 0.03295898
vt 0.45996094 0.09692383
vt 0.27905273 0.67041016
vt 0.16748047 0.79443359
vt 0.66772461 0.88134766
vt 0.33911133 0.88037109
vt 0.37915039 0.65722656
vt 0.08032227 0.31445312
vt 0.40283203 0.84130859
vt 0.40063477 0.83740234
vt 0.40063477 0.83740234
vt 0.66088867 0.17236328
vt 0.53002930 0.99194336
vt 0.13208008 0.66381836
vt 0.95898438 0.63647461
vt 0.41284180 0.83251953
vt 0.96435547 0.71215820
vt 0.39916992 0.83837891
vt 0.39916992 0.83837891
vt 0.16796875 0.81835938
vt 0.09252930 0.02026367
vt 0.08447266 0.30761719
vt 0.52563477 0.98583984
vt 0.59472656 0.64111328
vt 0.35302734 0.84423828
vt 0.27197266 0.67138672
vt 0.59912109 0.66259766
vt 0.52587891 0.98608398
vt 0.66381836 0.63208008
vt 0.42749023 0.09741211
vt 0.14526367 0.70361328
vt 0.56298828 0.19018555
vt 0.29125977 0.01977539
vt 0.39160156 0.34326172
vt 0.39331055 0.34594727
vt 0.64355469 0.92138672
vt 0.81518555 0.86669922
vt 0.41210938 0.83349609
vt 0.09252930 0.81884766
vt 0.67138672 0.90795898
vt 0.04907227 0.85815430
vt 0.08593750 0.30322266
vt 0.38354492 0.32739258
vt 0.54052734 0.43090820
vt 0.80419922 0.87963867
vt 0.79638672 0.73095703
vt 0.08496094 0.29980469
vt 0.29663086 0.08984375
vt 0.70800781 0.63671875
vt 0.67236328 0.12939453
vt 0.35351562 0.85131836
vt 0.35351562 0.85131836
vt 0.39160156 0.34228516
vt 0.07763672 0.33642578
vt 0.13232422 0.66479492
vt 0.79711914 0.53564453
vt 0.45019531 0.00781250
vt 0.40234375 0.83813477
vt 0.29541016 0.69335938
vt 0.81420898 0.58740234
vt 0.82373047 0.82275391
vt 0.39477539 0.06567383
vt 0.79833984 0.87036133
vt 0.59448242 0.29077148
vt 0.95947266 0.63037109
vt 0.74877930 0.03637695
vt 0.66894531 0.88061523
vt 0.27148438 0.67382812
vt 0.06176758 0.55517578
vt 0.60009766 0.66186523
vt 0.17773438 0.81176758
vt 0.09887695 0.84960938
vt 0.66943359 0.87841797
vt 0.21533203 0.68798828
vt 0.02368164 0.88549805
vt 0.08471680 0.80517578
vt 0.59692383 0.66040039
vt 0.00634766 0.68847656
vt 0.61059570 0.46557617
vt 0.76586914 0.04150391
vt 0.79370117 0.74584961
vt 0.42431641 0.82861328
vt 0.27148438 0.67382812
vt 0.54003906 0.47021484
vt 0.16235352 0.77807617
vt 0.30322266 0.08886719
vt 0.26342773 0.67504883
vt 0.60156250 0.66333008
vt 0.27758789 0.67285156
vt 0.79614258 0.52343750
vt 0.35473633 0.85205078
vt 0.56909180 0.17260742
vt 0.61010742 0.46459961
vt 0.67211914 0.91674805
vt 0.53686523 0.49145508
vt 0.42480469 0.10278320
vt 0.01586914 0.90747070
vt 0.72509766 0.46875000
vt 0.35107422 0.85278320
vt 0.18017578 0.81054688
vt 0.37231445 0.46215820
vt 0.05786133 0.97070312
vt 0.42675781 0.82934570
vt 0.96386719 0.71215820
vt 0.76684570 0.04077148
vt 0.66845703 0.87890625
vt 0.53393555 0.49047852
vt 0.76416016 0.04125977
vt 0.77343750 0.02685547
vt 0.33325195 0.92529297
vt 0.81518555 0.58764648
vt 0.59643555 0.66064453
vt 0.12890625 0.64599609
vt 0.38037109 0.35839844
vt 0.23657227 0.68383789
vt 0.01928711 0.90161133
vt 0.79028320 0.34643555
vt 0.09912109 0.84863281
vt 0.59545898 0.66137695
vt 0.33300781 0.92480469
vt 0.79760742 0.83935547
vt 0.67065430 0.88183594
vt 0.74682617 0.03393555
vt 0.79956055 0.53833008
vt 0.64257812 0.88671875
vt 0.65722656 0.62890625
vt 0.74658203 0.03320312
vt 0.57177734 0.17089844
vt 0.27539062 0.67285156
vt 0.89013672 0.92456055
vt 0.67187500 0.90478516
vt 0.98828125 0.91430664
vt 0.42529297 0.09497070
vt 0.91821289 0.92089844
vt 0.37939453 0.37377930
vt 0.66943359 0.88183594
vt 0.33154297 0.72729492
vt 0.79394531 0.51879883
vt 0.38232422 0.82519531
vt 0.53247070 0.49291992
vt 0.06420898 0.49194336
vt 0.08862305 0.29638672
vt 0.27343750 0.68164062
vt 0.74755859 0.03515625
vt 0.39453125 0.42797852
vt 0.19775391 0.70043945
vt 0.57714844 0.01684570
vt 0.19067383 0.66308594
vt 0.10205078 0.98925781
vt 0.66943359 0.88110352
vt 0.99853516 0.17749023
vt 0.72436523 0.46801758
vt 0.57128906 0.17163086
vt 0.00195312 0.90161133
vt 0.26293945 0.67797852
vt 0.80395508 0.87255859
vt 0.80346680 0.87695312
vt 0.86328125 0.43798828
vt 0.74780273 0.82568359
vt 0.42480469 0.10644531
vt 0.96020508 0.64331055
vt 0.07641602 0.35107422
vt 0.01635742 0.90747070
vt 0.34887695 0.85546875
vt 0.99902344 0.17846680
vt 0.65258789 0.17382812
vt 0.80346680 0.15112305
vt 0.38623047 0.41870117
vt 0.67236328 0.90478516
vt 0.76733398 0.04492188
vt 0.66894531 0.63012695
vt 0.67309570 0.91162109
vt 0.67236328 0.90502930
vt 0.63793945 0.48876953
vt 0.29321289 0.08862305
vt 0.76586914 0.04199219
vt 0.99389648 0.90966797
vt 0.05615234 0.09741211
vt 0.41284180 0.09521484
vt 0.82812500 0.65112305
vt 0.84228516 0.61083984
vt 0.63842773 0.48779297
vt 0.63842773 0.48852539
vt 0.10107422 0.32495117
vt 0.99560547 0.18066406
vt 0.79809570 0.04858398
vt 0.08251953 0.80273438
vt 0.65917969 0.13647461
vt 0.70117188 0.87719727
vt 0.64135742 0.17553711
vt 0.25659180 0.93823242
vt 0.65307617 0.17504883
vt 0.74707031 0.03735352
vt 0.35791016 0.09179688
vt 0.17016602 0.78979492
vt 0.81103516 0.49462891
vt 0.26269531 0.94775391
vt 0.83300781 0.64038086
vt 0.65649414 0.15161133
vt 0.71533203 0.62988281
vt 0.87622070 0.04052734
vt 0.98754883 0.91503906
vt 0.10913086 0.11596680
vt 0.24731445 0.68261719
vt 0.29711914 0.08740234
vt 0.20483398 0.69458008
vt 0.79614258 0.51953125
vt 0.57763672 0.01513672
vt 0.07739258 0.35034180
vt 0.35131836 0.85546875
vt 0.17895508 0.80175781
vt 0.45629883 0.05957031
vt 0.67187500 0.88867188
vt 0.96020508 0.63403320
vt 0.28930664 0.08789062
vt 0.89965820 0.70751953
vt 0.98852539 0.90869141
vt 0.80053711 0.58715820
vt 0.66992188 0.62841797
vt 0.07592773 0.34960938
vt 0.15185547 0.74975586
vt 0.79541016 0.34716797
vt 0.05541992 0.09765625
vt 0.29589844 0.08715820
vt 0.89013672 0.02880859
vt 0.65600586 0.15185547
vt 0.65380859 0.17553711
vt 0.41772461 0.36669922
vt 0.26123047 0.94750977
vt 0.66040039 0.62695312
vt 0.96093750 0.63330078
vt 0.72192383 0.76904297
vt 0.67138672 0.88964844
vt 0.02319336 0.74707031
vt 0.25976562 0.67919922
vt 0.28564453 0.68554688
vt 0.42382812 0.09399414
vt 0.22998047 0.72021484
vt 0.96044922 0.63232422
vt 0.67041016 0.87841797
vt 0.58081055 0.30859375
vt 0.34643555 0.85693359
vt 0.07543945 0.35791016
vt 0.72314453 0.76831055
vt 0.79956055 0.98632812
vt 0.95727539 0.63183594
vt 0.80493164 0.54150391
vt 0.26464844 0.67797852
vt 0.42114258 0.10791016
vt 0.42041016 0.10473633
vt 0.67333984 0.89819336
vt 0.42236328 0.10668945
vt 0.15063477 0.86035156
vt 0.26049805 0.94702148
vt 0.57958984 0.46704102
vt 0.71655273 0.62890625
vt 0.34790039 0.85717773
vt 0.83666992 0.63842773
vt 0.65893555 0.62548828
vt 0.42089844 0.10693359
vt 0.41918945 0.11376953
vt 0.67407227 0.91796875
vt 0.67333984 0.87915039
vt 0.01953125 0.82373047
vt 0.35717773 0.47827148
vt 0.62695312 0.48168945
vt 0.41772461 0.10351562
vt 0.67187500 0.88085938
vt 0.67089844 0.87841797
vt 0.38549805 0.32080078
vt 0.37011719 0.47827148
vt 0.88891602 0.92944336
vt 0.09497070 0.55932617
vt 0.07739258 0.35034180
vt 0.57568359 0.00122070
vt 0.92211914 0.43212891
vt 0.67407227 0.90234375
vt 0.09643555 0.85083008
vt 0.79858398 0.51611328
vt 0.80273438 0.51562500
vt 0.79541016 0.84130859
vt 0.07861328 0.79052734
vt 0.67431641 0.91748047
vt 0.33569336 0.86035156
vt 0.27075195 0.68115234
vt 0.71459961 0.62866211
vt 0.67163086 0.88110352
vt 0.09765625 0.78710938
vt 0.89135742 0.96166992
vt 0.76611328 0.04443359
vt 0.13305664 0.65234375
vt 0.40332031 0.67065430
vt 0.08105469 0.80590820
vt 0.90795898 0.94580078
vt 0.88916016 0.92919922
vt 0.79492188 0.84130859
vt 0.98999023 0.18603516
vt 0.05175781 0.11206055
vt 0.57177734 0.17089844
vt 0.10937500 0.56665039
vt 0.80859375 0.14672852
vt 0.72607422 0.61499023
vt 0.17871094 0.80102539
vt 0.16308594 0.76782227
vt 0.02343750 0.88598633
vt 0.76660156 0.04467773
vt 0.76391602 0.03125000
vt 0.42089844 0.10913086
vt 0.89062500 0.91870117
vt 0.64013672 0.47875977
vt 0.38842773 0.85351562
vt 0.08081055 0.80175781
vt 0.98730469 0.91357422
vt 0.07763672 0.35253906
vt 0.36645508 0.08569336
vt 0.42114258 0.10546875
vt 0.42114258 0.10546875
vt 0.15698242 0.52954102
vt 0.61328125 0.45947266
vt 0.69873047 0.58105469
vt 0.41845703 0.83789062
vt 0.61230469 0.45874023
vt 0.42065430 0.10913086
vt 0.59130859 0.29028320
vt 0.36499023 0.08276367
vt 0.92187500 0.43334961
vt 0.13159180 0.81738281
vt 0.76782227 0.04589844
vt 0.95825195 0.63110352
vt 0.69311523 0.52465820
vt 0.24975586 0.94677734
vt 0.88549805 0.96191406
vt 0.89233398 0.70312500
vt 0.10815430 0.56542969
vt 0.60742188 0.46020508
vt 0.57519531 0.00024414
vt 0.22460938 0.66406250
vt 0.34570312 0.10424805
vt 0.10986328 0.56616211
vt 0.67187500 0.88012695
vt 0.66479492 0.13256836
vt 0.20117188 0.70312500
vt 0.39965820 0.31591797
vt 0.91870117 0.91723633
vt 0.42041016 0.10644531
vt 0.25512695 0.11352539
vt 0.67358398 0.88916016
vt 0.39233398 0.43750000
vt 0.10693359 0.87451172
vt 0.34545898 0.84497070
vt 0.57421875 0.32983398
vt 0.55419922 0.20556641
vt 0.88549805 0.03344727
vt 0.07861328 0.80322266
vt 0.41992188 0.10815430
vt 0.18383789 0.80859375
vt 0.79736328 0.05102539
vt 0.03979492 0.92163086
vt 0.65673828 0.92285156
vt 0.16381836 0.76635742
vt 0.72094727 0.61791992
vt 0.88940430 0.96240234
vt 0.41992188 0.10571289
vt 0.41992188 0.10571289
vt 0.79980469 0.51733398
vt 0.61035156 0.49340820
vt 0.65844727 0.15502930
vt 0.41308594 0.10571289
vt 0.41992188 0.10717773
vt 0.88476562 0.96337891
vt 0.98925781 0.43212891
vt 0.69580078 0.66674805
vt 0.40942383 0.81738281
vt 0.96118164 0.63134766
vt 0.65625000 0.48779297
vt 0.67333984 0.88525391
vt 0.45996094 0.09814453
vt 0.08154297 0.81738281
vt 0.66552734 0.13305664
vt 0.41333008 0.84179688
vt 0.67504883 0.87915039
vt 0.20239258 0.70434570
vt 0.99389648 0.18432617
vt 0.68701172 0.92089844
vt 0.78222656 0.84716797
vt 0.79589844 0.85107422
vt 0.18579102 0.81103516
vt 0.71069336 0.65405273
vt 0.57495117 0.32739258
vt 0.09716797 0.85205078
vt 0.18847656 0.81567383
vt 0.96044922 0.63061523
vt 0.18920898 0.81665039
vt 0.80200195 0.35937500
vt 0.92138672 0.43334961
vt 0.95727539 0.62890625
vt 0.74145508 0.77075195
vt 0.56323242 0.20410156
vt 0.32617188 0.84692383
vt 0.10156250 0.55883789
vt 0.18701172 0.65209961
vt 0.16455078 0.76635742
vt 0.06933594 0.00854492
vt 0.33447266 0.86352539
vt 0.28662109 0.02807617
vt 0.92553711 0.44238281
vt 0.93164062 0.44506836
vt 0.67480469 0.87963867
vt 0.06884766 0.00854492
vt 0.88110352 0.91137695
vt 0.38867188 0.85620117
vt 0.95971680 0.62939453
vt 0.79321289 0.88696289
vt 0.04614258 0.52416992
vt 0.58447266 0.46191406
vt 0.88891602 0.96533203
vt 0.41821289 0.10595703
vt 0.69775391 0.45751953
vt 0.60449219 0.17700195
vt 0.19995117 0.96752930
vt 0.55908203 0.14990234
vt 0.36499023 0.08666992
vt 0.65917969 0.15576172
vt 0.65942383 0.15478516
vt 0.99511719 0.96337891
vt 0.04565430 0.52392578
vt 0.20117188 0.70703125
vt 0.25756836 0.94653320
vt 0.67333984 0.45727539
vt 0.20605469 0.98046875
vt 0.54467773 0.47045898
vt 0.59667969 0.18408203
vt 0.22680664 0.66723633
vt 0.70971680 0.49462891
vt 0.29199219 0.01928711
vt 0.65551758 0.45703125
vt 0.36132812 0.08666992
vt 0.20605469 0.70166016
vt 0.35717773 0.48364258
vt 0.35888672 0.66430664
vt 0.69238281 0.45166016
vt 0.15649414 0.74780273
vt 0.65917969 0.16113281
vt 0.70727539 0.49462891
vt 0.36230469 0.08398438
vt 0.29589844 0.92089844
vt 0.95971680 0.62939453
vt 0.67968750 0.46264648
vt 0.67407227 0.87939453
vt 0.95727539 0.62377930
vt 0.24804688 0.94628906
vt 0.18969727 0.81591797
vt 0.64355469 0.46655273
vt 0.20239258 0.70507812
vt 0.64282227 0.46313477
vt 0.64453125 0.46655273
vt 0.55712891 0.20605469
vt 0.20263672 0.98095703
vt 0.20605469 0.70385742
vt 0.01318359 0.05249023
vt 0.65502930 0.46630859
vt 0.09521484 0.97680664
vt 0.14990234 0.67211914
vt 0.41699219 0.09936523
vt 0.84228516 0.39624023
vt 0.99072266 0.18603516
vt 0.91235352 0.97485352
vt 0.82421875 0.48388672
vt 0.01342773 0.05126953
vt 0.64526367 0.46533203
vt 0.84814453 0.61425781
vt 0.84814453 0.61425781
vt 0.01538086 0.05200195
vt 0.20434570 0.70336914
vt 0.85766602 0.60717773
vt 0.79760742 0.64233398
vt 0.75488281 0.57397461
vt 0.80346680 0.35156250
vt 0.64331055 0.46386719
vt 0.65112305 0.46459961
vt 0.54516602 0.46923828
vt 0.08105469 0.35375977
vt 0.63671875 0.42285156
vt 0.75805664 0.78002930
vt 0.57324219 0.19750977
vt 0.64746094 0.46411133
vt 0.68066406 0.48388672
vt 0.95117188 0.21459961
vt 0.78662109 0.52807617
vt 0.66040039 0.15454102
vt 0.27368164 0.12084961
vt 0.18920898 0.81274414
vt 0.18872070 0.81347656
vt 0.75927734 0.77954102
vt 0.59887695 0.29003906
vt 0.65625000 0.46362305
vt 0.64501953 0.46166992
vt 0.98754883 0.18481445
vt 0.71337891 0.49438477
vt 0.69165039 0.52709961
vt 0.64575195 0.46313477
vt 0.85791016 0.43164062
vt 0.80322266 0.52124023
vt 0.82763672 0.06372070
vt 0.60449219 0.49707031
vt 0.98828125 0.18603516
vt 0.82080078 0.57617188
vt 0.67724609 0.45874023
vt 0.98876953 0.18627930
vt 0.67871094 0.45800781
vt 0.67871094 0.45800781
vt 0.60180664 0.28808594
vt 0.25439453 0.70654297
vt 0.24609375 0.68798828
vt 0.98876953 0.18579102
vt 0.36621094 0.08398438
vt 0.69726562 0.62377930
vt 0.89672852 0.96484375
vt 0.67944336 0.45751953
vt 0.64404297 0.46215820
vt 0.46606445 0.88134766
vt 0.65332031 0.46020508
vt 0.59912109 0.18041992
vt 0.13427734 0.56958008
vt 0.66967773 0.46044922
vt 0.65600586 0.48168945
vt 0.65698242 0.48217773
vt 0.60302734 0.18066406
vt 0.27343750 0.14233398
vt 0.20190430 0.70727539
vt 0.84887695 0.61425781
vt 0.60034180 0.28930664
vt 0.84985352 0.61206055
vt 0.75439453 0.57373047
vt 0.84960938 0.61572266
vt 0.33447266 0.69897461
vt 0.19018555 0.81469727
vt 0.29833984 0.92065430
vt 0.85693359 0.43261719
vt 0.67700195 0.45483398
vt 0.65844727 0.45874023
vt 0.89746094 0.96533203
vt 0.38818359 0.85498047
vt 0.34008789 0.86450195
vt 0.21337891 0.72192383
vt 0.95874023 0.62231445
vt 0.41699219 0.10253906
vt 0.67138672 0.12817383
vt 0.69848633 0.48144531
vt 0.75952148 0.80737305
vt 0.67724609 0.90478516
vt 0.56567383 0.15576172
vt 0.59936523 0.18090820
vt 0.67089844 0.12963867
vt 0.36425781 0.08325195
vt 0.67773438 0.92187500
vt 0.26245117 0.14965820
vt 0.67187500 0.45629883
vt 0.91455078 0.74194336
vt 0.82641602 0.06372070
vt 0.35034180 0.86425781
vt 0.66162109 0.91137695
vt 0.91918945 0.91381836
vt 0.67456055 0.87939453
vt 0.66162109 0.15673828
vt 0.41650391 0.08471680
vt 0.66137695 0.15478516
vt 0.78955078 0.85156250
vt 0.59887695 0.28735352
vt 0.82592773 0.51586914
vt 0.79321289 0.87817383
vt 0.41650391 0.10400391
vt 0.88183594 0.04003906
vt 0.80493164 0.35034180
vt 0.35913086 0.08569336
vt 0.82617188 0.06396484
vt 0.39721680 0.43725586
vt 0.33349609 0.86645508
vt 0.01538086 0.11157227
vt 0.89672852 0.96606445
vt 0.12377930 0.28686523
vt 0.68725586 0.65039062
vt 0.19433594 0.81860352
vt 0.66577148 0.14306641
vt 0.41796875 0.36450195
vt 0.91699219 0.91406250
vt 0.41503906 0.10302734
vt 0.62817383 0.20117188
vt 0.41894531 0.36547852
vt 0.10961914 0.31372070
vt 0.88256836 0.02929688
vt 0.37426758 0.06152344
vt 0.34912109 0.86401367
vt 0.29882812 0.91918945
vt 0.84277344 0.63964844
vt 0.18334961 0.64794922
vt 0.82421875 0.58642578
vt 0.36499023 0.08276367
vt 0.67773438 0.12670898
vt 0.67578125 0.88549805
vt 0.56274414 0.20483398
vt 0.39282227 0.30590820
vt 0.10229492 0.99121094
vt 0.15454102 0.57202148
vt 0.80151367 0.35864258
vt 0.80590820 0.35180664
vt 0.79809570 0.58496094
vt 0.76440430 0.74145508
vt 0.59570312 0.29003906
vt 0.60034180 0.18139648
vt 0.34863281 0.86621094
vt 0.46630859 0.87866211
vt 0.66235352 0.48779297
vt 0.59985352 0.18408203
vt 0.34960938 0.86621094
vt 0.89038086 0.92285156
vt 0.10595703 0.49853516
vt 0.35620117 0.08081055
vt 0.19238281 0.81176758
vt 0.75463867 0.77294922
vt 0.75341797 0.56958008
vt 0.57202148 0.20019531
vt 0.25634766 0.68725586
vt 0.36083984 0.08178711
vt 0.85229492 0.61352539
vt 0.10156250 0.99096680
vt 0.80102539 0.35449219
vt 0.39575195 0.08178711
vt 0.73876953 0.76049805
vt 0.04272461 0.83837891
vt 0.09155273 0.33984375
vt 0.58007812 0.22094727
vt 0.43383789 0.84960938
vt 0.19140625 0.81445312
vt 0.34887695 0.67016602
vt 0.13916016 0.58447266
vt 0.61962891 0.40991211
vt 0.95019531 0.21435547
vt 0.72265625 0.39868164
vt 0.75488281 0.56933594
vt 0.35668945 0.08178711
vt 0.09082031 0.85498047
vt 0.71630859 0.37084961
vt 0.70581055 0.48999023
vt 0.68457031 0.61621094
vt 0.18383789 0.64892578
vt 0.83471680 0.67358398
vt 0.65551758 0.45288086
vt 0.80322266 0.35302734
vt 0.42578125 0.34228516
vt 0.67700195 0.87963867
vt 0.75439453 0.56933594
vt 0.12011719 0.29077148
vt 0.80322266 0.09692383
vt 0.11962891 0.28906250
vt 0.59985352 0.18408203
vt 0.59960938 0.28125000
vt 0.67944336 0.92968750
vt 0.82250977 0.57714844
vt 0.64331055 0.61108398
vt 0.55541992 0.13989258
vt 0.40454102 0.09838867
vt 0.36157227 0.08349609
vt 0.80029297 0.09375000
vt 0.25610352 0.68847656
vt 0.33471680 0.86914062
vt 0.45751953 0.88745117
vt 0.67163086 0.13427734
vt 0.85375977 0.61108398
vt 0.83544922 0.67431641
vt 0.79467773 0.87377930
vt 0.49267578 0.95068359
vt 0.67944336 0.90722656
vt 0.89819336 0.92163086
vt 0.85180664 0.61767578
vt 0.60180664 0.92602539
vt 0.59936523 0.18383789
vt 0.41210938 0.10375977
vt 0.10839844 0.55834961
vt 0.37548828 0.49169922
vt 0.82202148 0.17065430
vt 0.42089844 0.36694336
vt 0.58178711 0.98974609
vt 0.66357422 0.40258789
vt 0.67260742 0.13403320
vt 0.57983398 0.98901367
vt 0.58325195 0.98315430
vt 0.79174805 0.50708008
vt 0.14794922 0.72949219
vt 0.35791016 0.08447266
vt 0.89135742 0.90478516
vt 0.81713867 0.14477539
vt 0.99609375 0.96313477
vt 0.75341797 0.75244141
vt 0.79199219 0.86108398
vt 0.66601562 0.14648438
vt 0.91552734 0.91357422
vt 0.36035156 0.08349609
vt 0.55200195 0.55224609
vt 0.57983398 0.98901367
vt 0.54907227 0.13793945
vt 0.54223633 0.13574219
vt 0.80493164 0.35986328
vt 0.58129883 0.98071289
vt 0.57983398 0.99194336
vt 0.54882812 0.13696289
vt 0.14746094 0.72875977
vt 0.07421875 0.81323242
vt 0.98950195 0.62500000
vt 0.97802734 0.10595703
vt 0.10253906 0.99267578
vt 0.85546875 0.61132812
vt 0.67285156 0.13476562
vt 0.58081055 0.98730469
vt 0.10815430 0.31372070
vt 0.40673828 0.85253906
vt 0.46850586 0.81347656
vt 0.79028320 0.86572266
vt 0.29150391 0.66357422
vt 0.73071289 0.43994141
vt 0.89843750 0.92089844
vt 0.12353516 0.28710938
vt 0.58251953 0.99096680
vt 0.60107422 0.40722656
vt 0.36547852 0.86401367
vt 0.30444336 0.69311523
vt 0.33569336 0.86938477
vt 0.56811523 0.53613281
vt 0.10937500 0.31567383
vt 0.15844727 0.73901367
vt 0.58911133 0.19213867
vt 0.58203125 0.98486328
vt 0.00756836 0.14379883
vt 0.85644531 0.60522461
vt 0.06347656 0.77465820
vt 0.46093750 0.88916016
vt 0.85375977 0.61767578
vt 0.65356445 0.01220703
vt 0.23803711 0.69555664
vt 0.13183594 0.29516602
vt 0.46679688 0.86889648
vt 0.79467773 0.09667969
vt 0.81860352 0.14331055
vt 0.98266602 0.45263672
vt 0.56005859 0.21215820
vt 0.77099609 0.77587891
vt 0.25268555 0.70190430
vt 0.20410156 0.71191406
vt 0.36572266 0.86450195
vt 0.74731445 0.76416016
vt 0.10668945 0.31787109
vt 0.10815430 0.31787109
vt 0.58251953 0.98022461
vt 0.90966797 0.03222656
vt 0.01489258 0.14282227
vt 0.74829102 0.76538086
vt 0.10961914 0.31372070
vt 0.35766602 0.63720703
vt 0.07421875 0.81323242
vt 0.14086914 0.59716797
vt 0.67968750 0.15576172
vt 0.95678711 0.61865234
vt 0.33715820 0.66577148
vt 0.10424805 0.35302734
vt 0.22290039 0.59692383
vt 0.35961914 0.73510742
vt 0.68017578 0.89990234
vt 0.66772461 0.14672852
vt 0.58056641 0.19873047
vt 0.46875000 0.81152344
vt 0.69873047 0.48657227
vt 0.58105469 0.99169922
vt 0.95727539 0.62329102
vt 0.00952148 0.78881836
vt 0.45898438 0.88818359
vt 0.55371094 0.55761719
vt 0.18408203 0.64868164
vt 0.24560547 0.69335938
vt 0.78588867 0.87280273
vt 0.21679688 0.80102539
vt 0.85693359 0.61230469
vt 0.58984375 0.19262695
vt 0.67871094 0.88574219
vt 0.34692383 0.65356445
vt 0.19824219 0.81811523
vt 0.55249023 0.55419922
vt 0.16748047 0.75463867
vt 0.31811523 0.70727539
vt 0.56079102 0.21142578
vt 0.95727539 0.62231445
vt 0.67822266 0.88061523
vt 0.58203125 0.97998047
vt 0.97216797 0.95239258
vt 0.14208984 0.59887695
vt 0.89794922 0.91992188
vt 0.55273438 0.55761719
vt 0.46630859 0.86743164
vt 0.55273438 0.55761719
vt 0.34350586 0.65405273
vt 0.68041992 0.89892578
vt 0.14404297 0.60107422
vt 0.03735352 0.91088867
vt 0.16748047 0.75390625
vt 0.38134766 0.47778320
vt 0.04345703 0.78417969
vt 0.58007812 0.19897461
vt 0.76171875 0.62109375
vt 0.84130859 0.66284180
vt 0.63085938 0.45166016
vt 0.61596680 0.17724609
vt 0.19970703 0.71875000
vt 0.23803711 0.04248047
vt 0.34570312 0.65087891
vt 0.56835938 0.45800781
vt 0.79858398 0.09838867
vt 0.93872070 0.44140625
vt 0.19360352 0.81005859
vt 0.79907227 0.35961914
vt 0.35888672 0.64282227
vt 0.20556641 0.00878906
vt 0.34912109 0.64428711
vt 0.34863281 0.64721680
vt 0.82055664 0.14282227
vt 0.50805664 0.99731445
vt 0.60327148 0.18432617
vt 0.38012695 0.42114258
vt 0.32983398 0.65649414
vt 0.38037109 0.48168945
vt 0.55615234 0.53442383
vt 0.34741211 0.64794922
vt 0.35302734 0.64257812
vt 0.68212891 0.90576172
vt 0.16674805 0.67651367
vt 0.25659180 0.03369141
vt 0.18017578 0.77734375
vt 0.35083008 0.63964844
vt 0.50024414 0.94555664
vt 0.28637695 0.68383789
vt 0.46899414 0.80712891
vt 0.85888672 0.61059570
vt 0.81396484 0.52709961
vt 0.36328125 0.86694336
vt 0.01538086 0.11206055
vt 0.24682617 0.69409180
vt 0.14599609 0.60961914
vt 0.38037109 0.48266602
vt 0.54833984 0.18798828
vt 0.97827148 0.10522461
vt 0.67944336 0.88549805
vt 0.04638672 0.78320312
vt 0.38085938 0.48168945
vt 0.78540039 0.11083984
vt 0.70678711 0.44067383
vt 0.16259766 0.74194336
vt 0.58276367 0.99389648
vt 0.36303711 0.07324219
vt 0.35351562 0.64184570
vt 0.67968750 0.88403320
vt 0.67919922 0.88305664
vt 0.74755859 0.76147461
vt 0.25415039 0.69531250
vt 0.90283203 0.91748047
vt 0.86303711 0.61889648
vt 0.16259766 0.74145508
vt 0.68041992 0.14233398
vt 0.39379883 0.30688477
vt 0.62304688 0.06713867
vt 0.64794922 0.02856445
vt 0.13110352 0.29516602
vt 0.53369141 0.46240234
vt 0.80175781 0.13671875
vt 0.37255859 0.06225586
vt 0.05078125 0.77978516
vt 0.01367188 0.68334961
vt 0.53271484 0.46240234
vt 0.60546875 0.85351562
vt 0.72827148 0.58544922
vt 0.24291992 0.70166016
vt 0.20507812 0.63330078
vt 0.15893555 0.52880859
vt 0.01440430 0.14233398
vt 0.39257812 0.30371094
vt 0.58325195 0.98779297
vt 0.15454102 0.53637695
vt 0.04956055 0.77978516
vt 0.80200195 0.35986328
vt 0.77221680 0.77929688
vt 0.74609375 0.75878906
vt 0.58300781 0.98510742
vt 0.50073242 0.99731445
vt 0.15942383 0.53295898
vt 0.15893555 0.52978516
vt 0.23828125 0.69726562
vt 0.15454102 0.53710938
vt 0.61059570 0.49536133
vt 0.39257812 0.30322266
vt 0.39379883 0.30688477
vt 0.80224609 0.09887695
vt 0.57031250 0.57031250
vt 0.24780273 0.93920898
vt 0.56884766 0.14575195
vt 0.24267578 0.69702148
vt 0.62475586 0.06591797
vt 0.08251953 0.84399414
vt 0.16137695 0.53076172
vt 0.17944336 0.68164062
vt 0.15942383 0.53295898
vt 0.62377930 0.06567383
vt 0.80053711 0.35961914
vt 0.77807617 0.78637695
vt 0.31542969 0.70385742
vt 0.24877930 0.69458008
vt 0.06982422 0.80834961
vt 0.61450195 0.04589844
vt 0.94165039 0.31396484
vt 0.39233398 0.30151367
vt 0.27099609 0.12695312
vt 0.21484375 0.70581055
vt 0.94360352 0.44384766
vt 0.97924805 0.30932617
vt 0.24243164 0.69921875
vt 0.06909180 0.80712891
vt 0.18139648 0.53002930
vt 0.80419922 0.35864258
vt 0.18066406 0.77661133
vt 0.57714844 0.16162109
vt 0.53320312 0.46142578
vt 0.97631836 0.47094727
vt 0.14697266 0.63916016
vt 0.17211914 0.75830078
vt 0.43237305 0.84960938
vt 0.56323242 0.21118164
vt 0.56762695 0.94775391
vt 0.61254883 0.18164062
vt 0.97753906 0.46337891
vt 0.14648438 0.63964844
vt 0.46362305 0.86523438
vt 0.39257812 0.30175781
vt 0.16381836 0.63989258
vt 0.94287109 0.44384766
vt 0.56347656 0.21069336
vt 0.34545898 0.63647461
vt 0.68115234 0.89233398
vt 0.56005859 0.53930664
vt 0.24291992 0.69848633
vt 0.27636719 0.12133789
vt 0.68115234 0.89135742
vt 0.44287109 0.88403320
vt 0.76904297 0.77758789
vt 0.20898438 0.71191406
vt 0.14892578 0.64062500
vt 0.20507812 0.71630859
vt 0.68115234 0.89062500
vt 0.55639648 0.45434570
vt 0.01806641 0.67016602
vt 0.18261719 0.77612305
vt 0.55908203 0.53369141
vt 0.24707031 0.69653320
vt 0.24877930 0.94384766
vt 0.39184570 0.29687500
vt 0.35278320 0.10620117
vt 0.94067383 0.44726562
vt 0.70849609 0.90380859
vt 0.08056641 0.52636719
vt 0.55419922 0.41503906
vt 0.18066406 0.56054688
vt 0.57910156 0.45263672
vt 0.98461914 0.10400391
vt 0.75732422 0.85571289
vt 0.68139648 0.89086914
vt 0.68139648 0.88891602
vt 0.31079102 0.69189453
vt 0.89746094 0.97436523
vt 0.21508789 0.71411133
vt 0.68115234 0.88818359
vt 0.39575195 0.30102539
vt 0.97485352 0.31103516
vt 0.27954102 0.68798828
vt 0.26049805 0.69702148
vt 0.41406250 0.26562500
vt 0.76806641 0.77563477
vt 0.27563477 0.12695312
vt 0.27197266 0.12670898
vt 0.98071289 0.61840820
vt 0.27343750 0.12377930
vt 0.92797852 0.46826172
vt 0.68286133 0.88940430
vt 0.56152344 0.21264648
vt 0.30981445 0.69238281
vt 0.91259766 0.97485352
vt 0.24291992 0.69848633
vt 0.11254883 0.32495117
vt 0.27758789 0.12133789
vt 0.77807617 0.78442383
vt 0.96923828 0.33227539
vt 0.80786133 0.09790039
vt 0.88110352 0.91162109
vt 0.60498047 0.18652344
vt 0.90771484 0.99169922
vt 0.76684570 0.77392578
vt 0.54125977 0.43017578
vt 0.34936523 0.87231445
vt 0.61157227 0.44042969
vt 0.56933594 0.14526367
vt 0.88745117 0.92065430
vt 0.34619141 0.87280273
vt 0.61132812 0.44067383
vt 0.81469727 0.08227539
vt 0.68408203 0.89941406
vt 0.85058594 0.42553711
vt 0.23510742 0.95605469
vt 0.68188477 0.89038086
vt 0.27490234 0.12084961
vt 0.97656250 0.47045898
vt 0.41186523 0.07421875
vt 0.26123047 0.14331055
vt 0.40649414 0.32666016
vt 0.78271484 0.84643555
vt 0.11010742 0.32617188
vt 0.04492188 0.69628906
vt 0.99194336 0.88037109
vt 0.09448242 0.35839844
vt 0.68188477 0.88891602
vt 0.24902344 0.69726562
vt 0.06909180 0.81689453
vt 0.86230469 0.66528320
vt 0.77612305 0.83984375
vt 0.56201172 0.53979492
vt 0.64843750 0.02880859
vt 0.27441406 0.12329102
vt 0.93676758 0.44506836
vt 0.39379883 0.29443359
vt 0.38574219 0.87841797
vt 0.09814453 0.35571289
vt 0.23730469 0.70092773
vt 0.57006836 0.14501953
vt 0.34692383 0.87353516
vt 0.16699219 0.54638672
vt 0.90747070 0.99072266
vt 0.77612305 0.84082031
vt 0.80419922 0.10937500
vt 0.37158203 0.87084961
vt 0.16015625 0.55664062
vt 0.98095703 0.10815430
vt 0.60668945 0.18676758
vt 0.44628906 0.10180664
vt 0.57348633 0.20727539
vt 0.37133789 0.87133789
vt 0.35717773 0.84155273
vt 0.80029297 0.10278320
vt 0.37133789 0.87133789
vt 0.09521484 0.35961914
vt 0.39404297 0.30102539
vt 0.77563477 0.83911133
vt 0.55712891 0.58300781
vt 0.96264648 0.61962891
vt 0.30004883 0.66552734
vt 0.23657227 0.70043945
vt 0.76269531 0.76806641
vt 0.21362305 0.80541992
vt 0.77099609 0.82958984
vt 0.40356445 0.32397461
vt 0.68359375 0.89038086
vt 0.24194336 0.69897461
vt 0.90649414 0.99096680
vt 0.60571289 0.86621094
vt 0.68481445 0.91308594
vt 0.91796875 0.98413086
vt 0.77661133 0.77294922
vt 0.38671875 0.48437500
vt 0.60571289 0.43896484
vt 0.47436523 0.12792969
vt 0.27343750 0.91748047
vt 0.96215820 0.61938477
vt 0.67602539 0.14404297
vt 0.17041016 0.54614258
vt 0.45581055 0.88647461
vt 0.41650391 0.04028320
vt 0.93530273 0.44702148
vt 0.16821289 0.55346680
vt 0.11572266 0.77197266
vt 0.47436523 0.12792969
vt 0.27539062 0.12426758
vt 0.76831055 0.77148438
vt 0.76953125 0.77465820
vt 0.19482422 0.74145508
vt 0.45434570 0.88671875
vt 0.88574219 0.92065430
vt 0.42651367 0.05517578
vt 0.76684570 0.76904297
vt 0.24609375 0.94555664
vt 0.77075195 0.83349609
vt 0.55517578 0.45458984
vt 0.02148438 0.67480469
vt 0.47509766 0.12792969
vt 0.24633789 0.94604492
vt 0.88623047 0.92041016
vt 0.94091797 0.44653320
vt 0.30566406 0.03173828
vt 0.46704102 0.05761719
vt 0.26611328 0.57861328
vt 0.47119141 0.11865234
vt 0.25561523 0.02514648
vt 0.96215820 0.60961914
vt 0.40673828 0.09155273
vt 0.60302734 0.44042969
vt 0.99682617 0.00537109
vt 0.38696289 0.47900391
vt 0.98950195 0.87280273
vt 0.27197266 0.92163086
vt 0.11157227 0.33203125
vt 0.99584961 0.30957031
vt 0.99169922 0.87988281
vt 0.17675781 0.54663086
vt 0.25585938 0.02514648
vt 0.16528320 0.55639648
vt 0.35742188 0.09350586
vt 0.04687500 0.29199219
vt 0.08862305 0.86889648
vt 0.56494141 0.40356445
vt 0.40625000 0.09228516
vt 0.26953125 0.90844727
vt 0.15917969 0.55859375
vt 0.91796875 0.98559570
vt 0.11108398 0.33227539
vt 0.02880859 0.28271484
vt 0.38867188 0.47778320
vt 0.17211914 0.55346680
vt 0.45043945 0.03320312
vt 0.01977539 0.66308594
vt 0.39160156 0.27270508
vt 0.79052734 0.10742188
vt 0.08764648 0.86743164
vt 0.24462891 0.70312500
vt 0.61938477 0.18237305
vt 0.99047852 0.52685547
vt 0.76318359 0.76782227
vt 0.27563477 0.12524414
vt 0.68432617 0.87792969
vt 0.76904297 0.82885742
vt 0.26660156 0.69409180
vt 0.30004883 0.20239258
vt 0.55322266 0.41650391
vt 0.56030273 0.56372070
vt 0.27636719 0.12377930
vt 0.10375977 0.35913086
vt 0.17016602 0.55688477
vt 0.17163086 0.55517578
vt 0.08374023 0.49243164
vt 0.72338867 0.58984375
vt 0.79003906 0.10791016
vt 0.28710938 0.12353516
vt 0.68237305 0.87841797
vt 0.68457031 0.89062500
vt 0.56054688 0.56274414
vt 0.72314453 0.58691406
vt 0.93334961 0.45947266
vt 0.88549805 0.91967773
vt 0.68432617 0.87597656
vt 0.39746094 0.29736328
vt 0.97802734 0.10595703
vt 0.02954102 0.28271484
vt 0.15869141 0.55932617
vt 0.15844727 0.55957031
vt 0.39819336 0.07983398
vt 0.59252930 0.53686523
vt 0.08764648 0.86889648
vt 0.27416992 0.90356445
vt 0.31103516 0.19018555
vt 0.95605469 0.31738281
vt 0.68310547 0.87988281
vt 0.68481445 0.88208008
vt 0.68310547 0.88208008
vt 0.22583008 0.70605469
vt 0.27612305 0.12597656
vt 0.27661133 0.12475586
vt 0.02246094 0.27832031
vt 0.56103516 0.56372070
vt 0.05029297 0.81738281
vt 0.27099609 0.92163086
vt 0.09790039 0.35815430
vt 0.16577148 0.56274414
vt 0.68872070 0.91845703
vt 0.42553711 0.05810547
vt 0.30004883 0.20410156
vt 0.34301758 0.87695312
vt 0.77001953 0.83081055
vt 0.23559570 0.93847656
vt 0.67578125 0.15942383
vt 0.26440430 0.69555664
vt 0.31713867 0.23608398
vt 0.25244141 0.70019531
vt 0.26123047 0.69750977
vt 0.77539062 0.77001953
vt 0.78295898 0.07934570
vt 0.39697266 0.46704102
vt 0.03710938 0.79785156
vt 0.17993164 0.55957031
vt 0.68432617 0.87963867
vt 0.33789062 0.87988281
vt 0.15795898 0.64428711
vt 0.27075195 0.92041016
vt 0.03613281 0.80834961
vt 0.45166016 0.08496094
vt 0.24121094 0.94433594
vt 0.76928711 0.83007812
vt 0.37353516 0.95751953
vt 0.34204102 0.87768555
vt 0.35620117 0.11547852
vt 0.03662109 0.79809570
vt 0.64306641 0.86401367
vt 0.23706055 0.04394531
vt 0.49755859 0.00756836
vt 0.07739258 0.85009766
vt 0.01342773 0.52270508
vt 0.50415039 0.94238281
vt 0.09741211 0.36010742
vt 0.23657227 0.04321289
vt 0.18579102 0.77221680
vt 0.95654297 0.31762695
vt 0.01489258 0.78979492
vt 0.23657227 0.04467773
vt 0.49462891 0.01904297
vt 0.95629883 0.31787109
vt 0.01171875 0.52343750
vt 0.27050781 0.92114258
vt 0.49340820 0.01904297
vt 0.92968750 0.45849609
vt 0.26782227 0.92822266
vt 0.98876953 0.52661133
vt 0.15698242 0.64648438
vt 0.20556641 0.81738281
vt 0.00097656 0.98608398
vt 0.03759766 0.38671875
vt 0.72314453 0.58691406
vt 0.99072266 0.08349609
vt 0.68383789 0.88354492
vt 0.68383789 0.88208008
vt 0.20556641 0.81689453
vt 0.23632812 0.04272461
vt 0.76806641 0.76879883
vt 0.63427734 0.12500000
vt 0.56787109 0.40820312
vt 0.91699219 0.99511719
vt 0.94750977 0.31567383
vt 0.50415039 0.83886719
vt 0.59326172 0.19995117
vt 0.67553711 0.15673828
vt 0.37036133 0.87548828
vt 0.39038086 0.47753906
vt 0.18627930 0.77392578
vt 0.04760742 0.80126953
vt 0.63549805 0.21923828
vt 0.47143555 0.17993164
vt 0.99243164 0.53564453
vt 0.76586914 0.76708984
vt 0.76806641 0.83959961
vt 0.79199219 0.11694336
vt 0.79296875 0.11694336
vt 0.80395508 0.10571289
vt 0.82031250 0.51904297
vt 0.16503906 0.59106445
vt 0.10156250 0.35522461
vt 0.36914062 0.97729492
vt 0.69995117 0.51025391
vt 0.67504883 0.16210938
vt 0.42187500 0.07080078
vt 0.47802734 0.11816406
vt 0.68505859 0.88916016
vt 0.14208984 0.76269531
vt 0.20874023 0.60107422
vt 0.48535156 0.12304688
vt 0.00097656 0.98754883
vt 0.86279297 0.66796875
vt 0.05004883 0.70800781
vt 0.63281250 0.22265625
vt 0.16992188 0.57104492
vt 0.79174805 0.06298828
vt 0.38476562 0.49926758
vt 0.23022461 0.70654297
vt 0.42553711 0.35302734
vt 0.16552734 0.56909180
vt 0.48632812 0.12768555
vt 0.10278320 0.36059570
vt 0.99169922 0.53564453
vt 0.37133789 0.09667969
vt 0.67626953 0.15991211
vt 0.22021484 0.92797852
vt 0.30126953 0.20654297
vt 0.16870117 0.56933594
vt 0.17260742 0.57006836
vt 0.27929688 0.69238281
vt 0.04785156 0.80249023
vt 0.77319336 0.84252930
vt 0.63208008 0.22021484
vt 0.96850586 0.33129883
vt 0.26635742 0.70043945
vt 0.27026367 0.88793945
vt 0.23022461 0.70678711
vt 0.77514648 0.77246094
vt 0.43554688 0.36376953
vt 0.22851562 0.01513672
vt 0.05468750 0.70605469
vt 0.16479492 0.57226562
vt 0.78173828 0.77783203
vt 0.93066406 0.45190430
vt 0.68554688 0.88964844
vt 0.48706055 0.12719727
vt 0.18286133 0.57275391
vt 0.41381836 0.03491211
vt 0.48779297 0.12768555
vt 0.62768555 0.22534180
vt 0.05566406 0.70458984
vt 0.02270508 0.67089844
vt 0.16699219 0.57421875
vt 0.23046875 0.01782227
vt 0.09960938 0.36059570
vt 0.05468750 0.80566406
vt 0.58422852 0.44067383
vt 0.80444336 0.10668945
vt 0.97900391 0.64086914
vt 0.76635742 0.76440430
vt 0.75292969 0.06420898
vt 0.97021484 0.35473633
vt 0.16503906 0.57348633
vt 0.24658203 0.88110352
vt 0.48803711 0.12744141
vt 0.76440430 0.75561523
vt 0.91406250 0.90429688
vt 0.03491211 0.80566406
vt 0.38647461 0.87768555
vt 0.02294922 0.67163086
vt 0.58520508 0.43774414
vt 0.98779297 0.19238281
vt 0.42480469 0.34960938
vt 0.72680664 0.58105469
vt 0.02270508 0.66992188
vt 0.00195312 0.51391602
vt 0.68847656 0.91870117
vt 0.77099609 0.76928711
vt 0.76147461 0.75463867
vt 0.38159180 0.97265625
vt 0.10449219 0.80493164
vt 0.35791016 0.11987305
vt 0.21630859 0.74267578
vt 0.17773438 0.58227539
vt 0.25927734 0.69921875
vt 0.75366211 0.06420898
vt 0.21630859 0.63623047
vt 0.27368164 0.87060547
vt 0.48974609 0.12744141
vt 0.05175781 0.70263672
vt 0.97656250 0.46997070
vt 0.19921875 0.79467773
vt 0.78247070 0.77734375
vt 0.98144531 0.64013672
vt 0.57666016 0.15063477
vt 0.91406250 0.90429688
vt 0.76928711 0.88574219
vt 0.49096680 0.12670898
vt 0.82568359 0.52441406
vt 0.48974609 0.12719727
vt 0.30371094 0.20996094
vt 0.68847656 0.91870117
vt 0.62915039 0.22241211
vt 0.65283203 0.02392578
vt 0.92919922 0.45043945
vt 0.68627930 0.87548828
vt 0.75708008 0.75634766
vt 0.75488281 0.74877930
vt 0.17041016 0.57690430
vt 0.17285156 0.58007812
vt 0.46850586 0.18481445
vt 0.49072266 0.12695312
vt 0.98046875 0.34863281
vt 0.52612305 0.92578125
vt 0.98925781 0.88037109
vt 0.85302734 0.67065430
vt 0.59423828 0.20312500
vt 0.18945312 0.77441406
vt 0.27392578 0.86840820
vt 0.10400391 0.35449219
vt 0.36230469 0.13012695
vt 0.29931641 0.14965820
vt 0.65307617 0.02441406
vt 0.49145508 0.12695312
vt 0.47949219 0.95019531
vt 0.60083008 0.21875000
vt 0.57861328 0.04125977
vt 0.27465820 0.86401367
vt 0.49291992 0.12695312
vt 0.57543945 0.43603516
vt 0.30761719 0.21337891
vt 0.63500977 0.21801758
vt 0.49194336 0.12670898
vt 0.24121094 0.93994141
vt 0.58422852 0.20996094
vt 0.43383789 0.35546875
vt 0.78417969 0.77807617
vt 0.58154297 0.43554688
vt 0.92993164 0.45239258
vt 0.65332031 0.85180664
vt 0.05273438 0.80175781
vt 0.97973633 0.64135742
vt 0.62695312 0.22583008
vt 0.26074219 0.69970703
vt 0.62719727 0.22534180
vt 0.86303711 0.69726562
vt 0.77392578 0.76879883
vt 0.14184570 0.04980469
vt 0.26684570 0.90600586
vt 0.49194336 0.94213867
vt 0.62524414 0.22680664
vt 0.80029297 0.06591797
vt 0.91333008 0.90405273
vt 0.31689453 0.18530273
vt 0.48730469 0.93969727
vt 0.03613281 0.80639648
vt 0.02929688 0.29003906
vt 0.49414062 0.12719727
vt 0.03491211 0.80566406
vt 0.62792969 0.22460938
vt 0.02465820 0.79443359
vt 0.27343750 0.85986328
vt 0.43383789 0.20361328
vt 0.25122070 0.91796875
vt 0.10400391 0.36181641
vt 0.01611328 0.67089844
vt 0.99243164 0.52709961
vt 0.26000977 0.70043945
vt 0.26000977 0.70043945
vt 0.85717773 0.65185547
vt 0.96459961 0.32666016
vt 0.85375977 0.67065430
vt 0.49975586 0.01342773
vt 0.37866211 0.96093750
vt 0.42846680 0.35351562
vt 0.19140625 0.77563477
vt 0.56616211 0.01831055
vt 0.03588867 0.80688477
vt 0.68774414 0.88427734
vt 0.62646484 0.22558594
vt 0.29907227 0.99291992
vt 0.00170898 0.15161133
vt 0.42578125 0.00244141
vt 0.14526367 0.99389648
vt 0.26831055 0.86987305
vt 0.47412109 0.10009766
vt 0.16943359 0.58984375
vt 0.98461914 0.94775391
vt 0.62670898 0.21752930
vt 0.37500000 0.96655273
vt 0.25366211 0.15600586
vt 0.35913086 0.10986328
vt 0.27490234 0.85546875
vt 0.24267578 0.94726562
vt 0.70825195 0.98217773
vt 0.82250977 0.51489258
vt 0.56909180 0.55200195
vt 0.62084961 0.22851562
vt 0.02270508 0.66723633
vt 0.49340820 0.00585938
vt 0.62133789 0.22045898
vt 0.60009766 0.38964844
vt 0.02197266 0.67016602
vt 0.63378906 0.21557617
vt 0.73095703 0.58032227
vt 0.42919922 0.34863281
vt 0.99072266 0.60351562
vt 0.03930664 0.83007812
vt 0.49609375 0.11547852
vt 0.98315430 0.64306641
vt 0.01977539 0.67016602
vt 0.01635742 0.67016602
vt 0.57788086 0.55688477
vt 0.99487305 0.66015625
vt 0.75366211 0.49462891
vt 0.42749023 0.00195312
vt 0.26147461 0.70043945
vt 0.01684570 0.39257812
vt 0.42749023 0.35058594
vt 0.31372070 0.58325195
vt 0.35937500 0.10961914
vt 0.77026367 0.76416016
vt 0.23339844 0.03320312
vt 0.43505859 0.36254883
vt 0.26000977 0.86669922
vt 0.27416992 0.85522461
vt 0.04565430 0.69628906
vt 0.70043945 0.91357422
vt 0.94189453 0.45556641
vt 0.20800781 0.81005859
vt 0.69604492 0.42749023
vt 0.31469727 0.21508789
vt 0.29687500 0.99609375
vt 0.75463867 0.74975586
vt 0.57202148 0.43505859
vt 0.03784180 0.39794922
vt 0.17724609 0.14599609
vt 0.43530273 0.99121094
vt 0.78955078 0.06225586
vt 0.20507812 0.74096680
vt 0.42114258 0.06640625
vt 0.02832031 0.29174805
vt 0.50195312 0.93676758
vt 0.29492188 0.38647461
vt 0.19653320 0.75122070
vt 0.20849609 0.80981445
vt 0.36987305 0.10791016
vt 0.03002930 0.80493164
vt 0.37475586 0.96044922
vt 0.61523438 0.03515625
vt 0.47875977 0.11987305
vt 0.53662109 0.92675781
vt 0.98583984 0.99584961
vt 0.27368164 0.85180664
vt 0.40649414 0.49511719
vt 0.43603516 0.36352539
vt 0.17041016 0.59619141
vt 0.68994141 0.90747070
vt 0.69677734 0.91210938
vt 0.05664062 0.80322266
vt 0.59179688 0.39282227
vt 0.16992188 0.59155273
vt 0.72607422 0.04711914
vt 0.99121094 0.92431641
vt 0.47363281 0.13940430
vt 0.42724609 0.00146484
vt 0.22167969 0.72314453
vt 0.56396484 0.41455078
vt 0.53686523 0.09301758
vt 0.68847656 0.88867188
vt 0.54077148 0.99047852
vt 0.43652344 0.35717773
vt 0.02880859 0.80517578
vt 0.56738281 0.42895508
vt 0.60864258 0.23364258
vt 0.62280273 0.86987305
vt 0.22802734 0.65258789
vt 0.03466797 0.81079102
vt 0.17871094 0.59008789
vt 0.16918945 0.59204102
vt 0.68969727 0.90234375
vt 0.27172852 0.85131836
vt 0.26220703 0.92041016
vt 0.26318359 0.89819336
vt 0.69042969 0.90820312
vt 0.50073242 0.01000977
vt 0.95874023 0.61035156
vt 0.21069336 0.73486328
vt 0.17675781 0.59277344
vt 0.56835938 0.42846680
vt 0.64672852 0.03637695
vt 0.71997070 0.58178711
vt 0.44360352 0.18603516
vt 0.27026367 0.86914062
vt 0.01977539 0.80957031
vt 0.69042969 0.90722656
vt 0.93310547 0.45483398
vt 0.38500977 0.96875000
vt 0.17114258 0.59619141
vt 0.86132812 0.65283203
vt 0.86303711 0.71557617
vt 0.42724609 0.18188477
vt 0.26464844 0.72241211
vt 0.84033203 0.68237305
vt 0.14599609 0.70263672
vt 0.99047852 0.92333984
vt 0.54663086 0.99267578
vt 0.72216797 0.58203125
vt 0.94140625 0.45458984
vt 0.54248047 0.95190430
vt 0.29565430 0.38769531
vt 0.29516602 0.38745117
vt 0.44946289 0.87670898
vt 0.56323242 0.41406250
vt 0.42187500 0.66235352
vt 0.43774414 0.36279297
vt 0.20556641 0.61889648
vt 0.45117188 0.22509766
vt 0.42749023 0.34497070
vt 0.54614258 0.99047852
vt 0.26440430 0.89794922
vt 0.50561523 0.12622070
vt 0.05419922 0.80639648
vt 0.40966797 0.29345703
vt 0.88549805 0.65844727
vt 0.43652344 0.04785156
vt 0.56713867 0.42968750
vt 0.17919922 0.14746094
vt 0.90234375 0.28833008
vt 0.00610352 0.56713867
vt 0.01562500 0.77929688
vt 0.27197266 0.70068359
vt 0.43798828 0.36425781
vt 0.61279297 0.19604492
vt 0.65014648 0.05615234
vt 0.02075195 0.99584961
vt 0.25683594 0.90625000
vt 0.56616211 0.43237305
vt 0.02685547 0.80493164
vt 0.99194336 0.08471680
vt 0.42065430 0.33471680
vt 0.18041992 0.59643555
vt 0.57666016 0.14355469
vt 0.26733398 0.86108398
vt 0.43188477 0.35375977
vt 0.87939453 0.08325195
vt 0.06884766 0.98706055
vt 0.02050781 0.66381836
vt 0.45068359 0.23681641
vt 0.27416992 0.69921875
vt 0.00122070 0.50390625
vt 0.42602539 0.97802734
vt 0.45166016 0.86743164
vt 0.42919922 0.34863281
vt 0.21362305 0.73291016
vt 0.04663086 0.29125977
vt 0.26660156 0.87329102
vt 0.56323242 0.43188477
vt 0.65893555 0.01220703
vt 0.56542969 0.43457031
vt 0.51684570 0.00170898
vt 0.25854492 0.90283203
vt 0.50268555 0.12402344
vt 0.75805664 0.74804688
vt 0.57763672 0.14526367
vt 0.93750000 0.45507812
vt 0.64111328 0.01684570
vt 0.02148438 0.99560547
vt 0.86083984 0.89697266
vt 0.93481445 0.99267578
vt 0.93457031 0.99291992
vt 0.93408203 0.99291992
vt 0.19116211 0.58837891
vt 0.70214844 0.58032227
vt 0.40087891 0.28637695
vt 0.90698242 0.01489258
vt 0.43872070 0.35888672
vt 0.65966797 0.01269531
vt 0.19897461 0.78295898
vt 0.03027344 0.81005859
vt 0.63281250 0.20019531
vt 0.40527344 0.28710938
vt 0.96240234 0.60986328
vt 0.26464844 0.73120117
vt 0.21215820 0.95263672
vt 0.00268555 0.15112305
vt 0.26220703 0.89941406
vt 0.26611328 0.70214844
vt 0.93359375 0.98583984
vt 0.90844727 0.01440430
vt 0.43286133 0.35400391
vt 0.31640625 0.99023438
vt 0.57055664 0.02832031
vt 0.54638672 0.99023438
vt 0.04931641 0.19848633
vt 0.40942383 0.76025391
vt 0.89111328 0.90234375
vt 0.19555664 0.61669922
vt 0.00805664 0.10156250
vt 0.51074219 0.12622070
vt 0.51074219 0.12670898
vt 0.17993164 0.59912109
vt 0.72216797 0.04809570
vt 0.73657227 0.05712891
vt 0.50195312 0.00952148
vt 0.50195312 0.00952148
vt 0.42919922 0.34423828
vt 0.57763672 0.14379883
vt 0.90307617 0.90136719
vt 0.73608398 0.97680664
vt 0.26953125 0.85327148
vt 0.93481445 0.45703125
vt 0.92797852 0.46948242
vt 0.98657227 0.92382812
vt 0.44360352 0.18505859
vt 0.59375000 0.37622070
vt 0.02758789 0.80834961
vt 0.57958984 0.53344727
vt 0.94653320 0.12304688
vt 0.02246094 0.02978516
vt 0.40502930 0.48852539
vt 0.64697266 0.03686523
vt 0.01586914 0.37377930
vt 0.47851562 0.95141602
vt 0.53686523 0.09082031
vt 0.90136719 0.90112305
vt 0.47412109 0.11352539
vt 0.73461914 0.97851562
vt 0.19458008 0.76123047
vt 0.23486328 0.71362305
vt 0.67285156 0.00415039
vt 0.51196289 0.12573242
vt 0.43432617 0.34008789
vt 0.73852539 0.49853516
vt 0.87475586 0.90820312
vt 0.96337891 0.60937500
vt 0.72802734 0.04736328
vt 0.50756836 0.12329102
vt 0.01855469 0.81054688
vt 0.54077148 0.43090820
vt 0.61303711 0.22949219
vt 0.85888672 0.66894531
vt 0.25830078 0.89941406
vt 0.51513672 0.12670898
vt 0.18212891 0.60327148
vt 0.57812500 0.13452148
vt 0.59057617 0.16113281
vt 0.76806641 0.90893555
vt 0.54174805 0.12670898
vt 0.92871094 0.11499023
vt 0.57885742 0.53466797
vt 0.42749023 0.34057617
vt 0.51245117 0.01049805
vt 0.75512695 0.85400391
vt 0.02783203 0.38183594
vt 0.50048828 0.00830078
vt 0.50048828 0.00830078
vt 0.95922852 0.10986328
vt 0.50561523 0.12036133
vt 0.25317383 0.89916992
vt 0.87451172 0.90820312
vt 0.05883789 0.61376953
vt 0.30810547 0.13085938
vt 0.99365234 0.78051758
vt 0.50463867 0.00537109
vt 0.55297852 0.41699219
vt 0.29687500 0.70361328
vt 0.95849609 0.12695312
vt 0.44116211 0.35693359
vt 0.60278320 0.23730469
vt 0.02075195 0.66674805
vt 0.26513672 0.70507812
vt 0.04638672 0.81542969
vt 0.95800781 0.12695312
vt 0.38354492 0.96557617
vt 0.36914062 0.12792969
vt 0.51538086 0.12597656
vt 0.95825195 0.12670898
vt 0.95800781 0.12646484
vt 0.95825195 0.12695312
vt 0.26074219 0.87109375
vt 0.26489258 0.87426758
vt 0.51684570 0.12402344
vt 0.26098633 0.89721680
vt 0.43041992 0.34204102
vt 0.18261719 0.60595703
vt 0.93286133 0.98413086
vt 0.47534180 0.13403320
vt 0.18481445 0.60595703
vt 0.32324219 0.99145508
vt 0.06811523 0.98730469
vt 0.93872070 0.98193359
vt 0.03808594 0.28759766
vt 0.51586914 0.12597656
vt 0.05566406 0.81323242
vt 0.50854492 0.00781250
vt 0.88891602 0.08081055
vt 0.28222656 0.70166016
vt 0.71923828 0.39331055
vt 0.43139648 0.34179688
vt 0.26391602 0.87500000
vt 0.36914062 0.75927734
vt 0.24633789 0.71020508
vt 0.58642578 0.22045898
vt 0.03295898 0.51049805
vt 0.04907227 0.19946289
vt 0.07275391 0.58300781
vt 0.62500000 0.20947266
vt 0.31420898 0.21557617
vt 0.37890625 0.95678711
vt 0.04858398 0.55566406
vt 0.66113281 0.84008789
vt 0.54052734 0.08251953
vt 0.52099609 0.12670898
vt 0.32226562 0.24658203
vt 0.03808594 0.06909180
vt 0.49829102 0.11376953
vt 0.01245117 0.10375977
vt 0.58032227 0.53198242
vt 0.44238281 0.88525391
vt 0.58032227 0.53198242
vt 0.61474609 0.20776367
vt 0.47534180 0.17822266
vt 0.60131836 0.24047852
vt 0.98217773 0.36157227
vt 0.72973633 0.05224609
vt 0.56640625 0.01586914
vt 0.02441406 0.77832031
vt 0.04467773 0.57568359
vt 0.86865234 0.71752930
vt 0.04541016 0.57519531
vt 0.51123047 0.12377930
vt 0.51196289 0.00854492
vt 0.47534180 0.18090820
vt 0.42480469 0.33422852
vt 0.59057617 0.00805664
vt 0.87377930 0.90063477
vt 0.14013672 0.45556641
vt 0.95654297 0.08715820
vt 0.51171875 0.12036133
vt 0.67236328 0.00561523
vt 0.03173828 0.81469727
vt 0.01684570 0.76098633
vt 0.48974609 0.11669922
vt 0.48950195 0.11718750
vt 0.42675781 0.97875977
vt 0.40087891 0.77075195
vt 0.80737305 0.11914062
vt 0.75756836 0.04345703
vt 0.04931641 0.55761719
vt 0.77661133 0.17919922
vt 0.86938477 0.71923828
vt 0.24731445 0.87207031
vt 0.57568359 0.58251953
vt 0.57763672 0.55810547
vt 0.36645508 0.12597656
vt 0.16333008 0.42456055
vt 0.98437500 0.33789062
vt 0.78247070 0.17993164
vt 0.03027344 0.42382812
vt 0.31860352 0.24291992
vt 0.90673828 0.89453125
vt 0.88476562 0.91235352
vt 0.59252930 0.00561523
vt 0.37548828 0.96557617
vt 0.25830078 0.89941406
vt 0.01684570 0.10449219
vt 0.06079102 0.82641602
vt 0.77319336 0.08789062
vt 0.01538086 0.10449219
vt 0.02880859 0.42480469
vt 0.43286133 0.33789062
vt 0.43041992 0.34204102
vt 0.53955078 0.07885742
vt 0.92211914 0.10009766
vt 0.44287109 0.83129883
vt 0.57812500 0.55859375
vt 0.47094727 0.20776367
vt 0.31738281 0.98901367
vt 0.51269531 0.12329102
vt 0.37573242 0.96411133
vt 0.32397461 0.25048828
vt 0.25488281 0.90087891
vt 0.98120117 0.36108398
vt 0.59155273 0.23217773
vt 0.43212891 0.98046875
vt 0.89819336 0.01611328
vt 0.40527344 0.29418945
vt 0.40966797 0.29370117
vt 0.44433594 0.06689453
vt 0.49731445 0.00048828
vt 0.01660156 0.10351562
vt 0.51196289 0.12280273
vt 0.90576172 0.88500977
vt 0.61767578 0.82885742
vt 0.82275391 0.22387695
vt 0.90551758 0.00830078
vt 0.25488281 0.89941406
vt 0.26489258 0.85058594
vt 0.83618164 0.68115234
vt 0.13647461 0.43139648
vt 0.58007812 0.55859375
vt 0.73095703 0.05444336
vt 0.42187500 0.23193359
vt 0.25732422 0.89721680
vt 0.13916016 0.43188477
vt 0.69311523 0.87426758
vt 0.98803711 0.78686523
vt 0.75122070 0.49926758
vt 0.14038086 0.42846680
vt 0.01684570 0.37402344
vt 0.33764648 0.99389648
vt 0.61547852 0.83422852
vt 0.72656250 0.38842773
vt 0.05200195 0.56201172
vt 0.24853516 0.92407227
vt 0.05517578 0.81542969
vt 0.00976562 0.09350586
vt 0.73022461 0.05419922
vt 0.26025391 0.86181641
vt 0.86645508 0.27856445
vt 0.36816406 0.13134766
vt 0.42895508 0.21704102
vt 0.26147461 0.85498047
vt 0.42700195 0.05957031
vt 0.42797852 0.05761719
vt 0.29199219 0.13159180
vt 0.50756836 0.12084961
vt 0.58300781 0.22143555
vt 0.74682617 0.97631836
vt 0.74780273 0.97583008
vt 0.48339844 0.10131836
vt 0.58593750 0.22021484
vt 0.71484375 0.37792969
vt 0.71777344 0.38574219
vt 0.26391602 0.85058594
vt 0.59667969 0.00439453
vt 0.13671875 0.42968750
vt 0.23388672 0.94799805
vt 0.54272461 0.12548828
vt 0.89282227 0.89526367
vt 0.86865234 0.72094727
vt 0.59082031 0.23046875
vt 0.02075195 0.66333008
vt 0.32446289 0.99169922
vt 0.92187500 0.08715820
vt 0.51367188 0.12207031
vt 0.86645508 0.27880859
vt 0.85034180 0.88476562
vt 0.67358398 0.00341797
vt 0.26708984 0.15649414
vt 0.85180664 0.08959961
vt 0.67407227 0.00366211
vt 0.75512695 0.99267578
vt 0.43530273 0.34448242
vt 0.82080078 0.18017578
vt 0.72973633 0.05346680
vt 0.26123047 0.85717773
vt 0.36914062 0.09497070
vt 0.57592773 0.85864258
vt 0.26074219 0.86816406
vt 0.29492188 0.70092773
vt 0.89892578 0.05151367
vt 0.02172852 0.78369141
vt 0.23339844 0.94482422
vt 0.95629883 0.10961914
vt 0.13574219 0.43066406
vt 0.29248047 0.59228516
vt 0.17211914 0.44531250
vt 0.50878906 0.11694336
vt 0.59863281 0.13183594
vt 0.13208008 0.43603516
vt 0.77001953 0.99951172
vt 0.29174805 0.35839844
vt 0.26147461 0.86010742
vt 0.18237305 0.02343750
vt 0.25805664 0.86206055
vt 0.42773438 0.05859375
vt 0.75488281 0.54003906
vt 0.14428711 0.37207031
vt 0.17211914 0.40869141
vt 0.50756836 0.11718750
vt 0.90502930 0.00537109
vt 0.13281250 0.42968750
vt 0.44677734 0.29492188
vt 0.09936523 0.66552734
vt 0.20288086 0.61938477
vt 0.32470703 0.25170898
vt 0.36743164 0.10327148
vt 0.92187500 0.08837891
vt 0.74414062 0.86621094
vt 0.50903320 0.11889648
vt 0.13378906 0.43115234
vt 0.81201172 0.21679688
vt 0.30541992 0.33520508
vt 0.20385742 0.62207031
vt 0.20361328 0.62548828
vt 0.05395508 0.82788086
vt 0.17602539 0.46337891
vt 0.06005859 0.64428711
vt 0.72583008 0.38916016
vt 0.21582031 0.80322266
vt 0.89257812 0.89526367
vt 0.55249023 0.80981445
vt 0.80444336 0.20776367
vt 0.60400391 0.85937500
vt 0.98803711 0.78759766
vt 0.10668945 0.66235352
vt 0.59375000 0.37548828
vt 0.56591797 0.01611328
vt 0.95556641 0.11206055
vt 0.56201172 0.94750977
vt 0.81176758 0.21704102
vt 0.63647461 0.38085938
vt 0.61181641 0.02026367
vt 0.73217773 0.05029297
vt 0.04687500 0.82470703
vt 0.25903320 0.86108398
vt 0.93945312 0.07324219
vt 0.03417969 0.51147461
vt 0.09936523 0.66479492
vt 0.36669922 0.11450195
vt 0.18139648 0.46142578
vt 0.90234375 0.00610352
vt 0.62963867 0.80297852
vt 0.57983398 0.57788086
vt 0.98583984 0.70825195
vt 0.09765625 0.65966797
vt 0.05053711 0.42773438
vt 0.81176758 0.21899414
vt 0.84472656 0.69116211
vt 0.71557617 0.53662109
vt 0.50146484 0.00268555
vt 0.36816406 0.10009766
vt 0.05126953 0.14892578
vt 0.69970703 0.90405273
vt 0.95898438 0.11206055
vt 0.50122070 0.11303711
vt 0.26000977 0.85815430
vt 0.04614258 0.82299805
vt 0.81250000 0.23632812
vt 0.49731445 0.00048828
vt 0.17285156 0.44580078
vt 0.80517578 0.66967773
vt 0.58715820 0.82543945
vt 0.85009766 0.88232422
vt 0.87182617 0.72924805
vt 0.19384766 0.90820312
vt 0.36840820 0.10156250
vt 0.72509766 0.51025391
vt 0.88549805 0.90966797
vt 0.88330078 0.91040039
vt 0.59692383 0.37500000
vt 0.50878906 0.11816406
vt 0.50878906 0.11694336
vt 0.50195312 0.00219727
vt 0.50463867 0.00024414
vt 0.25903320 0.86328125
vt 0.10961914 0.52783203
vt 0.40576172 0.49536133
vt 0.10986328 0.52905273
vt 0.22973633 0.93627930
vt 0.87255859 0.73022461
vt 0.81225586 0.00927734
vt 0.55517578 0.95019531
vt 0.22973633 0.93530273
vt 0.12768555 0.10961914
vt 0.40722656 0.50073242
vt 0.72924805 0.05151367
vt 0.71557617 0.38720703
vt 0.90356445 0.00610352
vt 0.59960938 0.81835938
vt 0.49829102 0.11376953
vt 0.84814453 0.88281250
vt 0.84790039 0.88256836
vt 0.27685547 0.72534180
vt 0.04736328 0.82324219
vt 0.22924805 0.93457031
vt 0.50341797 0.00219727
vt 0.84204102 0.68774414
vt 0.22900391 0.93457031
vt 0.82958984 0.22021484
vt 0.89379883 0.05688477
vt 0.59692383 0.37451172
vt 0.59716797 0.00439453
vt 0.59887695 0.82031250
vt 0.58544922 0.55468750
vt 0.87646484 0.87304688
vt 0.69970703 0.90527344
vt 0.71655273 0.38671875
vt 0.89868164 0.04687500
vt 0.23486328 0.95434570
vt 0.43457031 0.04687500
vt 0.59521484 0.00415039
vt 0.59716797 0.37353516
vt 0.51733398 0.11865234
vt 0.37158203 0.09985352
vt 0.69946289 0.91967773
vt 0.02270508 0.58984375
vt 0.88671875 0.11230469
vt 0.70800781 0.56103516
vt 0.10961914 0.52685547
vt 0.60595703 0.00854492
vt 0.36694336 0.11743164
vt 0.52026367 0.12036133
vt 0.76660156 0.70971680
vt 0.02539062 0.14697266
vt 0.97167969 0.10449219
vt 0.84301758 0.68945312
vt 0.25610352 0.85156250
vt 0.89648438 0.04882812
vt 0.00976562 0.09106445
vt 0.84887695 0.88256836
vt 0.84912109 0.88208008
vt 0.25732422 0.86352539
vt 0.49804688 0.11450195
vt 0.03271484 0.65258789
vt 0.74926758 0.39624023
vt 0.47241211 0.10400391
vt 0.71704102 0.38916016
vt 0.71606445 0.38867188
vt 0.36865234 0.10229492
vt 0.72729492 0.55712891
vt 0.89355469 0.11083984
vt 0.03637695 0.82983398
vt 0.70825195 0.88208008
vt 0.33764648 0.99316406
vt 0.71972656 0.56958008
vt 0.03149414 0.64965820
vt 0.22265625 0.37524414
vt 0.40869141 0.29101562
vt 0.73242188 0.04882812
vt 0.96069336 0.11279297
vt 0.05200195 0.14990234
vt 0.71801758 0.39086914
vt 0.87670898 0.87890625
vt 0.74194336 0.38647461
vt 0.54174805 0.95385742
vt 0.04541016 0.83007812
vt 0.58374023 0.58618164
vt 0.22949219 0.37255859
vt 0.86694336 0.87695312
vt 0.37304688 0.13208008
vt 0.25292969 0.87182617
vt 0.58374023 0.13989258
vt 0.82788086 0.21997070
vt 0.25512695 0.87377930
vt 0.24877930 0.90454102
vt 0.70092773 0.91723633
vt 0.85107422 0.88159180
vt 0.03955078 0.74829102
vt 0.25756836 0.85644531
vt 0.21679688 0.32885742
vt 0.12719727 0.36816406
vt 0.25439453 0.87036133
vt 0.50317383 0.11523438
vt 0.12695312 0.36816406
vt 0.44091797 0.35009766
vt 0.82666016 0.22290039
vt 0.62182617 0.40161133
vt 0.96166992 0.11254883
vt 0.74121094 0.67114258
vt 0.37133789 0.09667969
vt 0.74243164 0.39379883
vt 0.85986328 0.88671875
vt 0.89257812 0.90039062
vt 0.03881836 0.12597656
vt 0.25610352 0.85327148
vt 0.51733398 0.00122070
vt 0.70703125 0.56372070
vt 0.03955078 0.12939453
vt 0.37377930 0.09399414
vt 0.25292969 0.85327148
vt 0.25659180 0.85864258
vt 0.21508789 0.63574219
vt 0.03710938 0.64208984
vt 0.36206055 0.22412109
vt 0.04101562 0.74829102
vt 0.86083984 0.88647461
vt 0.99121094 0.71044922
vt 0.85156250 0.08862305
vt 0.70068359 0.91870117
vt 0.58959961 0.83007812
vt 0.84570312 0.88061523
vt 0.25317383 0.87646484
vt 0.63134766 0.39135742
vt 0.70068359 0.91894531
vt 0.85449219 0.08691406
vt 0.59399414 0.83178711
vt 0.71948242 0.05078125
vt 0.31811523 0.74145508
vt 0.53491211 0.81298828
vt 0.44165039 0.35034180
vt 0.29541016 0.37402344
vt 0.65112305 0.38305664
vt 0.14404297 0.48510742
vt 0.77026367 0.87207031
vt 0.74316406 0.39428711
vt 0.96240234 0.11157227
vt 0.59033203 0.83837891
vt 0.12622070 0.36889648
vt 0.72949219 0.04809570
vt 0.42114258 0.23266602
vt 0.25537109 0.85595703
vt 0.29199219 0.70288086
vt 0.70825195 0.56372070
vt 0.88085938 0.98339844
vt 0.37329102 0.09692383
vt 0.61938477 0.81323242
vt 0.36840820 0.12011719
vt 0.38037109 0.95703125
vt 0.37353516 0.09326172
vt 0.75488281 0.99267578
vt 0.98803711 0.09350586
vt 0.84179688 0.68847656
vt 0.85986328 0.89819336
vt 0.00756836 0.08374023
vt 0.34716797 0.21118164
vt 0.86010742 0.89868164
vt 0.70312500 0.90893555
vt 0.75805664 0.65771484
vt 0.47827148 0.10375977
vt 0.03588867 0.64770508
vt 0.04223633 0.64672852
vt 0.25292969 0.87744141
vt 0.65332031 0.41918945
vt 0.70117188 0.87939453
vt 0.29296875 0.70288086
vt 0.31494141 0.74072266
vt 0.17260742 0.01416016
vt 0.04321289 0.74291992
vt 0.85742188 0.89770508
vt 0.31738281 0.74194336
vt 0.86938477 0.72851562
vt 0.85839844 0.89770508
vt 0.70385742 0.54760742
vt 0.11816406 0.11572266
vt 0.84814453 0.87866211
vt 0.84667969 0.88110352
vt 0.61865234 0.81347656
vt 0.85766602 0.89746094
vt 0.74365234 0.39379883
vt 0.61816406 0.81420898
vt 0.62402344 0.39501953
vt 0.31665039 0.74291992
vt 0.37280273 0.09399414
vt 0.25537109 0.85913086
vt 0.25170898 0.87548828
vt 0.68188477 0.38549805
vt 0.37207031 0.09545898
vt 0.58520508 0.58642578
vt 0.22656250 0.93554688
vt 0.10693359 0.52026367
vt 0.04101562 0.65185547
vt 0.63574219 0.38696289
vt 0.73681641 0.04443359
vt 0.25390625 0.85644531
vt 0.57348633 0.12548828
vt 0.42504883 0.21459961
vt 0.58618164 0.58276367
vt 0.59082031 0.83764648
vt 0.02758789 0.82324219
vt 0.99169922 0.71118164
vt 0.59106445 0.53613281
vt 0.24853516 0.98901367
vt 0.70190430 0.88159180
vt 0.88525391 0.10083008
vt 0.57543945 0.12524414
vt 0.60156250 0.12182617
vt 0.34960938 0.21020508
vt 0.70043945 0.88134766
vt 0.04467773 0.74804688
vt 0.25292969 0.87182617
vt 0.51611328 0.10913086
vt 0.01562500 0.77856445
vt 0.24511719 0.85766602
vt 0.96948242 0.11328125
vt 0.29052734 0.70507812
vt 0.86376953 0.87402344
vt 0.57519531 0.12377930
vt 0.35571289 0.21142578
vt 0.67895508 0.39819336
vt 0.72021484 0.52050781
vt 0.84765625 0.87792969
vt 0.38671875 0.98974609
vt 0.85644531 0.31347656
vt 0.87011719 0.89575195
vt 0.38940430 0.99755859
vt 0.57421875 0.12646484
vt 0.10864258 0.51879883
vt 0.59277344 0.53247070
vt 0.37231445 0.09692383
vt 0.37158203 0.09814453
vt 0.89404297 0.04760742
vt 0.59887695 0.55175781
vt 0.04956055 0.62768555
vt 0.70263672 0.89086914
vt 0.70532227 0.88671875
vt 0.54028320 0.01293945
vt 0.59179688 0.54418945
vt 0.28491211 0.70605469
vt 0.22802734 0.37109375
vt 0.17407227 0.01513672
vt 0.60522461 0.54809570
vt 0.70703125 0.54370117
vt 0.51098633 0.10717773
vt 0.60058594 0.53125000
vt 0.02661133 0.82910156
vt 0.70336914 0.91625977
vt 0.03002930 0.82983398
vt 0.57226562 0.82543945
vt 0.34399414 0.00732422
vt 0.29589844 0.37255859
vt 0.31445312 0.75048828
vt 0.01879883 0.34912109
vt 0.50463867 0.09594727
vt 0.29858398 0.74682617
vt 0.27832031 0.95507812
vt 0.82714844 0.03222656
vt 0.29541016 0.70751953
vt 0.25292969 0.85791016
vt 0.68920898 0.38818359
vt 0.01635742 0.34692383
vt 0.65380859 0.40356445
vt 0.25195312 0.86523438
vt 0.50805664 0.11401367
vt 0.58374023 0.13525391
vt 0.72827148 0.04687500
vt 0.74096680 0.52563477
vt 0.71972656 0.04882812
vt 0.37451172 0.09301758
vt 0.73193359 0.51391602
vt 0.95581055 0.08837891
vt 0.03930664 0.64355469
vt 0.25268555 0.86450195
vt 0.74072266 0.66992188
vt 0.72875977 0.04589844
vt 0.05615234 0.65014648
vt 0.85400391 0.32006836
vt 0.85717773 0.06567383
vt 0.84155273 0.68701172
vt 0.84155273 0.68701172
vt 0.24316406 0.87036133
vt 0.41674805 0.39306641
vt 0.02099609 0.55810547
vt 0.40795898 0.27514648
vt 0.85717773 0.31542969
vt 0.04711914 0.75292969
vt 0.22778320 0.95703125
vt 0.71020508 0.88671875
vt 0.59033203 0.54565430
vt 0.84716797 0.87695312
vt 0.95019531 0.73730469
vt 0.17114258 0.40966797
vt 0.50878906 0.11401367
vt 0.46752930 0.40942383
vt 0.46752930 0.40942383
vt 0.58837891 0.56298828
vt 0.29589844 0.70458984
vt 0.71435547 0.56152344
vt 0.37255859 0.09716797
vt 0.29931641 0.74707031
vt 0.28491211 0.70678711
vt 0.57128906 0.09301758
vt 0.02050781 0.55712891
vt 0.96704102 0.10693359
vt 0.29345703 0.70507812
vt 0.87084961 0.29833984
vt 0.70263672 0.88452148
vt 0.14721680 0.37109375
vt 0.29150391 0.70483398
vt 0.04589844 0.64990234
vt 0.02368164 0.55712891
vt 0.41455078 0.39306641
vt 0.44091797 0.34252930
vt 0.61791992 0.12622070
vt 0.21923828 0.74365234
vt 0.76611328 0.67163086
vt 0.29345703 0.70458984
vt 0.34960938 0.76586914
vt 0.02465820 0.55786133
vt 0.24951172 0.98852539
vt 0.70971680 0.88793945
vt 0.74755859 0.88452148
vt 0.33349609 0.75659180
vt 0.39575195 0.10131836
vt 0.41186523 0.99194336
vt 0.50634766 0.09594727
vt 0.35156250 0.00244141
vt 0.31079102 0.77709961
vt 0.28149414 0.70922852
vt 0.35278320 0.21118164
vt 0.16674805 0.47241211
vt 0.04443359 0.74609375
vt 0.72583008 0.52587891
vt 0.43359375 0.33154297
vt 0.01586914 0.34790039
vt 0.75878906 0.04321289
vt 0.35083008 0.76635742
vt 0.02148438 0.55712891
vt 0.04223633 0.63916016
vt 0.01562500 0.55859375
vt 0.99243164 0.71142578
vt 0.24414062 0.98364258
vt 0.16992188 0.40869141
vt 0.16357422 0.40234375
vt 0.37622070 0.95336914
vt 0.61694336 0.12524414
vt 0.59106445 0.58325195
vt 0.42700195 0.31616211
vt 0.58691406 0.58666992
vt 0.58178711 0.83984375
vt 0.61694336 0.80151367
vt 0.01831055 0.34960938
vt 0.04760742 0.75219727
vt 0.54492188 0.06250000
vt 0.33422852 0.75805664
vt 0.16137695 0.47680664
vt 0.29882812 0.08203125
vt 0.76928711 0.12524414
vt 0.24511719 0.86547852
vt 0.70703125 0.91040039
vt 0.84814453 0.87866211
vt 0.01635742 0.55737305
vt 0.37329102 0.09692383
vt 0.88867188 0.33056641
vt 0.00708008 0.35986328
vt 0.73388672 0.51489258
vt 0.00537109 0.36035156
vt 0.35424805 0.21020508
vt 0.72045898 0.56640625
vt 0.72534180 0.54980469
vt 0.29370117 0.70605469
vt 0.00976562 0.55371094
vt 0.71679688 0.52661133
vt 0.60839844 0.57641602
vt 0.65454102 0.39575195
vt 0.70312500 0.87670898
vt 0.96923828 0.43481445
vt 0.39208984 0.16674805
vt 0.29736328 0.71337891
vt 0.38647461 0.98901367
vt 0.15332031 0.39086914
vt 0.75268555 0.50805664
vt 0.72583008 0.93603516
vt 0.04370117 0.14501953
vt 0.83837891 0.87060547
vt 0.49780273 0.10327148
vt 0.94628906 0.88867188
vt 0.34667969 0.76660156
vt 0.38159180 0.76806641
vt 0.21899414 0.37695312
vt 0.57397461 0.82202148
vt 0.71313477 0.54345703
vt 0.82934570 0.03100586
vt 0.54492188 0.05737305
vt 0.72753906 0.93505859
vt 0.35327148 0.20971680
vt 0.71191406 0.54272461
vt 0.86840820 0.28662109
vt 0.30273438 0.14526367
vt 0.26953125 0.71655273
vt 0.05737305 0.82690430
vt 0.69628906 0.39453125
vt 0.65893555 0.39526367
vt 0.42553711 0.31591797
vt 0.04418945 0.14428711
vt 0.86108398 0.86889648
vt 0.72290039 0.99096680
vt 0.02880859 0.82739258
vt 0.41357422 0.24829102
vt 0.48193359 0.43041992
vt 0.03759766 0.73901367
vt 0.71679688 0.53466797
vt 0.25000000 0.86474609
vt 0.04687500 0.74560547
vt 0.49877930 0.10693359
vt 0.59594727 0.54028320
vt 0.71606445 0.53833008
vt 0.98852539 0.22412109
vt 0.43066406 0.29785156
vt 0.07397461 0.17968750
vt 0.54101562 0.01318359
vt 0.37084961 0.10766602
vt 0.24096680 0.86840820
vt 0.34375000 0.08496094
vt 0.20605469 0.76171875
vt 0.27221680 0.71459961
vt 0.38647461 0.99169922
vt 0.72802734 0.94067383
vt 0.05468750 0.64916992
vt 0.85986328 0.06713867
vt 0.73608398 0.56982422
vt 0.35009766 0.20703125
vt 0.24609375 0.88623047
vt 0.75610352 0.88427734
vt 0.03247070 0.84301758
vt 0.59399414 0.57910156
vt 0.65698242 0.39819336
vt 0.37182617 0.10766602
vt 0.40502930 0.23071289
vt 0.98974609 0.34057617
vt 0.16528320 0.47070312
vt 0.36547852 0.94824219
vt 0.36889648 0.99731445
vt 0.00390625 0.69897461
vt 0.38598633 0.21582031
vt 0.24609375 0.87280273
vt 0.65380859 0.39794922
vt 0.72802734 0.94067383
vt 0.40625000 0.22998047
vt 0.70776367 0.89355469
vt 0.70874023 0.89282227
vt 0.87426758 0.87158203
vt 0.16674805 0.47119141
vt 0.16845703 0.47094727
vt 0.61694336 0.12426758
vt 0.41186523 0.99096680
vt 0.71777344 0.53466797
vt 0.56982422 0.75341797
vt 0.71948242 0.53344727
vt 0.38574219 0.98974609
vt 0.38525391 0.98876953
vt 0.89526367 0.11181641
vt 0.59082031 0.58642578
vt 0.70947266 0.89770508
vt 0.87792969 0.88940430
vt 0.09130859 0.65112305
vt 0.41455078 0.27246094
vt 0.85986328 0.87548828
vt 0.01318359 0.55517578
vt 0.05737305 0.82812500
vt 0.72265625 0.99047852
vt 0.57177734 0.85229492
vt 0.02246094 0.84692383
vt 0.54394531 0.05590820
vt 0.27075195 0.95117188
vt 0.87573242 0.07568359
vt 0.72534180 0.93603516
vt 0.36694336 0.93750000
vt 0.37182617 0.12207031
vt 0.44506836 0.05395508
vt 0.75488281 0.85375977
vt 0.65429688 0.39916992
vt 0.24780273 0.98974609
vt 0.97973633 0.74755859
vt 0.44482422 0.05273438
vt 0.66455078 0.09155273
vt 0.61596680 0.12304688
vt 0.71850586 0.53369141
vt 0.88867188 0.10668945
vt 0.70947266 0.89624023
vt 0.59179688 0.58691406
vt 0.22436523 0.95703125
vt 0.29296875 0.04565430
vt 0.00317383 0.69995117
vt 0.95678711 0.75634766
vt 0.00830078 0.62475586
vt 0.42504883 0.16772461
vt 0.33520508 0.07324219
vt 0.71020508 0.89672852
vt 0.01000977 0.19409180
vt 0.43872070 0.27539062
vt 0.71850586 0.54248047
vt 0.59057617 0.58691406
vt 0.33422852 0.07226562
vt 0.21533203 0.50146484
vt 0.97875977 0.74829102
vt 0.77172852 0.64575195
vt 0.06567383 0.73535156
vt 0.98315430 0.34033203
vt 0.24853516 0.85742188
vt 0.83691406 0.52050781
vt 0.72119141 0.54345703
vt 0.72216797 0.55737305
vt 0.72778320 0.53564453
vt 0.98730469 0.33813477
vt 0.81250000 0.02099609
vt 0.44482422 0.05273438
vt 0.72094727 0.53759766
vt 0.49853516 0.10229492
vt 0.33496094 0.07202148
vt 0.24096680 0.87255859
vt 0.01391602 0.55468750
vt 0.59497070 0.12402344
vt 0.88818359 0.10424805
vt 0.18139648 0.46337891
vt 0.88598633 0.29565430
vt 0.02148438 0.20068359
vt 0.00634766 0.69995117
vt 0.84863281 0.87109375
vt 0.50708008 0.10717773
vt 0.72167969 0.53662109
vt 0.32470703 0.79711914
vt 0.26098633 0.71752930
vt 0.01806641 0.19848633
vt 0.74340820 0.51513672
vt 0.26953125 0.71655273
vt 0.59033203 0.13256836
vt 0.70581055 0.76660156
vt 0.73461914 0.37329102
vt 0.74194336 0.15649414
vt 0.03222656 0.43774414
vt 0.83715820 0.52099609
vt 0.49902344 0.09936523
vt 0.74389648 0.51513672
vt 0.24365234 0.72485352
vt 0.61523438 0.12280273
vt 0.02099609 0.19897461
vt 0.70385742 0.76757812
vt 0.01977539 0.20166016
vt 0.23876953 0.90283203
vt 0.70581055 0.76660156
vt 0.26855469 0.71728516
vt 0.58935547 0.13281250
vt 0.52880859 0.05053711
vt 0.50561523 0.10571289
vt 0.59594727 0.12329102
vt 0.99121094 0.74829102
vt 0.60253906 0.53881836
vt 0.03784180 0.40942383
vt 0.75048828 0.51831055
vt 0.44409180 0.05102539
vt 0.74389648 0.38793945
vt 0.70751953 0.76928711
vt 0.74926758 0.51416016
vt 0.35278320 0.00122070
vt 0.59423828 0.56591797
vt 0.04223633 0.72558594
vt 0.72607422 0.53002930
vt 0.03662109 0.41088867
vt 0.03564453 0.72875977
vt 0.69995117 0.76342773
vt 0.72265625 0.54467773
vt 0.54199219 0.06127930
vt 0.72460938 0.53051758
vt 0.27880859 0.95068359
vt 0.75268555 0.52954102
vt 0.70581055 0.76782227
vt 0.59326172 0.13037109
vt 0.03759766 0.41064453
vt 0.36767578 0.77050781
vt 0.54150391 0.05932617
vt 0.01464844 0.69482422
vt 0.59765625 0.12207031
vt 0.70312500 0.76586914
vt 0.00732422 0.20629883
vt 0.01879883 0.20019531
vt 0.87231445 0.29541016
vt 0.16796875 0.47583008
vt 0.72363281 0.54516602
vt 0.83813477 0.52197266
vt 0.59204102 0.13085938
vt 0.67626953 0.02319336
vt 0.83715820 0.52246094
vt 0.50976562 0.10620117
vt 0.10083008 0.62280273
vt 0.05029297 0.74365234
vt 0.22045898 0.95654297
vt 0.69897461 0.76391602
vt 0.72387695 0.53955078
vt 0.59301758 0.13061523
vt 0.85156250 0.26635742
vt 0.59448242 0.58520508
vt 0.50878906 0.10571289
vt 0.26123047 0.71850586
vt 0.29150391 0.71020508
vt 0.65551758 0.76757812
vt 0.72778320 0.55908203
vt 0.01660156 0.19873047
vt 0.36547852 0.77075195
vt 0.26635742 0.72729492
vt 0.21508789 0.75537109
vt 0.27246094 0.94970703
vt 0.14672852 0.37573242
vt 0.59350586 0.13061523
vt 0.50439453 0.10180664
vt 0.21972656 0.95483398
vt 0.26635742 0.71899414
vt 0.67211914 0.93627930
vt 0.59375000 0.58227539
vt 0.83471680 0.95190430
vt 0.85522461 0.87329102
vt 0.66210938 0.03100586
vt 0.01562500 0.19995117
vt 0.88745117 0.33056641
vt 0.51440430 0.10791016
vt 0.22265625 0.94702148
vt 0.05468750 0.71923828
vt 0.30712891 0.13232422
vt 0.77246094 0.64770508
vt 0.72924805 0.55908203
vt 0.50952148 0.09960938
vt 0.32177734 0.07666016
vt 0.13354492 0.02709961
vt 0.01928711 0.69335938
vt 0.51220703 0.09667969
vt 0.51660156 0.10571289
vt 0.83764648 0.52246094
vt 0.49707031 0.09887695
vt 0.15551758 0.91528320
vt 0.66235352 0.03222656
vt 0.44311523 0.04956055
vt 0.40698242 0.16503906
vt 0.59716797 0.11547852
vt 0.43798828 0.04541016
vt 0.21313477 0.89770508
vt 0.65527344 0.06738281
vt 0.14038086 0.37719727
vt 0.41210938 0.23754883
vt 0.50073242 0.10058594
vt 0.60156250 0.53759766
vt 0.75878906 0.71997070
vt 0.49780273 0.09863281
vt 0.81152344 0.96899414
vt 0.96484375 0.72875977
vt 0.07861328 0.50732422
vt 0.50634766 0.10327148
vt 0.16870117 0.92919922
vt 0.83227539 0.96997070
vt 0.30297852 0.14599609
vt 0.74609375 0.73339844
vt 0.59765625 0.11596680
vt 0.20556641 0.85742188
vt 0.16870117 0.93066406
vt 0.20019531 0.38110352
vt 0.97900391 0.74755859
vt 0.32495117 0.45727539
vt 0.95581055 0.24609375
vt 0.86889648 0.87158203
vt 0.26855469 0.71777344
vt 0.13427734 0.02539062
vt 0.02270508 0.63037109
vt 0.41137695 0.23803711
vt 0.81298828 0.02148438
vt 0.51538086 0.10327148
vt 0.09594727 0.89453125
vt 0.24194336 0.86743164
vt 0.72387695 0.92529297
vt 0.68017578 0.81225586
vt 0.27001953 0.48657227
vt 0.39257812 0.22924805
vt 0.87353516 0.07006836
vt 0.29174805 0.35839844
vt 0.74462891 0.54760742
vt 0.41845703 0.28979492
vt 0.37963867 0.09252930
vt 0.08984375 0.64501953
vt 0.59887695 0.13232422
vt 0.68627930 0.94995117
vt 0.19628906 0.98657227
vt 0.38476562 0.13037109
vt 0.24121094 0.15356445
vt 0.93774414 0.80102539
vt 0.59790039 0.56372070
vt 0.40600586 0.25024414
vt 0.66577148 0.03637695
vt 0.02905273 0.41259766
vt 0.73120117 0.54174805
vt 0.29296875 0.35888672
vt 0.81762695 0.25561523
vt 0.87060547 0.87011719
vt 0.87011719 0.86889648
vt 0.59277344 0.99755859
vt 0.72900391 0.94604492
vt 0.51464844 0.10375977
vt 0.61474609 0.11303711
vt 0.37963867 0.09326172
vt 0.73193359 0.53759766
vt 0.73901367 0.52661133
vt 0.22021484 0.95776367
vt 0.20751953 0.99536133
vt 0.59301758 0.98974609
vt 0.27148438 0.94921875
vt 0.60034180 0.58227539
vt 0.74609375 0.73120117
vt 0.32519531 0.46630859
vt 0.73608398 0.53198242
vt 0.16601562 0.33837891
vt 0.29687500 0.71435547
vt 0.13305664 0.02587891
vt 0.22656250 0.74511719
vt 0.51489258 0.10302734
vt 0.23193359 0.90625000
vt 0.84057617 0.85693359
vt 0.92578125 0.81005859
vt 0.13598633 0.37939453
vt 0.38110352 0.12890625
vt 0.75537109 0.89794922
vt 0.61621094 0.53027344
vt 0.28637695 0.71459961
vt 0.29296875 0.35668945
vt 0.84228516 0.53173828
vt 0.73730469 0.54150391
vt 0.87426758 0.86816406
vt 0.74169922 0.54370117
vt 0.27270508 0.94897461
vt 0.83764648 0.86938477
vt 0.71850586 0.92236328
vt 0.31372070 0.07739258
vt 0.84814453 0.01440430
vt 0.73461914 0.54443359
vt 0.73510742 0.54003906
vt 0.60278320 0.58715820
vt 0.21142578 0.95288086
vt 0.43798828 0.94531250
vt 0.92529297 0.81127930
vt 0.12329102 0.04321289
vt 0.28735352 0.71386719
vt 0.60522461 0.53198242
vt 0.87792969 0.86743164
vt 0.54174805 0.04418945
vt 0.45751953 0.26049805
vt 0.96801758 0.74145508
vt 0.73559570 0.54492188
vt 0.98608398 0.49096680
vt 0.90185547 0.79833984
vt 0.32397461 0.45629883
vt 0.41601562 0.27490234
vt 0.85644531 0.22094727
vt 0.33764648 0.08032227
vt 0.97875977 0.01416016
vt 0.51220703 0.09570312
vt 0.73632812 0.54321289
vt 0.98950195 0.49902344
vt 0.75439453 0.54931641
vt 0.62353516 0.54150391
vt 0.73730469 0.54492188
vt 0.32641602 0.43554688
vt 0.96557617 0.71923828
vt 0.61547852 0.11181641
vt 0.29345703 0.33081055
vt 0.84350586 0.86962891
vt 0.99145508 0.50097656
vt 0.15502930 0.50244141
vt 0.08837891 0.37231445
vt 0.32153320 0.77441406
vt 0.18627930 0.38964844
vt 0.56689453 0.09912109
vt 0.69140625 0.02783203
vt 0.85034180 0.01269531
vt 0.15502930 0.99218750
vt 0.31396484 0.07617188
vt 0.67578125 0.04443359
vt 0.76660156 0.91406250
vt 0.73852539 0.54223633
vt 0.59521484 0.99194336
vt 0.73852539 0.54223633
vt 0.38159180 0.11645508
vt 0.73999023 0.54565430
vt 0.87792969 0.05395508
vt 0.65551758 0.06738281
vt 0.41479492 0.41113281
vt 0.51342773 0.09790039
vt 0.23803711 0.74438477
vt 0.91113281 0.82568359
vt 0.14062500 0.38110352
vt 0.59472656 0.99096680
vt 0.57104492 0.10253906
vt 0.99462891 0.74169922
vt 0.92626953 0.60302734
vt 0.33837891 0.07983398
vt 0.08178711 0.47412109
vt 0.61206055 0.02026367
vt 0.28417969 0.72778320
vt 0.72875977 0.91918945
vt 0.32519531 0.44531250
vt 0.32299805 0.78808594
vt 0.23779297 0.11694336
vt 0.32373047 0.43774414
vt 0.20166016 0.18188477
vt 0.84887695 0.00512695
vt 0.51318359 0.09765625
vt 0.75122070 0.52270508
vt 0.91748047 0.04467773
vt 0.61840820 0.09375000
vt 0.95776367 0.74096680
vt 0.53173828 0.05737305
vt 0.70043945 0.72338867
vt 0.60083008 0.58105469
vt 0.33911133 0.07983398
vt 0.18847656 0.47094727
vt 0.91870117 0.04589844
vt 0.10986328 0.41992188
vt 0.91699219 0.04614258
vt 0.91406250 0.51757812
vt 0.72656250 0.94702148
vt 0.70410156 0.92700195
vt 0.91870117 0.04467773
vt 0.74365234 0.54248047
vt 0.90673828 0.51684570
vt 0.74829102 0.52807617
vt 0.41015625 0.14428711
vt 0.99316406 0.74072266
vt 0.23706055 0.14477539
vt 0.32421875 0.42529297
vt 0.22851562 0.65185547
vt 0.76586914 0.93432617
vt 0.93115234 0.83276367
vt 0.60107422 0.58715820
vt 0.33837891 0.08276367
vt 0.74731445 0.55688477
vt 0.84008789 0.86547852
vt 0.33789062 0.08276367
vt 0.73071289 0.91381836
vt 0.32299805 0.78393555
vt 0.38012695 0.10131836
vt 0.10815430 0.02050781
vt 0.98583984 0.68359375
vt 0.72656250 0.94750977
vt 0.10815430 0.02075195
vt 0.23535156 0.14526367
vt 0.57055664 0.76171875
vt 0.84643555 0.86621094
vt 0.83618164 0.02392578
vt 0.85156250 0.86621094
vt 0.08911133 0.39233398
vt 0.74438477 0.37182617
vt 0.71191406 0.92114258
vt 0.10815430 0.02124023
vt 0.19677734 0.98583984
vt 0.84570312 0.86596680
vt 0.84619141 0.86572266
vt 0.69335938 0.03320312
vt 0.30151367 0.07031250
vt 0.32275391 0.78588867
vt 0.60644531 0.58740234
vt 0.84057617 0.86352539
vt 0.37939453 0.10229492
vt 0.40502930 0.16186523
vt 0.14331055 0.38208008
vt 0.81542969 0.97070312
vt 0.37841797 0.17016602
vt 0.28466797 0.71679688
vt 0.16674805 0.98657227
vt 0.65820312 0.06542969
vt 0.68481445 0.03686523
vt 0.92993164 0.57275391
vt 0.42089844 0.13793945
vt 0.34643555 0.77661133
vt 0.32226562 0.78564453
vt 0.87011719 0.06445312
vt 0.06982422 0.48730469
vt 0.75927734 0.91772461
vt 0.75073242 0.56103516
vt 0.82836914 0.23339844
vt 0.99121094 0.02758789
vt 0.23266602 0.88696289
vt 0.34692383 0.03515625
vt 0.53417969 0.05224609
vt 0.22924805 0.74731445
vt 0.27026367 0.05688477
vt 0.25708008 0.06005859
vt 0.25708008 0.06884766
vt 0.25854492 0.06567383
vt 0.43505859 0.26342773
vt 0.87353516 0.05395508
vt 0.23657227 0.14306641
vt 0.91894531 0.04516602
vt 0.04663086 0.73046875
vt 0.79296875 0.98535156
vt 0.31054688 0.07080078
vt 0.19384766 0.37744141
vt 0.81884766 0.95776367
vt 0.14404297 0.38281250
vt 0.31103516 0.06982422
vt 0.88232422 0.52343750
vt 0.80786133 0.04809570
vt 0.59985352 0.70996094
vt 0.60473633 0.56420898
vt 0.02832031 0.30297852
vt 0.44409180 0.42187500
vt 0.03247070 0.30664062
vt 0.98315430 0.01708984
vt 0.64013672 0.81201172
vt 0.26171875 0.72460938
vt 0.75341797 0.55664062
vt 0.68627930 0.03881836
vt 0.00219727 0.72729492
vt 0.28540039 0.71752930
vt 0.85766602 0.85449219
vt 0.88281250 0.52392578
vt 0.88696289 0.51855469
vt 0.75195312 0.55566406
vt 0.72094727 0.12182617
vt 0.97167969 0.73120117
vt 0.22778320 0.91040039
vt 0.87353516 0.57031250
vt 0.70166016 0.92773438
vt 0.93823242 0.84497070
vt 0.26074219 0.72509766
vt 0.16992188 0.37597656
vt 0.93115234 0.66235352
vt 0.02246094 0.30517578
vt 0.48754883 0.02978516
vt 0.98974609 0.74096680
vt 0.46264648 0.26464844
vt 0.60375977 0.58715820
vt 0.12036133 0.03076172
vt 0.53320312 0.05175781
vt 0.26635742 0.72705078
vt 0.01562500 0.30566406
vt 0.56738281 0.75317383
vt 0.60571289 0.56152344
vt 0.88647461 0.50390625
vt 0.70727539 0.92407227
vt 0.71142578 0.92138672
vt 0.02172852 0.30541992
vt 0.27294922 0.73413086
vt 0.32324219 0.40551758
vt 0.01806641 0.30712891
vt 0.26684570 0.06201172
vt 0.22045898 0.10473633
vt 0.31152344 0.07031250
vt 0.31689453 0.79272461
vt 0.26367188 0.06103516
vt 0.60888672 0.54956055
vt 0.46655273 0.42578125
vt 0.25341797 0.06469727
vt 0.02832031 0.30249023
vt 0.98925781 0.73925781
vt 0.25976562 0.06469727
vt 0.00976562 0.31030273
vt 0.99291992 0.02905273
vt 0.80810547 0.04711914
vt 0.01489258 0.30761719
vt 0.42065430 0.14965820
vt 0.85180664 0.00903320
vt 0.88598633 0.50561523
vt 0.62011719 0.09277344
vt 0.41479492 0.17065430
vt 0.94409180 0.58300781
vt 0.74389648 0.72973633
vt 0.80126953 0.97802734
vt 0.16430664 0.98657227
vt 0.01977539 0.30541992
vt 0.70312500 0.92700195
vt 0.06176758 0.63891602
vt 0.27368164 0.06933594
vt 0.00903320 0.30834961
vt 0.24853516 0.06591797
vt 0.40209961 0.14794922
vt 0.02001953 0.30371094
vt 0.23071289 0.88500977
vt 0.60668945 0.56103516
vt 0.60766602 0.56054688
vt 0.43823242 0.12500000
vt 0.96484375 0.66235352
vt 0.97534180 0.66943359
vt 0.22436523 0.92187500
vt 0.92700195 0.60351562
vt 0.39965820 0.14599609
vt 0.01489258 0.30761719
vt 0.85034180 0.00488281
vt 0.93627930 0.83740234
vt 0.39672852 0.14599609
vt 0.75585938 0.55712891
vt 0.25268555 0.06494141
vt 0.16503906 0.98754883
vt 0.39746094 0.14306641
vt 0.98266602 0.12792969
vt 0.26171875 0.06372070
vt 0.61987305 0.57128906
vt 0.25048828 0.06591797
vt 0.25390625 0.07226562
vt 0.39599609 0.14453125
vt 0.88085938 0.49536133
vt 0.39721680 0.14477539
vt 0.75512695 0.54882812
vt 0.25976562 0.06469727
vt 0.39526367 0.14404297
vt 0.05468750 0.73706055
vt 0.26367188 0.72534180
vt 0.26416016 0.72607422
vt 0.38867188 0.12817383
vt 0.39916992 0.25146484
vt 0.26293945 0.06542969
vt 0.22363281 0.92456055
vt 0.40429688 0.16333008
vt 0.00854492 0.75781250
vt 0.16577148 0.98730469
vt 0.00952148 0.30493164
vt 0.85058594 0.00390625
vt 0.98046875 0.68139648
vt 0.14672852 0.39990234
vt 0.94213867 0.58251953
vt 0.31469727 0.37133789
vt 0.25878906 0.06518555
vt 0.11450195 0.39208984
vt 0.39672852 0.14599609
vt 0.71313477 0.97363281
vt 0.76831055 0.91430664
vt 0.39892578 0.14916992
vt 0.42675781 0.13842773
vt 0.39526367 0.14453125
vt 0.25952148 0.06542969
vt 0.42163086 0.27001953
vt 0.97387695 0.72119141
vt 0.87768555 0.85815430
vt 0.98339844 0.68530273
vt 0.12695312 0.03588867
vt 0.93676758 0.83789062
vt 0.49804688 0.48925781
vt 0.20971680 0.07885742
vt 0.94238281 0.58203125
vt 0.85986328 0.05786133
vt 0.98486328 0.68237305
vt 0.01904297 0.30346680
vt 0.44018555 0.13989258
vt 0.94287109 0.58227539
vt 0.89379883 0.50292969
vt 0.42773438 0.91186523
vt 0.39599609 0.14916992
vt 0.42041016 0.26416016
vt 0.89379883 0.50390625
vt 0.28540039 0.71923828
vt 0.89160156 0.50317383
vt 0.01245117 0.30468750
vt 0.88598633 0.49926758
vt 0.26098633 0.06689453
vt 0.00903320 0.30566406
vt 0.89331055 0.50366211
vt 0.11132812 0.49877930
vt 0.01660156 0.30371094
vt 0.05297852 0.73046875
vt 0.40283203 0.24829102
vt 0.93847656 0.00927734
vt 0.38745117 0.14477539
vt 0.25610352 0.06933594
vt 0.60791016 0.56787109
vt 0.39306641 0.14672852
vt 0.28662109 0.72045898
vt 0.96875000 0.72680664
vt 0.39477539 0.14868164
vt 0.53540039 0.04541016
vt 0.25830078 0.06787109
vt 0.26074219 0.06762695
vt 0.84228516 0.85424805
vt 0.12207031 0.02319336
vt 0.23486328 0.74462891
vt 0.22241211 0.13916016
vt 0.22875977 0.75268555
vt 0.94067383 0.58447266
vt 0.23437500 0.74536133
vt 0.38159180 0.10449219
vt 0.98071289 0.12548828
vt 0.25512695 0.06933594
vt 0.97021484 0.72558594
vt 0.97998047 0.12158203
vt 0.27563477 0.06567383
vt 0.38256836 0.10424805
vt 0.40722656 0.20092773
vt 0.25146484 0.07055664
vt 0.25561523 0.06958008
vt 0.05371094 0.73168945
vt 0.39794922 0.15527344
vt 0.84204102 0.85449219
vt 0.85083008 0.00219727
vt 0.24584961 0.07324219
vt 0.85107422 0.00170898
vt 0.25732422 0.07006836
vt 0.39721680 0.15502930
vt 0.97192383 0.72167969
vt 0.03149414 0.53466797
vt 0.11718750 0.41406250
vt 0.11254883 0.39404297
vt 0.29907227 0.35302734
vt 0.98046875 0.12426758
vt 0.25756836 0.07055664
vt 0.28613281 0.71997070
vt 0.23999023 0.06103516
vt 0.69677734 0.95751953
vt 0.89306641 0.50146484
vt 0.40136719 0.16113281
vt 0.84252930 0.85449219
vt 0.16162109 0.98852539
vt 0.39770508 0.15649414
vt 0.25659180 0.07055664
vt 0.27441406 0.73315430
vt 0.96435547 0.14355469
vt 0.40112305 0.21459961
vt 0.98217773 0.12109375
vt 0.98217773 0.11938477
vt 0.84106445 0.85595703
vt 0.00317383 0.72656250
vt 0.40747070 0.16479492
vt 0.98144531 0.12231445
vt 0.40478516 0.13012695
vt 0.40502930 0.12939453
vt 0.97949219 0.13696289
vt 0.44555664 0.32006836
vt 0.05981445 0.72412109
vt 0.96972656 0.14843750
vt 0.39428711 0.15478516
vt 0.26391602 0.06982422
vt 0.25854492 0.07299805
vt 0.39379883 0.15283203
vt 0.90136719 0.51220703
vt 0.23559570 0.74511719
vt 0.98071289 0.13818359
vt 0.25659180 0.07177734
vt 0.97070312 0.14794922
vt 0.38818359 0.14965820
vt 0.93457031 0.59252930
vt 0.40478516 0.12963867
vt 0.04687500 0.08471680
vt 0.45849609 0.44384766
vt 0.38818359 0.14550781
vt 0.40551758 0.13012695
vt 0.93750000 0.83886719
vt 0.38281250 0.14721680
vt 0.86157227 0.85473633
vt 0.98022461 0.13867188
vt 0.39282227 0.15356445
vt 0.29687500 0.71704102
vt 0.25708008 0.07226562
vt 0.25048828 0.04785156
vt 0.70385742 0.79589844
vt 0.39038086 0.15112305
vt 0.98852539 0.13623047
vt 0.26171875 0.07128906
vt 0.04003906 0.20190430
vt 0.61621094 0.53588867
vt 0.38989258 0.15161133
vt 0.25024414 0.07446289
vt 0.29907227 0.71875000
vt 0.29638672 0.71948242
vt 0.38720703 0.14624023
vt 0.61547852 0.56323242
vt 0.98364258 0.12133789
vt 0.98535156 0.12158203
vt 0.44628906 0.32104492
vt 0.09155273 0.49926758
vt 0.28735352 0.72143555
vt 0.15161133 0.49951172
vt 0.39868164 0.24804688
vt 0.04150391 0.07983398
vt 0.39086914 0.15209961
vt 0.39355469 0.15820312
vt 0.38769531 0.14916992
vt 0.39038086 0.15405273
vt 0.19262695 0.91992188
vt 0.40014648 0.24658203
vt 0.29321289 0.04589844
vt 0.38598633 0.14721680
vt 0.24707031 0.05541992
vt 0.97338867 0.71948242
vt 0.38818359 0.12475586
vt 0.11059570 0.49365234
vt 0.38525391 0.14892578
vt 0.20996094 0.14355469
vt 0.25854492 0.07299805
vt 0.42944336 0.14624023
vt 0.77587891 0.95654297
vt 0.28515625 0.72119141
vt 0.09277344 0.49975586
vt 0.98388672 0.12817383
vt 0.00781250 0.75756836
vt 0.06103516 0.72998047
vt 0.41577148 0.41943359
vt 0.39038086 0.15478516
vt 0.28564453 0.72216797
vt 0.30712891 0.95043945
vt 0.06567383 0.73583984
vt 0.05053711 0.21215820
vt 0.09423828 0.49853516
vt 0.21923828 0.16064453
vt 0.98168945 0.15478516
vt 0.41772461 0.42187500
vt 0.81420898 0.68872070
vt 0.28540039 0.93627930
vt 0.98535156 0.13159180
vt 0.91259766 0.51635742
vt 0.42138672 0.89160156
vt 0.38085938 0.13867188
vt 0.25854492 0.73046875
vt 0.88085938 0.47241211
vt 0.06298828 0.62353516
vt 0.16088867 0.98632812
vt 0.26660156 0.04467773
vt 0.97680664 0.14160156
vt 0.90771484 0.50097656
vt 0.38037109 0.14477539
vt 0.31103516 0.95043945
vt 0.62744141 0.77172852
vt 0.30761719 0.94750977
vt 0.38916016 0.20068359
vt 0.27099609 0.06835938
vt 0.98876953 0.12915039
vt 0.27636719 0.06518555
vt 0.31005859 0.36230469
vt 0.37670898 0.26928711
vt 0.32519531 0.79614258
vt 0.31250000 0.95239258
vt 0.04199219 0.09082031
vt 0.73754883 0.96630859
vt 0.39306641 0.20263672
vt 0.26025391 0.07910156
vt 0.16674805 0.94946289
vt 0.31250000 0.94653320
vt 0.26904297 0.07373047
vt 0.14355469 0.38916016
vt 0.26953125 0.07373047
vt 0.15478516 0.99243164
vt 0.14550781 0.01928711
vt 0.06518555 0.21679688
vt 0.56225586 0.79199219
vt 0.80859375 0.68969727
vt 0.08813477 0.49707031
vt 0.05004883 0.09228516
vt 0.41650391 0.42089844
vt 0.02832031 0.08471680
vt 0.31616211 0.95092773
vt 0.05029297 0.08886719
vt 0.26953125 0.07421875
vt 0.84008789 0.53662109
vt 0.26635742 0.38525391
vt 0.27001953 0.07421875
vt 0.31298828 0.95141602
vt 0.41430664 0.17309570
vt 0.43286133 0.28759766
vt 0.30859375 0.94726562
vt 0.70288086 0.95483398
vt 0.26904297 0.07470703
vt 0.02856445 0.08520508
vt 0.24755859 0.05126953
vt 0.03271484 0.08837891
vt 0.39379883 0.20190430
vt 0.09570312 0.26562500
vt 0.73217773 0.37377930
vt 0.31738281 0.95410156
vt 0.02954102 0.08618164
vt 0.04785156 0.08984375
vt 0.04956055 0.09106445
vt 0.31298828 0.94873047
vt 0.61718750 0.56201172
vt 0.94482422 0.84838867
vt 0.02954102 0.08618164
vt 0.04956055 0.08935547
vt 0.98828125 0.13159180
vt 0.33471680 0.78466797
vt 0.41381836 0.17187500
vt 0.44750977 0.31835938
vt 0.04687500 0.08813477
vt 0.04785156 0.09326172
vt 0.27661133 0.73217773
vt 0.08886719 0.49658203
vt 0.61181641 0.57617188
vt 0.03979492 0.09106445
vt 0.39477539 0.20166016
vt 0.15039062 0.00195312
vt 0.61669922 0.56762695
vt 0.42480469 0.13598633
vt 0.04760742 0.08911133
vt 0.42333984 0.13500977
vt 0.04711914 0.08886719
vt 0.62011719 0.53002930
vt 0.21972656 0.90625000
vt 0.08276367 0.49121094
vt 0.42456055 0.26367188
vt 0.98852539 0.13061523
vt 0.42456055 0.14526367
vt 0.91455078 0.51513672
vt 0.41406250 0.17211914
vt 0.99096680 0.13696289
vt 0.03125000 0.10253906
vt 0.72167969 0.95825195
vt 0.76538086 0.35815430
vt 0.97338867 0.14282227
vt 0.40014648 0.19238281
vt 0.63500977 0.56640625
vt 0.20947266 0.13867188
vt 0.13061523 0.39331055
vt 0.42431641 0.14477539
vt 0.26635742 0.04467773
vt 0.39697266 0.20019531
vt 0.61669922 0.54516602
vt 0.53149414 0.78613281
vt 0.42431641 0.13574219
vt 0.89501953 0.51977539
vt 0.04687500 0.09155273
vt 0.27001953 0.72875977
vt 0.72680664 0.36938477
vt 0.87622070 0.33813477
vt 0.87036133 0.34228516
vt 0.04956055 0.09228516
vt 0.02783203 0.21240234
vt 0.80126953 0.96630859
vt 0.42114258 0.13427734
vt 0.14331055 0.39208984
vt 0.26684570 0.04516602
vt 0.04418945 0.08984375
vt 0.44018555 0.28857422
vt 0.33911133 0.78491211
vt 0.88110352 0.47192383
vt 0.10156250 0.26245117
vt 0.29736328 0.71972656
vt 0.09545898 0.27001953
vt 0.91650391 0.49780273
vt 0.91528320 0.49560547
vt 0.91455078 0.49609375
vt 0.75317383 0.96386719
vt 0.04003906 0.10351562
vt 0.61279297 0.58081055
vt 0.04931641 0.09497070
vt 0.93701172 0.58081055
vt 0.04785156 0.09326172
vt 0.86083984 0.06323242
vt 0.61499023 0.56250000
vt 0.80249023 0.95874023
vt 0.43432617 0.28564453
vt 0.04345703 0.09106445
vt 0.41821289 0.13500977
vt 0.14550781 0.39086914
vt 0.27392578 0.06933594
vt 0.32080078 0.95092773
vt 0.02832031 0.21215820
vt 0.61962891 0.53149414
vt 0.04199219 0.09082031
vt 0.61547852 0.56079102
vt 0.04858398 0.09497070
vt 0.39624023 0.12255859
vt 0.04077148 0.10473633
vt 0.79541016 0.97583008
vt 0.81250000 0.96972656
vt 0.04443359 0.09375000
vt 0.29931641 0.72607422
vt 0.09667969 0.96801758
vt 0.61621094 0.58056641
vt 0.04125977 0.09277344
vt 0.56030273 0.79272461
vt 0.09399414 0.99316406
vt 0.47412109 0.05493164
vt 0.43237305 0.28613281
vt 0.16186523 0.00927734
vt 0.90551758 0.48486328
vt 0.93652344 0.58129883
vt 0.72021484 0.95800781
vt 0.04321289 0.09326172
vt 0.69702148 0.96606445
vt 0.62719727 0.77270508
vt 0.35546875 0.23388672
vt 0.39135742 0.12329102
vt 0.74414062 0.96655273
vt 0.79907227 0.96020508
vt 0.40649414 0.20117188
vt 0.08178711 0.47387695
vt 0.04248047 0.09350586
vt 0.15039062 0.00341797
vt 0.10888672 0.49169922
vt 0.03930664 0.09399414
vt 0.00903320 0.76611328
vt 0.68750000 0.94946289
vt 0.93603516 0.58081055
vt 0.00732422 0.76318359
vt 0.04663086 0.09790039
vt 0.31689453 0.94360352
vt 0.04345703 0.09765625
vt 0.75830078 0.96118164
vt 0.04638672 0.09570312
vt 0.55908203 0.79394531
vt 0.14428711 0.41406250
vt 0.03320312 0.99023438
vt 0.04296875 0.09692383
vt 0.04687500 0.09643555
vt 0.71044922 0.70458984
vt 0.00927734 0.76513672
vt 0.04174805 0.09643555
vt 0.04394531 0.09521484
vt 0.04418945 0.09838867
vt 0.16918945 0.94921875
vt 0.48950195 0.44140625
vt 0.87500000 0.33911133
vt 0.09960938 0.49365234
vt 0.10229492 0.25463867
vt 0.38989258 0.12207031
vt 0.74096680 0.33374023
vt 0.13598633 0.89208984
vt 0.16821289 0.95043945
vt 0.09936523 0.26220703
vt 0.47460938 0.05395508
vt 0.16601562 0.95971680
vt 0.16748047 0.94946289
vt 0.09326172 0.98999023
vt 0.78027344 0.96508789
vt 0.79858398 0.96020508
vt 0.99707031 0.48144531
vt 0.16479492 0.50927734
vt 0.47485352 0.05444336
vt 0.16357422 0.00903320
vt 0.29882812 0.72094727
vt 0.09277344 0.99340820
vt 0.39550781 0.25830078
vt 0.85571289 0.06713867
vt 0.64746094 0.82128906
vt 0.11083984 0.25195312
vt 0.95532227 0.24340820
vt 0.03540039 0.10278320
vt 0.88916016 0.49096680
vt 0.04394531 0.02221680
vt 0.43310547 0.45092773
vt 0.09204102 0.99291992
vt 0.09204102 0.99414062
vt 0.09326172 0.98974609
vt 0.39062500 0.12182617
vt 0.32250977 0.07690430
vt 0.10156250 0.26245117
vt 0.28735352 0.93750000
vt 0.31542969 0.93530273
vt 0.34179688 0.23144531
vt 0.95581055 0.24511719
vt 0.96142578 0.27978516
vt 0.98999023 0.37890625
vt 0.29077148 0.93164062
vt 0.44628906 0.26635742
vt 0.23974609 0.74804688
vt 0.00781250 0.33764648
vt 0.43310547 0.28710938
vt 0.09350586 0.98999023
vt 0.90234375 0.52075195
vt 0.16088867 0.98388672
vt 0.03881836 0.11010742
vt 0.00903320 0.33813477
vt 0.09814453 0.49291992
vt 0.03906250 0.10620117
vt 0.63720703 0.54663086
vt 0.10327148 0.40454102
vt 0.39697266 0.11889648
vt 0.85913086 0.05859375
vt 0.00927734 0.76660156
vt 0.00683594 0.28442383
vt 0.62182617 0.56958008
vt 0.15307617 0.39697266
vt 0.73901367 0.96582031
vt 0.62646484 0.52978516
vt 0.93017578 0.66308594
vt 0.23950195 0.74877930
vt 0.29589844 0.93676758
vt 0.17797852 0.94531250
vt 0.39282227 0.12060547
vt 0.13940430 0.40283203
vt 0.95507812 0.24414062
vt 0.00903320 0.33789062
vt 0.43310547 0.28540039
vt 0.35986328 0.23730469
vt 0.09985352 0.49316406
vt 0.21093750 0.08007812
vt 0.34912109 0.23437500
vt 0.24023438 0.74853516
vt 0.18798828 0.17504883
vt 0.00659180 0.33715820
vt 0.93237305 0.51000977
vt 0.91821289 0.51391602
vt 0.00610352 0.33691406
vt 0.00659180 0.33715820
vt 0.00927734 0.33813477
vt 0.02465820 0.63110352
vt 0.27490234 0.73876953
vt 0.12060547 0.40087891
vt 0.60424805 0.75219727
vt 0.28906250 0.93554688
vt 0.80859375 0.67822266
vt 0.28857422 0.93408203
vt 0.43627930 0.28125000
vt 0.80932617 0.67895508
vt 0.91577148 0.51391602
vt 0.81494141 0.68920898
vt 0.15576172 0.00463867
vt 0.11108398 0.48999023
vt 0.99682617 0.51977539
vt 0.03784180 0.10278320
vt 0.99267578 0.50732422
vt 0.44458008 0.29052734
vt 0.59667969 0.74072266
vt 0.24975586 0.74829102
vt 0.99218750 0.50659180
vt 0.99389648 0.50830078
vt 0.08227539 0.62475586
vt 0.29101562 0.93579102
vt 0.04248047 0.11206055
vt 0.28540039 0.73437500
vt 0.33081055 0.94091797
vt 0.18090820 0.93188477
vt 0.29223633 0.93579102
vt 0.97241211 0.79028320
vt 0.43310547 0.28271484
vt 0.43505859 0.28100586
vt 0.99218750 0.50683594
vt 0.93188477 0.51123047
vt 0.94042969 0.21191406
vt 0.43505859 0.52734375
vt 0.92797852 0.51757812
vt 0.27709961 0.00781250
vt 0.28979492 0.93408203
vt 0.28906250 0.93383789
vt 0.26293945 0.01245117
vt 0.05346680 0.29736328
vt 0.32250977 0.36572266
vt 0.92993164 0.51562500
vt 0.43383789 0.28344727
vt 0.60351562 0.75073242
vt 0.29785156 0.33032227
vt 0.14355469 0.39819336
vt 0.33544922 0.23217773
vt 0.33276367 0.94189453
vt 0.30200195 0.93872070
vt 0.05371094 0.29833984
vt 0.62744141 0.57690430
vt 0.29003906 0.93359375
vt 0.70898438 0.68212891
vt 0.10180664 0.71777344
vt 0.23559570 0.07592773
vt 0.46459961 0.44262695
vt 0.40014648 0.19799805
vt 0.26391602 0.01245117
vt 0.30297852 0.34765625
vt 0.47631836 0.53076172
vt 0.43530273 0.28588867
vt 0.27758789 0.72949219
vt 0.03979492 0.55249023
vt 0.39941406 0.19726562
vt 0.94335938 0.52099609
vt 0.14379883 0.39624023
vt 0.04150391 0.55102539
vt 0.32299805 0.36181641
vt 0.34619141 0.23583984
vt 0.44165039 0.27172852
vt 0.14501953 0.39624023
vt 0.39062500 0.11572266
vt 0.32641602 0.93750000
vt 0.07446289 0.74853516
vt 0.23193359 0.76098633
vt 0.93847656 0.00976562
vt 0.33422852 0.23242188
vt 0.17529297 0.35815430
vt 0.27294922 0.73144531
vt 0.86425781 0.00878906
vt 0.29272461 0.93066406
vt 0.08154297 0.94995117
vt 0.25292969 0.74291992
vt 0.40771484 0.91308594
vt 0.27685547 0.73046875
vt 0.39086914 0.11499023
vt 0.14819336 0.41113281
vt 0.52832031 0.22802734
vt 0.93017578 0.51635742
vt 0.27172852 0.73217773
vt 0.93359375 0.85766602
vt 0.73730469 0.10913086
vt 0.63403320 0.58300781
vt 0.93212891 0.51635742
vt 0.10473633 0.40698242
vt 0.10888672 0.22998047
vt 0.04101562 0.11279297
vt 0.69482422 0.69677734
vt 0.99194336 0.50976562
vt 0.11816406 0.40332031
vt 0.52612305 0.25122070
vt 0.29223633 0.72900391
vt 0.29785156 0.93139648
vt 0.26171875 0.73828125
vt 0.03320312 0.98535156
vt 0.62695312 0.54785156
vt 0.91381836 0.51806641
vt 0.95703125 0.51757812
vt 0.54931641 0.78857422
vt 0.63232422 0.54003906
vt 0.26586914 0.73461914
vt 0.14477539 0.39746094
vt 0.14355469 0.39892578
vt 0.46313477 0.44995117
vt 0.63964844 0.68286133
vt 0.92431641 0.86010742
vt 0.18359375 0.92919922
vt 0.92358398 0.86059570
vt 0.94213867 0.52026367
vt 0.99243164 0.51855469
vt 0.30566406 0.93115234
vt 0.10937500 0.22900391
vt 0.25537109 0.73925781
vt 0.62304688 0.56542969
vt 0.04125977 0.11303711
vt 0.94335938 0.88549805
vt 0.22558594 0.08544922
vt 0.39331055 0.11645508
vt 0.05395508 0.04687500
vt 0.39379883 0.11572266
vt 0.67797852 0.53735352
vt 0.94384766 0.88574219
vt 0.61206055 0.68872070
vt 0.52026367 0.22338867
vt 0.68139648 0.93920898
vt 0.13769531 0.40014648
vt 0.55151367 0.79052734
vt 0.94555664 0.88598633
vt 0.97094727 0.53906250
vt 0.18286133 0.93212891
vt 0.36035156 0.25830078
vt 0.27319336 0.73291016
vt 0.70239258 0.95361328
vt 0.44775391 0.30395508
vt 0.15161133 0.40356445
vt 0.14501953 0.21093750
vt 0.33642578 0.93872070
vt 0.86474609 0.00976562
vt 0.59765625 0.69189453
vt 0.66821289 0.82299805
vt 0.09790039 0.04028320
vt 0.33520508 0.23535156
vt 0.20678711 0.18164062
vt 0.08081055 0.03955078
vt 0.73852539 0.96752930
vt 0.97021484 0.54003906
vt 0.33618164 0.23583984
vt 0.22583008 0.08374023
vt 0.19750977 0.95434570
vt 0.26928711 0.74291992
vt 0.14794922 0.40771484
vt 0.06274414 0.70971680
vt 0.73803711 0.96484375
vt 0.06274414 0.70996094
vt 0.09667969 0.89453125
vt 0.76025391 0.11791992
vt 0.48779297 0.45043945
vt 0.25634766 0.74023438
vt 0.75366211 0.11328125
vt 0.21215820 0.87841797
vt 0.96020508 0.90576172
vt 0.44409180 0.44067383
vt 0.13940430 0.40185547
vt 0.17504883 0.36938477
vt 0.17504883 0.36938477
vt 0.54931641 0.78686523
vt 0.22460938 0.08276367
vt 0.62768555 0.54638672
vt 0.75878906 0.10693359
vt 0.33374023 0.23535156
vt 0.17626953 0.36840820
vt 0.73779297 0.96728516
vt 0.39843750 0.10302734
vt 0.99511719 0.37963867
vt 0.18432617 0.92895508
vt 0.29028320 0.40771484
vt 0.63281250 0.57641602
vt 0.98266602 0.77929688
vt 0.75048828 0.36547852
vt 0.45996094 0.44409180
vt 0.38647461 0.25610352
vt 0.10253906 0.95288086
vt 0.32128906 0.35302734
vt 0.76733398 0.11181641
vt 0.20141602 0.88452148
vt 0.36523438 0.24658203
vt 0.46142578 0.44458008
vt 0.71264648 0.68334961
vt 0.17138672 0.31713867
vt 0.18554688 0.93017578
vt 0.36132812 0.24462891
vt 0.98681641 0.51660156
vt 0.06079102 0.69165039
vt 0.94458008 0.86816406
vt 0.10327148 0.60791016
vt 0.94848633 0.89013672
vt 0.28930664 0.73486328
vt 0.76660156 0.11865234
vt 0.76660156 0.11865234
vt 0.43481445 0.26660156
vt 0.15161133 0.40161133
vt 0.94018555 0.87548828
vt 0.95532227 0.86499023
vt 0.62841797 0.54931641
vt 0.20458984 0.16259766
vt 0.18164062 0.36206055
vt 0.39624023 0.09960938
vt 0.48217773 0.30249023
vt 0.63281250 0.54492188
vt 0.23120117 0.61840820
vt 0.31445312 0.92871094
vt 0.39624023 0.11254883
vt 0.09179688 0.03906250
vt 0.20874023 0.88745117
vt 0.76538086 0.11914062
vt 0.71118164 0.68115234
vt 0.93505859 0.51782227
vt 0.39892578 0.11352539
vt 0.15014648 0.39990234
vt 0.39697266 0.09960938
vt 0.36108398 0.24560547
vt 0.39746094 0.11328125
vt 0.31591797 0.93432617
vt 0.29931641 0.72680664
vt 0.92456055 0.54003906
vt 0.39746094 0.11328125
vt 0.20947266 0.88647461
vt 0.71044922 0.68041992
vt 0.47753906 0.46069336
vt 0.99072266 0.51245117
vt 0.31665039 0.93481445
vt 0.94946289 0.91064453
vt 0.31738281 0.93481445
vt 0.97998047 0.78369141
vt 0.14379883 0.40234375
vt 0.19750977 0.87915039
vt 0.23632812 0.62231445
vt 0.77221680 0.11840820
vt 0.39916992 0.10302734
vt 0.14648438 0.20996094
vt 0.39282227 0.16748047
vt 0.95727539 0.50756836
vt 0.35888672 0.24560547
vt 0.27319336 0.73608398
vt 0.29882812 0.32495117
vt 0.36010742 0.24609375
vt 0.08471680 0.76367188
vt 0.22802734 0.31176758
vt 0.39819336 0.11303711
vt 0.31567383 0.92822266
vt 0.44335938 0.28881836
vt 0.47290039 0.25195312
vt 0.29028320 0.73706055
vt 0.20581055 0.90185547
vt 0.20605469 0.90039062
vt 0.97558594 0.78857422
vt 0.63061523 0.57153320
vt 0.62963867 0.57446289
vt 0.93725586 0.53881836
vt 0.87207031 0.03222656
vt 0.92944336 0.54516602
vt 0.08398438 0.72143555
vt 0.10986328 0.04541016
vt 0.13183594 0.40527344
vt 0.08520508 0.76416016
vt 0.45947266 0.45263672
vt 0.14453125 0.40234375
vt 0.93725586 0.54980469
vt 0.63256836 0.54809570
vt 0.10253906 0.95214844
vt 0.10742188 0.58056641
vt 0.20556641 0.88623047
vt 0.95947266 0.28002930
vt 0.38208008 0.25805664
vt 0.97998047 0.78393555
vt 0.87304688 0.03271484
vt 0.10986328 0.04418945
vt 0.77246094 0.11279297
vt 0.27294922 0.73681641
vt 0.20654297 0.87768555
vt 0.39892578 0.11108398
vt 0.07714844 0.24316406
vt 0.32006836 0.93139648
vt 0.83666992 0.55224609
vt 0.29907227 0.72827148
vt 0.33422852 0.93286133
vt 0.99633789 0.51904297
vt 0.33398438 0.93334961
vt 0.94921875 0.91259766
vt 0.29858398 0.72949219
vt 0.41308594 0.57031250
vt 0.48315430 0.45458984
vt 0.08422852 0.69970703
vt 0.94555664 0.55810547
vt 0.76123047 0.10668945
vt 0.12890625 0.21337891
vt 0.27709961 0.74536133
vt 0.11108398 0.41528320
vt 0.13281250 0.21240234
vt 0.86621094 0.15991211
vt 0.07568359 0.72509766
vt 0.07690430 0.72216797
vt 0.87182617 0.56909180
vt 0.20263672 0.88623047
vt 0.76757812 0.10913086
vt 0.63061523 0.57617188
vt 0.12817383 0.21411133
vt 0.09350586 0.70776367
vt 0.65966797 0.80371094
vt 0.07568359 0.72265625
vt 0.94433594 0.55786133
vt 0.83764648 0.55346680
vt 0.94140625 0.52270508
vt 0.12890625 0.21435547
vt 0.13354492 0.21264648
vt 0.11840820 0.41113281
vt 0.19897461 0.50512695
vt 0.63012695 0.57397461
vt 0.14404297 0.40454102
vt 0.53344727 0.54956055
vt 0.06738281 0.67773438
vt 0.76879883 0.10888672
vt 0.30053711 0.33544922
vt 0.65039062 0.98364258
vt 0.83862305 0.55419922
vt 0.03344727 0.99072266
vt 0.11108398 0.04467773
vt 0.30053711 0.33447266
vt 0.32641602 0.35815430
vt 0.96044922 0.90429688
vt 0.94262695 0.20898438
vt 0.25341797 0.08251953
vt 0.44506836 0.28442383
vt 0.93896484 0.54858398
vt 0.62963867 0.57763672
vt 0.49560547 0.48266602
vt 0.01464844 0.47045898
vt 0.01489258 0.46948242
vt 0.27441406 0.43945312
vt 0.20629883 0.33129883
vt 0.98803711 0.05371094
vt 0.28833008 0.99145508
vt 0.64086914 0.97558594
vt 0.28881836 0.73339844
vt 0.60888672 0.71459961
vt 0.98828125 0.05322266
vt 0.01464844 0.47070312
vt 0.01879883 0.48168945
vt 0.94653320 0.20703125
vt 0.90869141 0.21850586
vt 0.63159180 0.57568359
vt 0.77587891 0.11157227
vt 0.26025391 0.07861328
vt 0.94506836 0.20703125
vt 0.32617188 0.35717773
vt 0.32739258 0.35717773
vt 0.63500977 0.58154297
vt 0.23730469 0.08007812
vt 0.20654297 0.33154297
vt 0.27905273 0.02246094
vt 0.28784180 0.73339844
vt 0.20019531 0.88256836
vt 0.63061523 0.57812500
vt 0.28002930 0.02294922
vt 0.05151367 0.02563477
vt 0.27832031 0.00805664
vt 0.84277344 0.55444336
vt 0.03271484 0.98315430
vt 0.56616211 0.06860352
vt 0.20239258 0.88427734
vt 0.95434570 0.48559570
vt 0.63134766 0.57543945
vt 0.94482422 0.20800781
vt 0.28442383 0.01147461
vt 0.28100586 0.02246094
vt 0.08251953 0.20532227
vt 0.31347656 0.34521484
vt 0.63305664 0.57495117
vt 0.23583984 0.07885742
vt 0.30224609 0.33520508
vt 0.34106445 0.24560547
vt 0.28857422 0.99194336
vt 0.27343750 0.44775391
vt 0.27514648 0.44702148
vt 0.94042969 0.54467773
vt 0.34448242 0.26147461
vt 0.43627930 0.55859375
vt 0.76220703 0.36230469
vt 0.21948242 0.47412109
vt 0.94995117 0.22534180
vt 0.95654297 0.49218750
vt 0.28979492 0.99267578
vt 0.41870117 0.46533203
vt 0.94091797 0.21289062
vt 0.30029297 0.73071289
vt 0.66894531 0.82055664
vt 0.95336914 0.52783203
vt 0.27441406 0.44848633
vt 0.10595703 0.75268555
vt 0.32788086 0.35400391
vt 0.20141602 0.88452148
vt 0.20214844 0.88256836
vt 0.29931641 0.73095703
vt 0.27246094 0.44848633
vt 0.29956055 0.33154297
vt 0.60278320 0.68774414
vt 0.63867188 0.54150391
vt 0.51269531 0.26660156
vt 0.10302734 0.21020508
vt 0.94506836 0.52050781
vt 0.93920898 0.54663086
vt 0.28637695 0.01977539
vt 0.35473633 0.25170898
vt 0.28100586 0.00952148
vt 0.28344727 0.01171875
vt 0.04223633 0.04150391
vt 0.36303711 0.27172852
vt 0.08374023 0.21118164
vt 0.64819336 0.98217773
vt 0.09936523 0.74951172
vt 0.24194336 0.76367188
vt 0.63720703 0.55566406
vt 0.50561523 0.30053711
vt 0.28930664 0.98974609
vt 0.06176758 0.03320312
vt 0.94067383 0.54565430
vt 0.29980469 0.33105469
vt 0.13671875 0.40942383
vt 0.04345703 0.04125977
vt 0.27465820 0.74072266
vt 0.51342773 0.29321289
vt 0.04736328 0.30346680
vt 0.74023438 0.35839844
vt 0.30078125 0.32910156
vt 0.40332031 0.57104492
vt 0.21972656 0.47119141
vt 0.36157227 0.25439453
vt 0.18701172 0.89990234
vt 0.94458008 0.21606445
vt 0.40307617 0.57055664
vt 0.30126953 0.32910156
vt 0.10717773 0.58081055
vt 0.94433594 0.21557617
vt 0.26245117 0.07885742
vt 0.52709961 0.51708984
vt 0.49682617 0.26953125
vt 0.36621094 0.27294922
vt 0.60400391 0.07641602
vt 0.50097656 0.26635742
vt 0.14062500 0.40942383
vt 0.50732422 0.26293945
vt 0.52294922 0.27246094
vt 0.22851562 0.31542969
vt 0.50366211 0.21118164
vt 0.30102539 0.33105469
vt 0.10498047 0.76220703
vt 0.49609375 0.27148438
vt 0.22021484 0.46166992
vt 0.50781250 0.26293945
vt 0.50073242 0.26855469
vt 0.92504883 0.20776367
vt 0.07617188 0.69482422
vt 0.50756836 0.26342773
vt 0.64086914 0.53564453
vt 0.52661133 0.26635742
vt 0.28906250 0.98999023
vt 0.51855469 0.52783203
vt 0.21215820 0.50268555
vt 0.95214844 0.52783203
vt 0.50610352 0.54248047
vt 0.86279297 0.01123047
vt 0.49682617 0.27514648
vt 0.04199219 0.04101562
vt 0.13378906 0.41235352
vt 0.50366211 0.26757812
vt 0.24926758 0.42260742
vt 0.29980469 0.32934570
vt 0.29638672 0.32543945
vt 0.52050781 0.81665039
vt 0.29956055 0.32885742
vt 0.00732422 0.59716797
vt 0.50244141 0.26855469
vt 0.20141602 0.87255859
vt 0.22436523 0.81347656
vt 0.10498047 0.58886719
vt 0.05200195 0.23339844
vt 0.09033203 0.21411133
vt 0.97583008 0.25659180
vt 0.04418945 0.02270508
vt 0.20458984 0.50585938
vt 0.00537109 0.21704102
vt 0.18530273 0.91748047
vt 0.10595703 0.58740234
vt 0.94360352 0.21655273
vt 0.92993164 0.23608398
vt 0.13354492 0.41259766
vt 0.74853516 0.35791016
vt 0.20263672 0.83471680
vt 0.91577148 0.18286133
vt 0.09887695 0.95727539
vt 0.29785156 0.32641602
vt 0.74755859 0.35742188
vt 0.28417969 0.73779297
vt 0.18725586 0.09399414
vt 0.21240234 0.50268555
vt 0.95556641 0.50439453
vt 0.09008789 0.21289062
vt 0.16503906 0.35864258
vt 0.19946289 0.96118164
vt 0.25244141 0.46655273
vt 0.30126953 0.32910156
vt 0.24243164 0.76586914
vt 0.55444336 0.36059570
vt 0.36132812 0.26123047
vt 0.18945312 0.10498047
vt 0.46484375 0.45776367
vt 0.84350586 0.56274414
vt 0.91918945 0.03759766
vt 0.32348633 0.34863281
vt 0.88330078 0.99340820
vt 0.51733398 0.30346680
vt 0.33959961 0.25146484
vt 0.20043945 0.86401367
vt 0.34814453 0.27172852
vt 0.90283203 0.18945312
vt 0.34985352 0.27294922
vt 0.91870117 0.03759766
vt 0.08569336 0.69995117
vt 0.32519531 0.34960938
vt 0.15698242 0.08105469
vt 0.22509766 0.39599609
vt 0.95727539 0.51147461
vt 0.28125000 0.74389648
vt 0.00097656 0.11083984
vt 0.33666992 0.35937500
vt 0.05004883 0.22827148
vt 0.13696289 0.41699219
vt 0.67651367 0.82373047
vt 0.08105469 0.20361328
vt 0.50292969 0.21044922
vt 0.10253906 0.71752930
vt 0.25268555 0.46313477
vt 0.71020508 0.79809570
vt 0.24609375 0.46118164
vt 0.06787109 0.21655273
vt 0.26611328 0.44628906
vt 0.13085938 0.41674805
vt 0.92919922 0.01220703
vt 0.64208984 0.54882812
vt 0.25292969 0.46215820
vt 0.33203125 0.35424805
vt 0.04516602 0.22045898
vt 0.26489258 0.44604492
vt 0.51733398 0.81884766
vt 0.13208008 0.41796875
vt 0.52587891 0.54931641
vt 0.67895508 0.81909180
vt 0.29418945 0.30810547
vt 0.98535156 0.88671875
vt 0.26562500 0.44458008
vt 0.34179688 0.25878906
vt 0.02783203 0.04296875
vt 0.67749023 0.82055664
vt 0.88232422 0.99096680
vt 0.14770508 0.41430664
vt 0.84252930 0.78930664
vt 0.64257812 0.55078125
vt 0.19604492 0.88183594
vt 0.40649414 0.61962891
vt 0.19604492 0.88330078
vt 0.33618164 0.33935547
vt 0.52758789 0.54541016
vt 0.26879883 0.42114258
vt 0.95654297 0.51293945
vt 0.18774414 0.85693359
vt 0.23632812 0.77343750
vt 0.33154297 0.35278320
vt 0.24951172 0.39843750
vt 0.13183594 0.41870117
vt 0.00708008 0.21582031
vt 0.98291016 0.88671875
vt 0.92333984 0.21020508
vt 0.48779297 0.26269531
vt 0.86645508 0.16137695
vt 0.19555664 0.88256836
vt 0.64257812 0.57470703
vt 0.01123047 0.22338867
vt 0.88281250 0.99169922
vt 0.16577148 0.34008789
vt 0.24316406 0.82470703
vt 0.20043945 0.96166992
vt 0.14501953 0.41479492
vt 0.91186523 0.18383789
vt 0.43994141 0.57519531
vt 0.18505859 0.17260742
vt 0.94042969 0.21923828
vt 0.51708984 0.54931641
vt 0.41015625 0.62622070
vt 0.68896484 0.99267578
vt 0.27661133 0.80126953
vt 0.93530273 0.87304688
vt 0.42822266 0.45532227
vt 0.92456055 0.24414062
vt 0.70263672 0.97607422
vt 0.14648438 0.41479492
vt 0.71362305 0.82788086
vt 0.93017578 0.88598633
vt 0.67407227 0.80444336
vt 0.34570312 0.26123047
vt 0.34570312 0.26269531
vt 0.24633789 0.79467773
vt 0.93627930 0.87280273
vt 0.88305664 0.99096680
vt 0.92358398 0.24169922
vt 0.22778320 0.80639648
vt 0.58422852 0.05151367
vt 0.28491211 0.74218750
vt 0.47167969 0.63671875
vt 0.22729492 0.80981445
vt 0.34570312 0.26123047
vt 0.09887695 0.96801758
vt 0.22851562 0.80590820
vt 0.28735352 0.74023438
vt 0.24536133 0.79418945
vt 0.45654297 0.24438477
vt 0.34082031 0.25903320
vt 0.68994141 0.99267578
vt 0.52221680 0.55053711
vt 0.24438477 0.79223633
vt 0.93872070 0.03784180
vt 0.10742188 0.95458984
vt 0.56787109 0.06860352
vt 0.98486328 0.88525391
vt 0.24511719 0.79638672
vt 0.22778320 0.65234375
vt 0.28002930 0.74511719
vt 0.33227539 0.35058594
vt 0.62377930 0.68261719
vt 0.04345703 0.21875000
vt 0.98779297 0.88623047
vt 0.71362305 0.80297852
vt 0.28564453 0.74169922
vt 0.33129883 0.34887695
vt 0.37011719 0.89721680
vt 0.00781250 0.59741211
vt 0.71166992 0.79638672
vt 0.55810547 0.35986328
vt 0.17285156 0.34252930
vt 0.03515625 0.03759766
vt 0.33251953 0.34912109
vt 0.93090820 0.88232422
vt 0.87231445 0.15014648
vt 0.23242188 0.78784180
vt 0.28759766 0.74389648
vt 0.68066406 0.58056641
vt 0.29077148 0.74194336
vt 0.15673828 0.08032227
vt 0.18774414 0.88403320
vt 0.33227539 0.34936523
vt 0.24169922 0.43237305
vt 0.24291992 0.43164062
vt 0.31494141 0.29589844
vt 0.17309570 0.34082031
vt 0.91967773 0.01245117
vt 0.44042969 0.58422852
vt 0.89208984 0.99267578
vt 0.52636719 0.26293945
vt 0.28735352 0.74365234
vt 0.30444336 0.31103516
vt 0.09960938 0.96850586
vt 0.39843750 0.16967773
vt 0.91821289 0.01342773
vt 0.52514648 0.81396484
vt 0.24047852 0.42333984
vt 0.33007812 0.34594727
vt 0.98046875 0.28002930
vt 0.34887695 0.33105469
vt 0.03442383 0.02978516
vt 0.24975586 0.76660156
vt 0.99487305 0.55712891
vt 0.22875977 0.39428711
vt 0.28271484 0.74584961
vt 0.24023438 0.41528320
vt 0.52734375 0.26538086
vt 0.94970703 0.51245117
vt 0.45556641 0.46728516
vt 0.73144531 0.81469727
vt 0.59277344 0.06616211
vt 0.45751953 0.24462891
vt 0.33203125 0.34643555
vt 0.24023438 0.40966797
vt 0.92163086 0.22143555
vt 0.45239258 0.46679688
vt 0.94555664 0.46582031
vt 0.51733398 0.40551758
vt 0.86743164 0.15039062
vt 0.23974609 0.41357422
vt 0.94482422 0.47143555
vt 0.94604492 0.47192383
vt 0.24023438 0.41210938
vt 0.45190430 0.46582031
vt 0.91918945 0.00976562
vt 0.92456055 0.23632812
vt 0.92431641 0.23681641
vt 0.24023438 0.40966797
vt 0.22729492 0.42651367
vt 0.92187500 0.22241211
vt 0.34228516 0.35156250
vt 0.66259766 0.56201172
vt 0.23120117 0.42675781
vt 0.22705078 0.42456055
vt 0.64184570 0.08154297
vt 0.48364258 0.53247070
vt 0.91894531 0.01049805
vt 0.22778320 0.42504883
vt 0.48266602 0.59350586
vt 0.01196289 0.33129883
vt 0.24096680 0.40258789
vt 0.22875977 0.38769531
vt 0.18750000 0.85620117
vt 0.28491211 0.74536133
vt 0.65405273 0.58886719
vt 0.46972656 0.47387695
vt 0.91992188 0.01025391
vt 0.43481445 0.49487305
vt 0.48950195 0.52954102
vt 0.62939453 0.10839844
vt 0.94458008 0.47460938
vt 0.24780273 0.76879883
vt 0.28662109 0.74414062
vt 0.34912109 0.29101562
vt 0.00268555 0.95385742
vt 0.44628906 0.46850586
vt 0.34375000 0.35156250
vt 0.52001953 0.81567383
vt 0.44897461 0.52050781
vt 0.73461914 0.33935547
vt 0.14282227 0.07153320
vt 0.65332031 0.54272461
vt 0.34887695 0.29052734
vt 0.33398438 0.34252930
vt 0.28515625 0.74511719
vt 0.31713867 0.33129883
vt 0.52001953 0.81616211
vt 0.44946289 0.52026367
vt 0.52001953 0.81640625
vt 0.28564453 0.74487305
vt 0.45043945 0.52001953
vt 0.13232422 0.96508789
vt 0.98095703 0.27929688
vt 0.45141602 0.52050781
vt 0.10400391 0.06079102
vt 0.51879883 0.81591797
vt 0.74560547 0.34545898
vt 0.94091797 0.47460938
vt 0.49414062 0.63696289
vt 0.45068359 0.51928711
vt 0.28442383 0.74560547
vt 0.13378906 0.98413086
vt 0.28393555 0.74584961
vt 0.28393555 0.74584961
vt 0.53417969 0.55664062
vt 0.28369141 0.74609375
vt 0.54858398 0.36694336
vt 0.27954102 0.74829102
vt 0.10473633 0.06152344
vt 0.28051758 0.74731445
vt 0.23339844 0.39794922
vt 0.61840820 0.67578125
vt 0.61840820 0.67553711
vt 0.97705078 0.58886719
vt 0.36987305 0.01538086
vt 0.53247070 0.31933594
vt 0.61206055 0.68725586
vt 0.63916016 0.08276367
vt 0.46777344 0.36303711
vt 0.27978516 0.74853516
vt 0.96972656 0.58691406
vt 0.50317383 0.39624023
vt 0.30371094 0.31591797
vt 0.61767578 0.67602539
vt 0.25024414 0.39086914
vt 0.45190430 0.25878906
vt 0.36962891 0.01513672
vt 0.99218750 0.35717773
vt 0.62841797 0.09033203
vt 0.36938477 0.01635742
vt 0.64624023 0.08935547
vt 0.36914062 0.01513672
vt 0.51220703 0.40527344
vt 0.45874023 0.52124023
vt 0.65185547 0.58959961
vt 0.43432617 0.62646484
vt 0.34301758 0.28491211
vt 0.29077148 0.28515625
vt 0.20751953 0.84130859
vt 0.20336914 0.84375000
vt 0.91479492 0.19482422
vt 0.33569336 0.33422852
vt 0.51171875 0.40405273
vt 0.43334961 0.62646484
vt 0.36767578 0.01684570
vt 0.51391602 0.40576172
vt 0.51391602 0.40576172
vt 0.71215820 0.82006836
vt 0.70751953 0.82446289
vt 0.70336914 0.81982422
vt 0.71533203 0.81542969
vt 0.27880859 0.74902344
vt 0.36621094 0.93725586
vt 0.70654297 0.82080078
vt 0.27880859 0.74902344
vt 0.47705078 0.47607422
vt 0.22851562 0.38574219
vt 0.70410156 0.82080078
vt 0.98559570 0.35400391
vt 0.65771484 0.53686523
vt 0.52587891 0.33325195
vt 0.45288086 0.25927734
vt 0.65112305 0.58935547
vt 0.36547852 0.93676758
vt 0.43066406 0.63940430
vt 0.27783203 0.75000000
vt 0.70874023 0.81958008
vt 0.36499023 0.93579102
vt 0.75097656 0.33300781
vt 0.91601562 0.18212891
vt 0.92456055 0.03662109
vt 0.13720703 0.98193359
vt 0.37060547 0.01904297
vt 0.82128906 0.01342773
vt 0.32153320 0.30932617
vt 0.98779297 0.57080078
vt 0.34887695 0.34790039
vt 0.29760742 0.30566406
vt 0.70825195 0.82348633
vt 0.47900391 0.48071289
vt 0.36499023 0.94335938
vt 0.27587891 0.75097656
vt 0.70996094 0.82031250
vt 0.95141602 0.19140625
vt 0.45458984 0.26074219
vt 0.70922852 0.82153320
vt 0.65551758 0.58911133
vt 0.47778320 0.47656250
vt 0.33325195 0.33911133
vt 0.92651367 0.03613281
vt 0.45874023 0.26269531
vt 0.36840820 0.01928711
vt 0.71069336 0.81958008
vt 0.36767578 0.01757812
vt 0.36474609 0.94506836
vt 0.34057617 0.28051758
vt 0.13940430 0.99047852
vt 0.72094727 0.83178711
vt 0.47924805 0.47827148
vt 0.33398438 0.33886719
vt 0.33447266 0.34008789
vt 0.34033203 0.28027344
vt 0.99707031 0.04394531
vt 0.31567383 0.32568359
vt 0.27392578 0.75244141
vt 0.33398438 0.33911133
vt 0.95922852 0.20312500
vt 0.26245117 0.76513672
vt 0.33642578 0.34057617
vt 0.99169922 0.55981445
vt 0.98974609 0.03930664
vt 0.97509766 0.61425781
vt 0.48388672 0.62109375
vt 0.25341797 0.77001953
vt 0.29663086 0.30615234
vt 0.26049805 0.76635742
vt 0.41577148 0.02587891
vt 0.23022461 0.83764648
vt 0.36132812 0.03466797
vt 0.72851562 0.81958008
vt 0.14013672 0.99121094
vt 0.98706055 0.04858398
vt 0.62670898 0.09985352
vt 0.41113281 0.01391602
vt 0.14111328 0.07104492
vt 0.46191406 0.26147461
vt 0.46997070 0.35839844
vt 0.72851562 0.82104492
vt 0.29614258 0.30493164
vt 0.72583008 0.81909180
vt 0.94042969 0.03222656
vt 0.98706055 0.04809570
vt 0.93286133 0.88427734
vt 0.19555664 0.04272461
vt 0.52294922 0.38671875
vt 0.42163086 0.47167969
vt 0.33593750 0.27612305
vt 0.97363281 0.17895508
vt 0.49145508 0.49609375
vt 0.00805664 0.95141602
vt 0.46997070 0.35839844
vt 0.44897461 0.59936523
vt 0.93188477 0.03247070
vt 0.01049805 0.93554688
vt 0.48510742 0.54614258
vt 0.29101562 0.85107422
vt 0.93164062 0.03247070
vt 0.42993164 0.47387695
vt 0.94018555 0.03125000
vt 0.92480469 0.03393555
vt 0.48022461 0.50634766
vt 0.44018555 0.48730469
vt 0.46582031 0.48437500
vt 0.47802734 0.54663086
vt 0.11816406 0.96240234
vt 0.25463867 0.82714844
vt 0.03002930 0.93017578
vt 0.47729492 0.54711914
vt 0.94042969 0.03125000
vt 0.25976562 0.76708984
vt 0.49121094 0.37133789
vt 0.01708984 0.93359375
vt 0.26049805 0.76416016
vt 0.30175781 0.30639648
vt 0.65795898 0.58081055
vt 0.44189453 0.48193359
vt 0.45849609 0.51074219
vt 0.45996094 0.51171875
vt 0.44287109 0.48461914
vt 0.44287109 0.48828125
vt 0.50390625 0.38403320
vt 0.45922852 0.26416016
vt 0.30078125 0.30541992
vt 0.25610352 0.82690430
vt 0.44702148 0.48535156
vt 0.45996094 0.51049805
vt 0.00268555 0.38403320
vt 0.26049805 0.76489258
vt 0.75195312 0.33251953
vt 0.45874023 0.58349609
vt 0.00952148 0.93481445
vt 0.31494141 0.31665039
vt 0.25976562 0.82861328
vt 0.01123047 0.93774414
vt 0.29052734 0.85034180
vt 0.33691406 0.33129883
vt 0.45996094 0.26416016
vt 0.00512695 0.86303711
vt 0.46118164 0.25952148
vt 0.25781250 0.76977539
vt 0.26074219 0.76879883
vt 0.53271484 0.36157227
vt 0.92919922 0.01196289
vt 0.50561523 0.38427734
vt 0.88891602 0.99072266
vt 0.69604492 0.00634766
vt 0.33593750 0.32910156
vt 0.47583008 0.48999023
vt 0.54785156 0.03491211
vt 0.93920898 0.50585938
vt 0.49121094 0.49853516
vt 0.50732422 0.38354492
vt 0.01049805 0.37695312
vt 0.62719727 0.10180664
vt 0.47338867 0.49438477
vt 0.42968750 0.03735352
vt 0.46972656 0.49243164
vt 0.97607422 0.61328125
vt 0.95971680 0.28222656
vt 0.47802734 0.49340820
vt 0.50732422 0.38354492
vt 0.48510742 0.50170898
vt 0.48510742 0.49560547
vt 0.00268555 0.94213867
vt 0.48828125 0.50170898
vt 0.43310547 0.03344727
vt 0.66503906 0.19799805
vt 0.48217773 0.50634766
vt 0.98828125 0.31591797
vt 0.50878906 0.96850586
vt 0.01000977 0.37548828
vt 0.51171875 0.02880859
vt 0.11865234 0.98291016
vt 0.51245117 0.03198242
vt 0.30004883 0.29638672
vt 0.51635742 0.03149414
vt 0.29833984 0.27783203
vt 0.31518555 0.30981445
vt 0.50146484 0.37133789
vt 0.68188477 0.58227539
vt 0.52343750 0.02954102
vt 0.29687500 0.28222656
vt 0.51684570 0.03051758
vt 0.52539062 0.03100586
vt 0.95996094 0.27880859
vt 0.00292969 0.94262695
vt 0.51025391 0.96630859
vt 0.66821289 0.58447266
vt 0.93725586 0.02636719
vt 0.89160156 0.98193359
vt 0.96435547 0.18505859
vt 0.01049805 0.37500000
vt 0.88891602 0.98754883
vt 0.54296875 0.03222656
vt 0.25952148 0.83959961
vt 0.01049805 0.37402344
vt 0.31884766 0.30786133
vt 0.94238281 0.02661133
vt 0.66406250 0.19897461
vt 0.51293945 0.96459961
vt 0.96044922 0.28002930
vt 0.30151367 0.29028320
vt 0.51220703 0.36938477
vt 0.50781250 0.96533203
vt 0.78027344 0.99169922
vt 0.46337891 0.60815430
vt 0.51733398 0.96264648
vt 0.30078125 0.28198242
vt 0.77954102 0.99023438
vt 0.77905273 0.99096680
vt 0.51293945 0.96411133
vt 0.93237305 0.02490234
vt 0.77880859 0.99047852
vt 0.50903320 0.96557617
vt 0.95800781 0.20239258
vt 0.30737305 0.27709961
vt 0.11181641 0.97729492
vt 0.30224609 0.27832031
vt 0.95800781 0.20239258
vt 0.96166992 0.19311523
vt 0.88842773 0.99072266
vt 0.96752930 0.18969727
vt 0.30688477 0.27294922
vt 0.30664062 0.27441406
vt 0.02905273 0.93066406
vt 0.96655273 0.19042969
vt 0.31396484 0.29394531
vt 0.00781250 0.58056641
vt 0.90600586 0.26928711
vt 0.91040039 0.24023438
vt 0.00830078 0.58129883
vt 0.00830078 0.58154297
vt 0.94213867 0.18334961
vt 0.56591797 0.96997070
vt 0.00805664 0.18554688
vt 0.49169922 0.63793945
vt 0.96313477 0.19311523
vt 0.49340820 0.63647461
vt 0.49072266 0.62915039
vt 0.49267578 0.63549805
vt 0.49340820 0.63452148
vt 0.94213867 0.18383789
vt 0.94213867 0.18457031
vt 0.00805664 0.18579102
vt 0.99121094 0.57910156
vt 0.56616211 0.97021484
vt 0.44702148 0.08203125
vt 0.11181641 0.84741211
vt 0.66357422 0.88134766
vt 0.48632812 0.86328125
vt 0.35717773 0.48364258
vt 0.92846680 0.71679688
vt 0.14868164 0.76708984
vt 0.65136719 0.51049805
vt 0.14477539 0.69458008
vt 0.78198242 0.52612305
vt 0.66357422 0.88134766
vt 0.11767578 0.86181641
vt 0.77294922 0.01049805
vt 0.36254883 0.90722656
vt 0.80859375 0.48388672
vt 0.04321289 0.83935547
vt 0.22509766 0.66479492
vt 0.07104492 0.30273438
vt 0.62548828 0.65380859
vt 0.58154297 0.49291992
vt 0.41821289 0.82055664
vt 0.65698242 0.64257812
vt 0.76831055 0.03393555
vt 0.04345703 0.83862305
vt 0.60913086 0.64184570
vt 0.59594727 0.64135742
vt 0.91088867 0.83959961
vt 0.68041992 0.35693359
vt 0.89892578 0.93505859
vt 0.24902344 0.67163086
vt 0.76782227 0.03369141
vt 0.39404297 0.74023438
vt 0.14990234 0.76904297
vt 0.35302734 0.48559570
vt 0.68261719 0.09741211
vt 0.26416016 0.66772461
vt 0.79492188 0.55541992
vt 0.52880859 0.99096680
vt 0.07202148 0.30346680
vt 0.67919922 0.35302734
vt 0.11181641 0.84741211
vt 0.71557617 0.00927734
vt 0.79541016 0.94604492
vt 0.34960938 0.84326172
vt 0.66333008 0.88183594
vt 0.95825195 0.98266602
vt 0.81982422 0.94360352
vt 0.06835938 0.12377930
vt 0.78027344 0.15502930
vt 0.63500977 0.65844727
vt 0.15429688 0.78271484
vt 0.75268555 0.80200195
vt 0.95800781 0.48046875
vt 0.80932617 0.94946289
vt 0.62060547 0.36279297
vt 0.95776367 0.48071289
vt 0.76635742 0.52392578
vt 0.39404297 0.08398438
vt 0.64941406 0.36157227
vt 0.35180664 0.46850586
vt 0.11840820 0.65063477
vt 0.89965820 0.93554688
vt 0.18334961 0.18847656
vt 0.30493164 0.24218750
vt 0.79272461 0.56689453
vt 0.64428711 0.16918945
vt 0.48315430 0.97778320
vt 0.34472656 0.84521484
vt 0.73925781 0.01269531
vt 0.74047852 0.00927734
vt 0.63598633 0.66406250
vt 0.14379883 0.69506836
vt 0.81127930 0.48266602
vt 0.09448242 0.78808594
vt 0.35424805 0.84082031
vt 0.76245117 0.17358398
vt 0.96093750 0.64672852
vt 0.37255859 0.83984375
vt 0.62426758 0.64135742
vt 0.80249023 0.95263672
vt 0.66406250 0.89184570
vt 0.35083008 0.71557617
vt 0.91162109 0.74169922
vt 0.86083984 0.72680664
vt 0.75219727 0.01538086
vt 0.22119141 0.27661133
vt 0.12304688 0.86962891
vt 0.20117188 0.19091797
vt 0.78442383 0.52807617
vt 0.95336914 0.98852539
vt 0.61938477 0.14379883
vt 0.66406250 0.89257812
vt 0.09448242 0.79174805
vt 0.90502930 0.93432617
vt 0.11328125 0.84545898
vt 0.20898438 0.67187500
vt 0.33251953 0.84643555
vt 0.54467773 0.19555664
vt 0.43676758 0.09204102
vt 0.71655273 0.00708008
vt 0.25390625 0.66943359
vt 0.41723633 0.80566406
vt 0.64990234 0.12963867
vt 0.34814453 0.84375000
vt 0.68261719 0.65112305
vt 0.78369141 0.52807617
vt 0.31152344 0.10034180
vt 0.34765625 0.83447266
vt 0.82397461 0.93896484
vt 0.77978516 0.02416992
vt 0.39770508 0.08032227
vt 0.39770508 0.08032227
vt 0.72412109 0.06909180
vt 0.02978516 0.74145508
vt 0.96020508 0.64501953
vt 0.40991211 0.74047852
vt 0.66918945 0.10424805
vt 0.10766602 0.83398438
vt 0.35327148 0.84106445
vt 0.66308594 0.90502930
vt 0.80151367 0.74536133
vt 0.65161133 0.12963867
vt 0.35815430 0.72558594
vt 0.99389648 0.11743164
vt 0.43823242 0.09765625
vt 0.95898438 0.64501953
vt 0.09399414 0.78979492
vt 0.09594727 0.79199219
vt 0.66430664 0.90063477
vt 0.66333008 0.89257812
vt 0.66430664 0.89965820
vt 0.62866211 0.65747070
vt 0.43774414 0.09301758
vt 0.11450195 0.64770508
vt 0.66625977 0.50952148
vt 0.69213867 0.52807617
vt 0.79467773 0.56420898
vt 0.07690430 0.27050781
vt 0.81689453 0.62841797
vt 0.38232422 0.83422852
vt 0.34326172 0.80102539
vt 0.00170898 0.89965820
vt 0.35205078 0.83886719
vt 0.02026367 0.74414062
vt 0.55664062 0.17504883
vt 0.24536133 0.66992188
vt 0.48413086 0.98193359
vt 0.78759766 0.75244141
vt 0.86352539 0.54541016
vt 0.02343750 0.74731445
vt 0.64257812 0.66601562
vt 0.09667969 0.79150391
vt 0.82495117 0.70385742
vt 0.64379883 0.15942383
vt 0.81591797 0.74755859
vt 0.19360352 0.19213867
vt 0.24584961 0.66992188
vt 0.35180664 0.99096680
vt 0.53369141 0.98925781
vt 0.78198242 0.76000977
vt 0.11987305 0.85839844
vt 0.79272461 0.33422852
vt 0.33081055 0.01684570
vt 0.81469727 0.61914062
vt 0.84106445 0.72851562
vt 0.13598633 0.80493164
vt 0.19213867 0.01074219
vt 0.62695312 0.65551758
vt 0.73901367 0.64819336
vt 0.35131836 0.99072266
vt 0.88598633 0.54516602
vt 0.71557617 0.36938477
vt 0.68359375 0.35546875
vt 0.35156250 0.84130859
vt 0.61840820 0.15161133
vt 0.75732422 0.80981445
vt 0.23510742 0.00854492
vt 0.78662109 0.54150391
vt 0.79516602 0.56372070
vt 0.81372070 0.74340820
vt 0.85253906 0.52343750
vt 0.51171875 0.86450195
vt 0.35522461 0.34863281
vt 0.40991211 0.81494141
vt 0.88720703 0.54858398
vt 0.95922852 0.64550781
vt 0.35546875 0.34887695
vt 0.65869141 0.88281250
vt 0.21582031 0.19433594
vt 0.83959961 0.70288086
vt 0.83715820 0.71582031
vt 0.64306641 0.16137695
vt 0.83959961 0.70336914
vt 0.49902344 0.18920898
vt 0.11547852 0.84570312
vt 0.83935547 0.70361328
vt 0.52539062 0.96337891
vt 0.81542969 0.62133789
vt 0.88037109 0.84375000
vt 0.35546875 0.34790039
vt 0.35546875 0.34692383
vt 0.14770508 0.70458984
vt 0.74853516 0.80883789
vt 0.39355469 0.69946289
vt 0.83422852 0.93066406
vt 0.65942383 0.91625977
vt 0.35522461 0.34643555
vt 0.65014648 0.66918945
vt 0.98974609 0.28515625
vt 0.65087891 0.66918945
vt 0.50244141 0.96533203
vt 0.74853516 0.01293945
vt 0.19482422 0.19287109
vt 0.39379883 0.36718750
vt 0.88574219 0.85107422
vt 0.35522461 0.84008789
vt 0.84228516 0.71606445
vt 0.66137695 0.88452148
vt 0.99511719 0.28735352
vt 0.95947266 0.64624023
vt 0.12353516 0.86450195
vt 0.88769531 0.54956055
vt 0.09594727 0.79052734
vt 0.64208984 0.65673828
vt 0.35424805 0.83886719
vt 0.34960938 0.84106445
vt 0.63549805 0.65209961
vt 0.40649414 0.82446289
vt 0.12597656 0.86840820
vt 0.58349609 0.49462891
vt 0.24389648 0.66894531
vt 0.65258789 0.66967773
vt 0.77978516 0.02441406
vt 0.16308594 0.81933594
vt 0.38623047 0.41870117
vt 0.34765625 0.84130859
vt 0.79809570 0.95043945
vt 0.45532227 0.11791992
vt 0.20581055 0.19360352
vt 0.38769531 0.70043945
vt 0.93237305 0.67626953
vt 0.24755859 0.24902344
vt 0.80395508 0.91992188
vt 0.45507812 0.11914062
vt 0.06201172 0.26611328
vt 0.78613281 0.27954102
vt 0.63330078 0.65722656
vt 0.20092773 0.19360352
vt 0.36059570 0.45874023
vt 0.00976562 0.43798828
vt 0.00903320 0.43481445
vt 0.66308594 0.90502930
vt 0.20312500 0.19482422
vt 0.66088867 0.88159180
vt 0.28833008 0.10131836
vt 0.20507812 0.19580078
vt 0.65014648 0.65502930
vt 0.35571289 0.34790039
vt 0.09619141 0.78759766
vt 0.95581055 0.98876953
vt 0.06201172 0.26367188
vt 0.87402344 0.51220703
vt 0.83935547 0.70141602
vt 0.80102539 0.32812500
vt 0.11328125 0.84082031
vt 0.85620117 0.53662109
vt 0.35766602 0.35083008
vt 0.85644531 0.53784180
vt 0.79565430 0.57177734
vt 0.63598633 0.65429688
vt 0.80273438 0.74414062
vt 0.34692383 0.84130859
vt 0.07006836 0.97387695
vt 0.53637695 0.15869141
vt 0.00073242 0.89599609
vt 0.43017578 0.69238281
vt 0.12597656 0.86840820
vt 0.15747070 0.79711914
vt 0.53955078 0.16040039
vt 0.20117188 0.28906250
vt 0.35766602 0.83911133
vt 0.95678711 0.48022461
vt 0.58056641 0.49658203
vt 0.99438477 0.28808594
vt 0.66406250 0.91064453
vt 0.33837891 0.47558594
vt 0.39184570 0.82983398
vt 0.81420898 0.60839844
vt 0.88574219 0.85107422
vt 0.01049805 0.43627930
vt 0.32763672 0.84399414
vt 0.00048828 0.89575195
vt 0.36206055 0.83813477
vt 0.43359375 0.73217773
vt 0.66381836 0.91137695
vt 0.81665039 0.86791992
vt 0.58227539 0.49487305
vt 0.18896484 0.21533203
vt 0.58081055 0.49389648
vt 0.80712891 0.61767578
vt 0.21655273 0.27758789
vt 0.86352539 0.54370117
vt 0.78247070 0.56762695
vt 0.90112305 0.86718750
vt 0.05175781 0.25170898
vt 0.83032227 0.69921875
vt 0.53637695 0.15869141
vt 0.90673828 0.04003906
vt 0.19750977 0.19482422
vt 0.81250000 0.60961914
vt 0.00976562 0.43359375
vt 0.50219727 0.16699219
vt 0.83105469 0.88183594
vt 0.95874023 0.98193359
vt 0.21118164 0.28515625
vt 0.95874023 0.98144531
vt 0.75610352 0.02661133
vt 0.20410156 0.19458008
vt 0.20312500 0.19482422
vt 0.31420898 0.02050781
vt 0.83813477 0.69897461
vt 0.04272461 0.66259766
vt 0.81591797 0.86596680
vt 0.60058594 0.51928711
vt 0.81372070 0.47851562
vt 0.90869141 0.33959961
vt 0.66308594 0.90502930
vt 0.00952148 0.43432617
vt 0.01416016 0.73779297
vt 0.90332031 0.93823242
vt 0.24609375 0.29321289
vt 0.95971680 0.98071289
vt 0.63720703 0.33374023
vt 0.00781250 0.36938477
vt 0.53955078 0.16040039
vt 0.33642578 0.84179688
vt 0.36230469 0.83740234
vt 0.22265625 0.27612305
vt 0.63671875 0.33471680
vt 0.83203125 0.92553711
vt 0.21459961 0.28540039
vt 0.18237305 0.19921875
vt 0.54052734 0.20190430
vt 0.34863281 0.83862305
vt 0.64794922 0.65747070
vt 0.78784180 0.45971680
vt 0.41748047 0.81591797
vt 0.82690430 0.93188477
vt 0.53979492 0.16186523
vt 0.65820312 0.88110352
vt 0.02319336 0.42602539
vt 0.81103516 0.60864258
vt 0.83325195 0.69726562
vt 0.75634766 0.02758789
vt 0.22363281 0.27709961
vt 0.22363281 0.27709961
vt 0.12377930 0.18432617
vt 0.66333008 0.91137695
vt 0.38671875 0.41650391
vt 0.00708008 0.36865234
vt 0.36157227 0.83715820
vt 0.76049805 0.32543945
vt 0.76074219 0.32592773
vt 0.20874023 0.19995117
vt 0.81689453 0.86621094
vt 0.34741211 0.02246094
vt 0.10888672 0.82788086
vt 0.75634766 0.02685547
vt 0.83276367 0.69409180
vt 0.17797852 0.19384766
vt 0.83422852 0.69775391
vt 0.90795898 0.04174805
vt 0.88671875 0.84985352
vt 0.52148438 0.20336914
vt 0.12158203 0.85546875
vt 0.36254883 0.70019531
vt 0.35864258 0.83715820
vt 0.88720703 0.85083008
vt 0.84741211 0.72412109
vt 0.54614258 0.19897461
vt 0.67578125 0.66088867
vt 0.06738281 0.28417969
vt 0.21020508 0.19824219
vt 0.54223633 0.20483398
vt 0.75170898 0.01293945
vt 0.58813477 0.49536133
vt 0.53076172 0.70288086
vt 0.11865234 0.84838867
vt 0.66723633 0.05151367
vt 0.35668945 0.83789062
vt 0.12695312 0.18188477
vt 0.63964844 0.16992188
vt 0.53759766 0.16406250
vt 0.19067383 0.19946289
vt 0.34057617 0.01635742
vt 0.21215820 0.29199219
vt 0.82958984 0.88305664
vt 0.36572266 0.33789062
vt 0.10888672 0.82714844
vt 0.21899414 0.29443359
vt 0.36108398 0.38989258
vt 0.83593750 0.69531250
vt 0.23999023 0.28002930
vt 0.11401367 0.99072266
vt 0.72338867 0.07128906
vt 0.35693359 0.98193359
vt 0.54638672 0.19921875
vt 0.12573242 0.86303711
vt 0.76147461 0.53588867
vt 0.81689453 0.86645508
vt 0.11303711 0.83544922
vt 0.63818359 0.35327148
vt 0.78588867 0.95532227
vt 0.63110352 0.95605469
vt 0.17211914 0.24487305
vt 0.96069336 0.65112305
vt 0.19238281 0.19580078
vt 0.53613281 0.16528320
vt 0.81103516 0.61083984
vt 0.99194336 0.28637695
vt 0.21484375 0.29248047
vt 0.78100586 0.52905273
vt 0.61230469 0.48120117
vt 0.70214844 0.35400391
vt 0.01147461 0.43701172
vt 0.83593750 0.69482422
vt 0.39306641 0.73779297
vt 0.12597656 0.18554688
vt 0.83496094 0.69433594
vt 0.33447266 0.01586914
vt 0.53613281 0.16503906
vt 0.66186523 0.90307617
vt 0.77905273 0.52636719
vt 0.66186523 0.91772461
vt 0.89233398 0.85693359
vt 0.34985352 0.98779297
vt 0.84741211 0.72094727
vt 0.46166992 0.99218750
vt 0.33569336 0.01367188
vt 0.44335938 0.09643555
vt 0.06762695 0.26953125
vt 0.48925781 0.88647461
vt 0.10400391 0.79882812
vt 0.17675781 0.19409180
vt 0.18383789 0.11523438
vt 0.60180664 0.48413086
vt 0.75415039 0.02026367
vt 0.80224609 0.61059570
vt 0.83374023 0.69409180
vt 0.58886719 0.49389648
vt 0.52783203 0.96435547
vt 0.81030273 0.74487305
vt 0.28735352 0.10278320
vt 0.75561523 0.32275391
vt 0.83642578 0.92456055
vt 0.10791016 0.82153320
vt 0.83764648 0.89208984
vt 0.12573242 0.18286133
vt 0.04663086 0.66455078
vt 0.95800781 0.64843750
vt 0.79931641 0.58789062
vt 0.35717773 0.98559570
vt 0.34912109 0.98803711
vt 0.28710938 0.10302734
vt 0.78295898 0.93627930
vt 0.66674805 0.05541992
vt 0.55932617 0.18139648
vt 0.11987305 0.84741211
vt 0.17529297 0.19433594
vt 0.11865234 0.84350586
vt 0.00170898 0.16650391
vt 0.72778320 0.07324219
vt 0.37060547 0.39721680
vt 0.36376953 0.83129883
vt 0.66137695 0.91748047
vt 0.24951172 0.26635742
vt 0.91015625 0.84008789
vt 0.49804688 0.17016602
vt 0.66162109 0.91625977
vt 0.76318359 0.62890625
vt 0.16210938 0.81616211
vt 0.78271484 0.53930664
vt 0.36230469 0.70556641
vt 0.81689453 0.85742188
vt 0.63818359 0.35253906
vt 0.39306641 0.73779297
vt 0.15063477 0.78906250
vt 0.64404297 0.94897461
vt 0.78564453 0.99438477
vt 0.81909180 0.74804688
vt 0.96069336 0.65112305
vt 0.10839844 0.81640625
vt 0.23852539 0.28515625
vt 0.64624023 0.89135742
vt 0.12377930 0.18164062
vt 0.66064453 0.90380859
vt 0.59594727 0.49804688
vt 0.53979492 0.17187500
vt 0.05932617 0.67041016
vt 0.35351562 0.46704102
vt 0.35058594 0.97949219
vt 0.65039062 0.99340820
vt 0.06396484 0.20214844
vt 0.35327148 0.98486328
vt 0.79809570 0.58984375
vt 0.55957031 0.17846680
vt 0.57519531 0.97583008
vt 0.70458984 0.34399414
vt 0.64477539 0.13256836
vt 0.38867188 0.82568359
vt 0.90771484 0.94482422
vt 0.82373047 0.47534180
vt 0.65087891 0.99267578
vt 0.63769531 0.16845703
vt 0.05761719 0.66430664
vt 0.65991211 0.91674805
vt 0.54345703 0.17041016
vt 0.10083008 0.79125977
vt 0.56030273 0.18041992
vt 0.30957031 0.99340820
vt 0.82324219 0.47509766
vt 0.04931641 0.66577148
vt 0.90844727 0.33862305
vt 0.10644531 0.79614258
vt 0.10253906 0.79467773
vt 0.85791016 0.73583984
vt 0.35375977 0.46557617
vt 0.38427734 0.67578125
vt 0.63159180 0.35424805
vt 0.88183594 0.82617188
vt 0.19360352 0.20410156
vt 0.81835938 0.74682617
vt 0.33691406 0.01367188
vt 0.90551758 0.94067383
vt 0.83447266 0.72167969
vt 0.49755859 0.17089844
vt 0.90917969 0.93969727
vt 0.02221680 0.74682617
vt 0.64453125 0.13134766
vt 0.02050781 0.41796875
vt 0.51611328 0.19799805
vt 0.14355469 0.71069336
vt 0.65698242 0.88085938
vt 0.49780273 0.17211914
vt 0.24682617 0.27978516
vt 0.65771484 0.88061523
vt 0.33642578 0.01269531
vt 0.55883789 0.17944336
vt 0.23901367 0.29248047
vt 0.79003906 0.32836914
vt 0.66015625 0.90307617
vt 0.54931641 0.16992188
vt 0.37231445 0.42285156
vt 0.01049805 0.41479492
vt 0.78833008 0.32885742
vt 0.57519531 0.97045898
vt 0.88183594 0.82568359
vt 0.34716797 0.48144531
vt 0.73364258 0.07177734
vt 0.79760742 0.58789062
vt 0.78564453 0.99462891
vt 0.65991211 0.90209961
vt 0.06176758 0.26245117
vt 0.51855469 0.20166016
vt 0.00610352 0.56030273
vt 0.90722656 0.87011719
vt 0.90698242 0.94091797
vt 0.38549805 0.67529297
vt 0.82373047 0.92895508
vt 0.35473633 0.98022461
vt 0.82177734 0.93017578
vt 0.40087891 0.82031250
vt 0.00927734 0.41503906
vt 0.82275391 0.75878906
vt 0.90576172 0.87280273
vt 0.11621094 0.74194336
vt 0.81665039 0.74853516
vt 0.90649414 0.87158203
vt 0.58081055 0.96899414
vt 0.96020508 0.65527344
vt 0.63769531 0.16162109
vt 0.55932617 0.17993164
vt 0.80126953 0.60961914
vt 0.90625000 0.87280273
vt 0.65551758 0.99023438
vt 0.23071289 0.12280273
vt 0.02343750 0.74804688
vt 0.79321289 0.47412109
vt 0.90600586 0.94140625
vt 0.33447266 0.37255859
vt 0.55810547 0.17749023
vt 0.78906250 0.32763672
vt 0.71508789 0.07714844
vt 0.82763672 0.91650391
vt 0.81787109 0.74951172
vt 0.70678711 0.00561523
vt 0.48730469 0.19335938
vt 0.73901367 0.64965820
vt 0.70678711 0.01025391
vt 0.65649414 0.88232422
vt 0.33081055 0.47290039
vt 0.60449219 0.51147461
vt 0.68530273 0.52636719
vt 0.02319336 0.74853516
vt 0.06689453 0.97460938
vt 0.55493164 0.19458008
vt 0.00170898 0.16210938
vt 0.11132812 0.82104492
vt 0.91259766 0.84985352
vt 0.42211914 0.73583984
vt 0.65625000 0.99340820
vt 0.82226562 0.90185547
vt 0.30200195 0.24316406
vt 0.00048828 0.05053711
vt 0.35253906 0.83374023
vt 0.11401367 0.99096680
vt 0.11352539 0.99121094
vt 0.82324219 0.72924805
vt 0.91772461 0.02197266
vt 0.11376953 0.99243164
vt 0.51757812 0.19995117
vt 0.76538086 0.01220703
vt 0.54882812 0.18920898
vt 0.70654297 0.01025391
vt 0.36450195 0.34814453
vt 0.88549805 0.82275391
vt 0.60791016 0.50219727
vt 0.00195312 0.16259766
vt 0.65039062 0.99145508
vt 0.87255859 0.81127930
vt 0.91162109 0.93872070
vt 0.64038086 0.14062500
vt 0.35058594 0.98046875
vt 0.75463867 0.63378906
vt 0.95947266 0.65405273
vt 0.24633789 0.29418945
vt 0.64990234 0.99169922
vt 0.98754883 0.43994141
vt 0.24609375 0.29418945
vt 0.82299805 0.82299805
vt 0.65551758 0.90307617
vt 0.65942383 0.90844727
vt 0.26757812 0.29150391
vt 0.70410156 0.01123047
vt 0.02319336 0.41723633
vt 0.70483398 0.01147461
vt 0.70483398 0.01123047
vt 0.63623047 0.16186523
vt 0.70629883 0.01098633
vt 0.38720703 0.82397461
vt 0.60815430 0.50048828
vt 0.12158203 0.18408203
vt 0.75683594 0.01660156
vt 0.49560547 0.86840820
vt 0.91210938 0.93896484
vt 0.82006836 0.84863281
vt 0.37866211 0.01196289
vt 0.80590820 0.31372070
vt 0.13916016 0.77807617
vt 0.07714844 0.12695312
vt 0.88208008 0.82250977
vt 0.04809570 0.67602539
vt 0.65332031 0.90307617
vt 0.80615234 0.31640625
vt 0.48779297 0.19311523
vt 0.79736328 0.58984375
vt 0.55712891 0.17895508
vt 0.87939453 0.82373047
vt 0.42333984 0.67114258
vt 0.98730469 0.72509766
vt 0.75048828 0.07128906
vt 0.44750977 0.10791016
vt 0.81396484 0.79199219
vt 0.36938477 0.36791992
vt 0.67846680 0.10058594
vt 0.24975586 0.95263672
vt 0.65625000 0.88964844
vt 0.29150391 0.19335938
vt 0.45874023 0.72070312
vt 0.82104492 0.92504883
vt 0.63378906 0.15820312
vt 0.80493164 0.46630859
vt 0.80322266 0.31616211
vt 0.65747070 0.89892578
vt 0.72924805 0.08813477
vt 0.63574219 0.12695312
vt 0.38085938 0.41259766
vt 0.28369141 0.16650391
vt 0.49194336 0.17260742
vt 0.65478516 0.88452148
vt 0.36157227 0.74291992
vt 0.41845703 0.67211914
vt 0.32202148 0.81665039
vt 0.13867188 0.71289062
vt 0.38330078 0.82324219
vt 0.99072266 0.44067383
vt 0.65698242 0.90332031
vt 0.05786133 0.66723633
vt 0.81567383 0.79272461
vt 0.55444336 0.17895508
vt 0.29687500 0.11035156
vt 0.82153320 0.84008789
vt 0.03686523 0.19262695
vt 0.88745117 0.81958008
vt 0.87988281 0.82275391
vt 0.98315430 0.72460938
vt 0.55810547 0.18505859
vt 0.36206055 0.72558594
vt 0.55712891 0.18139648
vt 0.21386719 0.13159180
vt 0.11694336 0.08422852
vt 0.63964844 0.13525391
vt 0.55541992 0.17871094
vt 0.55712891 0.18188477
vt 0.34765625 0.46655273
vt 0.55786133 0.18994141
vt 0.82739258 0.91967773
vt 0.05712891 0.66845703
vt 0.11352539 0.81103516
vt 0.36572266 0.73828125
vt 0.82788086 0.91894531
vt 0.34863281 0.46679688
vt 0.10766602 0.79223633
vt 0.70849609 0.09741211
vt 0.40405273 0.70947266
vt 0.65429688 0.88940430
vt 0.35620117 0.98022461
vt 0.78930664 0.26220703
vt 0.65673828 0.89892578
vt 0.77612305 0.56762695
vt 0.98901367 0.44775391
vt 0.80468750 0.31372070
vt 0.13427734 0.80102539
vt 0.13085938 0.85571289
vt 0.37548828 0.37744141
vt 0.87573242 0.81469727
vt 0.55517578 0.18530273
vt 0.80371094 0.31542969
vt 0.37402344 0.38037109
vt 0.68237305 0.05541992
vt 0.65429688 0.91943359
vt 0.87866211 0.82250977
vt 0.22827148 0.13110352
vt 0.05834961 0.66748047
vt 0.05590820 0.66821289
vt 0.36791992 0.82739258
vt 0.38232422 0.72729492
vt 0.38452148 0.72290039
vt 0.24902344 0.95190430
vt 0.40576172 0.69580078
vt 0.82250977 0.76000977
vt 0.11059570 0.80468750
vt 0.38671875 0.70190430
vt 0.11328125 0.81274414
vt 0.11328125 0.81274414
vt 0.38232422 0.72680664
vt 0.42944336 0.73583984
vt 0.82470703 0.76196289
vt 0.65625000 0.89868164
vt 0.13110352 0.85498047
vt 0.71386719 0.36987305
vt 0.44946289 0.11499023
vt 0.64477539 0.92065430
vt 0.44897461 0.11474609
vt 0.35693359 0.97851562
vt 0.86132812 0.73901367
vt 0.00610352 0.71166992
vt 0.99877930 0.44213867
vt 0.81347656 0.92773438
vt 0.99682617 0.44458008
vt 0.38037109 0.72607422
vt 0.55444336 0.17944336
vt 0.37988281 0.36962891
vt 0.65551758 0.89892578
vt 0.37988281 0.82275391
vt 0.98999023 0.44775391
vt 0.34741211 0.83032227
vt 0.89965820 0.66088867
vt 0.82397461 0.91943359
vt 0.65502930 0.89038086
vt 0.37817383 0.01147461
vt 0.82910156 0.90356445
vt 0.99194336 0.44165039
vt 0.38427734 0.82104492
vt 0.13208008 0.85595703
vt 0.36303711 0.81860352
vt 0.65625000 0.90161133
vt 0.40527344 0.81201172
vt 0.26489258 0.20776367
vt 0.81030273 0.88891602
vt 0.16577148 0.96582031
vt 0.82690430 0.90356445
vt 0.36743164 0.82617188
vt 0.77416992 0.54125977
vt 0.34838867 0.82983398
vt 0.81225586 0.92773438
vt 0.85937500 0.73461914
vt 0.65380859 0.91918945
vt 0.36474609 0.42333984
vt 0.36474609 0.42333984
vt 0.69531250 0.05151367
vt 0.13916016 0.73144531
vt 0.82812500 0.90307617
vt 0.65600586 0.91015625
vt 0.14599609 0.79833984
vt 0.88305664 0.81860352
vt 0.40185547 0.69848633
vt 0.22875977 0.13183594
vt 0.81054688 0.88842773
vt 0.65405273 0.88378906
vt 0.44433594 0.99389648
vt 0.37426758 0.73071289
vt 0.65649414 0.91015625
vt 0.38085938 0.82080078
vt 0.82788086 0.90429688
vt 0.15502930 0.82324219
vt 0.35717773 0.97705078
vt 0.65502930 0.91918945
vt 0.12988281 0.71313477
vt 0.12182617 0.98974609
vt 0.65307617 0.92431641
vt 0.76782227 0.01660156
vt 0.12890625 0.71289062
vt 0.75097656 0.07397461
vt 0.39550781 0.68969727
vt 0.86206055 0.73999023
vt 0.39819336 0.70288086
vt 0.03857422 0.45092773
vt 0.65551758 0.89843750
vt 0.30102539 0.11352539
vt 0.65478516 0.90234375
vt 0.82153320 0.91967773
vt 0.40039062 0.69873047
vt 0.98144531 0.72265625
vt 0.98168945 0.72241211
vt 0.11596680 0.81542969
vt 0.14355469 0.80102539
vt 0.65502930 0.90283203
vt 0.35498047 0.97802734
vt 0.45117188 0.11572266
vt 0.11254883 0.07592773
vt 0.99047852 0.44799805
vt 0.65527344 0.90747070
vt 0.65527344 0.90747070
vt 0.62133789 0.93823242
vt 0.65551758 0.90820312
vt 0.35522461 0.43310547
vt 0.12768555 0.84277344
vt 0.34594727 0.46826172
vt 0.38867188 0.71386719
vt 0.18066406 0.98828125
vt 0.45141602 0.11547852
vt 0.77392578 0.54296875
vt 0.36889648 0.41845703
vt 0.87402344 0.68530273
vt 0.45288086 0.11450195
vt 0.65527344 0.90112305
vt 0.65234375 0.90454102
vt 0.76562500 0.51660156
vt 0.80126953 0.31323242
vt 0.98559570 0.16455078
vt 0.63720703 0.13525391
vt 0.98999023 0.44897461
vt 0.76513672 0.01245117
vt 0.35302734 0.97778320
vt 0.84228516 0.98706055
vt 0.65502930 0.90332031
vt 0.54638672 0.17480469
vt 0.11669922 0.81689453
vt 0.11474609 0.07714844
vt 0.63549805 0.14111328
vt 0.38452148 0.71704102
vt 0.35717773 0.97705078
vt 0.78906250 0.31518555
vt 0.11376953 0.07690430
vt 0.02563477 0.44824219
vt 0.37744141 0.02343750
vt 0.25976562 0.98925781
vt 0.64575195 0.95092773
vt 0.63378906 0.14843750
vt 0.65478516 0.90332031
vt 0.51391602 0.83764648
vt 0.01293945 0.87060547
vt 0.99194336 0.44677734
vt 0.35034180 0.45117188
vt 0.04077148 0.68725586
vt 0.34521484 0.46752930
vt 0.37817383 0.02294922
vt 0.81469727 0.46557617
vt 0.75952148 0.20312500
vt 0.85839844 0.73608398
vt 0.26098633 0.98315430
vt 0.73730469 0.07788086
vt 0.37280273 0.82299805
vt 0.52392578 0.83422852
vt 0.39013672 0.81640625
vt 0.38037109 0.81909180
vt 0.99316406 0.43945312
vt 0.44458008 0.99243164
vt 0.85888672 0.73657227
vt 0.98706055 0.72509766
vt 0.99804688 0.44042969
vt 0.50219727 0.96533203
vt 0.62109375 0.96508789
vt 0.13208008 0.08105469
vt 0.99267578 0.44628906
vt 0.79394531 0.46606445
vt 0.98315430 0.73535156
vt 0.85278320 0.73095703
vt 0.12353516 0.82739258
vt 0.85839844 0.75048828
vt 0.01342773 0.87036133
vt 0.76245117 0.22875977
vt 0.69873047 0.05273438
vt 0.68090820 0.05590820
vt 0.73339844 0.09985352
vt 0.40454102 0.80883789
vt 0.33813477 0.38183594
vt 0.33203125 0.38793945
vt 0.35546875 0.97680664
vt 0.82250977 0.46459961
vt 0.65429688 0.90014648
vt 0.98095703 0.72656250
vt 0.64208984 0.90136719
vt 0.70214844 0.04077148
vt 0.40039062 0.68896484
vt 0.13769531 0.86083984
vt 0.78173828 0.21606445
vt 0.72778320 0.08081055
vt 0.55175781 0.19311523
vt 0.03442383 0.63378906
vt 0.11865234 0.16699219
vt 0.82568359 0.42382812
vt 0.53564453 0.83813477
vt 0.32910156 0.11694336
vt 0.82519531 0.35058594
vt 0.25781250 0.18627930
vt 0.55273438 0.18408203
vt 0.98461914 0.16503906
vt 0.05493164 0.67968750
vt 0.97167969 0.68676758
vt 0.04248047 0.00903320
vt 0.69848633 0.06127930
vt 0.65136719 0.90429688
vt 0.25561523 0.34667969
vt 0.65209961 0.88403320
vt 0.01367188 0.45947266
vt 0.14038086 0.86474609
vt 0.30688477 0.12231445
vt 0.95288086 0.29736328
vt 0.33740234 0.38232422
vt 0.00781250 0.46972656
vt 0.00927734 0.46630859
vt 0.13671875 0.85717773
vt 0.94433594 0.33593750
vt 0.96972656 0.68359375
vt 0.39306641 0.69238281
vt 0.36547852 0.41796875
vt 0.39379883 0.69165039
vt 0.03295898 0.63208008
vt 0.36181641 0.82348633
vt 0.65356445 0.90356445
vt 0.95019531 0.70458984
vt 0.11791992 0.70825195
vt 0.65307617 0.90209961
vt 0.77514648 0.55810547
vt 0.98120117 0.72485352
vt 0.37011719 0.41186523
vt 0.86914062 0.68457031
vt 0.63208008 0.14746094
vt 0.37426758 0.38037109
vt 0.76293945 0.55297852
vt 0.17187500 0.24584961
vt 0.87402344 0.80541992
vt 0.77050781 0.54223633
vt 0.35888672 0.82006836
vt 0.68457031 0.09936523
vt 0.03515625 0.83813477
vt 0.62963867 0.15991211
vt 0.13818359 0.72900391
vt 0.10864258 0.77783203
vt 0.90722656 0.64379883
vt 0.87695312 0.68505859
vt 0.82495117 0.74340820
vt 0.87597656 0.68457031
vt 0.87255859 0.68627930
vt 0.87573242 0.68530273
vt 0.65063477 0.88427734
vt 0.65136719 0.88452148
vt 0.34741211 0.42309570
vt 0.75463867 0.40625000
vt 0.27124023 0.18652344
vt 0.03491211 0.83813477
vt 0.35083008 0.43139648
vt 0.00952148 0.46752930
vt 0.55419922 0.18798828
vt 0.80004883 0.78564453
vt 0.76538086 0.52563477
vt 0.79760742 0.22363281
vt 0.63134766 0.14746094
vt 0.85253906 0.73779297
vt 0.80664062 0.92114258
vt 0.26440430 0.98364258
vt 0.68750000 0.05200195
vt 0.35986328 0.82275391
vt 0.87524414 0.68847656
vt 0.68725586 0.05200195
vt 0.77026367 0.22363281
vt 0.36450195 0.41723633
vt 0.17700195 0.97045898
vt 0.83276367 0.74194336
vt 0.11010742 0.78100586
vt 0.53076172 0.74951172
vt 0.69042969 0.05419922
vt 0.27246094 0.19775391
vt 0.90576172 0.67944336
vt 0.78271484 0.91284180
vt 0.80200195 0.91967773
vt 0.46972656 0.98828125
vt 0.65283203 0.90234375
vt 0.87524414 0.81445312
vt 0.68798828 0.05297852
vt 0.65258789 0.90649414
vt 0.46801758 0.98803711
vt 0.68603516 0.09741211
vt 0.02636719 0.44799805
vt 0.16259766 0.21093750
vt 0.65063477 0.88940430
vt 0.47705078 0.99438477
vt 0.12182617 0.81787109
vt 0.65258789 0.90185547
vt 0.80688477 0.91992188
vt 0.13525391 0.84619141
vt 0.55419922 0.19287109
vt 0.36181641 0.96264648
vt 0.79003906 0.93237305
vt 0.76293945 0.39746094
vt 0.01464844 0.28930664
vt 0.47045898 0.98852539
vt 0.69384766 0.06347656
vt 0.47900391 0.99560547
vt 0.26098633 0.18701172
vt 0.03735352 0.19409180
vt 0.02954102 0.02050781
vt 0.76000977 0.56347656
vt 0.83691406 0.31323242
vt 0.78222656 0.91259766
vt 0.89697266 0.67626953
vt 0.02978516 0.02050781
vt 0.87451172 0.81542969
vt 0.18408203 0.96728516
vt 0.95092773 0.70629883
vt 0.11596680 0.79516602
vt 0.14721680 0.26708984
vt 0.79028320 0.30810547
vt 0.87109375 0.81762695
vt 0.33032227 0.82617188
vt 0.02294922 0.29614258
vt 0.38647461 0.81298828
vt 0.36083984 0.81909180
vt 0.27661133 0.27294922
vt 0.27441406 0.27563477
vt 0.14550781 0.31958008
vt 0.83398438 0.31054688
vt 0.64477539 0.89965820
vt 0.18750000 0.96582031
vt 0.98095703 0.72753906
vt 0.87622070 0.81445312
vt 0.35888672 0.81811523
vt 0.52441406 0.75146484
vt 0.55371094 0.19238281
vt 0.32958984 0.82519531
vt 0.46899414 0.70117188
vt 0.22314453 0.58764648
vt 0.98071289 0.72753906
vt 0.33276367 0.11791992
vt 0.30712891 0.12255859
vt 0.25170898 0.18725586
vt 0.94921875 0.67895508
vt 0.33154297 0.47338867
vt 0.90136719 0.65502930
vt 0.91186523 0.66479492
vt 0.64819336 0.88403320
vt 0.59008789 0.96679688
vt 0.39819336 0.80566406
vt 0.99975586 0.44116211
vt 0.89379883 0.69531250
vt 0.90136719 0.65478516
vt 0.14770508 0.07812500
vt 0.76953125 0.97534180
vt 0.22265625 0.58642578
vt 0.11230469 0.16821289
vt 0.52954102 0.76635742
vt 0.47949219 0.02075195
vt 0.33227539 0.11767578
vt 0.81298828 0.45336914
vt 0.90087891 0.65698242
vt 0.82714844 0.46118164
vt 0.55224609 0.19311523
vt 0.33056641 0.11743164
vt 0.79370117 0.30615234
vt 0.83886719 0.30737305
vt 0.77563477 0.56835938
vt 0.26977539 0.98144531
vt 0.12622070 0.72729492
vt 0.00781250 0.78125000
vt 0.22460938 0.58642578
vt 0.10961914 0.17089844
vt 0.55078125 0.18725586
vt 0.99877930 0.44116211
vt 0.30346680 0.24633789
vt 0.77465820 0.56909180
vt 0.88867188 0.80859375
vt 0.90014648 0.66015625
vt 0.84594727 0.98315430
vt 0.63378906 0.12475586
vt 0.08520508 0.11132812
vt 0.85864258 0.75122070
vt 0.85693359 0.74609375
vt 0.90014648 0.66015625
vt 0.61547852 0.96826172
vt 0.97290039 0.85766602
vt 0.73974609 0.08813477
vt 0.25219727 0.18847656
vt 0.33081055 0.82446289
vt 0.10522461 0.01416016
vt 0.79516602 0.22656250
vt 0.22216797 0.58496094
vt 0.78564453 0.92163086
vt 0.22460938 0.58520508
vt 0.85839844 0.75170898
vt 0.85449219 0.75463867
vt 0.69580078 0.26025391
vt 0.35400391 0.14135742
vt 0.84692383 0.35083008
vt 0.03198242 0.59765625
vt 0.22265625 0.58496094
vt 0.08642578 0.10229492
vt 0.35913086 0.96459961
vt 0.82836914 0.40747070
vt 0.69580078 0.05834961
vt 0.87451172 0.81542969
vt 0.36987305 0.40869141
vt 0.82958984 0.74462891
vt 0.22290039 0.58471680
vt 0.22216797 0.58398438
vt 0.24169922 0.21215820
vt 0.34912109 0.14184570
vt 0.82885742 0.74609375
vt 0.82763672 0.74902344
vt 0.90014648 0.66162109
vt 0.37475586 0.81396484
vt 0.36059570 0.95849609
vt 0.12890625 0.82763672
vt 0.22241211 0.58422852
vt 0.27392578 0.28906250
vt 0.36376953 0.61010742
vt 0.77343750 0.30908203
vt 0.04614258 0.68969727
vt 0.84423828 0.98413086
vt 0.54785156 0.18920898
vt 0.83007812 0.74755859
vt 0.02563477 0.87646484
vt 0.84521484 0.98413086
vt 0.69555664 0.25976562
vt 0.01562500 0.83886719
vt 0.45629883 0.97192383
vt 0.84472656 0.31933594
vt 0.83691406 0.29248047
vt 0.02856445 0.96044922
vt 0.46728516 0.02856445
vt 0.83056641 0.74731445
vt 0.76318359 0.53149414
vt 0.46679688 0.02343750
vt 0.76293945 0.53198242
vt 0.91430664 0.69506836
vt 0.48535156 0.18945312
vt 0.14282227 0.85717773
vt 0.09741211 0.18188477
vt 0.52661133 0.74902344
vt 0.47265625 0.03125000
vt 0.03100586 0.96533203
vt 0.04687500 0.00927734
vt 0.36743164 0.40917969
vt 0.10864258 0.16943359
vt 0.33740234 0.39160156
vt 0.90649414 0.66430664
vt 0.24755859 0.19189453
vt 0.86083984 0.81689453
vt 0.86840820 0.81835938
vt 0.78833008 0.45971680
vt 0.05371094 0.68212891
vt 0.36914062 0.40795898
vt 0.76928711 0.97558594
vt 0.46362305 0.02685547
vt 0.78564453 0.92700195
vt 0.53198242 0.75219727
vt 0.91748047 0.37280273
vt 0.35815430 0.95751953
vt 0.46362305 0.02734375
vt 0.13720703 0.72753906
vt 0.30468750 0.24633789
vt 0.69506836 0.25415039
vt 0.33496094 0.55175781
vt 0.83007812 0.74755859
vt 0.52368164 0.75048828
vt 0.10107422 0.17309570
vt 0.34667969 0.81933594
vt 0.10351562 0.17260742
vt 0.09814453 0.18115234
vt 0.69604492 0.24438477
vt 0.79174805 0.45434570
vt 0.39355469 0.80541992
vt 0.35961914 0.95751953
vt 0.00024414 0.11621094
vt 0.96264648 0.66845703
vt 0.70092773 0.07128906
vt 0.91284180 0.66406250
vt 0.64843750 0.90698242
vt 0.09838867 0.17919922
vt 0.09863281 0.17993164
vt 0.99072266 0.60961914
vt 0.84204102 0.30444336
vt 0.46264648 0.95507812
vt 0.97949219 0.73095703
vt 0.79174805 0.45922852
vt 0.34692383 0.97192383
vt 0.95751953 0.38623047
vt 0.64770508 0.90625000
vt 0.48852539 0.02026367
vt 0.64697266 0.91430664
vt 0.13208008 0.79882812
vt 0.87402344 0.35083008
vt 0.78930664 0.45874023
vt 0.14721680 0.07885742
vt 0.00024414 0.11816406
vt 0.60668945 0.05102539
vt 0.52514648 0.74926758
vt 0.34960938 0.38378906
vt 0.64794922 0.89086914
vt 0.12280273 0.78149414
vt 0.96240234 0.67187500
vt 0.88964844 0.34228516
vt 0.45190430 0.97949219
vt 0.90161133 0.69604492
vt 0.94921875 0.32739258
vt 0.05444336 0.68164062
vt 0.35083008 0.80371094
vt 0.99072266 0.60937500
vt 0.79150391 0.30322266
vt 0.03222656 0.01196289
vt 0.91040039 0.69555664
vt 0.09887695 0.17797852
vt 0.35668945 0.51000977
vt 0.96606445 0.99365234
vt 0.02050781 0.29052734
vt 0.52465820 0.74951172
vt 0.23925781 0.57080078
vt 0.09887695 0.17895508
vt 0.83154297 0.75488281
vt 0.04687500 0.95263672
vt 0.98803711 0.63598633
vt 0.13745117 0.72998047
vt 0.97387695 0.85864258
vt 0.03125000 0.01123047
vt 0.76513672 0.54492188
vt 0.35815430 0.95751953
vt 0.35888672 0.95703125
vt 0.04614258 0.68969727
vt 0.00854492 0.65673828
vt 0.80615234 0.29248047
vt 0.32983398 0.52221680
vt 0.84228516 0.75927734
vt 0.87622070 0.34790039
vt 0.64184570 0.91772461
vt 0.91162109 0.69726562
vt 0.85205078 0.81542969
vt 0.98706055 0.84765625
vt 0.97900391 0.39379883
vt 0.62622070 0.14526367
vt 0.70800781 0.09741211
vt 0.01904297 0.29443359
vt 0.35815430 0.95751953
vt 0.08862305 0.10888672
vt 0.82934570 0.98413086
vt 0.84545898 0.75292969
vt 0.03637695 0.01293945
vt 0.10473633 0.16845703
vt 0.24877930 0.58325195
vt 0.84716797 0.35253906
vt 0.64794922 0.89868164
vt 0.52490234 0.75024414
vt 0.03344727 0.68847656
vt 0.98339844 0.54833984
vt 0.70019531 0.07031250
vt 0.99169922 0.41284180
vt 0.70068359 0.11499023
vt 0.76049805 0.53491211
vt 0.65747070 0.25878906
vt 0.92675781 0.31201172
vt 0.03735352 0.68676758
vt 0.98315430 0.73559570
vt 0.98730469 0.63647461
vt 0.77661133 0.97412109
vt 0.96362305 0.40209961
vt 0.13623047 0.73120117
vt 0.79418945 0.69189453
vt 0.00854492 0.40429688
vt 0.52636719 0.75415039
vt 0.64746094 0.89648438
vt 0.24926758 0.58300781
vt 0.97802734 0.73974609
vt 0.31958008 0.82153320
vt 0.62084961 0.16357422
vt 0.25268555 0.58325195
vt 0.21728516 0.57373047
vt 0.54174805 0.86914062
vt 0.73779297 0.29174805
vt 0.03466797 0.01147461
vt 0.34521484 0.38891602
vt 0.79321289 0.45654297
vt 0.98242188 0.73535156
vt 0.85009766 0.81616211
vt 0.71313477 0.28784180
vt 0.77099609 0.97509766
vt 0.01904297 0.28979492
vt 0.02709961 0.68994141
vt 0.77075195 0.97534180
vt 0.96264648 0.99145508
vt 0.31420898 0.97290039
vt 0.76049805 0.56347656
vt 0.64746094 0.89794922
vt 0.64111328 0.92065430
vt 0.62182617 0.16308594
vt 0.03833008 0.68701172
vt 0.03881836 0.68676758
vt 0.03125000 0.96435547
vt 0.35107422 0.81591797
vt 0.71289062 0.28662109
vt 0.84057617 0.75341797
vt 0.02246094 0.29418945
vt 0.78735352 0.30200195
vt 0.51489258 0.87182617
vt 0.21850586 0.57348633
vt 0.03344727 0.97290039
vt 0.79125977 0.45654297
vt 0.64721680 0.89916992
vt 0.63842773 0.93041992
vt 0.52270508 0.75073242
vt 0.25732422 0.19360352
vt 0.77905273 0.69311523
vt 0.08984375 0.10961914
vt 0.26806641 0.58203125
vt 0.21850586 0.57275391
vt 0.25000000 0.57861328
vt 0.99243164 0.54638672
vt 0.79125977 0.45532227
vt 0.92553711 0.40722656
vt 0.13842773 0.83666992
vt 0.35107422 0.41674805
vt 0.87939453 0.80688477
vt 0.31323242 0.98339844
vt 0.37768555 0.51342773
vt 0.02221680 0.29443359
vt 0.24511719 0.19409180
vt 0.62011719 0.16430664
vt 0.97143555 0.39941406
vt 0.26245117 0.58276367
vt 0.03369141 0.97290039
vt 0.02343750 0.29589844
vt 0.26269531 0.58349609
vt 0.85009766 0.81518555
vt 0.02294922 0.29467773
vt 0.26831055 0.58227539
vt 0.71484375 0.28564453
vt 0.03247070 0.96997070
vt 0.77587891 0.68579102
vt 0.63647461 0.91552734
vt 0.64624023 0.89770508
vt 0.71313477 0.28637695
vt 0.98461914 0.81933594
vt 0.31079102 0.98559570
vt 0.52368164 0.75122070
vt 0.70996094 0.27294922
vt 0.21362305 0.56787109
vt 0.36865234 0.40283203
vt 0.99291992 0.41430664
vt 0.77392578 0.69970703
vt 0.26513672 0.58300781
vt 0.93652344 0.68652344
vt 0.99023438 0.54492188
vt 0.70434570 0.26635742
vt 0.15209961 0.83203125
vt 0.99291992 0.41357422
vt 0.92993164 0.96264648
vt 0.36572266 0.52075195
vt 0.97778320 0.73681641
vt 0.99389648 0.81469727
vt 0.24731445 0.57958984
vt 0.77880859 0.69824219
vt 0.77392578 0.70288086
vt 0.83276367 0.19921875
vt 0.05102539 0.68579102
vt 0.45312500 0.97534180
vt 0.02539062 0.32568359
vt 0.78735352 0.30102539
vt 0.77465820 0.70361328
vt 0.26953125 0.58276367
vt 0.31909180 0.82006836
vt 0.26904297 0.58203125
vt 0.78637695 0.30126953
vt 0.76245117 0.55468750
vt 0.60742188 0.05126953
vt 0.32910156 0.52343750
vt 0.77343750 0.71240234
vt 0.77343750 0.70800781
vt 0.78881836 0.45336914
vt 0.89184570 0.77246094
vt 0.11791992 0.77709961
vt 0.77294922 0.71044922
vt 0.60473633 0.98364258
vt 0.71484375 0.28662109
vt 0.99072266 0.81835938
vt 0.91625977 0.45532227
vt 0.77343750 0.71093750
vt 0.34985352 0.81469727
vt 0.26977539 0.58007812
vt 0.12500000 0.80053711
vt 0.24902344 0.57812500
vt 0.24780273 0.57910156
vt 0.52197266 0.75073242
vt 0.65820312 0.25708008
vt 0.52270508 0.75146484
vt 0.72094727 0.29052734
vt 0.98925781 0.54785156
vt 0.21289062 0.56665039
vt 0.24780273 0.57910156
vt 0.63769531 0.90771484
vt 0.84985352 0.81469727
vt 0.23461914 0.57739258
vt 0.33471680 0.46875000
vt 0.79394531 0.68872070
vt 0.53222656 0.85766602
vt 0.01342773 0.86938477
vt 0.10424805 0.00683594
vt 0.92675781 0.40747070
vt 0.26904297 0.58129883
vt 0.02758789 0.68945312
vt 0.21313477 0.56738281
vt 0.98486328 0.54370117
vt 0.64575195 0.89624023
vt 0.36889648 0.40112305
vt 0.70678711 0.26538086
vt 0.36767578 0.40234375
vt 0.92993164 0.40795898
vt 0.52050781 0.75048828
vt 0.31298828 0.98364258
vt 0.97753906 0.81396484
vt 0.23706055 0.57910156
vt 0.97705078 0.73852539
vt 0.82666016 0.40747070
vt 0.96557617 0.98852539
vt 0.22949219 0.57373047
vt 0.04638672 0.95068359
vt 0.79052734 0.71899414
vt 0.52026367 0.75073242
vt 0.24096680 0.57348633
vt 0.98632812 0.81958008
vt 0.02734375 0.68969727
vt 0.98657227 0.54370117
vt 0.51904297 0.75170898
vt 0.21289062 0.55883789
vt 0.36474609 0.81005859
vt 0.98339844 0.41333008
vt 0.96166992 0.98876953
vt 0.46752930 0.03027344
vt 0.98754883 0.54321289
vt 0.62207031 0.15087891
vt 0.89990234 0.69604492
vt 0.24414062 0.21191406
vt 0.99609375 0.95727539
vt 0.90063477 0.69555664
vt 0.98339844 0.41308594
vt 0.97680664 0.73706055
vt 0.77978516 0.97412109
vt 0.52514648 0.75341797
vt 0.96215820 0.98999023
vt 0.37573242 0.78979492
vt 0.35766602 0.94921875
vt 0.63940430 0.23803711
vt 0.45654297 0.96655273
vt 0.03930664 0.01000977
vt 0.34423828 0.39428711
vt 0.52172852 0.00927734
vt 0.35839844 0.39331055
vt 0.36474609 0.51684570
vt 0.32788086 0.52392578
vt 0.70776367 0.27148438
vt 0.89990234 0.69604492
vt 0.96240234 0.99023438
vt 0.51953125 0.75122070
vt 0.89306641 0.69604492
vt 0.33081055 0.81591797
vt 0.04687500 0.68969727
vt 0.35620117 0.95092773
vt 0.72070312 0.28710938
vt 0.52246094 0.00878906
vt 0.52416992 0.84692383
vt 0.96264648 0.98999023
vt 0.62109375 0.15209961
vt 0.32275391 0.81713867
vt 0.47753906 0.72949219
vt 0.53955078 0.84448242
vt 0.52075195 0.75219727
vt 0.96289062 0.98974609
vt 0.27490234 0.52441406
vt 0.52246094 0.00805664
vt 0.14526367 0.07739258
vt 0.46166992 0.96655273
vt 0.10449219 0.00561523
vt 0.81591797 0.43627930
vt 0.15258789 0.98315430
vt 0.86889648 0.81030273
vt 0.98608398 0.54296875
vt 0.99291992 0.68652344
vt 0.21997070 0.56665039
vt 0.62109375 0.15087891
vt 0.61645508 0.87841797
vt 0.96606445 0.98730469
vt 0.46118164 0.94970703
vt 0.21630859 0.97314453
vt 0.35693359 0.94897461
vt 0.60668945 0.97778320
vt 0.96215820 0.98925781
vt 0.04345703 0.95874023
vt 0.64404297 0.89111328
vt 0.20776367 0.55981445
vt 0.96264648 0.98925781
vt 0.62695312 0.93090820
vt 0.20800781 0.56005859
vt 0.22583008 0.56274414
vt 0.63769531 0.25170898
vt 0.21337891 0.52368164
vt 0.90307617 0.40551758
vt 0.32666016 0.81567383
vt 0.25952148 0.57592773
vt 0.79272461 0.44873047
vt 0.11987305 0.77197266
vt 0.98413086 0.54833984
vt 0.35595703 0.40844727
vt 0.99316406 0.68701172
vt 0.60717773 0.97827148
vt 0.69677734 0.24023438
vt 0.99145508 0.70361328
vt 0.35400391 0.95288086
vt 0.62060547 0.15014648
vt 0.36059570 0.39086914
vt 0.63159180 0.95239258
vt 0.52197266 0.00854492
vt 0.52416992 0.84741211
vt 0.62866211 0.92700195
vt 0.26049805 0.57568359
vt 0.09472656 0.11962891
vt 0.99121094 0.70214844
vt 0.12036133 0.77319336
vt 0.51782227 0.75170898
vt 0.64892578 0.25195312
vt 0.52099609 0.75683594
vt 0.86865234 0.80932617
vt 0.82690430 0.45141602
vt 0.13403320 0.73461914
vt 0.91650391 0.45825195
vt 0.39013672 0.79882812
vt 0.45629883 0.96484375
vt 0.83715820 0.98535156
vt 0.69628906 0.24145508
vt 0.63256836 0.24316406
vt 0.13964844 0.82812500
vt 0.71533203 0.28247070
vt 0.98217773 0.54223633
vt 0.86499023 0.79150391
vt 0.63354492 0.95263672
vt 0.99169922 0.68774414
vt 0.38598633 0.79907227
vt 0.25390625 0.57324219
vt 0.25170898 0.57226562
vt 0.99194336 0.68750000
vt 0.23974609 0.57861328
vt 0.63818359 0.91259766
vt 0.25341797 0.57299805
vt 0.24169922 0.21240234
vt 0.31762695 0.96142578
vt 0.78247070 0.96997070
vt 0.63037109 0.90185547
vt 0.97656250 0.73852539
vt 0.32910156 0.80517578
vt 0.69921875 0.24169922
vt 0.98046875 0.54443359
vt 0.64721680 0.25048828
vt 0.22094727 0.00732422
vt 0.04760742 0.00927734
vt 0.75463867 0.47363281
vt 0.69873047 0.24560547
vt 0.34228516 0.41040039
vt 0.36621094 0.51513672
vt 0.99560547 0.95751953
vt 0.92016602 0.29589844
vt 0.32031250 0.97143555
vt 0.04101562 0.00830078
vt 0.77636719 0.48046875
vt 0.98095703 0.54492188
vt 0.70849609 0.26708984
vt 0.71191406 0.26806641
vt 0.22216797 0.00854492
vt 0.69824219 0.24121094
vt 0.98046875 0.54589844
vt 0.13232422 0.74194336
vt 0.15209961 0.98291016
vt 0.31665039 0.96093750
vt 0.81420898 0.44995117
vt 0.98730469 0.84814453
vt 0.79858398 0.28979492
vt 0.14306641 0.83227539
vt 0.31958008 0.96191406
vt 0.81591797 0.44873047
vt 0.99389648 0.68725586
vt 0.32739258 0.97314453
vt 0.53930664 0.84570312
vt 0.34814453 0.96679688
vt 0.31298828 0.00195312
vt 0.77636719 0.29760742
vt 0.71069336 0.26928711
vt 0.23583984 0.55712891
vt 0.71264648 0.11035156
vt 0.78125000 0.97290039
vt 0.96435547 0.39331055
vt 0.48901367 0.74291992
vt 0.63842773 0.90698242
vt 0.64184570 0.89672852
vt 0.77685547 0.29711914
vt 0.29956055 0.55468750
vt 0.70434570 0.23876953
vt 0.85229492 0.80712891
vt 0.09790039 0.12402344
vt 0.69848633 0.24194336
vt 0.67285156 0.25390625
vt 0.67285156 0.25390625
vt 0.67163086 0.25341797
vt 0.63305664 0.24731445
vt 0.61035156 0.97875977
vt 0.51879883 0.75976562
vt 0.94140625 0.28466797
vt 0.31909180 0.96386719
vt 0.61743164 0.15014648
vt 0.22778320 0.56176758
vt 0.62963867 0.95214844
vt 0.00659180 0.22900391
vt 0.63940430 0.90087891
vt 0.93041992 0.40991211
vt 0.94897461 0.67797852
vt 0.62988281 0.89746094
vt 0.48974609 0.74169922
vt 0.93627930 0.39526367
vt 0.98193359 0.24682617
vt 0.63745117 0.90209961
vt 0.93481445 0.28857422
vt 0.34716797 0.96704102
vt 0.78247070 0.97216797
vt 0.21484375 0.55664062
vt 0.38818359 0.79565430
vt 0.21435547 0.55615234
vt 0.78271484 0.97192383
vt 0.94604492 0.28002930
vt 0.63476562 0.24707031
vt 0.32055664 0.97143555
vt 0.26123047 0.20751953
vt 0.63281250 0.24609375
vt 0.96484375 0.40087891
vt 0.22021484 0.52709961
vt 0.49023438 0.74414062
vt 0.49096680 0.74194336
vt 0.63891602 0.90112305
vt 0.53100586 0.87011719
vt 0.01098633 0.83789062
vt 0.63964844 0.89843750
vt 0.34667969 0.96655273
vt 0.63818359 0.90283203
vt 0.70263672 0.09912109
vt 0.35400391 0.80615234
vt 0.35424805 0.80468750
vt 0.15185547 0.83227539
vt 0.48950195 0.74218750
vt 0.71118164 0.26708984
vt 0.67480469 0.25219727
vt 0.63964844 0.89843750
vt 0.10229492 0.12329102
vt 0.32226562 0.97412109
vt 0.00634766 0.22851562
vt 0.21997070 0.96337891
vt 0.67797852 0.25097656
vt 0.34375000 0.97338867
vt 0.79394531 0.44750977
vt 0.48486328 0.74316406
vt 0.64013672 0.89428711
vt 0.04809570 0.00878906
vt 0.63891602 0.89843750
vt 0.91918945 0.28979492
vt 0.48901367 0.74291992
vt 0.91845703 0.37084961
vt 0.26074219 0.20703125
vt 0.20996094 0.95996094
vt 0.81713867 0.44702148
vt 0.04858398 0.00927734
vt 0.52514648 0.76049805
vt 0.35546875 0.80517578
vt 0.33569336 0.53076172
vt 0.96289062 0.30029297
vt 0.04785156 0.00903320
vt 0.52416992 0.76098633
vt 0.39599609 0.00756836
vt 0.27221680 0.56250000
vt 0.64013672 0.89379883
vt 0.63305664 0.24414062
vt 0.53149414 0.84838867
vt 0.17333984 0.24487305
vt 0.04809570 0.00903320
vt 0.63256836 0.89550781
vt 0.63769531 0.90112305
vt 0.92871094 0.28955078
vt 0.93432617 0.41064453
vt 0.92260742 0.28881836
vt 0.38574219 0.79199219
vt 0.36010742 0.80346680
vt 0.70214844 0.23828125
vt 0.53173828 0.84619141
vt 0.71240234 0.26733398
vt 0.33691406 0.53051758
vt 0.07519531 0.01416016
vt 0.28320312 0.56518555
vt 0.35571289 0.93579102
vt 0.07128906 0.03295898
vt 0.93334961 0.41088867
vt 0.78686523 0.43945312
vt 0.48559570 0.74658203
vt 0.71337891 0.26806641
vt 0.71704102 0.10009766
vt 0.70458984 0.24731445
vt 0.90136719 0.15771484
vt 0.71386719 0.23681641
vt 0.79443359 0.28906250
vt 0.81542969 0.44555664
vt 0.38037109 0.52636719
vt 0.93310547 0.41113281
vt 0.29418945 0.55419922
vt 0.05541992 0.07885742
vt 0.36279297 0.51977539
vt 0.70849609 0.25610352
vt 0.80444336 0.44531250
vt 0.52416992 0.76074219
vt 0.35253906 0.80371094
vt 0.21484375 0.96875000
vt 0.21704102 0.96948242
vt 0.81420898 0.44506836
vt 0.37939453 0.79541016
vt 0.62915039 0.24365234
vt 0.92602539 0.28955078
vt 0.92651367 0.29101562
vt 0.54248047 0.86938477
vt 0.53955078 0.86816406
vt 0.54003906 0.85302734
vt 0.06005859 0.06933594
vt 0.21679688 0.96972656
vt 0.54125977 0.86645508
vt 0.38012695 0.52758789
vt 0.01147461 0.83691406
vt 0.63037109 0.90502930
vt 0.80297852 0.01464844
vt 0.31323242 0.00244141
vt 0.21411133 0.98291016
vt 0.70898438 0.25561523
vt 0.71435547 0.10083008
vt 0.96997070 0.80126953
vt 0.53979492 0.85253906
vt 0.21240234 0.97753906
vt 0.35278320 0.93725586
vt 0.61547852 0.96899414
vt 0.52783203 0.76416016
vt 0.54028320 0.85205078
vt 0.56933594 0.31787109
vt 0.61425781 0.24169922
vt 0.97558594 0.80737305
vt 0.32812500 0.53344727
vt 0.52246094 0.76342773
vt 0.90698242 0.15625000
vt 0.70947266 0.25366211
vt 0.90405273 0.10668945
vt 0.34301758 0.96679688
vt 0.48901367 0.74707031
vt 0.47949219 0.02441406
vt 0.70947266 0.24340820
vt 0.71093750 0.25659180
vt 0.57080078 0.24023438
vt 0.62768555 0.90551758
vt 0.35253906 0.93676758
vt 0.11767578 0.74145508
vt 0.91625977 0.45996094
vt 0.77612305 0.44482422
vt 0.48925781 0.74487305
vt 0.21484375 0.97973633
vt 0.52197266 0.78076172
vt 0.37402344 0.52441406
vt 0.31884766 0.54174805
vt 0.70605469 0.23706055
vt 0.44189453 0.95263672
vt 0.82934570 0.98242188
vt 0.62841797 0.90429688
vt 0.48632812 0.71313477
vt 0.70410156 0.23828125
vt 0.48461914 0.74389648
vt 0.62963867 0.89965820
vt 0.93872070 0.27612305
vt 0.94921875 0.41406250
vt 0.21435547 0.97924805
vt 0.48901367 0.73193359
vt 0.86791992 0.79809570
vt 0.54028320 0.84716797
vt 0.91699219 0.46435547
vt 0.21459961 0.98071289
vt 0.21435547 0.97998047
vt 0.71679688 0.26635742
vt 0.34179688 0.96508789
vt 0.48901367 0.74682617
vt 0.48217773 0.02368164
vt 0.37451172 0.52587891
vt 0.67114258 0.23120117
vt 0.79223633 0.28588867
vt 0.32006836 0.53979492
vt 0.82910156 0.98168945
vt 0.17114258 0.24096680
vt 0.79199219 0.28588867
vt 0.91699219 0.45825195
vt 0.26733398 0.56469727
vt 0.31982422 0.53955078
vt 0.62792969 0.90307617
vt 0.94116211 0.27246094
vt 0.70556641 0.23876953
vt 0.21386719 0.97949219
vt 0.79248047 0.28540039
vt 0.31909180 0.54052734
vt 0.27075195 0.56494141
vt 0.21166992 0.97460938
vt 0.62744141 0.90258789
vt 0.37548828 0.78881836
vt 0.31152344 0.53833008
vt 0.31542969 0.54321289
vt 0.43457031 0.96655273
vt 0.92480469 0.26538086
vt 0.31420898 0.54467773
vt 0.29907227 0.54565430
vt 0.72192383 0.26049805
vt 0.48266602 0.02368164
vt 0.92407227 0.27465820
vt 0.31542969 0.54443359
vt 0.30664062 0.54663086
vt 0.09033203 0.08105469
vt 0.31640625 0.54296875
vt 0.51293945 0.76538086
vt 0.26098633 0.56079102
vt 0.29882812 0.54516602
vt 0.48706055 0.74658203
vt 0.64843750 0.23608398
vt 0.21240234 0.97705078
vt 0.56445312 0.27563477
vt 0.81689453 0.43554688
vt 0.27319336 0.54956055
vt 0.29663086 0.54003906
vt 0.31494141 0.54272461
vt 0.90063477 0.35229492
vt 0.27490234 0.55957031
vt 0.61669922 0.93847656
vt 0.89160156 0.77221680
vt 0.73974609 0.29907227
vt 0.35766602 0.52734375
vt 0.48876953 0.74780273
vt 0.57714844 0.24340820
vt 0.20703125 0.95825195
vt 0.27368164 0.56250000
vt 0.27246094 0.56103516
vt 0.94189453 0.40795898
vt 0.94091797 0.40820312
vt 0.33886719 0.96142578
vt 0.00830078 0.79736328
vt 0.78515625 0.00878906
vt 0.48535156 0.02319336
vt 0.72363281 0.26074219
vt 0.31860352 0.53320312
vt 0.48291016 0.74707031
vt 0.72045898 0.26367188
vt 0.86108398 0.79565430
vt 0.48925781 0.74951172
vt 0.87353516 0.93823242
vt 0.72045898 0.26220703
vt 0.67626953 0.22705078
vt 0.80419922 0.01293945
vt 0.13916016 0.00756836
vt 0.00634766 0.01953125
vt 0.30981445 0.54003906
vt 0.72729492 0.27001953
vt 0.48852539 0.02270508
vt 0.26879883 0.55688477
vt 0.48901367 0.02294922
vt 0.32885742 0.97241211
vt 0.38745117 0.58496094
vt 0.94165039 0.41674805
vt 0.38769531 0.59863281
vt 0.72583008 0.26684570
vt 0.27294922 0.55761719
vt 0.27221680 0.55761719
vt 0.28759766 0.54418945
vt 0.38745117 0.59790039
vt 0.96313477 0.42016602
vt 0.94409180 0.40722656
vt 0.50195312 0.72119141
vt 0.51538086 0.76708984
vt 0.07666016 0.41992188
vt 0.61474609 0.95434570
vt 0.55346680 0.25122070
vt 0.72802734 0.26269531
vt 0.28710938 0.54174805
vt 0.90820312 0.57788086
vt 0.78857422 0.00952148
vt 0.72558594 0.26489258
vt 0.31323242 0.53173828
vt 0.51733398 0.77026367
vt 0.48364258 0.75000000
vt 0.05322266 0.88183594
vt 0.05419922 0.88012695
vt 0.94555664 0.00073242
vt 0.52392578 0.77905273
vt 0.51538086 0.77124023
vt 0.38403320 0.60131836
vt 0.38476562 0.59887695
vt 0.05810547 0.88012695
vt 0.07495117 0.94262695
vt 0.46972656 0.76245117
vt 0.45483398 0.90966797
vt 0.00537109 0.02124023
vt 0.06152344 0.93774414
vt 0.37890625 0.54541016
vt 0.30639648 0.53613281
vt 0.45458984 0.91186523
vt 0.46899414 0.79980469
vt 0.43847656 0.74755859
vt 0.07641602 0.42187500
vt 0.72534180 0.25488281
vt 0.45458984 0.91040039
vt 0.43750000 0.74365234
vt 0.07788086 0.42089844
vt 0.08764648 0.42846680
vt 0.12475586 0.94628906
vt 0.76293945 0.27246094
vt 0.80346680 0.01562500
vt 0.88574219 0.57641602
vt 0.76879883 0.24218750
vt 0.06469727 0.93627930
vt 0.45141602 0.75170898
vt 0.24121094 0.54882812
vt 0.72753906 0.26000977
vt 0.28417969 0.53222656
vt 0.23583984 0.54565430
vt 0.28540039 0.53076172
vt 0.43945312 0.74584961
vt 0.88525391 0.57690430
vt 0.22778320 0.54028320
vt 0.50537109 0.76611328
vt 0.07739258 0.42431641
vt 0.49414062 0.75708008
vt 0.32812500 0.97363281
vt 0.36743164 0.53759766
vt 0.72753906 0.26123047
vt 0.45678711 0.91210938
vt 0.26904297 0.54418945
vt 0.07763672 0.42480469
vt 0.33935547 0.54931641
vt 0.93017578 0.26464844
vt 0.33959961 0.54785156
vt 0.11767578 0.93432617
vt 0.75146484 0.29785156
vt 0.93041992 0.26391602
vt 0.23901367 0.52539062
vt 0.12573242 0.92602539
vt 0.91796875 0.37670898
vt 0.21508789 0.52758789
vt 0.08227539 0.43945312
vt 0.79418945 0.01342773
vt 0.23754883 0.53515625
vt 0.23046875 0.53515625
vt 0.33935547 0.54931641
vt 0.72680664 0.25708008
vt 0.73779297 0.25708008
vt 0.92724609 0.26513672
vt 0.52343750 0.71289062
vt 0.05566406 0.91967773
vt 0.06542969 0.91992188
vt 0.24243164 0.54321289
vt 0.45117188 0.74633789
vt 0.74072266 0.47802734
vt 0.79443359 0.01391602
vt 0.74829102 0.29223633
vt 0.47216797 0.89746094
vt 0.22851562 0.53515625
vt 0.11547852 0.92016602
vt 0.06152344 0.41796875
vt 0.74902344 0.29125977
vt 0.06713867 0.45605469
vt 0.75317383 0.29687500
vt 0.23046875 0.53515625
vt 0.87377930 0.93896484
vt 0.07275391 0.44165039
vt 0.73730469 0.27319336
vt 0.21972656 0.52587891
vt 0.75415039 0.29711914
vt 0.93066406 0.04980469
vt 0.07421875 0.43530273
vt 0.47485352 0.75195312
vt 0.75952148 0.46362305
vt 0.23974609 0.53149414
vt 0.51049805 0.69897461
vt 0.27270508 0.53857422
vt 0.21704102 0.52636719
vt 0.86181641 0.96752930
vt 0.07592773 0.43164062
vt 0.44067383 0.74682617
vt 0.44067383 0.74682617
vt 0.09008789 0.07910156
vt 0.43457031 0.74707031
vt 0.37011719 0.54394531
vt 0.21191406 0.01660156
vt 0.07373047 0.43432617
vt 0.91674805 0.13769531
vt 0.23413086 0.52441406
vt 0.27319336 0.53686523
vt 0.43847656 0.74951172
vt 0.47509766 0.75268555
vt 0.79711914 0.01440430
vt 0.57885742 0.25537109
vt 0.85986328 0.96752930
vt 0.75415039 0.47509766
vt 0.72729492 0.25146484
vt 0.84155273 0.95483398
vt 0.35034180 0.56640625
vt 0.36938477 0.54418945
vt 0.24121094 0.53393555
vt 0.26953125 0.52294922
vt 0.44091797 0.74731445
vt 0.23999023 0.53466797
vt 0.51074219 0.78320312
vt 0.47387695 0.75341797
vt 0.27563477 0.52880859
vt 0.24487305 0.53051758
vt 0.44116211 0.74975586
vt 0.43774414 0.74804688
vt 0.75512695 0.48339844
vt 0.74511719 0.27978516
vt 0.27099609 0.53076172
vt 0.77050781 0.48046875
vt 0.08471680 0.43310547
vt 0.27807617 0.52734375
vt 0.27880859 0.52563477
vt 0.47607422 0.75463867
vt 0.46240234 0.75537109
vt 0.07446289 0.43847656
vt 0.08642578 0.42846680
vt 0.23217773 0.52490234
vt 0.57861328 0.25756836
vt 0.27514648 0.52758789
vt 0.48559570 0.00976562
vt 0.76123047 0.47314453
vt 0.75732422 0.47509766
vt 0.76171875 0.47436523
vt 0.76123047 0.47363281
vt 0.75610352 0.47338867
vt 0.75610352 0.47412109
vt 0.76098633 0.47485352
vt 0.47387695 0.75439453
vt 0.76782227 0.47631836
vt 0.74023438 0.27050781
vt 0.76049805 0.29638672
vt 0.46972656 0.93041992
vt 0.47656250 0.75537109
vt 0.35815430 0.54516602
vt 0.86987305 0.95019531
vt 0.47216797 0.92724609
vt 0.95068359 0.42431641
vt 0.84277344 0.95263672
vt 0.74072266 0.26953125
vt 0.23730469 0.52612305
vt 0.08691406 0.43286133
vt 0.07470703 0.43994141
vt 0.46923828 0.92993164
vt 0.08740234 0.43237305
vt 0.75805664 0.29370117
vt 0.24584961 0.52661133
vt 0.74023438 0.26977539
vt 0.24096680 0.52734375
vt 0.48779297 0.01025391
vt 0.75805664 0.29370117
vt 0.96240234 0.42065430
vt 0.47241211 0.75512695
vt 0.74072266 0.26953125
vt 0.48242188 0.01074219
vt 0.12939453 0.45458984
vt 0.08203125 0.08837891
vt 0.50830078 0.71972656
vt 0.55029297 0.26513672
vt 0.91870117 0.13256836
vt 0.37475586 0.57568359
vt 0.24511719 0.52807617
vt 0.74072266 0.26953125
vt 0.24462891 0.52783203
vt 0.47094727 0.92968750
vt 0.37524414 0.57348633
vt 0.24511719 0.52661133
vt 0.94921875 0.08959961
vt 0.47143555 0.90380859
vt 0.27465820 0.52392578
vt 0.48730469 0.89672852
vt 0.47509766 0.90087891
vt 0.25854492 0.52539062
vt 0.07348633 0.44311523
vt 0.19506836 0.03100586
vt 0.08740234 0.43237305
vt 0.24536133 0.52709961
vt 0.12719727 0.45971680
vt 0.12866211 0.45483398
vt 0.37426758 0.57519531
vt 0.24389648 0.52612305
vt 0.12890625 0.92651367
vt 0.77441406 0.48339844
vt 0.47216797 0.92724609
vt 0.37451172 0.57324219
vt 0.94873047 0.08789062
vt 0.47534180 0.93481445
vt 0.10278320 0.43920898
vt 0.25903320 0.52514648
vt 0.86157227 0.93261719
vt 0.47778320 0.91455078
vt 0.09716797 0.06713867
vt 0.86157227 0.93286133
vt 0.76904297 0.49536133
vt 0.45849609 0.79760742
vt 0.48632812 0.01000977
vt 0.72607422 0.20825195
vt 0.08813477 0.08276367
vt 0.11694336 0.45263672
vt 0.58300781 0.26391602
vt 0.48535156 0.01123047
vt 0.74633789 0.17700195
vt 0.26123047 0.52587891
vt 0.36230469 0.55395508
vt 0.27856445 0.98095703
vt 0.51293945 0.72265625
vt 0.51293945 0.72192383
vt 0.49682617 0.89428711
vt 0.08251953 0.43994141
vt 0.08886719 0.08227539
vt 0.18017578 0.04248047
vt 0.74951172 0.27075195
vt 0.08178711 0.44189453
vt 0.19970703 0.01757812
vt 0.74658203 0.27148438
vt 0.42822266 0.76000977
vt 0.51416016 0.71362305
vt 0.07885742 0.44946289
vt 0.74731445 0.27197266
vt 0.12744141 0.46093750
vt 0.27490234 0.97949219
vt 0.48608398 0.93041992
vt 0.12524414 0.46044922
vt 0.36206055 0.56640625
vt 0.07836914 0.45898438
vt 0.51245117 0.72314453
vt 0.74853516 0.27124023
vt 0.48144531 0.92089844
vt 0.10424805 0.47607422
vt 0.47753906 0.90747070
vt 0.36157227 0.56567383
vt 0.51269531 0.72216797
vt 0.95678711 0.42871094
vt 0.10327148 0.44799805
vt 0.48510742 0.93041992
vt 0.36132812 0.56616211
vt 0.12133789 0.45874023
vt 0.12475586 0.46337891
vt 0.12548828 0.46215820
vt 0.47924805 0.90600586
vt 0.48413086 0.92895508
vt 0.07153320 0.45458984
vt 0.35913086 0.60961914
vt 0.48388672 0.92480469
vt 0.07177734 0.45532227
vt 0.74975586 0.27197266
vt 0.44091797 0.80273438
vt 0.75415039 0.27392578
vt 0.75439453 0.25708008
vt 0.34643555 0.60937500
vt 0.52221680 0.72631836
vt 0.39160156 0.97338867
vt 0.51806641 0.71752930
vt 0.55761719 0.26855469
vt 0.20190430 0.01635742
vt 0.39257812 0.97412109
vt 0.43432617 0.75878906
vt 0.20019531 0.01416016
vt 0.48950195 0.92651367
vt 0.45336914 0.77539062
vt 0.07470703 0.45654297
vt 0.07421875 0.45898438
vt 0.50756836 0.90429688
vt 0.07348633 0.45751953
vt 0.35644531 0.61206055
vt 0.00805664 0.39624023
vt 0.49145508 0.78930664
vt 0.76245117 0.28198242
vt 0.43017578 0.76782227
vt 0.42114258 0.79248047
vt 0.33642578 0.61938477
vt 0.74536133 0.26098633
vt 0.35546875 0.61010742
vt 0.45214844 0.79541016
vt 0.35571289 0.61279297
vt 0.76538086 0.28491211
vt 0.42260742 0.79272461
vt 0.35546875 0.61010742
vt 0.42187500 0.79321289
vt 0.75341797 0.25170898
vt 0.76708984 0.25854492
vt 0.08251953 0.45703125
vt 0.73681641 0.24096680
vt 0.49047852 0.90673828
vt 0.53417969 0.70800781
vt 0.20043945 0.01538086
vt 0.49316406 0.90283203
vt 0.42651367 0.79394531
vt 0.19799805 0.02075195
vt 0.44995117 0.75903320
vt 0.46972656 0.76245117
vt 0.49023438 0.90966797
vt 0.86865234 0.93847656
vt 0.52050781 0.72167969
vt 0.50415039 0.89282227
vt 0.90405273 0.10766602
vt 0.10278320 0.45507812
vt 0.52954102 0.70825195
vt 0.95043945 0.03247070
vt 0.88891602 0.00561523
vt 0.52465820 0.72753906
vt 0.50854492 0.90820312
vt 0.95141602 0.03540039
vt 0.33984375 0.59887695
vt 0.76000977 0.27001953
vt 0.95825195 0.02954102
vt 0.88769531 0.00488281
vt 0.42749023 0.79760742
vt 0.95629883 0.03808594
vt 0.95532227 0.03540039
vt 0.43725586 0.76269531
vt 0.96630859 0.03222656
vt 0.96923828 0.03271484
vt 0.43041992 0.79736328
vt 0.43188477 0.79736328
vt 0.68896484 0.17382812
vt 0.95532227 0.03491211
vt 0.50097656 0.91625977
vt 0.95996094 0.03271484
vt 0.95629883 0.03320312
vt 0.76806641 0.27685547
vt 0.76000977 0.27001953
vt 0.65625000 0.97729492
vt 0.95874023 0.03344727
vt 0.76049805 0.27075195
vt 0.76000977 0.26904297
vt 0.43847656 0.76367188
vt 0.53686523 0.71069336
vt 0.50195312 0.91455078
vt 0.43066406 0.79956055
vt 0.42944336 0.80004883
vt 0.97875977 0.04492188
vt 0.75976562 0.26904297
vt 0.43359375 0.80615234
vt 0.95971680 0.03051758
vt 0.95874023 0.03466797
vt 0.95971680 0.03002930
vt 0.44555664 0.76269531
vt 0.34033203 0.61645508
vt 0.51806641 0.90332031
vt 0.50170898 0.90966797
vt 0.33129883 0.60522461
vt 0.53466797 0.70947266
vt 0.67333984 0.97412109
vt 0.47485352 0.78491211
vt 0.66796875 0.96142578
vt 0.56884766 0.27172852
vt 0.66552734 0.96215820
vt 0.52514648 0.91015625
vt 0.97729492 0.03808594
vt 0.47436523 0.78417969
vt 0.32568359 0.60913086
vt 0.96899414 0.03076172
vt 0.96826172 0.03125000
vt 0.57080078 0.31274414
vt 0.97021484 0.03588867
vt 0.97680664 0.90380859
vt 0.55908203 0.73022461
vt 0.50390625 0.89477539
vt 0.51708984 0.90722656
vt 0.50927734 0.90991211
vt 0.75903320 0.26049805
vt 0.32543945 0.60864258
vt 0.50390625 0.89477539
vt 0.91845703 0.10937500
vt 0.32739258 0.61206055
vt 0.52001953 0.88012695
vt 0.97607422 0.03637695
vt 0.20019531 0.22363281
vt 0.66650391 0.98120117
vt 0.32763672 0.60961914
vt 0.75366211 0.23950195
vt 0.52539062 0.88525391
vt 0.45141602 0.77465820
vt 0.90454102 0.11108398
vt 0.66333008 0.97875977
vt 0.00854492 0.73364258
vt 0.90478516 0.11083984
vt 0.32666016 0.61230469
vt 0.32519531 0.60815430
vt 0.68872070 0.17456055
vt 0.90478516 0.11010742
vt 0.00830078 0.73364258
vt 0.32568359 0.61206055
vt 0.65600586 0.98046875
vt 0.56811523 0.29858398
vt 0.65478516 0.97729492
vt 0.00854492 0.73413086
vt 0.32519531 0.61010742
vt 0.32568359 0.60986328
vt 0.32519531 0.60546875
vt 0.55908203 0.72802734
vt 0.65820312 0.97949219
vt 0.05639648 0.52001953
vt 0.52539062 0.88110352
vt 0.21752930 0.21411133
vt 0.92016602 0.10766602
vt 0.55615234 0.72290039
vt 0.05297852 0.52075195
vt 0.52636719 0.88134766
vt 0.76562500 0.24194336
vt 0.70874023 0.16137695
vt 0.76928711 0.24414062
vt 0.21020508 0.21093750
vt 0.72387695 0.16210938
vt 0.06884766 0.51806641
vt 0.72241211 0.16162109
vt 0.76977539 0.24218750
vt 0.97680664 0.90429688
vt 0.05200195 0.51757812
vt 0.05200195 0.48974609
vt 0.52050781 0.08251953
vt 0.52001953 0.08325195
vt 0.94750977 0.82714844
vt 0.96826172 0.84228516
vt 0.96508789 0.84155273
vt 0.95971680 0.81005859
vt 0.05175781 0.48999023
vt 0.56738281 0.31738281
vt 0.56762695 0.31762695
vt 0.97021484 0.84765625
vt 0.96093750 0.82080078
vt 0.49365234 0.06689453
vt 0.49389648 0.06762695
vt 0.97216797 0.82006836
vt 0.48071289 0.08056641
vt 0.48120117 0.08032227
vt 0.48339844 0.07348633
vt 0.48291016 0.07250977
vt 0.48315430 0.07348633
vt 0.97705078 0.82714844
vt 0.97680664 0.82714844
f 5234/5234 5111/5111 5176/5176
f 336/336 6537/6537 591/591
f 166/166 218/218 163/163
f 382/382 336/336 591/591
f 6537/6537 336/336 517/517
f 137/137 95/95 161/161
f 445/445 521/521 336/336
f 382/382 445/445 336/336
f 521/521 445/445 382/382
f 591/591 542/542 382/382
f 1464/1464 1313/1313 270/270
f 1270/1270 1301/1301 1283/1283
f 879/879 270/270 614/614
f 879/879 875/875 857/857
f 825/825 857/857 875/875
f 825/825 879/879 857/857
f 825/825 270/270 879/879
f 6442/6442 270/270 825/825
f 614/614 6442/6442 825/825
f 879/879 614/614 825/825
f 263/263 316/316 355/355
f 322/322 363/363 349/349
f 4954/4954 614/614 1313/1313
f 151/151 176/176 171/171
f 153/153 172/172 168/168
f 506/506 494/494 474/474
f 930/930 1003/1003 991/991
f 663/663 1464/1464 270/270
f 6442/6442 5539/5539 270/270
f 5151/5151 5087/5087 5137/5137
f 6442/6442 4987/4987 5539/5539
f 5112/5112 5067/5067 5101/5101
f 185/185 134/134 150/150
f 1607/1607 5775/5775 517/517
f 1384/1384 1397/1397 1431/1431
f 270/270 5539/5539 663/663
f 4987/4987 663/663 5539/5539
f 154/154 191/191 202/202
f 205/205 201/201 240/240
f 4943/4943 35/35 4894/4894
f 614/614 4954/4954 6442/6442
f 5051/5051 5118/5118 5168/5168
f 5190/5190 5172/5172 5072/5072
f 4914/4914 4918/4918 4963/4963
f 5903/5903 5971/5971 5952/5952
f 5147/5147 5221/5221 5123/5123
f 5600/5600 5633/5633 5591/5591
f 5762/5762 5794/5794 5800/5800
f 5775/5775 6683/6683 517/517
f 5824/5824 5828/5828 6012/6012
f 5839/5839 5828/5828 5824/5824
f 6012/6012 5828/5828 5839/5839
f 6012/6012 6621/6621 6600/6600
f 517/517 6683/6683 6537/6537
f 6200/6200 6205/6205 6145/6145
f 1513/1513 1313/1313 1464/1464
f 6530/6530 6012/6012 6600/6600
f 6621/6621 6530/6530 6600/6600
f 5580/5580 5631/5631 5606/5606
f 1052/1052 1013/1013 989/989
f 1106/1106 1151/1151 1091/1091
f 270/270 1313/1313 614/614
f 1248/1248 1313/1313 1300/1300
f 1306/1306 1300/1300 1312/1312
f 1315/1315 1306/1306 1312/1312
f 1315/1315 1300/1300 1306/1306
f 1297/1297 1313/1313 1513/1513
f 1595/1595 1300/1300 1313/1313
f 1248/1248 1300/1300 1595/1595
f 1297/1297 637/637 1595/1595
f 831/831 813/813 829/829
f 1289/1289 1218/1218 1314/1314
f 1357/1357 1289/1289 1314/1314
f 1218/1218 1289/1289 1357/1357
f 1966/1966 1218/1218 1265/1265
f 1357/1357 1218/1218 1966/1966
f 1357/1357 1966/1966 233/233
f 1218/1218 1357/1357 233/233
f 1218/1218 233/233 1265/1265
f 1034/1034 1070/1070 1078/1078
f 534/534 483/483 470/470
f 336/336 542/542 517/517
f 1607/1607 542/542 591/591
f 1607/1607 517/517 542/542
f 990/990 26/26 1030/1030
f 1030/1030 26/26 5566/5566
f 179/179 193/193 4866/4866
f 278/278 179/179 249/249
f 254/254 249/249 179/179
f 278/278 249/249 254/254
f 348/348 193/193 278/278
f 233/233 179/179 4866/4866
f 348/348 278/278 179/179
f 308/308 193/193 348/348
f 193/193 179/179 278/278
f 179/179 233/233 348/348
f 4887/4887 4928/4928 5/5
f 15/15 4928/4928 4887/4887
f 5/5 15/15 4887/4887
f 1030/1030 4969/4969 4928/4928
f 4928/4928 4957/4957 1030/1030
f 4957/4957 5086/5086 1030/1030
f 4957/4957 4969/4969 5086/5086
f 4969/4969 4957/4957 4928/4928
f 5554/5554 5544/5544 5537/5537
f 5599/5599 5566/5566 5658/5658
f 5658/5658 5566/5566 26/26
f 5658/5658 5663/5663 5599/5599
f 5594/5594 5599/5599 5663/5663
f 5594/5594 5050/5050 5599/5599
f 5050/5050 5594/5594 5658/5658
f 5594/5594 5593/5593 5658/5658
f 5602/5602 5594/5594 5617/5617
f 5593/5593 5594/5594 5602/5602
f 5617/5617 5593/5593 5602/5602
f 5593/5593 5663/5663 5658/5658
f 5320/5320 6442/6442 4954/4954
f 4965/4965 4989/4989 4954/4954
f 4921/4921 4989/4989 4965/4965
f 5320/5320 5071/5071 5227/5227
f 4954/4954 5227/5227 5071/5071
f 4954/4954 4921/4921 4965/4965
f 5207/5207 5139/5139 5183/5183
f 5773/5773 5807/5807 5810/5810
f 5822/5822 6442/6442 5632/5632
f 5915/5915 5822/5822 5632/5632
f 5879/5879 5822/5822 5915/5915
f 5906/5906 5822/5822 5879/5879
f 5915/5915 5906/5906 5879/5879
f 6442/6442 5822/5822 5915/5915
f 6094/6094 6442/6442 5915/5915
f 5320/5320 5632/5632 6442/6442
f 630/630 1265/1265 233/233
f 5641/5641 5623/5623 5557/5557
f 5527/5527 5536/5536 5461/5461
f 4954/4954 5320/5320 5227/5227
f 5127/5127 5236/5236 5169/5169
f 1313/1313 5632/5632 4954/4954
f 5632/5632 5320/5320 4954/4954
f 6334/6334 4987/4987 6442/6442
f 6685/6685 4987/4987 6334/6334
f 6685/6685 6334/6334 6699/6699
f 5634/5634 5735/5735 5679/5679
f 5742/5742 5629/5629 5715/5715
f 5076/5076 769/769 630/630
f 1159/1159 630/630 769/769
f 5497/5497 5507/5507 1159/1159
f 5473/5473 5507/5507 5497/5497
f 1159/1159 5473/5473 5497/5497
f 1159/1159 769/769 5473/5473
f 5448/5448 5473/5473 769/769
f 5566/5566 5599/5599 1030/1030
f 2279/2279 630/630 1159/1159
f 1255/1255 1267/1267 1271/1271
f 1407/1407 1606/1606 630/630
f 1606/1606 1407/1407 1656/1656
f 1664/1664 1640/1640 1656/1656
f 1606/1606 1656/1656 1640/1640
f 1664/1664 1606/1606 1640/1640
f 1787/1787 1816/1816 1800/1800
f 1818/1818 1816/1816 1787/1787
f 1800/1800 1818/1818 1787/1787
f 1886/1886 1407/1407 1800/1800
f 1265/1265 1407/1407 1886/1886
f 1761/1761 1656/1656 1407/1407
f 1265/1265 1761/1761 1407/1407
f 1992/1992 1265/1265 1886/1886
f 1886/1886 1884/1884 1992/1992
f 1884/1884 1886/1886 1876/1876
f 1864/1864 1876/1876 1886/1886
f 1884/1884 1876/1876 1864/1864
f 1992/1992 1884/1884 1818/1818
f 1992/1992 2235/2235 1265/1265
f 308/308 1265/1265 2235/2235
f 1966/1966 1265/1265 308/308
f 1077/1077 1102/1102 1063/1063
f 1080/1080 1077/1077 1063/1063
f 1102/1102 1077/1077 1080/1080
f 1102/1102 1206/1206 990/990
f 1100/1100 1206/1206 1102/1102
f 1100/1100 1080/1080 1094/1094
f 1095/1095 1094/1094 1080/1080
f 1100/1100 1094/1094 1095/1095
f 1102/1102 990/990 1095/1095
f 1095/1095 556/556 1022/1022
f 556/556 1095/1095 990/990
f 1022/1022 556/556 1206/1206
f 1206/1206 556/556 1841/1841
f 1099/1099 1022/1022 1117/1117
f 1100/1100 1117/1117 1022/1022
f 1206/1206 1100/1100 1022/1022
f 1099/1099 1117/1117 1100/1100
f 1113/1113 1085/1085 1121/1121
f 1113/1113 1121/1121 1100/1100
f 1100/1100 1085/1085 1113/1113
f 1103/1103 1100/1100 1105/1105
f 1086/1086 1105/1105 1100/1100
f 1103/1103 1105/1105 1086/1086
f 308/308 343/343 193/193
f 304/304 305/305 343/343
f 5448/5448 193/193 343/343
f 5448/5448 305/305 304/304
f 5448/5448 343/343 305/305
f 371/371 393/393 5448/5448
f 404/404 5448/5448 393/393
f 404/404 393/393 371/371
f 1966/1966 308/308 348/348
f 1407/1407 630/630 2279/2279
f 5601/5601 5677/5677 5643/5643
f 6087/6087 591/591 6239/6239
f 5620/5620 5686/5686 5676/5676
f 1607/1607 591/591 6087/6087
f 5289/5289 6087/6087 5370/5370
f 5371/5371 5370/5370 5472/5472
f 5569/5569 5370/5370 6087/6087
f 5472/5472 5370/5370 5569/5569
f 204/204 6394/6394 4998/4998
f 5105/5105 4998/4998 6394/6394
f 4974/4974 4998/4998 5069/5069
f 5069/5069 4998/4998 5105/5105
f 4974/4974 5069/5069 5105/5105
f 5020/5020 5006/5006 4974/4974
f 4973/4973 4974/4974 5006/5006
f 5020/5020 4973/4973 5006/5006
f 4939/4939 4974/4974 4973/4973
f 6394/6394 204/204 5289/5289
f 5569/5569 5371/5371 5472/5472
f 5569/5569 6394/6394 5289/5289
f 5289/5289 204/204 1607/1607
f 5289/5289 1607/1607 6087/6087
f 6334/6334 6442/6442 6094/6094
f 6196/6196 6272/6272 6184/6184
f 5918/5918 5963/5963 5947/5947
f 5632/5632 6578/6578 6094/6094
f 5063/5063 5133/5133 5152/5152
f 1265/1265 630/630 1761/1761
f 630/630 1606/1606 1761/1761
f 1139/1139 1134/1134 1191/1191
f 233/233 1966/1966 348/348
f 5145/5145 5076/5076 630/630
f 5145/5145 630/630 4866/4866
f 5100/5100 5129/5129 5145/5145
f 5076/5076 5100/5100 5145/5145
f 5129/5129 5100/5100 5076/5076
f 4866/4866 5076/5076 5145/5145
f 769/769 5076/5076 4866/4866
f 5705/5705 5673/5673 5714/5714
f 6239/6239 591/591 6537/6537
f 6284/6284 6087/6087 6239/6239
f 6284/6284 6394/6394 6087/6087
f 6186/6186 6267/6267 6265/6265
f 552/552 204/204 4920/4920
f 4940/4940 4973/4973 4920/4920
f 4939/4939 4973/4973 4940/4940
f 4920/4920 4939/4939 4940/4940
f 5105/5105 552/552 4920/4920
f 204/204 4939/4939 4920/4920
f 4998/4998 4939/4939 204/204
f 552/552 1345/1345 1339/1339
f 1030/1030 5086/5086 990/990
f 6239/6239 6537/6537 6683/6683
f 6540/6540 6546/6546 6717/6717
f 6492/6492 6546/6546 6540/6540
f 6717/6717 6492/6492 6540/6540
f 6494/6494 6469/6469 6493/6493
f 6452/6452 6493/6493 6469/6469
f 6452/6452 6469/6469 6494/6494
f 6452/6452 6717/6717 6681/6681
f 6336/6336 6681/6681 6717/6717
f 575/575 675/675 1248/1248
f 706/706 807/807 575/575
f 675/675 807/807 706/706
f 675/675 706/706 575/575
f 675/675 5632/5632 1248/1248
f 575/575 5632/5632 675/675
f 575/575 1248/1248 403/403
f 575/575 403/403 5632/5632
f 1248/1248 637/637 403/403
f 6606/6606 6094/6094 6536/6536
f 6568/6568 6535/6535 6544/6544
f 6579/6579 6536/6536 6606/6606
f 6561/6561 6579/6579 6606/6606
f 6536/6536 6579/6579 6561/6561
f 6094/6094 6699/6699 6536/6536
f 6606/6606 6536/6536 6699/6699
f 6094/6094 6606/6606 6334/6334
f 6699/6699 6334/6334 6606/6606
f 1030/1030 5599/5599 4969/4969
f 1313/1313 1248/1248 5632/5632
f 4969/4969 5599/5599 5086/5086
f 630/630 233/233 4866/4866
f 6581/6581 6583/6583 6563/6563
f 6578/6578 6699/6699 6094/6094
f 1236/1236 1274/1274 1253/1253
f 6578/6578 5632/5632 403/403
f 6094/6094 5915/5915 5632/5632
f 5700/5700 5734/5734 5727/5727
f 1297/1297 1595/1595 1313/1313
f 1800/1800 1407/1407 1818/1818
f 1407/1407 1992/1992 1818/1818
f 983/983 26/26 990/990
f 1339/1339 5775/5775 1607/1607
f 1339/1339 1607/1607 689/689
f 618/618 1339/1339 689/689
f 618/618 689/689 585/585
f 576/576 618/618 585/585
f 618/618 552/552 1339/1339
f 451/451 552/552 618/618
f 585/585 557/557 576/576
f 689/689 557/557 585/585
f 1607/1607 451/451 689/689
f 552/552 451/451 1607/1607
f 552/552 1607/1607 204/204
f 705/705 693/693 903/903
f 903/903 948/948 705/705
f 804/804 693/693 948/948
f 693/693 705/705 948/948
f 1529/1529 2025/2025 903/903
f 5222/5222 5213/5213 5268/5268
f 5671/5671 5599/5599 5050/5050
f 5599/5599 5805/5805 5086/5086
f 2346/2346 2508/2508 2361/2361
f 2025/2025 2361/2361 2508/2508
f 2296/2296 2550/2550 2508/2508
f 2346/2346 2347/2347 2508/2508
f 2347/2347 2296/2296 2508/2508
f 2316/2316 2330/2330 2346/2346
f 2316/2316 2296/2296 2330/2330
f 2296/2296 2316/2316 2346/2346
f 2161/2161 2296/2296 2346/2346
f 2361/2361 2161/2161 2346/2346
f 2550/2550 2296/2296 2161/2161
f 4866/4866 193/193 769/769
f 2235/2235 1229/1229 1942/1942
f 637/637 1248/1248 1595/1595
f 637/637 273/273 403/403
f 275/275 251/251 283/283
f 274/274 282/282 273/273
f 403/403 273/273 6578/6578
f 2508/2508 903/903 2025/2025
f 2140/2140 2361/2361 2025/2025
f 2161/2161 2361/2361 2140/2140
f 5332/5332 5050/5050 5658/5658
f 5273/5273 5050/5050 5332/5332
f 5257/5257 5332/5332 5292/5292
f 5273/5273 5292/5292 5332/5332
f 5257/5257 5292/5292 5273/5273
f 5658/5658 5273/5273 5332/5332
f 5658/5658 4878/4878 5273/5273
f 26/26 4878/4878 5658/5658
f 5273/5273 4878/4878 5050/5050
f 6413/6413 6445/6445 6396/6396
f 6337/6337 6365/6365 6388/6388
f 6681/6681 6336/6336 6423/6423
f 6523/6523 6495/6495 6423/6423
f 6452/6452 6681/6681 6423/6423
f 6523/6523 6569/6569 6495/6495
f 6423/6423 6569/6569 6523/6523
f 1345/1345 5775/5775 1339/1339
f 2279/2279 1229/1229 1407/1407
f 5448/5448 769/769 193/193
f 1407/1407 2235/2235 1992/1992
f 1229/1229 2235/2235 1407/1407
f 884/884 895/895 899/899
f 903/903 2508/2508 948/948
f 345/345 5026/5026 842/842
f 310/310 842/842 5026/5026
f 310/310 5026/5026 228/228
f 4878/4878 5603/5603 5050/5050
f 1637/1637 1689/1689 1518/1518
f 2049/2049 1518/1518 2065/2065
f 2060/2060 2049/2049 2065/2065
f 1518/1518 2060/2060 2065/2065
f 1689/1689 2060/2060 1518/1518
f 2104/2104 2060/2060 1689/1689
f 26/26 983/983 1841/1841
f 2279/2279 1942/1942 1229/1229
f 5026/5026 345/345 4967/4967
f 5117/5117 5519/5519 5026/5026
f 4967/4967 5117/5117 5026/5026
f 4981/4981 5060/5060 5117/5117
f 4967/4967 4981/4981 5117/5117
f 4967/4967 5060/5060 4981/4981
f 4967/4967 345/345 5519/5519
f 4967/4967 5519/5519 5117/5117
f 5423/5423 5420/5420 5441/5441
f 5001/5001 5420/5420 5423/5423
f 5001/5001 5423/5423 5441/5441
f 5378/5378 5001/5001 5441/5441
f 5336/5336 5378/5378 5441/5441
f 5001/5001 5378/5378 5336/5336
f 5001/5001 5519/5519 5420/5420
f 5026/5026 5001/5001 228/228
f 5519/5519 5001/5001 5026/5026
f 69/69 3/3 345/345
f 69/69 5545/5545 3/3
f 54/54 345/345 90/90
f 3/3 90/90 345/345
f 74/74 90/90 91/91
f 74/74 91/91 54/54
f 90/90 74/74 54/54
f 54/54 90/90 3/3
f 5519/5519 54/54 3/3
f 5519/5519 345/345 54/54
f 925/925 345/345 842/842
f 872/872 69/69 345/345
f 925/925 872/872 345/345
f 69/69 872/872 925/925
f 2550/2550 901/901 747/747
f 2140/2140 2386/2386 2550/2550
f 2161/2161 2140/2140 2550/2550
f 1841/1841 983/983 990/990
f 4962/4962 4878/4878 26/26
f 5603/5603 4878/4878 4962/4962
f 4962/4962 5024/5024 5002/5002
f 5603/5603 4962/4962 5002/5002
f 5024/5024 5603/5603 5002/5002
f 637/637 6578/6578 273/273
f 637/637 1297/1297 1195/1195
f 5569/5569 6087/6087 6394/6394
f 5105/5105 6394/6394 552/552
f 1345/1345 552/552 6394/6394
f 3087/3087 3430/3430 3277/3277
f 3087/3087 4060/4060 3430/3430
f 4182/4182 4269/4269 4251/4251
f 4082/4082 4269/4269 4182/4182
f 4216/4216 4182/4182 4251/4251
f 4229/4229 4182/4182 4216/4216
f 4229/4229 4216/4216 4251/4251
f 4474/4474 4251/4251 4269/4269
f 4324/4324 4251/4251 4474/4474
f 6578/6578 637/637 5030/5030
f 6578/6578 5030/5030 4948/4948
f 5610/5610 5550/5550 5571/5571
f 6578/6578 4948/4948 6685/6685
f 6685/6685 6699/6699 6578/6578
f 2967/2967 4269/4269 4082/4082
f 4339/4339 4353/4353 4346/4346
f 4512/4512 4575/4575 4607/4607
f 4324/4324 4512/4512 4607/4607
f 4474/4474 4512/4512 4324/4324
f 4504/4504 4499/4499 4508/4508
f 2463/2463 2433/2433 2447/2447
f 1828/1828 1637/1637 1518/1518
f 1819/1819 1637/1637 1828/1828
f 804/804 822/822 693/693
f 798/798 822/822 794/794
f 804/804 798/798 794/794
f 804/804 822/822 798/798
f 754/754 783/783 775/775
f 4335/4335 4337/4337 4343/4343
f 2388/2388 3002/3002 2332/2332
f 2562/2562 2388/2388 2332/2332
f 791/791 639/639 751/751
f 790/790 791/791 803/803
f 828/828 803/803 791/791
f 790/790 803/803 828/828
f 693/693 639/639 791/791
f 693/693 791/791 828/828
f 828/828 751/751 693/693
f 791/791 751/751 828/828
f 4060/4060 3087/3087 3277/3277
f 3312/3312 3277/3277 3369/3369
f 3430/3430 3369/3369 3277/3277
f 3164/3164 3312/3312 3430/3430
f 3277/3277 3312/3312 3164/3164
f 3369/3369 3336/3336 3312/3312
f 3313/3313 3336/3336 3369/3369
f 3312/3312 3336/3336 3313/3313
f 3369/3369 3430/3430 3312/3312
f 3663/3663 3632/3632 3680/3680
f 1941/1941 1819/1819 1828/1828
f 1990/1990 1941/1941 1828/1828
f 1819/1819 1941/1941 1990/1990
f 1819/1819 1828/1828 2149/2149
f 1819/1819 2149/2149 1637/1637
f 1637/1637 2149/2149 1689/1689
f 903/903 1035/1035 1529/1529
f 2149/2149 1828/1828 2485/2485
f 1529/1529 763/763 594/594
f 698/698 594/594 763/763
f 3259/3259 3002/3002 2388/2388
f 3124/3124 3318/3318 3071/3071
f 990/990 5086/5086 556/556
f 1035/1035 763/763 1529/1529
f 698/698 763/763 1035/1035
f 735/735 741/741 698/698
f 735/735 698/698 708/708
f 1035/1035 708/708 698/698
f 708/708 741/741 735/735
f 594/594 708/708 1035/1035
f 594/594 698/698 708/708
f 2345/2345 2279/2279 2310/2310
f 2321/2321 2345/2345 2310/2310
f 1942/1942 2279/2279 2235/2235
f 2321/2321 2310/2310 2279/2279
f 4060/4060 3164/3164 3430/3430
f 656/656 541/541 644/644
f 1195/1195 5030/5030 637/637
f 5030/5030 1195/1195 897/897
f 303/303 367/367 319/319
f 4994/4994 303/303 319/319
f 4994/4994 367/367 303/303
f 5805/5805 5803/5803 5804/5804
f 5808/5808 5804/5804 5803/5803
f 5808/5808 5805/5805 5804/5804
f 5808/5808 5086/5086 5805/5805
f 5671/5671 5086/5086 5808/5808
f 5599/5599 5671/5671 5808/5808
f 5805/5805 5599/5599 5808/5808
f 6072/6072 6112/6112 6082/6082
f 3277/3277 3164/3164 4060/4060
f 948/948 2508/2508 2550/2550
f 5402/5402 5425/5425 5353/5353
f 5515/5515 5425/5425 5402/5402
f 5515/5515 5353/5353 5425/5425
f 1342/1342 1195/1195 1297/1297
f 1342/1342 897/897 1195/1195
f 1341/1341 897/897 1342/1342
f 1335/1335 1341/1341 1342/1342
f 1335/1335 897/897 1341/1341
f 804/804 948/948 747/747
f 700/700 804/804 747/747
f 2998/2998 3124/3124 3071/3071
f 3071/3071 2965/2965 2998/2998
f 4982/4982 1529/1529 594/594
f 4982/4982 594/594 764/764
f 639/639 5449/5449 764/764
f 3259/3259 2388/2388 2562/2562
f 1974/1974 3233/3233 3071/3071
f 3096/3096 3543/3543 3044/3044
f 4132/4132 2967/2967 3543/3543
f 2130/2130 2104/2104 1689/1689
f 764/764 1035/1035 751/751
f 903/903 751/751 1035/1035
f 693/693 751/751 903/903
f 822/822 700/700 693/693
f 784/784 761/761 747/747
f 761/761 700/700 747/747
f 772/772 765/765 761/761
f 784/784 772/772 761/761
f 765/765 772/772 784/784
f 719/719 743/743 761/761
f 719/719 761/761 784/784
f 743/743 719/719 784/784
f 720/720 743/743 717/717
f 693/693 700/700 784/784
f 760/760 766/766 700/700
f 760/760 700/700 786/786
f 766/766 760/760 786/786
f 712/712 725/725 729/729
f 3318/3318 1974/1974 3071/3071
f 5233/5233 6769/6769 6848/6848
f 7160/7160 6769/6769 5233/5233
f 7053/7053 7008/7008 7103/7103
f 7008/7008 7034/7034 7028/7028
f 7103/7103 7008/7008 7009/7009
f 6848/6848 7103/7103 7009/7009
f 7053/7053 7009/7009 7034/7034
f 7008/7008 7053/7053 7034/7034
f 6848/6848 7009/7009 7053/7053
f 3543/3543 4575/4575 4371/4371
f 4184/4184 4170/4170 4164/4164
f 4299/4299 4164/4164 4170/4170
f 4170/4170 4184/4184 4299/4299
f 4316/4316 4322/4322 3891/3891
f 4316/4316 4325/4325 4322/4322
f 4325/4325 4316/4316 3891/3891
f 4325/4325 3891/3891 4035/4035
f 4325/4325 4035/4035 4299/4299
f 4365/4365 4360/4360 4325/4325
f 4367/4367 4360/4360 4365/4365
f 4367/4367 4325/4325 4360/4360
f 3025/3025 2998/2998 2965/2965
f 3145/3145 2965/2965 3071/3071
f 3145/3145 3025/3025 2965/2965
f 3114/3114 3025/3025 3145/3145
f 3263/3263 3114/3114 3145/3145
f 3215/3215 3114/3114 3263/3263
f 3268/3268 3215/3215 3263/3263
f 3232/3232 3268/3268 3263/3263
f 3243/3243 3268/3268 3232/3232
f 3145/3145 3232/3232 3263/3263
f 3145/3145 3243/3243 3232/3232
f 3233/3233 3243/3243 3145/3145
f 5422/5422 5648/5648 4980/4980
f 5075/5075 5170/5170 4980/4980
f 5114/5114 5170/5170 5075/5075
f 5114/5114 5075/5075 4980/4980
f 4941/4941 4980/4980 5648/5648
f 1200/1200 1193/1193 4941/4941
f 1203/1203 1193/1193 1200/1200
f 4941/4941 1203/1203 1200/1200
f 1203/1203 5648/5648 1465/1465
f 1495/1495 1542/1542 1465/1465
f 1516/1516 1495/1495 1465/1465
f 1831/1831 1465/1465 5648/5648
f 1465/1465 1831/1831 1516/1516
f 1542/1542 1495/1495 1516/1516
f 1831/1831 1203/1203 1516/1516
f 6448/6448 6985/6985 6456/6456
f 6342/6342 6451/6451 6602/6602
f 6484/6484 6602/6602 6451/6451
f 6342/6342 6484/6484 6451/6451
f 6342/6342 6602/6602 6242/6242
f 6050/6050 6342/6342 6242/6242
f 6342/6342 6050/6050 6897/6897
f 6602/6602 6342/6342 6897/6897
f 6897/6897 6242/6242 6602/6602
f 6050/6050 6242/6242 6075/6075
f 6868/6868 6897/6897 6050/6050
f 6868/6868 6050/6050 6830/6830
f 6868/6868 7106/7106 6897/6897
f 6830/6830 6832/6832 6868/6868
f 6844/6844 6868/6868 6832/6832
f 6830/6830 6844/6844 6832/6832
f 6960/6960 6982/6982 6963/6963
f 6978/6978 6968/6968 6987/6987
f 6003/6003 6075/6075 6242/6242
f 6242/6242 6897/6897 6003/6003
f 6680/6680 6667/6667 6657/6657
f 6825/6825 6816/6816 6821/6821
f 562/562 497/497 555/555
f 556/556 5086/5086 5671/5671
f 5420/5420 5597/5597 5596/5596
f 5604/5604 5420/5420 5596/5596
f 5597/5597 5604/5604 5596/5596
f 5519/5519 5597/5597 5420/5420
f 5545/5545 5597/5597 5519/5519
f 6284/6284 1345/1345 6394/6394
f 764/764 594/594 1035/1035
f 1763/1763 1831/1831 295/295
f 690/690 695/695 727/727
f 1074/1074 1015/1015 1097/1097
f 6118/6118 6050/6050 6075/6075
f 6343/6343 6236/6236 6118/6118
f 6653/6653 6118/6118 6236/6236
f 6653/6653 6236/6236 6343/6343
f 6050/6050 6118/6118 6653/6653
f 6663/6663 6638/6638 6653/6653
f 6752/6752 6638/6638 6663/6663
f 6653/6653 6638/6638 6752/6752
f 6653/6653 6752/6752 6050/6050
f 7193/7193 6050/6050 6752/6752
f 6830/6830 6050/6050 7106/7106
f 7106/7106 6050/6050 7193/7193
f 6868/6868 6830/6830 7106/7106
f 7038/7038 7026/7026 7033/7033
f 6651/6651 5648/5648 5422/5422
f 3543/3543 2967/2967 2954/2954
f 132/132 4948/4948 5030/5030
f 5030/5030 4994/4994 132/132
f 4994/4994 4948/4948 132/132
f 7160/7160 7103/7103 6769/6769
f 2172/2172 2216/2216 2245/2245
f 1841/1841 990/990 1206/1206
f 1460/1460 432/432 1090/1090
f 5840/5840 5447/5447 1365/1365
f 5693/5693 5840/5840 1365/1365
f 5840/5840 5694/5694 5702/5702
f 5693/5693 5702/5702 5694/5694
f 5840/5840 5702/5702 5693/5693
f 1365/1365 5836/5836 5693/5693
f 5836/5836 5840/5840 5693/5693
f 5447/5447 5840/5840 5836/5836
f 876/876 848/848 820/820
f 1203/1203 4941/4941 5648/5648
f 5447/5447 5926/5926 5132/5132
f 6450/6450 5926/5926 5447/5447
f 432/432 5081/5081 1090/1090
f 5319/5319 1090/1090 5081/5081
f 5500/5500 5081/5081 5205/5205
f 5161/5161 5205/5205 5081/5081
f 5319/5319 5081/5081 5500/5500
f 5161/5161 5500/5500 5205/5205
f 5247/5247 5319/5319 5500/5500
f 5646/5646 5612/5612 5541/5541
f 6341/6341 1365/1365 6403/6403
f 5836/5836 6450/6450 5447/5447
f 6450/6450 5836/5836 1365/1365
f 6341/6341 6450/6450 1365/1365
f 5319/5319 5247/5247 6403/6403
f 6300/6300 6232/6232 6298/6298
f 5319/5319 6403/6403 6030/6030
f 6030/6030 6403/6403 1365/1365
f 5319/5319 6030/6030 1365/1365
f 6039/6039 6030/6030 5989/5989
f 2294/2294 529/529 703/703
f 2286/2286 529/529 2294/2294
f 1115/1115 1092/1092 1110/1110
f 261/261 529/529 1334/1334
f 261/261 1334/1334 1392/1392
f 1392/1392 1947/1947 261/261
f 1392/1392 1514/1514 1947/1947
f 1378/1378 1514/1514 1392/1392
f 1372/1372 1378/1378 1392/1392
f 1372/1372 1514/1514 1378/1378
f 1334/1334 1947/1947 1514/1514
f 2286/2286 1947/1947 1334/1334
f 1334/1334 529/529 2286/2286
f 5124/5124 4880/4880 5132/5132
f 5155/5155 4880/4880 5124/5124
f 5132/5132 5155/5155 5124/5124
f 5447/5447 5132/5132 4880/4880
f 4880/4880 703/703 25/25
f 703/703 529/529 5447/5447
f 4851/4851 4880/4880 25/25
f 703/703 4851/4851 25/25
f 5447/5447 4880/4880 703/703
f 1976/1976 1977/1977 2245/2245
f 1949/1949 2245/2245 1977/1977
f 1976/1976 1949/1949 1977/1977
f 5140/5140 5050/5050 5603/5603
f 4132/4132 4269/4269 2967/2967
f 3543/3543 4371/4371 4132/4132
f 4197/4197 4371/4371 4269/4269
f 4269/4269 4132/4132 4197/4197
f 4177/4177 4197/4197 4132/4132
f 4197/4197 4176/4176 4191/4191
f 4177/4177 4191/4191 4176/4176
f 4197/4197 4191/4191 4177/4177
f 4371/4371 4197/4197 4177/4177
f 4132/4132 4371/4371 4177/4177
f 2236/2236 1703/1703 2053/2053
f 2236/2236 2053/2053 1919/1919
f 1653/1653 1919/1919 1703/1703
f 2236/2236 1919/1919 1653/1653
f 2053/2053 1703/1703 1919/1919
f 6463/6463 6651/6651 5422/5422
f 5422/5422 5648/5648 6463/6463
f 6077/6077 6109/6109 6047/6047
f 6160/6160 6077/6077 6047/6047
f 6109/6109 6077/6077 6160/6160
f 5826/5826 5648/5648 6109/6109
f 6109/6109 5648/5648 5951/5951
f 6152/6152 5951/5951 6651/6651
f 6463/6463 6152/6152 6651/6651
f 6152/6152 5826/5826 6109/6109
f 6463/6463 5826/5826 6152/6152
f 5826/5826 6463/6463 5648/5648
f 6898/6898 6895/6895 6883/6883
f 5449/5449 4982/4982 764/764
f 5519/5519 3/3 5545/5545
f 6711/6711 6942/6942 6881/6881
f 3145/3145 3071/3071 3233/3233
f 6848/6848 6769/6769 7103/7103
f 6959/6959 6948/6948 6942/6942
f 7000/7000 6948/6948 6959/6959
f 6942/6942 6948/6948 7000/7000
f 6881/6881 6942/6942 7000/7000
f 7012/7012 7006/7006 7000/7000
f 6711/6711 7000/7000 7006/7006
f 6711/6711 7006/7006 7012/7012
f 6711/6711 6881/6881 7000/7000
f 3003/3003 2954/2954 2967/2967
f 3044/3044 3543/3543 2954/2954
f 3192/3192 2954/2954 3003/3003
f 3055/3055 2954/2954 3192/3192
f 3044/3044 2954/2954 3055/3055
f 3044/3044 3055/3055 3104/3104
f 3062/3062 3044/3044 3104/3104
f 3096/3096 3044/3044 3062/3062
f 3104/3104 3096/3096 3062/3062
f 3108/3108 3092/3092 3093/3093
f 3092/3092 3096/3096 3093/3093
f 3108/3108 3096/3096 3092/3092
f 3543/3543 3236/3236 3392/3392
f 4607/4607 3543/3543 3392/3392
f 6399/6399 6580/6580 6488/6488
f 6461/6461 6580/6580 6399/6399
f 6422/6422 6461/6461 6399/6399
f 6417/6417 6422/6422 6399/6399
f 6417/6417 6461/6461 6422/6422
f 6595/6595 6580/6580 6461/6461
f 6595/6595 6461/6461 6491/6491
f 6595/6595 6461/6461 6443/6443
f 6443/6443 6491/6491 6461/6461
f 6595/6595 6491/6491 6443/6443
f 6595/6595 6443/6443 6646/6646
f 6488/6488 6580/6580 6595/6595
f 6664/6664 6659/6659 6488/6488
f 6692/6692 6664/6664 6488/6488
f 6692/6692 6659/6659 6664/6664
f 7174/7174 6595/6595 6646/6646
f 5881/5881 5979/5979 5909/5909
f 5931/5931 5881/5881 5909/5909
f 5979/5979 5931/5931 5909/5909
f 6011/6011 5931/5931 5979/5979
f 6238/6238 6011/6011 5979/5979
f 5931/5931 6011/6011 6238/6238
f 6057/6057 6238/6238 6706/6706
f 6706/6706 6646/6646 6057/6057
f 2231/2231 2122/2122 2077/2077
f 2085/2085 2077/2077 2122/2122
f 2256/2256 2239/2239 2231/2231
f 2373/2373 2231/2231 2239/2239
f 2373/2373 2239/2239 2256/2256
f 2373/2373 2385/2385 2122/2122
f 2308/2308 2372/2372 2385/2385
f 2182/2182 2385/2385 2372/2372
f 2182/2182 2372/2372 2308/2308
f 2385/2385 2182/2182 2122/2122
f 5951/5951 5648/5648 6651/6651
f 5665/5665 5669/5669 5678/5678
f 6996/6996 6985/6985 6912/6912
f 6996/6996 6456/6456 6985/6985
f 2182/2182 2077/2077 2085/2085
f 2182/2182 2085/2085 2122/2122
f 535/535 574/574 523/523
f 6932/6932 6912/6912 6985/6985
f 6930/6930 6924/6924 6985/6985
f 6448/6448 6930/6930 6985/6985
f 6932/6932 6985/6985 6924/6924
f 6930/6930 6927/6927 6924/6924
f 6927/6927 6926/6926 6924/6924
f 6926/6926 6927/6927 6930/6930
f 6928/6928 6929/6929 6932/6932
f 6929/6929 6925/6925 6932/6932
f 6925/6925 6912/6912 6932/6932
f 6929/6929 6928/6928 6925/6925
f 6925/6925 6930/6930 6448/6448
f 6925/6925 6448/6448 6894/6894
f 6894/6894 6912/6912 6925/6925
f 6909/6909 6996/6996 6912/6912
f 6874/6874 6909/6909 6894/6894
f 6851/6851 6853/6853 6909/6909
f 6874/6874 6851/6851 6909/6909
f 6874/6874 6853/6853 6851/6851
f 6894/6894 6448/6448 6874/6874
f 6909/6909 6912/6912 6894/6894
f 4299/4299 4035/4035 3891/3891
f 2845/2845 2772/2772 2794/2794
f 2953/2953 2772/2772 2845/2845
f 2794/2794 2772/2772 2953/2953
f 4906/4906 5447/5447 529/529
f 529/529 261/261 4906/4906
f 365/365 187/187 261/261
f 236/236 215/215 268/268
f 140/140 214/214 365/365
f 187/187 214/214 140/140
f 365/365 187/187 140/140
f 261/261 1365/1365 365/365
f 1365/1365 5447/5447 4906/4906
f 4906/4906 365/365 1365/1365
f 365/365 4906/4906 187/187
f 261/261 187/187 4906/4906
f 261/261 1460/1460 1365/1365
f 5662/5662 5745/5745 5657/5657
f 5753/5753 5745/5745 5662/5662
f 5763/5763 5657/5657 5745/5745
f 5753/5753 5763/5763 5745/5745
f 3687/3687 3664/3664 3593/3593
f 3926/3926 3593/3593 3664/3664
f 3926/3926 3664/3664 3687/3687
f 3549/3549 3593/3593 3926/3926
f 3398/3398 3549/3549 3926/3926
f 5695/5695 5667/5667 5733/5733
f 7194/7194 7160/7160 7200/7200
f 2948/2948 2332/2332 3002/3002
f 3259/3259 2948/2948 3002/3002
f 6399/6399 6057/6057 6646/6646
f 6443/6443 6399/6399 6646/6646
f 861/861 871/871 482/482
f 482/482 375/375 861/861
f 324/324 861/861 375/375
f 324/324 375/375 482/482
f 871/871 5437/5437 482/482
f 5437/5437 5406/5406 5351/5351
f 5351/5351 5406/5406 5512/5512
f 5437/5437 5512/5512 5406/5406
f 5259/5259 5437/5437 871/871
f 5115/5115 5259/5259 871/871
f 861/861 1625/1625 871/871
f 5166/5166 5241/5241 5276/5276
f 5285/5285 5009/5009 5276/5276
f 5166/5166 5276/5276 5009/5009
f 2087/2087 1455/1455 1553/1553
f 1449/1449 1406/1406 2087/2087
f 1553/1553 1406/1406 1449/1449
f 1553/1553 1449/1449 2087/2087
f 1433/1433 1553/1553 1657/1657
f 1680/1680 1433/1433 1657/1657
f 2035/2035 1680/1680 1657/1657
f 1758/1758 1680/1680 2035/2035
f 6403/6403 5247/5247 6085/6085
f 6341/6341 6403/6403 6450/6450
f 5125/5125 5122/5122 5140/5140
f 5538/5538 5140/5140 5122/5122
f 5538/5538 5122/5122 5125/5125
f 5140/5140 5538/5538 5050/5050
f 5547/5547 6085/6085 5247/5247
f 5919/5919 5882/5882 5842/5842
f 5856/5856 6085/6085 5547/5547
f 5674/5674 5720/5720 5856/5856
f 5765/5765 5720/5720 5674/5674
f 5856/5856 5720/5720 5765/5765
f 6450/6450 6085/6085 5856/5856
f 6450/6450 6403/6403 6085/6085
f 5017/5017 5031/5031 5068/5068
f 5031/5031 5017/5017 4995/4995
f 5148/5148 39/39 5027/5027
f 5027/5027 4995/4995 5148/5148
f 6810/6810 6595/6595 7174/7174
f 5068/5068 5031/5031 4995/4995
f 2722/2722 2615/2615 2538/2538
f 2722/2722 2853/2853 2615/2615
f 7174/7174 6646/6646 6706/6706
f 6238/6238 6299/6299 6706/6706
f 6344/6344 6299/6299 6230/6230
f 6754/6754 6459/6459 6230/6230
f 6344/6344 6230/6230 6459/6459
f 6299/6299 6344/6344 6459/6459
f 6458/6458 6459/6459 6478/6478
f 6458/6458 6478/6478 6591/6591
f 6459/6459 6591/6591 6478/6478
f 6582/6582 6539/6539 6550/6550
f 6601/6601 6603/6603 6626/6626
f 6647/6647 6626/6626 6603/6603
f 6601/6601 6647/6647 6603/6603
f 6846/6846 7174/7174 6801/6801
f 6817/6817 6845/6845 6824/6824
f 6910/6910 6846/6846 6801/6801
f 7160/7160 7200/7200 7103/7103
f 7053/7053 7103/7103 7200/7200
f 7053/7053 7200/7200 6848/6848
f 3593/3593 3549/3549 3317/3317
f 6270/6270 6652/6652 6418/6418
f 2429/2429 2130/2130 2485/2485
f 2416/2416 2429/2429 2485/2485
f 2130/2130 2429/2429 2416/2416
f 2149/2149 2485/2485 2130/2130
f 1689/1689 2149/2149 2130/2130
f 5319/5319 1365/1365 1090/1090
f 5422/5422 5388/5388 5648/5648
f 5912/5912 5637/5637 5897/5897
f 5697/5697 5897/5897 5637/5637
f 5912/5912 5897/5897 5697/5697
f 6251/6251 6304/6304 6227/6227
f 6314/6314 6251/6251 6227/6227
f 6269/6269 6251/6251 6314/6314
f 6244/6244 6251/6251 6269/6269
f 6248/6248 6244/6244 6269/6269
f 6314/6314 6248/6248 6269/6269
f 6327/6327 6314/6314 6227/6227
f 6327/6327 6227/6227 6304/6304
f 6248/6248 6314/6314 6327/6327
f 3398/3398 3317/3317 3549/3549
f 1763/1763 1203/1203 1831/1831
f 5241/5241 5379/5379 5276/5276
f 5212/5212 5241/5241 5166/5166
f 5379/5379 5285/5285 5276/5276
f 5393/5393 5379/5379 5375/5375
f 5393/5393 5285/5285 5379/5379
f 2715/2715 2708/2708 2696/2696
f 2401/2401 1029/1029 1535/1535
f 1613/1613 1029/1029 2401/2401
f 2401/2401 2222/2222 1143/1143
f 1143/1143 1843/1843 1924/1924
f 2222/2222 1843/1843 1143/1143
f 2191/2191 2223/2223 2222/2222
f 2213/2213 2191/2191 2222/2222
f 2213/2213 2223/2223 2191/2191
f 1843/1843 2222/2222 2401/2401
f 2015/2015 2022/2022 2017/2017
f 2012/2012 2022/2022 2015/2015
f 1997/1997 2015/2015 2017/2017
f 2012/2012 2015/2015 1997/1997
f 1783/1783 1143/1143 1875/1875
f 1924/1924 1875/1875 1143/1143
f 1825/1825 1875/1875 1924/1924
f 5018/5018 907/907 5270/5270
f 4631/4631 2766/2766 4437/4437
f 4614/4614 4603/4603 4618/4618
f 4631/4631 4614/4614 4618/4618
f 4603/4603 4614/4614 4631/4631
f 2730/2730 4645/4645 4631/4631
f 2730/2730 2766/2766 4645/4645
f 4995/4995 5108/5108 39/39
f 907/907 5018/5018 5607/5607
f 7145/7145 7200/7200 7160/7160
f 7144/7144 7145/7145 7130/7130
f 7087/7087 7200/7200 7145/7145
f 7144/7144 7087/7087 7145/7145
f 7087/7087 7144/7144 7130/7130
f 5233/5233 7200/7200 7087/7087
f 7100/7100 7088/7088 7092/7092
f 1535/1535 1899/1899 1843/1843
f 2401/2401 1535/1535 1843/1843
f 1187/1187 1230/1230 1535/1535
f 1187/1187 1535/1535 1029/1029
f 5148/5148 4995/4995 39/39
f 1302/1302 1412/1412 1230/1230
f 1322/1322 1340/1340 1412/1412
f 1899/1899 1535/1535 1230/1230
f 6130/6130 6096/6096 6198/6198
f 4905/4905 5018/5018 4874/4874
f 5019/5019 4874/4874 5018/5018
f 5270/5270 5019/5019 5018/5018
f 2730/2730 4437/4437 2766/2766
f 295/295 1831/1831 5648/5648
f 5083/5083 5048/5048 295/295
f 5388/5388 5048/5048 5083/5083
f 295/295 5388/5388 5083/5083
f 295/295 5648/5648 5388/5388
f 5556/5556 5654/5654 5589/5589
f 5654/5654 5432/5432 5589/5589
f 6801/6801 7174/7174 6706/6706
f 6770/6770 6744/6744 6748/6748
f 6741/6741 6748/6748 6744/6744
f 6741/6741 6744/6744 6770/6770
f 6754/6754 6770/6770 6706/6706
f 6754/6754 6741/6741 6770/6770
f 6591/6591 6754/6754 6706/6706
f 6459/6459 6754/6754 6591/6591
f 6425/6425 6754/6754 6230/6230
f 6185/6185 6226/6226 6221/6221
f 6226/6226 6268/6268 6221/6221
f 6268/6268 6226/6226 6185/6185
f 6211/6211 6268/6268 6185/6185
f 6170/6170 6211/6211 6185/6185
f 6425/6425 6268/6268 6352/6352
f 6268/6268 6211/6211 6170/6170
f 6280/6280 6352/6352 6268/6268
f 6754/6754 6425/6425 6352/6352
f 6754/6754 6762/6762 6741/6741
f 6741/6741 6762/6762 6776/6776
f 6910/6910 6762/6762 6754/6754
f 6910/6910 6754/6754 7050/7050
f 6776/6776 6762/6762 6778/6778
f 6774/6774 6778/6778 6910/6910
f 6741/6741 6776/6776 6778/6778
f 6774/6774 6741/6741 6778/6778
f 6770/6770 6741/6741 6706/6706
f 6741/6741 6801/6801 6706/6706
f 6774/6774 6801/6801 6741/6741
f 6801/6801 6774/6774 6814/6814
f 6910/6910 6814/6814 6774/6774
f 6910/6910 6814/6814 6826/6826
f 6819/6819 6826/6826 6814/6814
f 6819/6819 6910/6910 6826/6826
f 444/444 402/402 358/358
f 515/515 6542/6542 29/29
f 5855/5855 5930/5930 5907/5907
f 6542/6542 467/467 29/29
f 6490/6490 6406/6406 6455/6455
f 6430/6430 6311/6311 6392/6392
f 6246/6246 6311/6311 6288/6288
f 6311/6311 6246/6246 6253/6253
f 6260/6260 6311/6311 6253/6253
f 6247/6247 6262/6262 6253/6253
f 6260/6260 6253/6253 6262/6262
f 6247/6247 6253/6253 6246/6246
f 6234/6234 6247/6247 6246/6246
f 6288/6288 6234/6234 6246/6246
f 6234/6234 6288/6288 6223/6223
f 6197/6197 6223/6223 6288/6288
f 6223/6223 6197/6197 6204/6204
f 6874/6874 6448/6448 6456/6456
f 5019/5019 4926/4926 4874/4874
f 5019/5019 4905/4905 4874/4874
f 4926/4926 4886/4886 4874/4874
f 5019/5019 4886/4886 4926/4926
f 5270/5270 4905/4905 5019/5019
f 6706/6706 6299/6299 6591/6591
f 5270/5270 5607/5607 4905/4905
f 5018/5018 4905/4905 5607/5607
f 5774/5774 5845/5845 5574/5574
f 1947/1947 1460/1460 261/261
f 1460/1460 1947/1947 1781/1781
f 2286/2286 1781/1781 1947/1947
f 2294/2294 1781/1781 2286/2286
f 5489/5489 5459/5459 5471/5471
f 5249/5249 5459/5459 58/58
f 33/33 4992/4992 36/36
f 21/21 4992/4992 33/33
f 17/17 21/21 33/33
f 4992/4992 21/21 17/17
f 58/58 33/33 36/36
f 58/58 36/36 4992/4992
f 4992/4992 5249/5249 58/58
f 6002/6002 5957/5957 5489/5489
f 7174/7174 7051/7051 7203/7203
f 7051/7051 7164/7164 7203/7203
f 7203/7203 6810/6810 7174/7174
f 7210/7210 6810/6810 7206/7206
f 7205/7205 7210/7210 7206/7206
f 6810/6810 7205/7205 7206/7206
f 7203/7203 7205/7205 6810/6810
f 5407/5407 5506/5506 5436/5436
f 6349/6349 6720/6720 6367/6367
f 6349/6349 6367/6367 5942/5942
f 5358/5358 5385/5385 5367/5367
f 4936/4936 4919/4919 22/22
f 4936/4936 4971/4971 22/22
f 4897/4897 4936/4936 22/22
f 5942/5942 4897/4897 22/22
f 732/732 5942/5942 22/22
f 732/732 22/22 211/211
f 4897/4897 46/46 211/211
f 46/46 732/732 211/211
f 732/732 46/46 952/952
f 612/612 583/583 593/593
f 4964/4964 732/732 952/952
f 2238/2238 1197/1197 1836/1836
f 2291/2291 2238/2238 1836/1836
f 2238/2238 2291/2291 2295/2295
f 2280/2280 2238/2238 2295/2295
f 2280/2280 2295/2295 2291/2291
f 1230/1230 1307/1307 1302/1302
f 2393/2393 2397/2397 2670/2670
f 2672/2672 2695/2695 2693/2693
f 1187/1187 1307/1307 1230/1230
f 1164/1164 1175/1175 1169/1169
f 1155/1155 1169/1169 1175/1175
f 1164/1164 1155/1155 1175/1175
f 1307/1307 1187/1187 1155/1155
f 1344/1344 1307/1307 1446/1446
f 1344/1344 1302/1302 1307/1307
f 1340/1340 1322/1322 1344/1344
f 1412/1412 1340/1340 1344/1344
f 1344/1344 1381/1381 1412/1412
f 1395/1395 1381/1381 1344/1344
f 1412/1412 1381/1381 1395/1395
f 1411/1411 1344/1344 1399/1399
f 1399/1399 1344/1344 1380/1380
f 1380/1380 1411/1411 1399/1399
f 1446/1446 1395/1395 1380/1380
f 1344/1344 1446/1446 1380/1380
f 1526/1526 1589/1589 1555/1555
f 1856/1856 1849/1849 1875/1875
f 1825/1825 1856/1856 1875/1875
f 1825/1825 1849/1849 1856/1856
f 1783/1783 1825/1825 1924/1924
f 1928/1928 1927/1927 1946/1946
f 1855/1855 1924/1924 1868/1868
f 1844/1844 1815/1815 1855/1855
f 1868/1868 1844/1844 1855/1855
f 1868/1868 1815/1815 1844/1844
f 1713/1713 1855/1855 1868/1868
f 1713/1713 1924/1924 1855/1855
f 1713/1713 1783/1783 1924/1924
f 1825/1825 1788/1788 1806/1806
f 1783/1783 1825/1825 1806/1806
f 1788/1788 1783/1783 1806/1806
f 1783/1783 1713/1713 1143/1143
f 1868/1868 1899/1899 1713/1713
f 1843/1843 1868/1868 1924/1924
f 1868/1868 1843/1843 1899/1899
f 6311/6311 6430/6430 6288/6288
f 6153/6153 6288/6288 6430/6430
f 6204/6204 6197/6197 6288/6288
f 6204/6204 6288/6288 6153/6153
f 2291/2291 1836/1836 2364/2364
f 5905/5905 5848/5848 5888/5888
f 5182/5182 5143/5143 5171/5171
f 5528/5528 46/46 5942/5942
f 6037/6037 5192/5192 6167/6167
f 6037/6037 6167/6167 6058/6058
f 6045/6045 6037/6037 6058/6058
f 6080/6080 6037/6037 6045/6045
f 6058/6058 6080/6080 6045/6045
f 6263/6263 6058/6058 6149/6149
f 6263/6263 6149/6149 6203/6203
f 6203/6203 6149/6149 6058/6058
f 5942/5942 6367/6367 6167/6167
f 6167/6167 5528/5528 5942/5942
f 6002/6002 5489/5489 5791/5791
f 2732/2732 2870/2870 2922/2922
f 2816/2816 2922/2922 2870/2870
f 901/901 2550/2550 2386/2386
f 5253/5253 5189/5189 5229/5229
f 5229/5229 5189/5189 5230/5230
f 5253/5253 5229/5229 5230/5230
f 5189/5189 5253/5253 5226/5226
f 5226/5226 5253/5253 4944/4944
f 5189/5189 4944/4944 5040/5040
f 5226/5226 4944/4944 5189/5189
f 6584/6584 6558/6558 6598/6598
f 6609/6609 6587/6587 6597/6597
f 6503/6503 6464/6464 6466/6466
f 6058/6058 6367/6367 6393/6393
f 6058/6058 6167/6167 6367/6367
f 6058/6058 6393/6393 6263/6263
f 6589/6589 6263/6263 6393/6393
f 6589/6589 6393/6393 6367/6367
f 6574/6574 6548/6548 6554/6554
f 6570/6570 6604/6604 6599/6599
f 2333/2333 2397/2397 2393/2393
f 2670/2670 2397/2397 2333/2333
f 732/732 4964/4964 6349/6349
f 5942/5942 732/732 6349/6349
f 5538/5538 5671/5671 5050/5050
f 2853/2853 2538/2538 2615/2615
f 6259/6259 6392/6392 6261/6261
f 6259/6259 6261/6261 6271/6271
f 6266/6266 6259/6259 6271/6271
f 6311/6311 6271/6271 6261/6261
f 6392/6392 6311/6311 6261/6261
f 6260/6260 6266/6266 6271/6271
f 6311/6311 6260/6260 6271/6271
f 6262/6262 6266/6266 6260/6260
f 1156/1156 1164/1164 1144/1144
f 1171/1171 1164/1164 1156/1156
f 1155/1155 1164/1164 1171/1171
f 1171/1171 1156/1156 1144/1144
f 1148/1148 1158/1158 1177/1177
f 1155/1155 1171/1171 1307/1307
f 1307/1307 1171/1171 582/582
f 900/900 1307/1307 582/582
f 1307/1307 900/900 868/868
f 5126/5126 5576/5576 5259/5259
f 4911/4911 5259/5259 5115/5115
f 5126/5126 5259/5259 4911/4911
f 4961/4961 4997/4997 5115/5115
f 5576/5576 5126/5126 4911/4911
f 4961/4961 4911/4911 4997/4997
f 5149/5149 5576/5576 4911/4911
f 4911/4911 4961/4961 5115/5115
f 871/871 4911/4911 5115/5115
f 5818/5818 5576/5576 5149/5149
f 4911/4911 871/871 5149/5149
f 199/199 5149/5149 23/23
f 56/56 199/199 23/23
f 99/99 56/56 23/23
f 199/199 56/56 99/99
f 186/186 23/23 5149/5149
f 871/871 186/186 5149/5149
f 871/871 199/199 186/186
f 6995/6995 6992/6992 6971/6971
f 4474/4474 4269/4269 4371/4371
f 4371/4371 4476/4476 4474/4474
f 4484/4484 4476/4476 4371/4371
f 2172/2172 2245/2245 2216/2216
f 5538/5538 1841/1841 5671/5671
f 3108/3108 3104/3104 3055/3055
f 3122/3122 3108/3108 3055/3055
f 3096/3096 3108/3108 3122/3122
f 3543/3543 3096/3096 3122/3122
f 3236/3236 3122/3122 3055/3055
f 3543/3543 3122/3122 3236/3236
f 3192/3192 3236/3236 3055/3055
f 3392/3392 3236/3236 3192/3192
f 1778/1778 1836/1836 1197/1197
f 442/442 29/29 467/467
f 442/442 530/530 487/487
f 515/515 487/487 530/530
f 442/442 487/487 515/515
f 515/515 29/29 442/442
f 2819/2819 2681/2681 2617/2617
f 2819/2819 2617/2617 2680/2680
f 2681/2681 2680/2680 2617/2617
f 2258/2258 2349/2349 2819/2819
f 2745/2745 2258/2258 2819/2819
f 2555/2555 2258/2258 2700/2700
f 2258/2258 2745/2745 2700/2700
f 2776/2776 2747/2747 2745/2745
f 2801/2801 2776/2776 2745/2745
f 2555/2555 2700/2700 2747/2747
f 2258/2258 2555/2555 2327/2327
f 1657/1657 1553/1553 1455/1455
f 7052/7052 6003/6003 6897/6897
f 7045/7045 6003/6003 7052/7052
f 7056/7056 7054/7054 7045/7045
f 7075/7075 7054/7054 7056/7056
f 7075/7075 7056/7056 7045/7045
f 7076/7076 7067/7067 7075/7075
f 7077/7077 7067/7067 7076/7076
f 7075/7075 7077/7077 7076/7076
f 7080/7080 7085/7085 7078/7078
f 7052/7052 7073/7073 7075/7075
f 7045/7045 7052/7052 7075/7075
f 7153/7153 7073/7073 7052/7052
f 7153/7153 7052/7052 7106/7106
f 7106/7106 7165/7165 7153/7153
f 7073/7073 7153/7153 7165/7165
f 2062/2062 2329/2329 2163/2163
f 2311/2311 2163/2163 2329/2329
f 5189/5189 5040/5040 5220/5220
f 2327/2327 2349/2349 2258/2258
f 2035/2035 1657/1657 1455/1455
f 1365/1365 1460/1460 1090/1090
f 4901/4901 5607/5607 5270/5270
f 2057/2057 2055/2055 1988/1988
f 2076/2076 2055/2055 2057/2057
f 2037/2037 2055/2055 2076/2076
f 2141/2141 2037/2037 2076/2076
f 2141/2141 2076/2076 2057/2057
f 2141/2141 2057/2057 1988/1988
f 1984/1984 1135/1135 1305/1305
f 1524/1524 1584/1584 1557/1557
f 1162/1162 1079/1079 1305/1305
f 1005/1005 1079/1079 1162/1162
f 918/918 1305/1305 1135/1135
f 1162/1162 1305/1305 918/918
f 918/918 1069/1069 1162/1162
f 1005/1005 1162/1162 1069/1069
f 1005/1005 1069/1069 918/918
f 1079/1079 1005/1005 928/928
f 1116/1116 1305/1305 1079/1079
f 928/928 1116/1116 1079/1079
f 1984/1984 1305/1305 1116/1116
f 6891/6891 6893/6893 6896/6896
f 6877/6877 6893/6893 6891/6891
f 6896/6896 6893/6893 6877/6877
f 6941/6941 6896/6896 6877/6877
f 6938/6938 6941/6941 6877/6877
f 2087/2087 2041/2041 1455/1455
f 2035/2035 2041/2041 1758/1758
f 5854/5854 5845/5845 5774/5774
f 7193/7193 7165/7165 7106/7106
f 2041/2041 2108/2108 2214/2214
f 2087/2087 2214/2214 2108/2108
f 2087/2087 2108/2108 2041/2041
f 5241/5241 5375/5375 5379/5379
f 5375/5375 5241/5241 5212/5212
f 5958/5958 5576/5576 5949/5949
f 5891/5891 5958/5958 5949/5949
f 5891/5891 5949/5949 5576/5576
f 5818/5818 5891/5891 5576/5576
f 6177/6177 5891/5891 5818/5818
f 89/89 5149/5149 199/199
f 871/871 89/89 199/199
f 5818/5818 5149/5149 89/89
f 5699/5699 5818/5818 89/89
f 5718/5718 5719/5719 5640/5640
f 5821/5821 5640/5640 5719/5719
f 5821/5821 5719/5719 5718/5718
f 5821/5821 5640/5640 5699/5699
f 4631/4631 4645/4645 2766/2766
f 1412/1412 1462/1462 1230/1230
f 1573/1573 1462/1462 1555/1555
f 1462/1462 1446/1446 1555/1555
f 1395/1395 1446/1446 1462/1462
f 1412/1412 1395/1395 1462/1462
f 2816/2816 2870/2870 2782/2782
f 2870/2870 2732/2732 2782/2782
f 2816/2816 2782/2782 2732/2732
f 2090/2090 2329/2329 2062/2062
f 2163/2163 2090/2090 2062/2062
f 2090/2090 2163/2163 2320/2320
f 2320/2320 2163/2163 2311/2311
f 2090/2090 2320/2320 2311/2311
f 2122/2122 2231/2231 2373/2373
f 5759/5759 5845/5845 5854/5854
f 5574/5574 5845/5845 5759/5759
f 2364/2364 1836/1836 1778/1778
f 2864/2864 2276/2276 2555/2555
f 2327/2327 2555/2555 2276/2276
f 3004/3004 2621/2621 2555/2555
f 2621/2621 2864/2864 2555/2555
f 2205/2205 2848/2848 2864/2864
f 2864/2864 2848/2848 2276/2276
f 1741/1741 2276/2276 2848/2848
f 2205/2205 1741/1741 2848/2848
f 840/840 768/768 824/824
f 7050/7050 6846/6846 6910/6910
f 6933/6933 6846/6846 7050/7050
f 6754/6754 6352/6352 6280/6280
f 6754/6754 6280/6280 6164/6164
f 6754/6754 6164/6164 7050/7050
f 6419/6419 6164/6164 6280/6280
f 6951/6951 6164/6164 6419/6419
f 556/556 5671/5671 1841/1841
f 629/629 615/615 505/505
f 613/613 629/629 505/505
f 613/613 615/615 629/629
f 643/643 615/615 613/613
f 653/653 615/615 643/643
f 613/613 653/653 643/643
f 588/588 505/505 4901/4901
f 6956/6956 7174/7174 6846/6846
f 6933/6933 6956/6956 6846/6846
f 6956/6956 6933/6933 6950/6950
f 6965/6965 6956/6956 6950/6950
f 6933/6933 6965/6965 6950/6950
f 7050/7050 6956/6956 6933/6933
f 7050/7050 7174/7174 6956/6956
f 2747/2747 3004/3004 2555/2555
f 2801/2801 2747/2747 2776/2776
f 3004/3004 2747/2747 2802/2802
f 2621/2621 3004/3004 2864/2864
f 2179/2179 2177/2177 2067/2067
f 1957/1957 2067/2067 2177/2177
f 2176/2176 2177/2177 2179/2179
f 2176/2176 1957/1957 2177/2177
f 2173/2173 1957/1957 2176/2176
f 2192/2192 2173/2173 2176/2176
f 1957/1957 2173/2173 2192/2192
f 5449/5449 1073/1073 901/901
f 747/747 1073/1073 784/784
f 5233/5233 6848/6848 7200/7200
f 2141/2141 1988/1988 2055/2055
f 1795/1795 2166/2166 2039/2039
f 1795/1795 2039/2039 1956/1956
f 1951/1951 1795/1795 1956/1956
f 2039/2039 1951/1951 1956/1956
f 1975/1975 1951/1951 2039/2039
f 1975/1975 2039/2039 2100/2100
f 1975/1975 2100/2100 2166/2166
f 2039/2039 2166/2166 2100/2100
f 1975/1975 2166/2166 1795/1795
f 1573/1573 1899/1899 1230/1230
f 1462/1462 1573/1573 1230/1230
f 505/505 5607/5607 4901/4901
f 7154/7154 7073/7073 7165/7165
f 7176/7176 7168/7168 7173/7173
f 7154/7154 7165/7165 7182/7182
f 7181/7181 7168/7168 7176/7176
f 7181/7181 7176/7176 7173/7173
f 7192/7192 7191/7191 7154/7154
f 7182/7182 7192/7192 7154/7154
f 7182/7182 7191/7191 7192/7192
f 7193/7193 7182/7182 7165/7165
f 5482/5482 5489/5489 5471/5471
f 1981/1981 2179/2179 2067/2067
f 1981/1981 2067/2067 1957/1957
f 1957/1957 1904/1904 1981/1981
f 1885/1885 1981/1981 1904/1904
f 1957/1957 1885/1885 1904/1904
f 7051/7051 7014/7014 7050/7050
f 7174/7174 7014/7014 7051/7051
f 7017/7017 7021/7021 7029/7029
f 7014/7014 7029/7029 7021/7021
f 7014/7014 7021/7021 7017/7017
f 7014/7014 7174/7174 7050/7050
f 6164/6164 6807/6807 7050/7050
f 6951/6951 6807/6807 6164/6164
f 2035/2035 1455/1455 2041/2041
f 4901/4901 257/257 328/328
f 6833/6833 6806/6806 6837/6837
f 6790/6790 6806/6806 6833/6833
f 6781/6781 6790/6790 6785/6785
f 6804/6804 6781/6781 6785/6785
f 6804/6804 6785/6785 6790/6790
f 6833/6833 6804/6804 6790/6790
f 6811/6811 6795/6795 6804/6804
f 6804/6804 6795/6795 6794/6794
f 6794/6794 6795/6795 6811/6811
f 6833/6833 6811/6811 6804/6804
f 6850/6850 6811/6811 6833/6833
f 6837/6837 6850/6850 6833/6833
f 6783/6783 6784/6784 6789/6789
f 6782/6782 6784/6784 6783/6783
f 6789/6789 6784/6784 6782/6782
f 2146/2146 2297/2297 2250/2250
f 2123/2123 2209/2209 2297/2297
f 2250/2250 2297/2297 2209/2209
f 2146/2146 2250/2250 2209/2209
f 2113/2113 2297/2297 2146/2146
f 2297/2297 2113/2113 1902/1902
f 1916/1916 2297/2297 1902/1902
f 2168/2168 1916/1916 1902/1902
f 2168/2168 2297/2297 1916/1916
f 2168/2168 2123/2123 2297/2297
f 1888/1888 2013/2013 2018/2018
f 1888/1888 1915/1915 2013/2013
f 2018/2018 2013/2013 1915/1915
f 2018/2018 1915/1915 1888/1888
f 1892/1892 2018/2018 1888/1888
f 1898/1898 1892/1892 1888/1888
f 2018/2018 1892/1892 1898/1898
f 1897/1897 2018/2018 1898/1898
f 1896/1896 2018/2018 1897/1897
f 1898/1898 1896/1896 1897/1897
f 6858/6858 6837/6837 6984/6984
f 5040/5040 4944/4944 5158/5158
f 5390/5390 5040/5040 5158/5158
f 5382/5382 5324/5324 5535/5535
f 5390/5390 5324/5324 5382/5382
f 5535/5535 5390/5390 5382/5382
f 5040/5040 5390/5390 5535/5535
f 6023/6023 5040/5040 5535/5535
f 5511/5511 5040/5040 6023/6023
f 6023/6023 5443/5443 5511/5511
f 5220/5220 5040/5040 5387/5387
f 5387/5387 5467/5467 5410/5410
f 5443/5443 5410/5410 5467/5467
f 5443/5443 5467/5467 5387/5387
f 5040/5040 5443/5443 5387/5387
f 5511/5511 5443/5443 5040/5040
f 6984/6984 6837/6837 6806/6806
f 7194/7194 7200/7200 7160/7160
f 2406/2406 2489/2489 2629/2629
f 2253/2253 2489/2489 2406/2406
f 2253/2253 2629/2629 2489/2489
f 1480/1480 1668/1668 1585/1585
f 1668/1668 1620/1620 1585/1585
f 5482/5482 5460/5460 5489/5489
f 5485/5485 5488/5488 5482/5482
f 5460/5460 5485/5485 5482/5482
f 5460/5460 5488/5488 5485/5485
f 5460/5460 5177/5177 5489/5489
f 5482/5482 5177/5177 5460/5460
f 5471/5471 5177/5177 5482/5482
f 5791/5791 5489/5489 5177/5177
f 5177/5177 5471/5471 5339/5339
f 5267/5267 5284/5284 5246/5246
f 5242/5242 5284/5284 5267/5267
f 5246/5246 5242/5242 5267/5267
f 5242/5242 5356/5356 5249/5249
f 5249/5249 4992/4992 5242/5242
f 5185/5185 5249/5249 5356/5356
f 5339/5339 4932/4932 5185/5185
f 5339/5339 5206/5206 4932/4932
f 5201/5201 4932/4932 5206/5206
f 5201/5201 5206/5206 5339/5339
f 5238/5238 5184/5184 5202/5202
f 5249/5249 4932/4932 5339/5339
f 5249/5249 5185/5185 4932/4932
f 5459/5459 5249/5249 5471/5471
f 1555/1555 1446/1446 1526/1526
f 1428/1428 1441/1441 1427/1427
f 1526/1526 1446/1446 1307/1307
f 7052/7052 6897/6897 7106/7106
f 2456/2456 2529/2529 2202/2202
f 2456/2456 2202/2202 2290/2290
f 2290/2290 2202/2202 2227/2227
f 2227/2227 2456/2456 2290/2290
f 2456/2456 2202/2202 2529/2529
f 2112/2112 2072/2072 1878/1878
f 1834/1834 2112/2112 1764/1764
f 1878/1878 1764/1764 2112/2112
f 1878/1878 1834/1834 1764/1764
f 6258/6258 5891/5891 6177/6177
f 6258/6258 6177/6177 5818/5818
f 6144/6144 6258/6258 5818/5818
f 5818/5818 5255/5255 6144/6144
f 6019/6019 6021/6021 6144/6144
f 6032/6032 6021/6021 6019/6019
f 6144/6144 6032/6032 6019/6019
f 6144/6144 4903/4903 5844/5844
f 4856/4856 4903/4903 5255/5255
f 753/753 89/89 871/871
f 871/871 834/834 753/753
f 1746/1746 1722/1722 834/834
f 1905/1905 1722/1722 1746/1746
f 1905/1905 1746/1746 834/834
f 1625/1625 834/834 871/871
f 1936/1936 2157/2157 1954/1954
f 2156/2156 1936/1936 1954/1954
f 2156/2156 1954/1954 2157/2157
f 2157/2157 1936/1936 2156/2156
f 1/1 6167/6167 5192/5192
f 6167/6167 46/46 5528/5528
f 1/1 46/46 6167/6167
f 46/46 1/1 952/952
f 46/46 4897/4897 5942/5942
f 1736/1736 1480/1480 1620/1620
f 1736/1736 1620/1620 1668/1668
f 764/764 751/751 639/639
f 438/438 447/447 446/446
f 1073/1073 5449/5449 639/639
f 5736/5736 5854/5854 5774/5774
f 5749/5749 5854/5854 5736/5736
f 5739/5739 5749/5749 5736/5736
f 5743/5743 5739/5739 5736/5736
f 5749/5749 5739/5739 5743/5743
f 5759/5759 5854/5854 5749/5749
f 5640/5640 5818/5818 5699/5699
f 5821/5821 5818/5818 5640/5640
f 5818/5818 5821/5821 5255/5255
f 4903/4903 6144/6144 5255/5255
f 4476/4476 4490/4490 4474/4474
f 4512/4512 4371/4371 4575/4575
f 6014/6014 5981/5981 6136/6136
f 6014/6014 6069/6069 5981/5981
f 6015/6015 6069/6069 6014/6014
f 5980/5980 6015/6015 6014/6014
f 6059/6059 6069/6069 6015/6015
f 6059/6059 5948/5948 6069/6069
f 5910/5910 5948/5948 6059/6059
f 5910/5910 5892/5892 5948/5948
f 5892/5892 5910/5910 6059/6059
f 6015/6015 5892/5892 6059/6059
f 6083/6083 5782/5782 6015/6015
f 5782/5782 6136/6136 5981/5981
f 6083/6083 6136/6136 5782/5782
f 2112/2112 1878/1878 2072/2072
f 5883/5883 5837/5837 5986/5986
f 6146/6146 5837/5837 5883/5883
f 5981/5981 6069/6069 5892/5892
f 5948/5948 5892/5892 6069/6069
f 6015/6015 5981/5981 5892/5892
f 6015/6015 5782/5782 5981/5981
f 2823/2823 2832/2832 2824/2824
f 1585/1585 1620/1620 1480/1480
f 1713/1713 1899/1899 1610/1610
f 1610/1610 1676/1676 1636/1636
f 1635/1635 1636/1636 1676/1676
f 1635/1635 1676/1676 1610/1610
f 1635/1635 1610/1610 1899/1899
f 1573/1573 1635/1635 1899/1899
f 1579/1579 1635/1635 1573/1573
f 1610/1610 1635/1635 1579/1579
f 1568/1568 1541/1541 1554/1554
f 1546/1546 1568/1568 1554/1554
f 1589/1589 1568/1568 1546/1546
f 1546/1546 1554/1554 1541/1541
f 1579/1579 1568/1568 1589/1589
f 1610/1610 1579/1579 1526/1526
f 1526/1526 1579/1579 1589/1589
f 5177/5177 5356/5356 5791/5791
f 1579/1579 1573/1573 1555/1555
f 1568/1568 1579/1579 1555/1555
f 5986/5986 5779/5779 6146/6146
f 5589/5589 5432/5432 5556/5556
f 6773/6773 6761/6761 6766/6766
f 6788/6788 6780/6780 6787/6787
f 907/907 257/257 5270/5270
f 2537/2537 2271/2271 2679/2679
f 2679/2679 2293/2293 2312/2312
f 2298/2298 2312/2312 2293/2293
f 2679/2679 2298/2298 2293/2293
f 2271/2271 2537/2537 2409/2409
f 2537/2537 2490/2490 2409/2409
f 2754/2754 2537/2537 2679/2679
f 2537/2537 2754/2754 2760/2760
f 2784/2784 2760/2760 2754/2754
f 2186/2186 2368/2368 2760/2760
f 1330/1330 2368/2368 2186/2186
f 1140/1140 2368/2368 1330/1330
f 2145/2145 2121/2121 2138/2138
f 5777/5777 5982/5982 5814/5814
f 5806/5806 5814/5814 5982/5982
f 5777/5777 5814/5814 5806/5806
f 5837/5837 6146/6146 5779/5779
f 6307/6307 5837/5837 5779/5779
f 1109/1109 1613/1613 1143/1143
f 5986/5986 5837/5837 6307/6307
f 5986/5986 6307/6307 5779/5779
f 1073/1073 693/693 784/784
f 693/693 1073/1073 639/639
f 4474/4474 4490/4490 4498/4498
f 4493/4493 4498/4498 4490/4490
f 4484/4484 4493/4493 4490/4490
f 4498/4498 4493/4493 4484/4484
f 4511/4511 4474/4474 4498/4498
f 4371/4371 4511/4511 4484/4484
f 4512/4512 4511/4511 4371/4371
f 4512/4512 4474/4474 4511/4511
f 6938/6938 6896/6896 6941/6941
f 2232/2232 2262/2262 2679/2679
f 2220/2220 2262/2262 2232/2232
f 2220/2220 2232/2232 2679/2679
f 2271/2271 2220/2220 2679/2679
f 5885/5885 5875/5875 5887/5887
f 5865/5865 5885/5885 5887/5887
f 5870/5870 5885/5885 5865/5865
f 5870/5870 5887/5887 5875/5875
f 5885/5885 5870/5870 5875/5875
f 6482/6482 6213/6213 6125/6125
f 6125/6125 6128/6128 6482/6482
f 6151/6151 6128/6128 6125/6125
f 6151/6151 6125/6125 6213/6213
f 6482/6482 6524/6524 6213/6213
f 6151/6151 6524/6524 6482/6482
f 1307/1307 868/868 1526/1526
f 6687/6687 6270/6270 6418/6418
f 6687/6687 6418/6418 6652/6652
f 6702/6702 6687/6687 6688/6688
f 6688/6688 6687/6687 6673/6673
f 6673/6673 6702/6702 6688/6688
f 3086/3086 3237/3237 3120/3120
f 3187/3187 3086/3086 3120/3120
f 3187/3187 3120/3120 3237/3237
f 3222/3222 3187/3187 3237/3237
f 3247/3247 3222/3222 3237/3237
f 3187/3187 3222/3222 3247/3247
f 2550/2550 747/747 948/948
f 2987/2987 2267/2267 3046/3046
f 2189/2189 3046/3046 2174/2174
f 2147/2147 3046/3046 2189/2189
f 2174/2174 2147/2147 2189/2189
f 3084/3084 2999/2999 3074/3074
f 3073/3073 3084/3084 3074/3074
f 2999/2999 3073/3073 3074/3074
f 3015/3015 3073/3073 2999/2999
f 2990/2990 3015/3015 2999/2999
f 2990/2990 3073/3073 3015/3015
f 2446/2446 2409/2409 2490/2490
f 2760/2760 2490/2490 2537/2537
f 2426/2426 2445/2445 2487/2487
f 2394/2394 2487/2487 2445/2445
f 2394/2394 2445/2445 2426/2426
f 2394/2394 2426/2426 2271/2271
f 2490/2490 2760/2760 2368/2368
f 2368/2368 2426/2426 2490/2490
f 2426/2426 2368/2368 2271/2271
f 2271/2271 2409/2409 2394/2394
f 2446/2446 2415/2415 2409/2409
f 2490/2490 2415/2415 2446/2446
f 2658/2658 2819/2819 2349/2349
f 2906/2906 2895/2895 2918/2918
f 2719/2719 2658/2658 2349/2349
f 2800/2800 2803/2803 2840/2840
f 2877/2877 2658/2658 2719/2719
f 2860/2860 2877/2877 2869/2869
f 2840/2840 2877/2877 2860/2860
f 2869/2869 2840/2840 2860/2860
f 2800/2800 2840/2840 2802/2802
f 2803/2803 2800/2800 2802/2802
f 2790/2790 2735/2735 2803/2803
f 2705/2705 2803/2803 2735/2735
f 2790/2790 2705/2705 2735/2735
f 2806/2806 2819/2819 2790/2790
f 2802/2802 2806/2806 2790/2790
f 2802/2802 2819/2819 2806/2806
f 2907/2907 2863/2863 2899/2899
f 2205/2205 2864/2864 3052/3052
f 3157/3157 3171/3171 3172/3172
f 3128/3128 3295/3295 3052/3052
f 3128/3128 3052/3052 2971/2971
f 3076/3076 2971/2971 3052/3052
f 3022/3022 3076/3076 3052/3052
f 3022/3022 3052/3052 3020/3020
f 3054/3054 3022/3022 3050/3050
f 3004/3004 3020/3020 3052/3052
f 2719/2719 2802/2802 2877/2877
f 3004/3004 2802/2802 2719/2719
f 3020/3020 3004/3004 2719/2719
f 3054/3054 3050/3050 3076/3076
f 3076/3076 3022/3022 3054/3054
f 3128/3128 2971/2971 3020/3020
f 2719/2719 3128/3128 3020/3020
f 7203/7203 7083/7083 7205/7205
f 6951/6951 6934/6934 6937/6937
f 6937/6937 6934/6934 6953/6953
f 6807/6807 6951/6951 7068/7068
f 6953/6953 6951/6951 6937/6937
f 6524/6524 6151/6151 6213/6213
f 1033/1033 1135/1135 1984/1984
f 1116/1116 1033/1033 1984/1984
f 1027/1027 1033/1033 1116/1116
f 1014/1014 1033/1033 1027/1027
f 1116/1116 1014/1014 1027/1027
f 7051/7051 6807/6807 7107/7107
f 7164/7164 7051/7051 7107/7107
f 7068/7068 7205/7205 7083/7083
f 6807/6807 7068/7068 7083/7083
f 7051/7051 7050/7050 6807/6807
f 753/753 4903/4903 4856/4856
f 4949/4949 4935/4935 4856/4856
f 4952/4952 4949/4949 4856/4856
f 753/753 4856/4856 5255/5255
f 4935/4935 4949/4949 4952/4952
f 753/753 5255/5255 89/89
f 5255/5255 5699/5699 89/89
f 7202/7202 7169/7169 7197/7197
f 5108/5108 5027/5027 39/39
f 4995/4995 5027/5027 5108/5108
f 2657/2657 2349/2349 2354/2354
f 2719/2719 2349/2349 2657/2657
f 2710/2710 2716/2716 2657/2657
f 2354/2354 3295/3295 2657/2657
f 3295/3295 2719/2719 2657/2657
f 2354/2354 2685/2685 3295/3295
f 1660/1660 2110/2110 2051/2051
f 5255/5255 5821/5821 5699/5699
f 7175/7175 7202/7202 7197/7197
f 7175/7175 7208/7208 7202/7202
f 3310/3310 3333/3333 3275/3275
f 3135/3135 3333/3333 3310/3310
f 3327/3327 3135/3135 3310/3310
f 3326/3326 3327/3327 3310/3310
f 3135/3135 3327/3327 3326/3326
f 3275/3275 3333/3333 3135/3135
f 3048/3048 3250/3250 3173/3173
f 1526/1526 1713/1713 1610/1610
f 1143/1143 1713/1713 1526/1526
f 5339/5339 5471/5471 5249/5249
f 3048/3048 3179/3179 3188/3188
f 3200/3200 3188/3188 3179/3179
f 3200/3200 3179/3179 3048/3048
f 3200/3200 3048/3048 3173/3173
f 3250/3250 3200/3200 3173/3173
f 4901/4901 5270/5270 257/257
f 257/257 833/833 776/776
f 833/833 257/257 921/921
f 588/588 921/921 907/907
f 328/328 257/257 873/873
f 776/776 873/873 257/257
f 5185/5185 5356/5356 5177/5177
f 5185/5185 5177/5177 5339/5339
f 6519/6519 6593/6593 6453/6453
f 6593/6593 6519/6519 6847/6847
f 6519/6519 6504/6504 6513/6513
f 6831/6831 6519/6519 6513/6513
f 6831/6831 6513/6513 6504/6504
f 6831/6831 6847/6847 6519/6519
f 6593/6593 6847/6847 6575/6575
f 6577/6577 6593/6593 6575/6575
f 6575/6575 6612/6612 6577/6577
f 6610/6610 6575/6575 6641/6641
f 6613/6613 6575/6575 6610/6610
f 6641/6641 6613/6613 6610/6610
f 6708/6708 6612/6612 6641/6641
f 6708/6708 6577/6577 6612/6612
f 6575/6575 6708/6708 6641/6641
f 6847/6847 6708/6708 6575/6575
f 6847/6847 6703/6703 6708/6708
f 6831/6831 6703/6703 6847/6847
f 5489/5489 5957/5957 5459/5459
f 5459/5459 4910/4910 58/58
f 6708/6708 6553/6553 6577/6577
f 6593/6593 6577/6577 6553/6553
f 6553/6553 6453/6453 6593/6593
f 7203/7203 7164/7164 7083/7083
f 7128/7128 7083/7083 7164/7164
f 7124/7124 7135/7135 7128/7128
f 7127/7127 7128/7128 7135/7135
f 7083/7083 7128/7128 7127/7127
f 7124/7124 7127/7127 7135/7135
f 6807/6807 7083/7083 7107/7107
f 7083/7083 7127/7127 7107/7107
f 6048/6048 5957/5957 6002/6002
f 4910/4910 5957/5957 6048/6048
f 5968/5968 6467/6467 6124/6124
f 6110/6110 6467/6467 5968/5968
f 6124/6124 6110/6110 5968/5968
f 6467/6467 6110/6110 6124/6124
f 6107/6107 6381/6381 6310/6310
f 6410/6410 6107/6107 6310/6310
f 6381/6381 6410/6410 6310/6310
f 834/834 544/544 753/753
f 463/463 543/543 544/544
f 463/463 471/471 543/543
f 471/471 544/544 543/543
f 753/753 544/544 5844/5844
f 5844/5844 4903/4903 753/753
f 6408/6408 6250/6250 6013/6013
f 6090/6090 6250/6250 6408/6408
f 1450/1450 1426/1426 1390/1390
f 1882/1882 1382/1382 1683/1683
f 1768/1768 1858/1858 1683/1683
f 1791/1791 1858/1858 1768/1768
f 1882/1882 1858/1858 1791/1791
f 1683/1683 1858/1858 1882/1882
f 1382/1382 1882/1882 1791/1791
f 1143/1143 868/868 900/900
f 1526/1526 868/868 1143/1143
f 1065/1065 1143/1143 900/900
f 1024/1024 1058/1058 1065/1065
f 1109/1109 1058/1058 1024/1024
f 1065/1065 1058/1058 1109/1109
f 1143/1143 1065/1065 1109/1109
f 1506/1506 1453/1453 1025/1025
f 1515/1515 1025/1025 1453/1453
f 1515/1515 1531/1531 1512/1512
f 1551/1551 1531/1531 1515/1515
f 1531/1531 1551/1551 1512/1512
f 1515/1515 1453/1453 1551/1551
f 1530/1530 1551/1551 1453/1453
f 1453/1453 276/276 1530/1530
f 1453/1453 533/533 276/276
f 276/276 533/533 491/491
f 1453/1453 491/491 533/533
f 430/430 456/456 533/533
f 491/491 533/533 456/456
f 430/430 491/491 456/456
f 4937/4937 276/276 491/491
f 1453/1453 4937/4937 491/491
f 6703/6703 6553/6553 6708/6708
f 631/631 687/687 688/688
f 707/707 749/749 682/682
f 5532/5532 1506/1506 5962/5962
f 5532/5532 6556/6556 4937/4937
f 5846/5846 5801/5801 5816/5816
f 6143/6143 6126/6126 6165/6165
f 6500/6500 6476/6476 6556/6556
f 5021/5021 6476/6476 6500/6500
f 5021/5021 6556/6556 6476/6476
f 4937/4937 6556/6556 5021/5021
f 6324/6324 6373/6373 6356/6356
f 5825/5825 5874/5874 5889/5889
f 5427/5427 5494/5494 5418/5418
f 34/34 4877/4877 4912/4912
f 276/276 4937/4937 454/454
f 454/454 4937/4937 5021/5021
f 454/454 414/414 400/400
f 738/738 400/400 414/414
f 454/454 400/400 738/738
f 1530/1530 276/276 738/738
f 454/454 738/738 276/276
f 6159/6159 6668/6668 6074/6074
f 6159/6159 6301/6301 6668/6668
f 6292/6292 6301/6301 6159/6159
f 6505/6505 6301/6301 6292/6292
f 6505/6505 6576/6576 6301/6301
f 6940/6940 6576/6576 6505/6505
f 6576/6576 6940/6940 6954/6954
f 6668/6668 6576/6576 6954/6954
f 7035/7035 6954/6954 6940/6940
f 6767/6767 6954/6954 7035/7035
f 6954/6954 6767/6767 6668/6668
f 6720/6720 6589/6589 6367/6367
f 3362/3362 2267/2267 2987/2987
f 2024/2024 2220/2220 2271/2271
f 2024/2024 2271/2271 1140/1140
f 901/901 1073/1073 747/747
f 6760/6760 6768/6768 6765/6765
f 6576/6576 6668/6668 6301/6301
f 3983/3983 3900/3900 3968/3968
f 3942/3942 3983/3983 3968/3968
f 3942/3942 3968/3968 3900/3900
f 3923/3923 3942/3942 3900/3900
f 4384/4384 3942/3942 4302/4302
f 4937/4937 1506/1506 5532/5532
f 5708/5708 5558/5558 5707/5707
f 5560/5560 5717/5717 5598/5598
f 2616/2616 2601/2601 2586/2586
f 5478/5478 5518/5518 5496/5496
f 7183/7183 7118/7118 7204/7204
f 1506/1506 1129/1129 5962/5962
f 314/314 5962/5962 1129/1129
f 314/314 837/837 812/812
f 812/812 837/837 863/863
f 314/314 863/863 837/837
f 1129/1129 863/863 314/314
f 3809/3809 3923/3923 3900/3900
f 3942/3942 3923/3923 3809/3809
f 4302/4302 3942/3942 3809/3809
f 3765/3765 4302/4302 3809/3809
f 3708/3708 4384/4384 4302/4302
f 3673/3673 4384/4384 3708/3708
f 3525/3525 3673/3673 3708/3708
f 3697/3697 3525/3525 3708/3708
f 3525/3525 3697/3697 3709/3709
f 3705/3705 3709/3709 3697/3697
f 3705/3705 3525/3525 3709/3709
f 3725/3725 3697/3697 3746/3746
f 3765/3765 3725/3725 3746/3746
f 3765/3765 3746/3746 3697/3697
f 3765/3765 3697/3697 4302/4302
f 2864/2864 3004/3004 3052/3052
f 2368/2368 1140/1140 2271/2271
f 7198/7198 7125/7125 7189/7189
f 7150/7150 7189/7189 7125/7125
f 7178/7178 7125/7125 7195/7195
f 7172/7172 7178/7178 7195/7195
f 7172/7172 7195/7195 7187/7187
f 7195/7195 7125/7125 7198/7198
f 7187/7187 7195/7195 7198/7198
f 6013/6013 6250/6250 6090/6090
f 7097/7097 7197/7197 7169/7169
f 7161/7161 7197/7197 7097/7097
f 7163/7163 7166/7166 7097/7097
f 7161/7161 7166/7166 7163/7163
f 7161/7161 7163/7163 7097/7097
f 7161/7161 7142/7142 7197/7197
f 6973/6973 7010/7010 7097/7097
f 7089/7089 7010/7010 7086/7086
f 2784/2784 2186/2186 2760/2760
f 1025/1025 863/863 1129/1129
f 949/949 932/932 977/977
f 941/941 960/960 1032/1032
f 1453/1453 1506/1506 4937/4937
f 7183/7183 6999/6999 7118/7118
f 2038/2038 2220/2220 2024/2024
f 1140/1140 2038/2038 2024/2024
f 5331/5331 5322/5322 5338/5338
f 2307/2307 2292/2292 2304/2304
f 2288/2288 2292/2292 2307/2307
f 2288/2288 2304/2304 2292/2292
f 1911/1911 2288/2288 3270/3270
f 2131/2131 1911/1911 1452/1452
f 2131/2131 2288/2288 1911/1911
f 1469/1469 1911/1911 1360/1360
f 1355/1355 1469/1469 1360/1360
f 1360/1360 1911/1911 715/715
f 1275/1275 715/715 1911/1911
f 595/595 715/715 1275/1275
f 635/635 1360/1360 715/715
f 1355/1355 1360/1360 1415/1415
f 1469/1469 1355/1355 1415/1415
f 1452/1452 1469/1469 1360/1360
f 1452/1452 1911/1911 1469/1469
f 635/635 455/455 1452/1452
f 455/455 2131/2131 1452/1452
f 1360/1360 635/635 1452/1452
f 595/595 635/635 715/715
f 455/455 635/635 518/518
f 595/595 518/518 635/635
f 518/518 595/595 493/493
f 461/461 455/455 518/518
f 493/493 461/461 518/518
f 1143/1143 1613/1613 2401/2401
f 2914/2914 2861/2861 2887/2887
f 2575/2575 1911/1911 2780/2780
f 1275/1275 1911/1911 2575/2575
f 3031/3031 1911/1911 3270/3270
f 2904/2904 1911/1911 3031/3031
f 1438/1438 1580/1580 1749/1749
f 1504/1504 1076/1076 1749/1749
f 1504/1504 1749/1749 1582/1582
f 1476/1476 1504/1504 1482/1482
f 1486/1486 1482/1482 1504/1504
f 1476/1476 1482/1482 1486/1486
f 7143/7143 7142/7142 7065/7065
f 7141/7141 7143/7143 7131/7131
f 7104/7104 7143/7143 7141/7141
f 7104/7104 7141/7141 7131/7131
f 7142/7142 7143/7143 7104/7104
f 7120/7120 7138/7138 7131/7131
f 7140/7140 7131/7131 7138/7138
f 7120/7120 7140/7140 7138/7138
f 7104/7104 7162/7162 7142/7142
f 7142/7142 7175/7175 7197/7197
f 7142/7142 7097/7097 7010/7010
f 7161/7161 7097/7097 7142/7142
f 1129/1129 1506/1506 1025/1025
f 1660/1660 2051/2051 1588/1588
f 2110/2110 1660/1660 1588/1588
f 6194/6194 264/264 5258/5258
f 5691/5691 264/264 6194/6194
f 5334/5334 264/264 5691/5691
f 5725/5725 264/264 5334/5334
f 5666/5666 5334/5334 5756/5756
f 5725/5725 5334/5334 5666/5666
f 5334/5334 5691/5691 5260/5260
f 5666/5666 5756/5756 5725/5725
f 5725/5725 5334/5334 5260/5260
f 264/264 77/77 5258/5258
f 77/77 264/264 5260/5260
f 5260/5260 264/264 5725/5725
f 588/588 4901/4901 328/328
f 921/921 588/588 328/328
f 921/921 328/328 873/873
f 833/833 921/921 873/873
f 796/796 833/833 759/759
f 776/776 833/833 796/796
f 759/759 776/776 796/796
f 7072/7072 7070/7070 7071/7071
f 7070/7070 7079/7079 7071/7071
f 7079/7079 7070/7070 7072/7072
f 7079/7079 7062/7062 7071/7071
f 7093/7093 7096/7096 7090/7090
f 7081/7081 7110/7110 7084/7084
f 7079/7079 7081/7081 7084/7084
f 7110/7110 7079/7079 7084/7084
f 7117/7117 7116/7116 7110/7110
f 7126/7126 7116/7116 7117/7117
f 7126/7126 7110/7110 7116/7116
f 7133/7133 7132/7132 7126/7126
f 7136/7136 7132/7132 7133/7133
f 7136/7136 7126/7126 7132/7132
f 7062/7062 7126/7126 7136/7136
f 7049/7049 7062/7062 7136/7136
f 823/823 4929/4929 51/51
f 4859/4859 32/32 24/24
f 40/40 24/24 32/32
f 4859/4859 24/24 40/40
f 4158/4158 3726/3726 4282/4282
f 3697/3697 3708/3708 4302/4302
f 3762/3762 2270/2270 3496/3496
f 3791/3791 3762/3762 3788/3788
f 3793/3793 3788/3788 3762/3762
f 3791/3791 3788/3788 3793/3793
f 3496/3496 3793/3793 3762/3762
f 6856/6856 6993/6993 6974/6974
f 7010/7010 6974/6974 6993/6993
f 6973/6973 6856/6856 6974/6974
f 7010/7010 6973/6973 6974/6974
f 7010/7010 6993/6993 7065/7065
f 3543/3543 4607/4607 4575/4575
f 1588/1588 2051/2051 2110/2110
f 7110/7110 7062/7062 7079/7079
f 2987/2987 3046/3046 3362/3362
f 2354/2354 2327/2327 2685/2685
f 2349/2349 2327/2327 2354/2354
f 6089/6089 6120/6120 6079/6079
f 6042/6042 6079/6079 6120/6120
f 6089/6089 6079/6079 6042/6042
f 6042/6042 6044/6044 6089/6089
f 6555/6555 6044/6044 6042/6042
f 6555/6555 6089/6089 6044/6044
f 7004/7004 7118/7118 6999/6999
f 7207/7207 7118/7118 7004/7004
f 7207/7207 7004/7004 6999/6999
f 3726/3726 4471/4471 4282/4282
f 3772/3772 3676/3676 3795/3795
f 3757/3757 3772/3772 3750/3750
f 3700/3700 3676/3676 3772/3772
f 3700/3700 3772/3772 3757/3757
f 3700/3700 3757/3757 3750/3750
f 3795/3795 3676/3676 3475/3475
f 3585/3585 3676/3676 3700/3700
f 1413/1413 3676/3676 3585/3585
f 3492/3492 3676/3676 3459/3459
f 3513/3513 3459/3459 3482/3482
f 3513/3513 3482/3482 3492/3492
f 3492/3492 3482/3482 3459/3459
f 3459/3459 3676/3676 1413/1413
f 1413/1413 3492/3492 3459/3459
f 3475/3475 3492/3492 1413/1413
f 3676/3676 3492/3492 3475/3475
f 3795/3795 3475/3475 881/881
f 881/881 3349/3349 3795/3795
f 84/84 119/119 5795/5795
f 5310/5310 5335/5335 5299/5299
f 183/183 469/469 5795/5795
f 183/183 439/439 469/469
f 312/312 183/183 350/350
f 409/409 416/416 377/377
f 377/377 312/312 469/469
f 409/409 377/377 469/469
f 350/350 469/469 312/312
f 469/469 439/439 409/409
f 416/416 409/409 439/439
f 350/350 528/528 469/469
f 119/119 528/528 350/350
f 4953/4953 119/119 350/350
f 119/119 4953/4953 5795/5795
f 84/84 5795/5795 5781/5781
f 5922/5922 5781/5781 5941/5941
f 5946/5946 5922/5922 5941/5941
f 5781/5781 5946/5946 5941/5941
f 5923/5923 5781/5781 5795/5795
f 3503/3503 3785/3785 3621/3621
f 3293/3293 3785/3785 3503/3503
f 3345/3345 3785/3785 3293/3293
f 3231/3231 3345/3345 3293/3293
f 3343/3343 3345/3345 3499/3499
f 3343/3343 3499/3499 3340/3340
f 3348/3348 3340/3340 3341/3341
f 3337/3337 3348/3348 3341/3341
f 3337/3337 3341/3341 3340/3340
f 3337/3337 3340/3340 3499/3499
f 3345/3345 3343/3343 3337/3337
f 3337/3337 3785/3785 3345/3345
f 3499/3499 3785/3785 3337/3337
f 3499/3499 3231/3231 3117/3117
f 3345/3345 3231/3231 3499/3499
f 3255/3255 3231/3231 3271/3271
f 3209/3209 3255/3255 3271/3271
f 3209/3209 3231/3231 3255/3255
f 3117/3117 3231/3231 3209/3209
f 3112/3112 3117/3117 3209/3209
f 3569/3569 3112/3112 3209/3209
f 3193/3193 3208/3208 3569/3569
f 3210/3210 3569/3569 3208/3208
f 3210/3210 3208/3208 3193/3193
f 3890/3890 3112/3112 3569/3569
f 3606/3606 3890/3890 3569/3569
f 3620/3620 3606/3606 3569/3569
f 3890/3890 3606/3606 3620/3620
f 3846/3846 3112/3112 3890/3890
f 3589/3589 3112/3112 3846/3846
f 3792/3792 3589/3589 3846/3846
f 3779/3779 3792/3792 3846/3846
f 3779/3779 3589/3589 3792/3792
f 3589/3589 3499/3499 3112/3112
f 3621/3621 3499/3499 3589/3589
f 3625/3625 3621/3621 3589/3589
f 3662/3662 3626/3626 3625/3625
f 3626/3626 3627/3627 3625/3625
f 3662/3662 3627/3627 3626/3626
f 3621/3621 3627/3627 3662/3662
f 3621/3621 3625/3625 3627/3627
f 3662/3662 3503/3503 3621/3621
f 3128/3128 2719/2719 3295/3295
f 118/118 119/119 84/84
f 129/129 109/109 106/106
f 118/118 106/106 109/109
f 129/129 118/118 109/109
f 119/119 118/118 528/528
f 3479/3479 3335/3335 3165/3165
f 3581/3581 3639/3639 3615/3615
f 3273/3273 3501/3501 3639/3639
f 3273/3273 3639/3639 3320/3320
f 3335/3335 3273/3273 3320/3320
f 3639/3639 3165/3165 3615/3615
f 3320/3320 3615/3615 3165/3165
f 3320/3320 3581/3581 3615/3615
f 3639/3639 3581/3581 3320/3320
f 3605/3605 3615/3615 3579/3579
f 3581/3581 3605/3605 3579/3579
f 3581/3581 3615/3615 3605/3605
f 2547/2547 3349/3349 2516/2516
f 3349/3349 2479/2479 2516/2516
f 2479/2479 2547/2547 2516/2516
f 3349/3349 881/881 2479/2479
f 2285/2285 2328/2328 2479/2479
f 2287/2287 2328/2328 2285/2285
f 2287/2287 2285/2285 2479/2479
f 881/881 2287/2287 2479/2479
f 2194/2194 2287/2287 881/881
f 907/907 921/921 257/257
f 7175/7175 7142/7142 7162/7162
f 7061/7061 7151/7151 7162/7162
f 6989/6989 7037/7037 6993/6993
f 6994/6994 6989/6989 6993/6993
f 6967/6967 6989/6989 6986/6986
f 6935/6935 6967/6967 6986/6986
f 7046/7046 7065/7065 6993/6993
f 7086/7086 7010/7010 7065/7065
f 7089/7089 7086/7086 7065/7065
f 7089/7089 7095/7095 7094/7094
f 7086/7086 7094/7094 7095/7095
f 7086/7086 7095/7095 7089/7089
f 7010/7010 7089/7089 7142/7142
f 7142/7142 7089/7089 7065/7065
f 3475/3475 1413/1413 881/881
f 6799/6799 7018/7018 7062/7062
f 6803/6803 6799/6799 6813/6813
f 6820/6820 6813/6813 6799/6799
f 6803/6803 6813/6813 6820/6820
f 6818/6818 6803/6803 6799/6799
f 6812/6812 6803/6803 6818/6818
f 6907/6907 6812/6812 6818/6818
f 6869/6869 6852/6852 6864/6864
f 6879/6879 6907/6907 6818/6818
f 6879/6879 6901/6901 6907/6907
f 6889/6889 6907/6907 6901/6901
f 6886/6886 6901/6901 6880/6880
f 6889/6889 6901/6901 6886/6886
f 6879/6879 6886/6886 6880/6880
f 6889/6889 6886/6886 6879/6879
f 6799/6799 6879/6879 6818/6818
f 7062/7062 6889/6889 6799/6799
f 6907/6907 6889/6889 7062/7062
f 7071/7071 7062/7062 7018/7018
f 6997/6997 7062/7062 7049/7049
f 7007/7007 7013/7013 7019/7019
f 6997/6997 7013/7013 7007/7007
f 7019/7019 7013/7013 6997/6997
f 6798/6798 7062/7062 6997/6997
f 6849/6849 6862/6862 6858/6858
f 6850/6850 6862/6862 6849/6849
f 6858/6858 6862/6862 6850/6850
f 6850/6850 6837/6837 6858/6858
f 1366/1366 2158/2158 1712/1712
f 1735/1735 2158/2158 1532/1532
f 1366/1366 1532/1532 2158/2158
f 2043/2043 2264/2264 2532/2532
f 2532/2532 2264/2264 2281/2281
f 2581/2581 2572/2572 2552/2552
f 2281/2281 2500/2500 2532/2532
f 2322/2322 2500/2500 2281/2281
f 2196/2196 2281/2281 2154/2154
f 2322/2322 2281/2281 1985/1985
f 2154/2154 2281/2281 2322/2322
f 2196/2196 2154/2154 2322/2322
f 2924/2924 2322/2322 2066/2066
f 2924/2924 2500/2500 2322/2322
f 2924/2924 2066/2066 2331/2331
f 2066/2066 2009/2009 2331/2331
f 2040/2040 2924/2924 2331/2331
f 2031/2031 2040/2040 2331/2331
f 2009/2009 2031/2031 2331/2331
f 2020/2020 2031/2031 2009/2009
f 2020/2020 2009/2009 2066/2066
f 2066/2066 2003/2003 2020/2020
f 1970/1970 2020/2020 2003/2003
f 1970/1970 2003/2003 2021/2021
f 2066/2066 2021/2021 2003/2003
f 1958/1958 1970/1970 2021/2021
f 1958/1958 2021/2021 2066/2066
f 1964/1964 1958/1958 2066/2066
f 2058/2058 2106/2106 2119/2119
f 2322/2322 1964/1964 2066/2066
f 1926/1926 1964/1964 1985/1985
f 1964/1964 1926/1926 1958/1958
f 1860/1860 1926/1926 1985/1985
f 1848/1848 1860/1860 1985/1985
f 1889/1889 1860/1860 1848/1848
f 1985/1985 1889/1889 1848/1848
f 1964/1964 2322/2322 1985/1985
f 2264/2264 1985/1985 2281/2281
f 2043/2043 2532/2532 2299/2299
f 2299/2299 2317/2317 2342/2342
f 2317/2317 2265/2265 2342/2342
f 2265/2265 2317/2317 2299/2299
f 1735/1735 2299/2299 2532/2532
f 2265/2265 2299/2299 1735/1735
f 2043/2043 2265/2265 1735/1735
f 2033/2033 2071/2071 2070/2070
f 1076/1076 1338/1338 1154/1154
f 1749/1749 1076/1076 1154/1154
f 7207/7207 7204/7204 7118/7118
f 7209/7209 7183/7183 7204/7204
f 7209/7209 7204/7204 7207/7207
f 1580/1580 1528/1528 1543/1543
f 1566/1566 1543/1543 1528/1528
f 1566/1566 1580/1580 1543/1543
f 1749/1749 1580/1580 1566/1566
f 1582/1582 1749/1749 1566/1566
f 1367/1367 1379/1379 1391/1391
f 1154/1154 1391/1391 1379/1379
f 1367/1367 1154/1154 1379/1379
f 1338/1338 1391/1391 1154/1154
f 1438/1438 1154/1154 1367/1367
f 1749/1749 1154/1154 1438/1438
f 405/405 333/333 1228/1228
f 2542/2542 1712/1712 2158/2158
f 2614/2614 1712/1712 2542/2542
f 3049/3049 2923/2923 3080/3080
f 3095/3095 3049/3049 3080/3080
f 3099/3099 3049/3049 3095/3095
f 3099/3099 3095/3095 3080/3080
f 2919/2919 3080/3080 2923/2923
f 2962/2962 3009/3009 2992/2992
f 2992/2992 3009/3009 3080/3080
f 3080/3080 2962/2962 2992/2992
f 2919/2919 2924/2924 3080/3080
f 2943/2943 2944/2944 2969/2969
f 2903/2903 2944/2944 2943/2943
f 2903/2903 2943/2943 2969/2969
f 2856/2856 2891/2891 2923/2923
f 2923/2923 2818/2818 2856/2856
f 2818/2818 2923/2923 2807/2807
f 2937/2937 2807/2807 2923/2923
f 2831/2831 2674/2674 2807/2807
f 2807/2807 2674/2674 2818/2818
f 2703/2703 2818/2818 2674/2674
f 2532/2532 2818/2818 2703/2703
f 2856/2856 2818/2818 2532/2532
f 2882/2882 2856/2856 2532/2532
f 2875/2875 2843/2843 2882/2882
f 2891/2891 2843/2843 2875/2875
f 2882/2882 2891/2891 2875/2875
f 2919/2919 2923/2923 2891/2891
f 2882/2882 2919/2919 2891/2891
f 2919/2919 2882/2882 2532/2532
f 2924/2924 2919/2919 2500/2500
f 2919/2919 2532/2532 2500/2500
f 7208/7208 7175/7175 7151/7151
f 7151/7151 7175/7175 7162/7162
f 77/77 5260/5260 6772/6772
f 6772/6772 6747/6747 77/77
f 6726/6726 6747/6747 6772/6772
f 5691/5691 6726/6726 6772/6772
f 6407/6407 6726/6726 5691/5691
f 6385/6385 6726/6726 6407/6407
f 6382/6382 6726/6726 6385/6385
f 6407/6407 6382/6382 6385/6385
f 3496/3496 2795/2795 2917/2917
f 3534/3534 3496/3496 2917/2917
f 2795/2795 3496/3496 2270/2270
f 2795/2795 3534/3534 2917/2917
f 4471/4471 3726/3726 4158/4158
f 3320/3320 3165/3165 3335/3335
f 1330/1330 2038/2038 1140/1140
f 128/128 244/244 125/125
f 285/285 125/125 244/244
f 315/315 340/340 128/128
f 7110/7110 7126/7126 7062/7062
f 5980/5980 6083/6083 6015/6015
f 7149/7149 7150/7150 7148/7148
f 7147/7147 7149/7149 7148/7148
f 7147/7147 7148/7148 7150/7150
f 7125/7125 7147/7147 7150/7150
f 7146/7146 7147/7147 7125/7125
f 7178/7178 7172/7172 7146/7146
f 7146/7146 7125/7125 7178/7178
f 6335/6335 6809/6809 6378/6378
f 6401/6401 6335/6335 6378/6378
f 6809/6809 6401/6401 6378/6378
f 6332/6332 6335/6335 6401/6401
f 6351/6351 6335/6335 6332/6332
f 6758/6758 6401/6401 6809/6809
f 6351/6351 6332/6332 6401/6401
f 6742/6742 6749/6749 6759/6759
f 4242/4242 4266/4266 4209/4209
f 4242/4242 4222/4222 4266/4266
f 4282/4282 4222/4222 4266/4266
f 4471/4471 4222/4222 4282/4282
f 4242/4242 4209/4209 4222/4222
f 1771/1771 1802/1802 1786/1786
f 1779/1779 1721/1721 1807/1807
f 19/19 4922/4922 5713/5713
f 6033/6033 5928/5928 6064/6064
f 6036/6036 5928/5928 6033/6033
f 6031/6031 6036/6036 6033/6033
f 5933/5933 6036/6036 5624/5624
f 5701/5701 5933/5933 5624/5624
f 5928/5928 6036/6036 5933/5933
f 3399/3399 3386/3386 3384/3384
f 3386/3386 3309/3309 3384/3384
f 3309/3309 3399/3399 3384/3384
f 3098/3098 3280/3280 3309/3309
f 3309/3309 3280/3280 3254/3254
f 3143/3143 3254/3254 3280/3280
f 3143/3143 3280/3280 3098/3098
f 3143/3143 3098/3098 3067/3067
f 3027/3027 3067/3067 3098/3098
f 3051/3051 3143/3143 3067/3067
f 3027/3027 3051/3051 3067/3067
f 3257/3257 2930/2930 2785/2785
f 3412/3412 2930/2930 3257/3257
f 3305/3305 2930/2930 3412/3412
f 3412/3412 3400/3400 3305/3305
f 3400/3400 3412/3412 3368/3368
f 3368/3368 3412/3412 3156/3156
f 3400/3400 3368/3368 3156/3156
f 4895/4895 5713/5713 4922/4922
f 945/945 4895/4895 565/565
f 4895/4895 431/431 565/565
f 19/19 431/431 4922/4922
f 138/138 135/135 167/167
f 431/431 4895/4895 4922/4922
f 945/945 565/565 431/431
f 945/945 1087/1087 956/956
f 1087/1087 945/945 980/980
f 1006/1006 1087/1087 980/980
f 945/945 1006/1006 980/980
f 956/956 1087/1087 1007/1007
f 956/956 1007/1007 4895/4895
f 945/945 956/956 4895/4895
f 6834/6834 6993/6993 6856/6856
f 6815/6815 6827/6827 6834/6834
f 6802/6802 6834/6834 6792/6792
f 6815/6815 6834/6834 6802/6802
f 6815/6815 6802/6802 6792/6792
f 6993/6993 6797/6797 6994/6994
f 6827/6827 6815/6815 6797/6797
f 6993/6993 6827/6827 6797/6797
f 6834/6834 6827/6827 6993/6993
f 597/597 4929/4929 480/480
f 597/597 480/480 823/823
f 4929/4929 823/823 480/480
f 5933/5933 6064/6064 5928/5928
f 6022/6022 6064/6064 5933/5933
f 6091/6091 6122/6122 6098/6098
f 6022/6022 6098/6098 6122/6122
f 2068/2068 2034/2034 2047/2047
f 2048/2048 2047/2047 2034/2034
f 2068/2068 2047/2047 2048/2048
f 1652/1652 2169/2169 2048/2048
f 2910/2910 3070/3070 2880/2880
f 2935/2935 2928/2928 2910/2910
f 2983/2983 2928/2928 2935/2935
f 2910/2910 2928/2928 2983/2983
f 2983/2983 3070/3070 2910/2910
f 3204/3204 3070/3070 2983/2983
f 3070/3070 3163/3163 2880/2880
f 6428/6428 6496/6496 6502/6502
f 6496/6496 6428/6428 6404/6404
f 6404/6404 6428/6428 6502/6502
f 6404/6404 6502/6502 5260/5260
f 5260/5260 6502/6502 6772/6772
f 6772/6772 6502/6502 6404/6404
f 6404/6404 5691/5691 6772/6772
f 5260/5260 5691/5691 6404/6404
f 6767/6767 6074/6074 6668/6668
f 2674/2674 2158/2158 2532/2532
f 943/943 906/906 946/946
f 1228/1228 745/745 881/881
f 881/881 745/745 664/664
f 664/664 745/745 685/685
f 537/537 685/685 745/745
f 537/537 664/664 685/685
f 664/664 745/745 1228/1228
f 1413/1413 1228/1228 881/881
f 7123/7123 7129/7129 7113/7113
f 597/597 49/49 509/509
f 4929/4929 597/597 509/509
f 49/49 51/51 509/509
f 285/285 128/128 125/125
f 285/285 315/315 128/128
f 285/285 340/340 315/315
f 3295/3295 2205/2205 3052/3052
f 664/664 2194/2194 881/881
f 564/564 603/603 598/598
f 333/333 664/664 1228/1228
f 3066/3066 2880/2880 3163/3163
f 3204/3204 3163/3163 3070/3070
f 5459/5459 5957/5957 4910/4910
f 405/405 1228/1228 1413/1413
f 4222/4222 4158/4158 4282/4282
f 4266/4266 4222/4222 4282/4282
f 4158/4158 4222/4222 4471/4471
f 3112/3112 3499/3499 3117/3117
f 1765/1765 1727/1727 1715/1715
f 852/852 2169/2169 1727/1727
f 852/852 2048/2048 2169/2169
f 1652/1652 2048/2048 852/852
f 1891/1891 1906/1906 1907/1907
f 2542/2542 2158/2158 2674/2674
f 2926/2926 2940/2940 2939/2939
f 2831/2831 2923/2923 2542/2542
f 2957/2957 2921/2921 2937/2937
f 2831/2831 2937/2937 2921/2921
f 2957/2957 2831/2831 2921/2921
f 2831/2831 2937/2937 2923/2923
f 2674/2674 2831/2831 2542/2542
f 6022/6022 5933/5933 6091/6091
f 6098/6098 6022/6022 6091/6091
f 6325/6325 6328/6328 6091/6091
f 6345/6345 6091/6091 6328/6328
f 6345/6345 6328/6328 6325/6325
f 6325/6325 6091/6091 5933/5933
f 6348/6348 6325/6325 5933/5933
f 7159/7159 7170/7170 7152/7152
f 7158/7158 7170/7170 7115/7115
f 7159/7159 7115/7115 7170/7170
f 7156/7156 7158/7158 7155/7155
f 7115/7115 7158/7158 7156/7156
f 7115/7115 7156/7156 7155/7155
f 7108/7108 7134/7134 7114/7114
f 7101/7101 7108/7108 7099/7099
f 7102/7102 7108/7108 7101/7101
f 7102/7102 7101/7101 7099/7099
f 7109/7109 7108/7108 7105/7105
f 7112/7112 7108/7108 7109/7109
f 7112/7112 7109/7109 7105/7105
f 7122/7122 7119/7119 7121/7121
f 7108/7108 7119/7119 7122/7122
f 7121/7121 7108/7108 7122/7122
f 7114/7114 7137/7137 7121/7121
f 7115/7115 7114/7114 7152/7152
f 7158/7158 7115/7115 7152/7152
f 7152/7152 7170/7170 7158/7158
f 2780/2780 1911/1911 2904/2904
f 2885/2885 2780/2780 2904/2904
f 1309/1309 1272/1272 1262/1262
f 886/886 874/874 878/878
f 877/877 696/696 886/886
f 874/874 877/877 886/886
f 1652/1652 874/874 878/878
f 696/696 877/877 874/874
f 787/787 696/696 817/817
f 874/874 787/787 817/817
f 874/874 817/817 696/696
f 797/797 787/787 874/874
f 788/788 787/787 797/797
f 874/874 788/788 797/797
f 805/805 788/788 874/874
f 792/792 788/788 805/805
f 874/874 792/792 805/805
f 1652/1652 792/792 874/874
f 865/865 752/752 792/792
f 683/683 792/792 752/752
f 683/683 752/752 865/865
f 792/792 1652/1652 865/865
f 1652/1652 852/852 865/865
f 7104/7104 7143/7143 7065/7065
f 7162/7162 7104/7104 7065/7065
f 7046/7046 7061/7061 7065/7065
f 7061/7061 7162/7162 7065/7065
f 7024/7024 7061/7061 7043/7043
f 7042/7042 7043/7043 7061/7061
f 7024/7024 7032/7032 7037/7037
f 7046/7046 7037/7037 7032/7032
f 7024/7024 7046/7046 7032/7032
f 6993/6993 7037/7037 7046/7046
f 7042/7042 7024/7024 7043/7043
f 3479/3479 3165/3165 3257/3257
f 2785/2785 3479/3479 3257/3257
f 3590/3590 3546/3546 3568/3568
f 3633/3633 3546/3546 3590/3590
f 3568/3568 3633/3633 3590/3590
f 5927/5927 5938/5938 5934/5934
f 5943/5943 5934/5934 5938/5938
f 5927/5927 5943/5943 5938/5938
f 5960/5960 5943/5943 5927/5927
f 5624/5624 5960/5960 5927/5927
f 5997/5997 5966/5966 5960/5960
f 6024/6024 5966/5966 5997/5997
f 5624/5624 5997/5997 5960/5960
f 6031/6031 6024/6024 5997/5997
f 6036/6036 5997/5997 5624/5624
f 6031/6031 5997/5997 6036/6036
f 1735/1735 2532/2532 2158/2158
f 1359/1359 1532/1532 1366/1366
f 1359/1359 1547/1547 1532/1532
f 1547/1547 1359/1359 1346/1346
f 1336/1336 1346/1346 1359/1359
f 1336/1336 1547/1547 1346/1346
f 1536/1536 1532/1532 1547/1547
f 1735/1735 1532/1532 1536/1536
f 3150/3150 3066/3066 3163/3163
f 3147/3147 3066/3066 3198/3198
f 3150/3150 3198/3198 3066/3066
f 3198/3198 3150/3150 3147/3147
f 3204/3204 3150/3150 3163/3163
f 5966/5966 5943/5943 5960/5960
f 3257/3257 3165/3165 3156/3156
f 3031/3031 2885/2885 2904/2904
f 3008/3008 2885/2885 3031/3031
f 2997/2997 2885/2885 3008/3008
f 2997/2997 3008/3008 3031/3031
f 51/51 4929/4929 509/509
f 6407/6407 5691/5691 6194/6194
f 7003/7003 6952/6952 6998/6998
f 6998/6998 6952/6952 6923/6923
f 6923/6923 7003/7003 6998/6998
f 6957/6957 7003/7003 6923/6923
f 7030/7030 7003/7003 6957/6957
f 7030/7030 6957/6957 6923/6923
f 7057/7057 7091/7091 7060/7060
f 7091/7091 7016/7016 7060/7060
f 7057/7057 7060/7060 7016/7016
f 6977/6977 7016/7016 7091/7091
f 7057/7057 7016/7016 7069/7069
f 6920/6920 6887/6887 6389/6389
f 6867/6867 6920/6920 6389/6389
f 6876/6876 6872/6872 6867/6867
f 6389/6389 6876/6876 6867/6867
f 6872/6872 6876/6876 6389/6389
f 6867/6867 6389/6389 6525/6525
f 6920/6920 6836/6836 6949/6949
f 6842/6842 6873/6873 6836/6836
f 6843/6843 6842/6842 6836/6836
f 6860/6860 6857/6857 6843/6843
f 6863/6863 6860/6860 6843/6843
f 6857/6857 6860/6860 6863/6863
f 6842/6842 6843/6843 6857/6857
f 6525/6525 6836/6836 6920/6920
f 6857/6857 6525/6525 6842/6842
f 6525/6525 6857/6857 6836/6836
f 6843/6843 6836/6836 6857/6857
f 3253/3253 3304/3304 3284/3284
f 3400/3400 3156/3156 3165/3165
f 3393/3393 3382/3382 3403/3403
f 3305/3305 3382/3382 3393/3393
f 3305/3305 3393/3393 3403/3403
f 3305/3305 3487/3487 3467/3467
f 3460/3460 3450/3450 3487/3487
f 3445/3445 3487/3487 3423/3423
f 3460/3460 3487/3487 3445/3445
f 3450/3450 3460/3460 3445/3445
f 3487/3487 3305/3305 3423/3423
f 3445/3445 3423/3423 3305/3305
f 3354/3354 3429/3429 3445/3445
f 3445/3445 3305/3305 3319/3319
f 3357/3357 3360/3360 3445/3445
f 3354/3354 3360/3360 3357/3357
f 3282/3282 3357/3357 3445/3445
f 3282/3282 3354/3354 3357/3357
f 3471/3471 3466/3466 3429/3429
f 3471/3471 3354/3354 3434/3434
f 3437/3437 3434/3434 3354/3354
f 3437/3437 3471/3471 3434/3434
f 3175/3175 3666/3666 3297/3297
f 3639/3639 3415/3415 3165/3165
f 3435/3435 3431/3431 3414/3414
f 3501/3501 3415/3415 3639/3639
f 5795/5795 4953/4953 350/350
f 183/183 5795/5795 350/350
f 7062/7062 6812/6812 6907/6907
f 6917/6917 6812/6812 7062/7062
f 6917/6917 6931/6931 6955/6955
f 6812/6812 6917/6917 6791/6791
f 6791/6791 6917/6917 6955/6955
f 6890/6890 6871/6871 6882/6882
f 6931/6931 6904/6904 6955/6955
f 6728/6728 6735/6735 6731/6731
f 6791/6791 6746/6746 6743/6743
f 6724/6724 6730/6730 6729/6729
f 6644/6644 6729/6729 6730/6730
f 6724/6724 6729/6729 6644/6644
f 6743/6743 6746/6746 6716/6716
f 6716/6716 6644/6644 6678/6678
f 6654/6654 6650/6650 6660/6660
f 6678/6678 6644/6644 6590/6590
f 3315/3315 3296/3296 3279/3279
f 3276/3276 3308/3308 3252/3252
f 3344/3344 3266/3266 3308/3308
f 3228/3228 3276/3276 3252/3252
f 3308/3308 3276/3276 3228/3228
f 3228/3228 3220/3220 3234/3234
f 3321/3321 3308/3308 3334/3334
f 3321/3321 3350/3350 3308/3308
f 3334/3334 3350/3350 3321/3321
f 3234/3234 3269/3269 3228/3228
f 3220/3220 3269/3269 3234/3234
f 3246/3246 3220/3220 3211/3211
f 3456/3456 3211/3211 3220/3220
f 3246/3246 3211/3211 3456/3456
f 3197/3197 3246/3246 3456/3456
f 3456/3456 3246/3246 3197/3197
f 1723/1723 852/852 1727/1727
f 1730/1730 1723/1723 1727/1727
f 1730/1730 1727/1727 1765/1765
f 1559/1559 1728/1728 1765/1765
f 1576/1576 1715/1715 1629/1629
f 1715/1715 1686/1686 1629/1629
f 1576/1576 1629/1629 1686/1686
f 1715/1715 1671/1671 1686/1686
f 1669/1669 1686/1686 1671/1671
f 1706/1706 1669/1669 1671/1671
f 1715/1715 1706/1706 1671/1671
f 1677/1677 1669/1669 1706/1706
f 1707/1707 1677/1677 1706/1706
f 1724/1724 1707/1707 1706/1706
f 1724/1724 1677/1677 1707/1707
f 1715/1715 1727/1727 2169/2169
f 896/896 2441/2441 2263/2263
f 1198/1198 1252/1252 1260/1260
f 1196/1196 2441/2441 1205/1205
f 1205/1205 1009/1009 1196/1196
f 1009/1009 1205/1205 2441/2441
f 896/896 1009/1009 2441/2441
f 750/750 1009/1009 721/721
f 1652/1652 1009/1009 896/896
f 1009/1009 1652/1652 662/662
f 750/750 721/721 662/662
f 1009/1009 662/662 721/721
f 3621/3621 3785/3785 3499/3499
f 6129/6129 6060/6060 6114/6114
f 6758/6758 6073/6073 6401/6401
f 6485/6485 6435/6435 6475/6475
f 6671/6671 6643/6643 6677/6677
f 6758/6758 6809/6809 6473/6473
f 7016/7016 6884/6884 7069/7069
f 7016/7016 7069/7069 6884/6884
f 7069/7069 7016/7016 6977/6977
f 3156/3156 3412/3412 3257/3257
f 7111/7111 7159/7159 7152/7152
f 7112/7112 7111/7111 7152/7152
f 7152/7152 7121/7121 7112/7112
f 7114/7114 7121/7121 7152/7152
f 3600/3600 3588/3588 3598/3598
f 3266/3266 3344/3344 3347/3347
f 3308/3308 3347/3347 3344/3344
f 1658/1658 1723/1723 1730/1730
f 1658/1658 1730/1730 1728/1728
f 1723/1723 1658/1658 1728/1728
f 1517/1517 1723/1723 1728/1728
f 1559/1559 1517/1517 1728/1728
f 1525/1525 1723/1723 1517/1517
f 1517/1517 1559/1559 1525/1525
f 1540/1540 1525/1525 1559/1559
f 1715/1715 1559/1559 1765/1765
f 1540/1540 1715/1715 1576/1576
f 1559/1559 1715/1715 1540/1540
f 5685/5685 5611/5611 5766/5766
f 5454/5454 5252/5252 5573/5573
f 5711/5711 5685/5685 5766/5766
f 5454/5454 5573/5573 5611/5611
f 5454/5454 5611/5611 5252/5252
f 5308/5308 5252/5252 5399/5399
f 5416/5416 5252/5252 5308/5308
f 5416/5416 5308/5308 5399/5399
f 5282/5282 5350/5350 5479/5479
f 5347/5347 5309/5309 5330/5330
f 5282/5282 5330/5330 5309/5309
f 5347/5347 5330/5330 5282/5282
f 5347/5347 5282/5282 5479/5479
f 5685/5685 5711/5711 5611/5611
f 5479/5479 5503/5503 5347/5347
f 5479/5479 5350/5350 5503/5503
f 7022/7022 7041/7041 7040/7040
f 7040/7040 7041/7041 7025/7025
f 7041/7041 7022/7022 7025/7025
f 7039/7039 7025/7025 7022/7022
f 6980/6980 7039/7039 7022/7022
f 6958/6958 6981/6981 6980/6980
f 7001/7001 6980/6980 6981/6981
f 7001/7001 6981/6981 6958/6958
f 7039/7039 6980/6980 7001/7001
f 3526/3526 3735/3735 3497/3497
f 3856/3856 4081/4081 3735/3735
f 3856/3856 3735/3735 3808/3808
f 3831/3831 3856/3856 3808/3808
f 3918/3918 3856/3856 3831/3831
f 1572/1572 1536/1536 1547/1547
f 1591/1591 1536/1536 1572/1572
f 1575/1575 1591/1591 1572/1572
f 1599/1599 1591/1591 1575/1575
f 1599/1599 1536/1536 1591/1591
f 1624/1624 1536/1536 1599/1599
f 1596/1596 1598/1598 1599/1599
f 1626/1626 1598/1598 1596/1596
f 1626/1626 1599/1599 1598/1598
f 1624/1624 1599/1599 1626/1626
f 1638/1638 1615/1615 1626/1626
f 1624/1624 1626/1626 1615/1615
f 1638/1638 1624/1624 1615/1615
f 1675/1675 1735/1735 1536/1536
f 1624/1624 1675/1675 1536/1536
f 1675/1675 1661/1661 1655/1655
f 1684/1684 1655/1655 1661/1661
f 1675/1675 1655/1655 1684/1684
f 1675/1675 1684/1684 2264/2264
f 2264/2264 2043/2043 1735/1735
f 2264/2264 1889/1889 1985/1985
f 1684/1684 1889/1889 2264/2264
f 2264/2264 1735/1735 1675/1675
f 7134/7134 7139/7139 7137/7137
f 7114/7114 7134/7134 7137/7137
f 3415/3415 3175/3175 3165/3165
f 3400/3400 3165/3165 3305/3305
f 3175/3175 3305/3305 3165/3165
f 3319/3319 3305/3305 3283/3283
f 3283/3283 3445/3445 3319/3319
f 3666/3666 3175/3175 3415/3415
f 3306/3306 3175/3175 3286/3286
f 3297/3297 3286/3286 3175/3175
f 3297/3297 3306/3306 3286/3286
f 3354/3354 3297/3297 3666/3666
f 3338/3338 3294/3294 3316/3316
f 3282/3282 3316/3316 3294/3294
f 3282/3282 3294/3294 3338/3338
f 3394/3394 3457/3457 3409/3409
f 3408/3408 3394/3394 3409/3409
f 3457/3457 3394/3394 3408/3408
f 3566/3566 3573/3573 3457/3457
f 3515/3515 3457/3457 3573/3573
f 3587/3587 3591/3591 3515/3515
f 3566/3566 3515/3515 3573/3573
f 3566/3566 3587/3587 3515/3515
f 3566/3566 3591/3591 3587/3587
f 3640/3640 3591/3591 3494/3494
f 3591/3591 3446/3446 3494/3494
f 3428/3428 3640/3640 3494/3494
f 3494/3494 3440/3440 3428/3428
f 3287/3287 3406/3406 3494/3494
f 6009/6009 6290/6290 5758/5758
f 3764/3764 3740/3740 3497/3497
f 3740/3740 3764/3764 3805/3805
f 3740/3740 3789/3789 3821/3821
f 3835/3835 3821/3821 3789/3789
f 3787/3787 3820/3820 3805/3805
f 3810/3810 3820/3820 3787/3787
f 3886/3886 3835/3835 3810/3810
f 3810/3810 3787/3787 3805/3805
f 3835/3835 3886/3886 3740/3740
f 3821/3821 3835/3835 3740/3740
f 3864/3864 3740/3740 3886/3886
f 3904/3904 3864/3864 3886/3886
f 4004/4004 3904/3904 3886/3886
f 3810/3810 4004/4004 3886/3886
f 4004/4004 4043/4043 3904/3904
f 4075/4075 4087/4087 4043/4043
f 4091/4091 4043/4043 4087/4087
f 4075/4075 4091/4091 4087/4087
f 4075/4075 4083/4083 4091/4091
f 4083/4083 4075/4075 4076/4076
f 4076/4076 4091/4091 4083/4083
f 4004/4004 4076/4076 4043/4043
f 4016/4016 4081/4081 4004/4004
f 4079/4079 4076/4076 4004/4004
f 4081/4081 4079/4079 4004/4004
f 7108/7108 7114/7114 7115/7115
f 2532/2532 2703/2703 2674/2674
f 7031/7031 7025/7025 7039/7039
f 7031/7031 7039/7039 7082/7082
f 1648/1648 2947/2947 2687/2687
f 1717/1717 2947/2947 1648/1648
f 821/821 1717/1717 1648/1648
f 1280/1280 793/793 821/821
f 1214/1214 1186/1186 1280/1280
f 1214/1214 1280/1280 1242/1242
f 1242/1242 1186/1186 1214/1214
f 1280/1280 821/821 1648/1648
f 1280/1280 1648/1648 793/793
f 2153/2153 2687/2687 2325/2325
f 1989/1989 2153/2153 2325/2325
f 2687/2687 2153/2153 1648/1648
f 2153/2153 1416/1416 1648/1648
f 1989/1989 2004/2004 2153/2153
f 1416/1416 2004/2004 1989/1989
f 1416/1416 2153/2153 2004/2004
f 1440/1440 1416/1416 1409/1409
f 1440/1440 1402/1402 1439/1439
f 1246/1246 1648/1648 1416/1416
f 1257/1257 1402/1402 1440/1440
f 1439/1439 1402/1402 1257/1257
f 1416/1416 1257/1257 1409/1409
f 1440/1440 1409/1409 1257/1257
f 1257/1257 1210/1210 1277/1277
f 755/755 1277/1277 1210/1210
f 1257/1257 1277/1277 755/755
f 1347/1347 1257/1257 1294/1294
f 1249/1249 1294/1294 1257/1257
f 793/793 1257/1257 755/755
f 3764/3764 4004/4004 3810/3810
f 3764/3764 3810/3810 3805/3805
f 6920/6920 6867/6867 6525/6525
f 3413/3413 3416/3416 3388/3388
f 3498/3498 3500/3500 3446/3446
f 3483/3483 3446/3446 3500/3500
f 3498/3498 3483/3483 3500/3500
f 3287/3287 3494/3494 3446/3446
f 3439/3439 3463/3463 3426/3426
f 6922/6922 6946/6946 6939/6939
f 6935/6935 6946/6946 6922/6922
f 6935/6935 6939/6939 6946/6946
f 6935/6935 6989/6989 6967/6967
f 3688/3688 3870/3870 3944/3944
f 3870/3870 3928/3928 3994/3994
f 3759/3759 3870/3870 3994/3994
f 3759/3759 3994/3994 3928/3928
f 3870/3870 3759/3759 3311/3311
f 3759/3759 2669/2669 3311/3311
f 7031/7031 7082/7082 7027/7027
f 7031/7031 7027/7027 7063/7063
f 7066/7066 7064/7064 7074/7074
f 7063/7063 7074/7074 7064/7064
f 7066/7066 7074/7074 7063/7063
f 7027/7027 7066/7066 7063/7063
f 7048/7048 7047/7047 7044/7044
f 6861/6861 7066/7066 7027/7027
f 7002/7002 7066/7066 6861/6861
f 6865/6865 6861/6861 7027/7027
f 7002/7002 6861/6861 6859/6859
f 6861/6861 6840/6840 6859/6859
f 2614/2614 2542/2542 2923/2923
f 3049/3049 2614/2614 2923/2923
f 226/226 293/293 342/342
f 196/196 342/342 293/293
f 196/196 293/293 226/226
f 4884/4884 277/277 59/59
f 5005/5005 4884/4884 59/59
f 48/48 4884/4884 5005/5005
f 4884/4884 59/59 277/277
f 48/48 59/59 4884/4884
f 148/148 48/48 182/182
f 59/59 48/48 148/148
f 59/59 148/148 182/182
f 3169/3169 1413/1413 3585/3585
f 3169/3169 405/405 1413/1413
f 5709/5709 5688/5688 5622/5622
f 5730/5730 5688/5688 5709/5709
f 5622/5622 5688/5688 5730/5730
f 5616/5616 5484/5484 5752/5752
f 5614/5614 5484/5484 5616/5616
f 5484/5484 5614/5614 5542/5542
f 5549/5549 5484/5484 5542/5542
f 5549/5549 5542/5542 5614/5614
f 5744/5744 5549/5549 5614/5614
f 5748/5748 5549/5549 5744/5744
f 5614/5614 5748/5748 5744/5744
f 5956/5956 5748/5748 5614/5614
f 5932/5932 5748/5748 5956/5956
f 5614/5614 5932/5932 5956/5956
f 5908/5908 5932/5932 5614/5614
f 5899/5899 5932/5932 5908/5908
f 5614/5614 5899/5899 5908/5908
f 5616/5616 5899/5899 5614/5614
f 5752/5752 5899/5899 5616/5616
f 197/197 281/281 368/368
f 368/368 281/281 197/197
f 245/245 368/368 197/197
f 159/159 245/245 197/197
f 207/207 245/245 159/159
f 368/368 245/245 207/207
f 5624/5624 5815/5815 5701/5701
f 610/610 1717/1717 821/821
f 5350/5350 5041/5041 5004/5004
f 5041/5041 5016/5016 5004/5004
f 5350/5350 5016/5016 5041/5041
f 5130/5130 5065/5065 5266/5266
f 5055/5055 5065/5065 5130/5130
f 5266/5266 5065/5065 5055/5055
f 5359/5359 5431/5431 5475/5475
f 5457/5457 5475/5475 5431/5431
f 5359/5359 5457/5457 5431/5431
f 5348/5348 5457/5457 5359/5359
f 5483/5483 5359/5359 5475/5475
f 5501/5501 5359/5359 5483/5483
f 5348/5348 5359/5359 5501/5501
f 6460/6460 6525/6525 6389/6389
f 6386/6386 6460/6460 6383/6383
f 6318/6318 6386/6386 6383/6383
f 6460/6460 6386/6386 6318/6318
f 6525/6525 6460/6460 6318/6318
f 6282/6282 6525/6525 6318/6318
f 6387/6387 6525/6525 6282/6282
f 6282/6282 6295/6295 6293/6293
f 6231/6231 6293/6293 6295/6295
f 6231/6231 6282/6282 6293/6293
f 6387/6387 6282/6282 6231/6231
f 6070/6070 6387/6387 6231/6231
f 5999/5999 6001/6001 5992/5992
f 6070/6070 6001/6001 5999/5999
f 5991/5991 5999/5999 5992/5992
f 5974/5974 5991/5991 5992/5992
f 5991/5991 6070/6070 5999/5999
f 5987/5987 5991/5991 5974/5974
f 5983/5983 5991/5991 5987/5987
f 5983/5983 5987/5987 5974/5974
f 5984/5984 5983/5983 5969/5969
f 5965/5965 5969/5969 5983/5983
f 5954/5954 5969/5969 5965/5965
f 5954/5954 5984/5984 5969/5969
f 6070/6070 5937/5937 5953/5953
f 5920/5920 5953/5953 5937/5937
f 5976/5976 5953/5953 5920/5920
f 5976/5976 6070/6070 5953/5953
f 6104/6104 6070/6070 6305/6305
f 6387/6387 6501/6501 6512/6512
f 6479/6479 6501/6501 6387/6387
f 6501/6501 6516/6516 6510/6510
f 6512/6512 6516/6516 6501/6501
f 6512/6512 6510/6510 6516/6516
f 5214/5214 4931/4931 5200/5200
f 5163/5163 4931/4931 5214/5214
f 5764/5764 5163/5163 5214/5214
f 4931/4931 5163/5163 5764/5764
f 5764/5764 5710/5710 5499/5499
f 5468/5468 5499/5499 5710/5710
f 4916/4916 5058/5058 5231/5231
f 4913/4913 4924/4924 4915/4915
f 4916/4916 4915/4915 4924/4924
f 4913/4913 4916/4916 4924/4924
f 53/53 67/67 82/82
f 98/98 252/252 101/101
f 103/103 98/98 101/101
f 252/252 98/98 103/103
f 359/359 115/115 252/252
f 265/265 115/115 359/359
f 4931/4931 115/115 265/265
f 397/397 391/391 265/265
f 387/387 265/265 391/391
f 387/387 391/391 397/397
f 457/457 408/408 387/387
f 330/330 408/408 457/457
f 387/387 408/408 330/330
f 4931/4931 265/265 387/387
f 330/330 4931/4931 387/387
f 4931/4931 330/330 5200/5200
f 5231/5231 115/115 4931/4931
f 5231/5231 5058/5058 115/115
f 252/252 115/115 5058/5058
f 5058/5058 53/53 252/252
f 67/67 53/53 5058/5058
f 5058/5058 82/82 67/67
f 5058/5058 4916/4916 82/82
f 5231/5231 4931/4931 5499/5499
f 5293/5293 5254/5254 5217/5217
f 5499/5499 4931/4931 5764/5764
f 5468/5468 5231/5231 5499/5499
f 6887/6887 6920/6920 6949/6949
f 6969/6969 6983/6983 6970/6970
f 6983/6983 6988/6988 6970/6970
f 6975/6975 6970/6970 6988/6988
f 6991/6991 6970/6970 6975/6975
f 6969/6969 6988/6988 6983/6983
f 6964/6964 6966/6966 6969/6969
f 6979/6979 6969/6969 6966/6966
f 6979/6979 6966/6966 6964/6964
f 6988/6988 6949/6949 6975/6975
f 6899/6899 6943/6943 6906/6906
f 6905/6905 6906/6906 6949/6949
f 6899/6899 6906/6906 6905/6905
f 6899/6899 6905/6905 6949/6949
f 6873/6873 6943/6943 6899/6899
f 6943/6943 6873/6873 6842/6842
f 6836/6836 6873/6873 6949/6949
f 6975/6975 6949/6949 6943/6943
f 6906/6906 6943/6943 6949/6949
f 1715/1715 2169/2169 1724/1724
f 1706/1706 1715/1715 1724/1724
f 1801/1801 1724/1724 2169/2169
f 1944/1944 1943/1943 1967/1967
f 1996/1996 1801/1801 2169/2169
f 2050/2050 1996/1996 2069/2069
f 2050/2050 2069/2069 2111/2111
f 1996/1996 2111/2111 2069/2069
f 1996/1996 2169/2169 2111/2111
f 5552/5552 5680/5680 5681/5681
f 5516/5516 5680/5680 5552/5552
f 5747/5747 5516/5516 5552/5552
f 5769/5769 5747/5747 5552/5552
f 5813/5813 5681/5681 5680/5680
f 5552/5552 5681/5681 5813/5813
f 5552/5552 5813/5813 5769/5769
f 5862/5862 5769/5769 5813/5813
f 5921/5921 5913/5913 5862/5862
f 6071/6071 5913/5913 5921/5921
f 5862/5862 5913/5913 6071/6071
f 5967/5967 5754/5754 5769/5769
f 5862/5862 5967/5967 5769/5769
f 6100/6100 6061/6061 6051/6051
f 6148/6148 5754/5754 5967/5967
f 6158/6158 5754/5754 6148/6148
f 5967/5967 6158/6158 6148/6148
f 6441/6441 6158/6158 6306/6306
f 6330/6330 6441/6441 6306/6306
f 6243/6243 6306/6306 5967/5967
f 6243/6243 6330/6330 6306/6306
f 6158/6158 5967/5967 6306/6306
f 6243/6243 5967/5967 6071/6071
f 5967/5967 5862/5862 6071/6071
f 6009/6009 5758/5758 5729/5729
f 5729/5729 5758/5758 6290/6290
f 6775/6775 6777/6777 6786/6786
f 6547/6547 6509/6509 6487/6487
f 5972/5972 6291/6291 5998/5998
f 5955/5955 6291/6291 5972/5972
f 5998/5998 5955/5955 5972/5972
f 6374/6374 6291/6291 6366/6366
f 6291/6291 6374/6374 6366/6366
f 6919/6919 6944/6944 6805/6805
f 7082/7082 6990/6990 6913/6913
f 7082/7082 6913/6913 6840/6840
f 6919/6919 6913/6913 6944/6944
f 6805/6805 6913/6913 6919/6919
f 6840/6840 6913/6913 6805/6805
f 3494/3494 3595/3595 3406/3406
f 3440/3440 3494/3494 3406/3406
f 3440/3440 3419/3419 3420/3420
f 3428/3428 3440/3440 3420/3420
f 3419/3419 3428/3428 3420/3420
f 6525/6525 6479/6479 6842/6842
f 6512/6512 6501/6501 6479/6479
f 6525/6525 6512/6512 6479/6479
f 3494/3494 3406/3406 3595/3595
f 488/488 469/469 528/528
f 479/479 469/469 488/488
f 5923/5923 5795/5795 479/479
f 469/469 479/479 5795/5795
f 5466/5466 5383/5383 5374/5374
f 5462/5462 5383/5383 5466/5466
f 5462/5462 5374/5374 5383/5383
f 5463/5463 5374/5374 5462/5462
f 5463/5463 5250/5250 5374/5374
f 1246/1246 1181/1181 793/793
f 1181/1181 1246/1246 1247/1247
f 1648/1648 1246/1246 793/793
f 1247/1247 1246/1246 1347/1347
f 1181/1181 1247/1247 1347/1347
f 1347/1347 1294/1294 1249/1249
f 1257/1257 793/793 1181/1181
f 6390/6390 6397/6397 6371/6371
f 6429/6429 6390/6390 6371/6371
f 6433/6433 6390/6390 6429/6429
f 6397/6397 6390/6390 6433/6433
f 6472/6472 6433/6433 6429/6429
f 6397/6397 6433/6433 6472/6472
f 6472/6472 6371/6371 6397/6397
f 6073/6073 6758/6758 6473/6473
f 3735/3735 3764/3764 3497/3497
f 4004/4004 3764/3764 3832/3832
f 3185/3185 3115/3115 3109/3109
f 3111/3111 3116/3116 3185/3185
f 3101/3101 3116/3116 3111/3111
f 3101/3101 3111/3111 3185/3185
f 3101/3101 3185/3185 3109/3109
f 3101/3101 3109/3109 3115/3115
f 3675/3675 3716/3716 3661/3661
f 3794/3794 3661/3661 3716/3716
f 3794/3794 3675/3675 3661/3661
f 3577/3577 3675/3675 3794/3794
f 428/428 449/449 429/429
f 415/415 428/428 429/429
f 449/449 428/428 415/415
f 561/561 449/449 647/647
f 758/758 647/647 449/449
f 561/561 647/647 730/730
f 758/758 730/730 647/647
f 779/779 730/730 758/758
f 779/779 561/561 730/730
f 762/762 770/770 779/779
f 773/773 779/779 770/770
f 762/762 773/773 770/770
f 5250/5250 5463/5463 5462/5462
f 3325/3325 3438/3438 3207/3207
f 2989/2989 3207/3207 2694/2694
f 2980/2980 2991/2991 2985/2985
f 2979/2979 2988/2988 2989/2989
f 2979/2979 2989/2989 2694/2694
f 2989/2989 2979/2979 3021/3021
f 2979/2979 2694/2694 3021/3021
f 2740/2740 3021/3021 2694/2694
f 2723/2723 2694/2694 2314/2314
f 2740/2740 2694/2694 2723/2723
f 2768/2768 2723/2723 2737/2737
f 2737/2737 2723/2723 2740/2740
f 2740/2740 2768/2768 2737/2737
f 2723/2723 2314/2314 2740/2740
f 2740/2740 2314/2314 3021/3021
f 2314/2314 3037/3037 3021/3021
f 2314/2314 2694/2694 2505/2505
f 3260/3260 3207/3207 3011/3011
f 3260/3260 3154/3154 3207/3207
f 3149/3149 3207/3207 3154/3154
f 3141/3141 3149/3149 3154/3154
f 3141/3141 3129/3129 3149/3149
f 5831/5831 5933/5933 5701/5701
f 5933/5933 5831/5831 6348/6348
f 5829/5829 6348/6348 5831/5831
f 5829/5829 5831/5831 5833/5833
f 5852/5852 5829/5829 5833/5833
f 5852/5852 5833/5833 5834/5834
f 5701/5701 5833/5833 5831/5831
f 5834/5834 5833/5833 5701/5701
f 5832/5832 5852/5852 5834/5834
f 5832/5832 5834/5834 5701/5701
f 5815/5815 5832/5832 5701/5701
f 5754/5754 5516/5516 5747/5747
f 5754/5754 5747/5747 5769/5769
f 885/885 70/70 916/916
f 904/904 885/885 916/916
f 904/904 916/916 70/70
f 5668/5668 5710/5710 5764/5764
f 5764/5764 5468/5468 5668/5668
f 5710/5710 5668/5668 5468/5468
f 6931/6931 6917/6917 7062/7062
f 6955/6955 7062/7062 6791/6791
f 6931/6931 7062/7062 6955/6955
f 6915/6915 6904/6904 6931/6931
f 6955/6955 6904/6904 6915/6915
f 6916/6916 6947/6947 6936/6936
f 7062/7062 6746/6746 6791/6791
f 6497/6497 6713/6713 6691/6691
f 6639/6639 6497/6497 6691/6691
f 6565/6565 6497/6497 6605/6605
f 6617/6617 6605/6605 6497/6497
f 6617/6617 6565/6565 6605/6605
f 6560/6560 6565/6565 6639/6639
f 6691/6691 6658/6658 6639/6639
f 7062/7062 6903/6903 6713/6713
f 6713/6713 6903/6903 6691/6691
f 6658/6658 6691/6691 6903/6903
f 6632/6632 6639/6639 6658/6658
f 6633/6633 6632/6632 6658/6658
f 6633/6633 5939/5939 6632/6632
f 5939/5939 6560/6560 6632/6632
f 5939/5939 6155/6155 6560/6560
f 6560/6560 6155/6155 6414/6414
f 6632/6632 6560/6560 6639/6639
f 7/7 4888/4888 4946/4946
f 4942/4942 4888/4888 7/7
f 4946/4946 4888/4888 4942/4942
f 6017/6017 6027/6027 6117/6117
f 6322/6322 6017/6017 6117/6117
f 6322/6322 6027/6027 6017/6017
f 4028/4028 3767/3767 3967/3967
f 3767/3767 3739/3739 3967/3967
f 3739/3739 4028/4028 3967/3967
f 7082/7082 7020/7020 7027/7027
f 6840/6840 7020/7020 7082/7082
f 6870/6870 7020/7020 6878/6878
f 6822/6822 6829/6829 6823/6823
f 7020/7020 6840/6840 6878/6878
f 6870/6870 6878/6878 6866/6866
f 6878/6878 6840/6840 6861/6861
f 6878/6878 6861/6861 6865/6865
f 6866/6866 6878/6878 6885/6885
f 6870/6870 6866/6866 6885/6885
f 6865/6865 7020/7020 6870/6870
f 6976/6976 7020/7020 6865/6865
f 6918/6918 6908/6908 6945/6945
f 6976/6976 6908/6908 6918/6918
f 6945/6945 6976/6976 6918/6918
f 7027/7027 6976/6976 6865/6865
f 7027/7027 7020/7020 6976/6976
f 5940/5940 6027/6027 6400/6400
f 6645/6645 5940/5940 6400/6400
f 6755/6755 5940/5940 6645/6645
f 6076/6076 6020/6020 5940/5940
f 6027/6027 5940/5940 6117/6117
f 6041/6041 6117/6117 6020/6020
f 6046/6046 6117/6117 6041/6041
f 6020/6020 6046/6046 6041/6041
f 5940/5940 6020/6020 6117/6117
f 6400/6400 6027/6027 6645/6645
f 6322/6322 6645/6645 6027/6027
f 3531/3531 3675/3675 3577/3577
f 3540/3540 3528/3528 3531/3531
f 3517/3517 3528/3528 3540/3540
f 3531/3531 3528/3528 3517/3517
f 3716/3716 3675/3675 3531/3531
f 3141/3141 3154/3154 3129/3129
f 3260/3260 3149/3149 3154/3154
f 3032/3032 3011/3011 2673/2673
f 3149/3149 3011/3011 3032/3032
f 3260/3260 3011/3011 3149/3149
f 3032/3032 2673/2673 3149/3149
f 2673/2673 3207/3207 3149/3149
f 3045/3045 3060/3060 3059/3059
f 2817/2817 2694/2694 3207/3207
f 2828/2828 2862/2862 2859/2859
f 2817/2817 2578/2578 2694/2694
f 2817/2817 2510/2510 2578/2578
f 2510/2510 2817/2817 2673/2673
f 2638/2638 2649/2649 2691/2691
f 2465/2465 2510/2510 2410/2410
f 2464/2464 2465/2465 2410/2410
f 2510/2510 2465/2465 2464/2464
f 2341/2341 2340/2340 2300/2300
f 2272/2272 2341/2341 2300/2300
f 2272/2272 2340/2340 2341/2341
f 1895/1895 2252/2252 2301/2301
f 2252/2252 2376/2376 2301/2301
f 2505/2505 2464/2464 2340/2340
f 2376/2376 2505/2505 2340/2340
f 2376/2376 2252/2252 1895/1895
f 2137/2137 2175/2175 2143/2143
f 2467/2467 2461/2461 1895/1895
f 2458/2458 2467/2467 1895/1895
f 2461/2461 2467/2467 2458/2458
f 2411/2411 2405/2405 2391/2391
f 2376/2376 1895/1895 2505/2505
f 2578/2578 2464/2464 2505/2505
f 2578/2578 2505/2505 2694/2694
f 7001/7001 7082/7082 7039/7039
f 3735/3735 3832/3832 3764/3764
f 4004/4004 3735/3735 4016/4016
f 4081/4081 4016/4016 3735/3735
f 4024/4024 4016/4016 4026/4026
f 3832/3832 3735/3735 4004/4004
f 841/841 713/713 737/737
f 713/713 733/733 737/737
f 733/733 841/841 737/737
f 724/724 841/841 733/733
f 713/713 724/724 733/733
f 7055/7055 7059/7059 7058/7058
f 6679/6679 6755/6755 6645/6645
f 6709/6709 6707/6707 6679/6679
f 6740/6740 6707/6707 6709/6709
f 6740/6740 6679/6679 6707/6707
f 6755/6755 6679/6679 6740/6740
f 6757/6757 6076/6076 6755/6755
f 6740/6740 6757/6757 6755/6755
f 2441/2441 2111/2111 2169/2169
f 2441/2441 2169/2169 2263/2263
f 2030/2030 2263/2263 2217/2217
f 2030/2030 896/896 2263/2263
f 896/896 2030/2030 1652/1652
f 2199/2199 2169/2169 1652/1652
f 2263/2263 2169/2169 2217/2217
f 6743/6743 6812/6812 6791/6791
f 6722/6722 6812/6812 6743/6743
f 3793/3793 3496/3496 3534/3534
f 1652/1652 878/878 696/696
f 472/472 411/411 390/390
f 6512/6512 6525/6525 6387/6387
f 7005/7005 6943/6943 6721/6721
f 6911/6911 6828/6828 6875/6875
f 6911/6911 6875/6875 6888/6888
f 6828/6828 7005/7005 6721/6721
f 6362/6362 6828/6828 6721/6721
f 662/662 1652/1652 696/696
f 2470/2470 3721/3721 3110/3110
f 2380/2380 2470/2470 2383/2383
f 2427/2427 2380/2380 2383/2383
f 2427/2427 2383/2383 2470/2470
f 2427/2427 2470/2470 3110/3110
f 2206/2206 2427/2427 3110/3110
f 3854/3854 3878/3878 3867/3867
f 260/260 5043/5043 5297/5297
f 3767/3767 4028/4028 3739/3739
f 4372/4372 3110/3110 3721/3721
f 3688/3688 3110/3110 4372/4372
f 7082/7082 7001/7001 7036/7036
f 2817/2817 3207/3207 2673/2673
f 3305/3305 3467/3467 3465/3465
f 3487/3487 3465/3465 3467/3467
f 5271/5271 5872/5872 5722/5722
f 5097/5097 5271/5271 5096/5096
f 5136/5136 5096/5096 5271/5271
f 5136/5136 5097/5097 5096/5096
f 5174/5174 5136/5136 5271/5271
f 5157/5157 5136/5136 5174/5174
f 5271/5271 5157/5157 5174/5174
f 5722/5722 5157/5157 5271/5271
f 5197/5197 5157/5157 5722/5722
f 5985/5985 5914/5914 5973/5973
f 3410/3410 3011/3011 3207/3207
f 3438/3438 3410/3410 3207/3207
f 3383/3383 3364/3364 3410/3410
f 3401/3401 3383/3383 3410/3410
f 3364/3364 3383/3383 3401/3401
f 6990/6990 7036/7036 7001/7001
f 3599/3599 3516/3516 3376/3376
f 3599/3599 3601/3601 3516/3516
f 6076/6076 5940/5940 6755/6755
f 3238/3238 3265/3265 3181/3181
f 3516/3516 3181/3181 3265/3265
f 3323/3323 3322/3322 3314/3314
f 3363/3363 3181/3181 3180/3180
f 3387/3387 3363/3363 3180/3180
f 3387/3387 3180/3180 3395/3395
f 3404/3404 3390/3390 3380/3380
f 3180/3180 3355/3355 3395/3395
f 3421/3421 3427/3427 3395/3395
f 3422/3422 3427/3427 3447/3447
f 3291/3291 3427/3427 3421/3421
f 3355/3355 3373/3373 3395/3395
f 3291/3291 3395/3395 3373/3373
f 3291/3291 3373/3373 3355/3355
f 3291/3291 3421/3421 3395/3395
f 3245/3245 3355/3355 3180/3180
f 3267/3267 3355/3355 3245/3245
f 3427/3427 3291/3291 3442/3442
f 3427/3427 3442/3442 3478/3478
f 3447/3447 3427/3427 3478/3478
f 3447/3447 3478/3478 3422/3422
f 3387/3387 3395/3395 3422/3422
f 3265/3265 3387/3387 3422/3422
f 3363/3363 3387/3387 3265/3265
f 3303/3303 3181/3181 3363/3363
f 3342/3342 3363/3363 3346/3346
f 3303/3303 3363/3363 3342/3342
f 3346/3346 3303/3303 3342/3342
f 3422/3422 3641/3641 3265/3265
f 3542/3542 3527/3527 3550/3550
f 3544/3544 3529/3529 3541/3541
f 3238/3238 3363/3363 3265/3265
f 3238/3238 3181/3181 3303/3303
f 3130/3130 3140/3140 3148/3148
f 1023/1023 1046/1046 995/995
f 3641/3641 3376/3376 3265/3265
f 3516/3516 3265/3265 3376/3376
f 6722/6722 6549/6549 6665/6665
f 6743/6743 6590/6590 6722/6722
f 6716/6716 6590/6590 6743/6743
f 6678/6678 6590/6590 6716/6716
f 6549/6549 6722/6722 6590/6590
f 6483/6483 6665/6665 6549/6549
f 6527/6527 6520/6520 6483/6483
f 6526/6526 6520/6520 6527/6527
f 6483/6483 6526/6526 6527/6527
f 6631/6631 6526/6526 6483/6483
f 6644/6644 6631/6631 6590/6590
f 6526/6526 6631/6631 6644/6644
f 6590/6590 6631/6631 6483/6483
f 6590/6590 6483/6483 6549/6549
f 6990/6990 7082/7082 7036/7036
f 325/325 1356/1356 649/649
f 190/190 255/255 649/649
f 545/545 255/255 385/385
f 832/832 190/190 649/649
f 959/959 190/190 832/832
f 704/704 959/959 650/650
f 832/832 704/704 650/650
f 959/959 704/704 832/832
f 1623/1623 832/832 649/649
f 1980/1980 1623/1623 649/649
f 1304/1304 1980/1980 649/649
f 1326/1326 1304/1304 649/649
f 1311/1311 1304/1304 1326/1326
f 1318/1318 1311/1311 1326/1326
f 1304/1304 1311/1311 1318/1318
f 1304/1304 1291/1291 1558/1558
f 1304/1304 1558/1558 1980/1980
f 1038/1038 1043/1043 982/982
f 1038/1038 982/982 843/843
f 843/843 1043/1043 1038/1038
f 1043/1043 843/843 1623/1623
f 959/959 832/832 1623/1623
f 843/843 959/959 1623/1623
f 843/843 190/190 959/959
f 1043/1043 190/190 843/843
f 545/545 385/385 560/560
f 255/255 545/545 560/560
f 649/649 255/255 5486/5486
f 325/325 649/649 5486/5486
f 250/250 190/190 835/835
f 190/190 250/250 5486/5486
f 114/114 50/50 301/301
f 50/50 14/14 30/30
f 37/37 50/50 30/30
f 37/37 30/30 14/14
f 301/301 50/50 37/37
f 5142/5142 301/301 37/37
f 5142/5142 250/250 301/301
f 5256/5256 5199/5199 5142/5142
f 5211/5211 5199/5199 5256/5256
f 5142/5142 5199/5199 5211/5211
f 250/250 5142/5142 5187/5187
f 5245/5245 5211/5211 5502/5502
f 5187/5187 5211/5211 5245/5245
f 5187/5187 5245/5245 5502/5502
f 250/250 5187/5187 5502/5502
f 5486/5486 250/250 5502/5502
f 6975/6975 6943/6943 7005/7005
f 4128/4128 4205/4205 4208/4208
f 4157/4157 4153/4153 4168/4168
f 4205/4205 4153/4153 4157/4157
f 4205/4205 4157/4157 4168/4168
f 4167/4167 4208/4208 4205/4205
f 3666/3666 3415/3415 3501/3501
f 5297/5297 5043/5043 4951/4951
f 755/755 821/821 793/793
f 610/610 821/821 755/755
f 6518/6518 6481/6481 6331/6331
f 6514/6514 6481/6481 6518/6518
f 6439/6439 6481/6481 6514/6514
f 6331/6331 6481/6481 6439/6439
f 6150/6150 6331/6331 6439/6439
f 6174/6174 6212/6212 6171/6171
f 6150/6150 6212/6212 6174/6174
f 6171/6171 6150/6150 6174/6174
f 6040/6040 6150/6150 5936/5936
f 6331/6331 6150/6150 6040/6040
f 6086/6086 6331/6331 6040/6040
f 5936/5936 6086/6086 6040/6040
f 3822/3822 3824/3824 3842/3842
f 3841/3841 3824/3824 3822/3822
f 3842/3842 3824/3824 3841/3841
f 4128/4128 4208/4208 3842/3842
f 3819/3819 3842/3842 4208/4208
f 4207/4207 3819/3819 4208/4208
f 4207/4207 4133/4133 3819/3819
f 4159/4159 3819/3819 4133/4133
f 4207/4207 4159/4159 4133/4133
f 4208/4208 4167/4167 4207/4207
f 6518/6518 6331/6331 6154/6154
f 6086/6086 6154/6154 6331/6331
f 6545/6545 6732/6732 6557/6557
f 6377/6377 6545/6545 6557/6557
f 6377/6377 6557/6557 6607/6607
f 3601/3601 3506/3506 3443/3443
f 3599/3599 3617/3617 3607/3607
f 3506/3506 3607/3607 3617/3617
f 3599/3599 3607/3607 3506/3506
f 3601/3601 3599/3599 3506/3506
f 6447/6447 6566/6566 6559/6559
f 6562/6562 6447/6447 6559/6559
f 6566/6566 6562/6562 6559/6559
f 6564/6564 6551/6551 6447/6447
f 6572/6572 6564/6564 6447/6447
f 6551/6551 6564/6564 6572/6572
f 5895/5895 6447/6447 6029/6029
f 5895/5895 5876/5876 5890/5890
f 5869/5869 5890/5890 5876/5876
f 5876/5876 5895/5895 5869/5869
f 6029/6029 5869/5869 5895/5895
f 6732/6732 6751/6751 6557/6557
f 6751/6751 6377/6377 6607/6607
f 6618/6618 6607/6607 6377/6377
f 6608/6608 6607/6607 6618/6618
f 6608/6608 6618/6618 6377/6377
f 6557/6557 6751/6751 6607/6607
f 6718/6718 6377/6377 6751/6751
f 6377/6377 6718/6718 6630/6630
f 6718/6718 6732/6732 6697/6697
f 6751/6751 6732/6732 6718/6718
f 6518/6518 6439/6439 6514/6514
f 3735/3735 3642/3642 3808/3808
f 3642/3642 3735/3735 3526/3526
f 3520/3520 3539/3539 3545/3545
f 3510/3510 3539/3539 3520/3520
f 3510/3510 3520/3520 3545/3545
f 3557/3557 3526/3526 3535/3535
f 3642/3642 3526/3526 3557/3557
f 3535/3535 3642/3642 3557/3557
f 3561/3561 3545/3545 3526/3526
f 3510/3510 3545/3545 3561/3561
f 3510/3510 3561/3561 3526/3526
f 1404/1404 1325/1325 1292/1292
f 1356/1356 1325/1325 1404/1404
f 1356/1356 1292/1292 1325/1325
f 2769/2769 1451/1451 1470/1470
f 1451/1451 1356/1356 1470/1470
f 1451/1451 2769/2769 1356/1356
f 1521/1521 1356/1356 2769/2769
f 2769/2769 1980/1980 1521/1521
f 1233/1233 1623/1623 1980/1980
f 677/677 1623/1623 1233/1233
f 1623/1623 677/677 1043/1043
f 677/677 835/835 1043/1043
f 190/190 1043/1043 835/835
f 114/114 835/835 677/677
f 1291/1291 1326/1326 649/649
f 1558/1558 1291/1291 649/649
f 1356/1356 1521/1521 1558/1558
f 649/649 1356/1356 1558/1558
f 6479/6479 6387/6387 6070/6070
f 6313/6313 6842/6842 6479/6479
f 3429/3429 3466/3466 3476/3476
f 3471/3471 3476/3476 3466/3466
f 3484/3484 3454/3454 3464/3464
f 3666/3666 3514/3514 3476/3476
f 3437/3437 3666/3666 3476/3476
f 3666/3666 3501/3501 3514/3514
f 3354/3354 3666/3666 3437/3437
f 287/287 5043/5043 260/260
f 262/262 5043/5043 287/287
f 290/290 262/262 287/287
f 292/292 290/290 287/287
f 262/262 290/290 292/292
f 4951/4951 5043/5043 262/262
f 6900/6900 6991/6991 7005/7005
f 6972/6972 6900/6900 6362/6362
f 6911/6911 6900/6900 7005/7005
f 6900/6900 6828/6828 6362/6362
f 6900/6900 6911/6911 6888/6888
f 6875/6875 6900/6900 6888/6888
f 6875/6875 6828/6828 6900/6900
f 7005/7005 6991/6991 6975/6975
f 70/70 1071/1071 5015/5015
f 70/70 5015/5015 5326/5326
f 5872/5872 5197/5197 5722/5722
f 6111/6111 6065/6065 6097/6097
f 5788/5788 5869/5869 6338/6338
f 5869/5869 6029/6029 6338/6338
f 5788/5788 6029/6029 6447/6447
f 6338/6338 6029/6029 5788/5788
f 1989/1989 2325/2325 2687/2687
f 2916/2916 1989/1989 2687/2687
f 2947/2947 2916/2916 2687/2687
f 6183/6183 6016/6016 6028/6028
f 6222/6222 6183/6183 6028/6028
f 6222/6222 6028/6028 6191/6191
f 6191/6191 6215/6215 6222/6222
f 6209/6209 6222/6222 6215/6215
f 6209/6209 6215/6215 6191/6191
f 4947/4947 1071/1071 70/70
f 4947/4947 5015/5015 1071/1071
f 5444/5444 5015/5015 4947/4947
f 5175/5175 4990/4990 4960/4960
f 5175/5175 5384/5384 4990/4990
f 190/190 5486/5486 255/255
f 592/592 621/621 5079/5079
f 592/592 5079/5079 373/373
f 4956/4956 97/97 373/373
f 344/344 436/436 373/373
f 346/346 436/436 344/344
f 369/369 436/436 346/346
f 369/369 346/346 344/344
f 4990/4990 498/498 4960/4960
f 4956/4956 450/450 621/621
f 621/621 450/450 5079/5079
f 5079/5079 450/450 4956/4956
f 5548/5548 325/325 5486/5486
f 5502/5502 5548/5548 5486/5486
f 3181/3181 3516/3516 3601/3601
f 3601/3601 3180/3180 3181/3181
f 3601/3601 3245/3245 3180/3180
f 3288/3288 3267/3267 3290/3290
f 3355/3355 3267/3267 3288/3288
f 3290/3290 3355/3355 3288/3288
f 3478/3478 3442/3442 3451/3451
f 3451/3451 3442/3442 3385/3385
f 3397/3397 3451/3451 3385/3385
f 3397/3397 3385/3385 3442/3442
f 3601/3601 3298/3298 3245/3245
f 3298/3298 3442/3442 3291/3291
f 3267/3267 3298/3298 3291/3291
f 3245/3245 3298/3298 3267/3267
f 3298/3298 3397/3397 3442/3442
f 6142/6142 6498/6498 6329/6329
f 6424/6424 6142/6142 6329/6329
f 6241/6241 6424/6424 6320/6320
f 6233/6233 6424/6424 6241/6241
f 6240/6240 6142/6142 6424/6424
f 6233/6233 6240/6240 6424/6424
f 6241/6241 6240/6240 6233/6233
f 169/169 173/173 117/117
f 6320/6320 6329/6329 6498/6498
f 6320/6320 6424/6424 6329/6329
f 6630/6630 6718/6718 6697/6697
f 6676/6676 6630/6630 6697/6697
f 6625/6625 6377/6377 6674/6674
f 6630/6630 6674/6674 6377/6377
f 6675/6675 6625/6625 6674/6674
f 6676/6676 6675/6675 6674/6674
f 6669/6669 6675/6675 6676/6676
f 6693/6693 6675/6675 6669/6669
f 6676/6676 6693/6693 6669/6669
f 6674/6674 6630/6630 6676/6676
f 498/498 4990/4990 5384/5384
f 6016/6016 6191/6191 6028/6028
f 5498/5498 5453/5453 5317/5317
f 5453/5453 5474/5474 5317/5317
f 5474/5474 5453/5453 5498/5498
f 6479/6479 6070/6070 6104/6104
f 6289/6289 6305/6305 6286/6286
f 6434/6434 6289/6289 6286/6286
f 6434/6434 6305/6305 6289/6289
f 6305/6305 6434/6434 6104/6104
f 6434/6434 6313/6313 6104/6104
f 5413/5413 5369/5369 5366/5366
f 5405/5405 5369/5369 5413/5413
f 5428/5428 5405/5405 5413/5413
f 5366/5366 5428/5428 5413/5413
f 5369/5369 5428/5428 5366/5366
f 6438/6438 6176/6176 6454/6454
f 6521/6521 6454/6454 6543/6543
f 6499/6499 6454/6454 6521/6521
f 6438/6438 6454/6454 6499/6499
f 6470/6470 6438/6438 6499/6499
f 6468/6468 6465/6465 6438/6438
f 6470/6470 6465/6465 6468/6468
f 6438/6438 6470/6470 6468/6468
f 6499/6499 6521/6521 6470/6470
f 6800/6800 6796/6796 6793/6793
f 6771/6771 6793/6793 6796/6796
f 6800/6800 6793/6793 6771/6771
f 6800/6800 6840/6840 6805/6805
f 6839/6839 6855/6855 6838/6838
f 3601/3601 3397/3397 3298/3298
f 6798/6798 6656/6656 6903/6903
f 6798/6798 6903/6903 7062/7062
f 2217/2217 2169/2169 2199/2199
f 2190/2190 2217/2217 2199/2199
f 2155/2155 2217/2217 2190/2190
f 2199/2199 2155/2155 2190/2190
f 1652/1652 2030/2030 2199/2199
f 1558/1558 1521/1521 1980/1980
f 6166/6166 5732/5732 6173/6173
f 6147/6147 5732/5732 6166/6166
f 6139/6139 6147/6147 6166/6166
f 6173/6173 6139/6139 6166/6166
f 6192/6192 6375/6375 6308/6308
f 6192/6192 6308/6308 6175/6175
f 6355/6355 6175/6175 6308/6308
f 6375/6375 6355/6355 6308/6308
f 6361/6361 6355/6355 6375/6375
f 6354/6354 6361/6361 6375/6375
f 6384/6384 6354/6354 6375/6375
f 6391/6391 6384/6384 6375/6375
f 6354/6354 6384/6384 6391/6391
f 6354/6354 6355/6355 6361/6361
f 6380/6380 6333/6333 6346/6346
f 6333/6333 6380/6380 6321/6321
f 6346/6346 6333/6333 6321/6321
f 2769/2769 1233/1233 1980/1980
f 6771/6771 6840/6840 6800/6800
f 6859/6859 6840/6840 6771/6771
f 2756/2756 2773/2773 2726/2726
f 4142/4142 4147/4147 4166/4166
f 4124/4124 4142/4142 4166/4166
f 4124/4124 4166/4166 4147/4147
f 4187/4187 4124/4124 3816/3816
f 4287/4287 4187/4187 4500/4500
f 4500/4500 4187/4187 3816/3816
f 4288/4288 4287/4287 4500/4500
f 4236/4236 4287/4287 4288/4288
f 4232/4232 4287/4287 4236/4236
f 4288/4288 4232/4232 4236/4236
f 2063/2063 2505/2505 1895/1895
f 1961/1961 1971/1971 2063/2063
f 1987/1987 2063/2063 1971/1971
f 1961/1961 1987/1987 1971/1971
f 6753/6753 6362/6362 6710/6710
f 6723/6723 6753/6753 6710/6710
f 6700/6700 6723/6723 6710/6710
f 6753/6753 6723/6723 6700/6700
f 6712/6712 6701/6701 6696/6696
f 6700/6700 6712/6712 6696/6696
f 6701/6701 6712/6712 6700/6700
f 6779/6779 6362/6362 6700/6700
f 6695/6695 6779/6779 6700/6700
f 6670/6670 6695/6695 6700/6700
f 6779/6779 6695/6695 6670/6670
f 6362/6362 6753/6753 6700/6700
f 6972/6972 6362/6362 6779/6779
f 3565/3565 3548/3548 3536/3536
f 3560/3560 3548/3548 3565/3565
f 3536/3536 3548/3548 3560/3560
f 3631/3631 3536/3536 3612/3612
f 3651/3651 3612/3612 3536/3536
f 3631/3631 3612/3612 3651/3651
f 3647/3647 3631/3631 3651/3651
f 3686/3686 3631/3631 3647/3647
f 3559/3559 3571/3571 3565/3565
f 3580/3580 3559/3559 3565/3565
f 3686/3686 3647/3647 3651/3651
f 3682/3682 3686/3686 3691/3691
f 3696/3696 3691/3691 3686/3686
f 3682/3682 3691/3691 3696/3696
f 3720/3720 3682/3682 3696/3696
f 3649/3649 3682/3682 3720/3720
f 3696/3696 3649/3649 3720/3720
f 3751/3751 3649/3649 3629/3629
f 3748/3748 3806/3806 3751/3751
f 3724/3724 3748/3748 3751/3751
f 3724/3724 3751/3751 3774/3774
f 3629/3629 3724/3724 3751/3751
f 3771/3771 3774/3774 3751/3751
f 3724/3724 3774/3774 3771/3771
f 3684/3684 3690/3690 3649/3649
f 3685/3685 3683/3683 3695/3695
f 3694/3694 3690/3690 3684/3684
f 3652/3652 3694/3694 3684/3684
f 3694/3694 3649/3649 3690/3690
f 3674/3674 3677/3677 3649/3649
f 3665/3665 3674/3674 3649/3649
f 3665/3665 3677/3677 3674/3674
f 3575/3575 3677/3677 3656/3656
f 3575/3575 3656/3656 3645/3645
f 3629/3629 3649/3649 3575/3575
f 3724/3724 3629/3629 3592/3592
f 3724/3724 3592/3592 3748/3748
f 3592/3592 3804/3804 3748/3748
f 3908/3908 3748/3748 3804/3804
f 5439/5439 5442/5442 5445/5445
f 5495/5495 5445/5445 5470/5470
f 5492/5492 5495/5495 5493/5493
f 5490/5490 5492/5492 5493/5493
f 5495/5495 5490/5490 5493/5493
f 5470/5470 5490/5490 5495/5495
f 4996/4996 4960/4960 498/498
f 5767/5767 5778/5778 5793/5793
f 6405/6405 6363/6363 6376/6376
f 6353/6353 6363/6363 6405/6405
f 6340/6340 6353/6353 6405/6405
f 6376/6376 6363/6363 6353/6353
f 6340/6340 6376/6376 6353/6353
f 6454/6454 6176/6176 6208/6208
f 6309/6309 6543/6543 6454/6454
f 6303/6303 6543/6543 6309/6309
f 6309/6309 6454/6454 6208/6208
f 6303/6303 6309/6309 6208/6208
f 5445/5445 5490/5490 5470/5470
f 5442/5442 5490/5490 5445/5445
f 5439/5439 5490/5490 5442/5442
f 6228/6228 6303/6303 6208/6208
f 6138/6138 6208/6208 6176/6176
f 6138/6138 6228/6228 6208/6208
f 6101/6101 6192/6192 6108/6108
f 6095/6095 6108/6108 6192/6192
f 6095/6095 6101/6101 6108/6108
f 6339/6339 5732/5732 6147/6147
f 6339/6339 6115/6115 6005/6005
f 5732/5732 6339/6339 6005/6005
f 6181/6181 6168/6168 6339/6339
f 6182/6182 6339/6339 6168/6168
f 6181/6181 6182/6182 6168/6168
f 5508/5508 5698/5698 6173/6173
f 5732/5732 5508/5508 6173/6173
f 5508/5508 5732/5732 6005/6005
f 5345/5345 5698/5698 5508/5508
f 5639/5639 5590/5590 5565/5565
f 5786/5786 5345/5345 6005/6005
f 5886/5886 6063/6063 6141/6141
f 5761/5761 5886/5886 5586/5586
f 6911/6911 7005/7005 6828/6828
f 3570/3570 3586/3586 3533/3533
f 3570/3570 3533/3533 3521/3521
f 3521/3521 3586/3586 3570/3570
f 3580/3580 3586/3586 3582/3582
f 3608/3608 3582/3582 3586/3586
f 3580/3580 3582/3582 3608/3608
f 3559/3559 3580/3580 3608/3608
f 3571/3571 3559/3559 3608/3608
f 3665/3665 3652/3652 3684/3684
f 3694/3694 3652/3652 3665/3665
f 3677/3677 3665/3665 3638/3638
f 3638/3638 3645/3645 3677/3677
f 3656/3656 3677/3677 3645/3645
f 3645/3645 3638/3638 3665/3665
f 3618/3618 3645/3645 3665/3665
f 3618/3618 3521/3521 3645/3645
f 3665/3665 3521/3521 3618/3618
f 3432/3432 3553/3553 3521/3521
f 3575/3575 3521/3521 3553/3553
f 3575/3575 3553/3553 3629/3629
f 3592/3592 3629/3629 3553/3553
f 3558/3558 3592/3592 3553/3553
f 3584/3584 3592/3592 3558/3558
f 3584/3584 3804/3804 3592/3592
f 2505/2505 2063/2063 2753/2753
f 2767/2767 2505/2505 2753/2753
f 6746/6746 7062/7062 6713/6713
f 6312/6312 6412/6412 6347/6347
f 6317/6317 6312/6312 6347/6347
f 6302/6302 6312/6312 6317/6317
f 6287/6287 6312/6312 6302/6302
f 6317/6317 6287/6287 6302/6302
f 6412/6412 6317/6317 6347/6347
f 6360/6360 6294/6294 6229/6229
f 6414/6414 6360/6360 6317/6317
f 6279/6279 6360/6360 6414/6414
f 5916/5916 6229/6229 6279/6279
f 6414/6414 5916/5916 6279/6279
f 6414/6414 6565/6565 6560/6560
f 6497/6497 6565/6565 6414/6414
f 6713/6713 6497/6497 6414/6414
f 6713/6713 6414/6414 6317/6317
f 6746/6746 6713/6713 6317/6317
f 4124/4124 4483/4483 3816/3816
f 6038/6038 6350/6350 6115/6115
f 6113/6113 6038/6038 6115/6115
f 6093/6093 6113/6113 6115/6115
f 6038/6038 6113/6113 6093/6093
f 6350/6350 6038/6038 6005/6005
f 6206/6206 6235/6235 6249/6249
f 6115/6115 6350/6350 6005/6005
f 498/498 5384/5384 5433/5433
f 5456/5456 5433/5433 5384/5384
f 5450/5450 5433/5433 5456/5456
f 4996/4996 5433/5433 5450/5450
f 498/498 5433/5433 4996/4996
f 6313/6313 6479/6479 6104/6104
f 5796/5796 6141/6141 5789/5789
f 6141/6141 5868/5868 5860/5860
f 5586/5586 6141/6141 5860/5860
f 5850/5850 5853/5853 5860/5860
f 5843/5843 5853/5853 5850/5850
f 5860/5860 5843/5843 5850/5850
f 5838/5838 5843/5843 5860/5860
f 5868/5868 5843/5843 5838/5838
f 5868/5868 5838/5838 5860/5860
f 4265/4265 4217/4217 4259/4259
f 4135/4135 4259/4259 4217/4217
f 4195/4195 4265/4265 4259/4259
f 4175/4175 4259/4259 4135/4135
f 4195/4195 4259/4259 4175/4175
f 4180/4180 4175/4175 4135/4135
f 4195/4195 4175/4175 4180/4180
f 4185/4185 4195/4195 4180/4180
f 4214/4214 4195/4195 4185/4185
f 4214/4214 4213/4213 4195/4195
f 4265/4265 4195/4195 4213/4213
f 4224/4224 4265/4265 4213/4213
f 4214/4214 4224/4224 4213/4213
f 2505/2505 2767/2767 3037/3037
f 2314/2314 2505/2505 3037/3037
f 2358/2358 2362/2362 2453/2453
f 6063/6063 5789/5789 6141/6141
f 5586/5586 5886/5886 6141/6141
f 6714/6714 6715/6715 6705/6705
f 4485/4485 4500/4500 4483/4483
f 5079/5079 4956/4956 373/373
f 6444/6444 6462/6462 6457/6457
f 6420/6420 6444/6444 6457/6457
f 6449/6449 6444/6444 6420/6420
f 6462/6462 6420/6420 6457/6457
f 6426/6426 6449/6449 6420/6420
f 6416/6416 6449/6449 6426/6426
f 6420/6420 6416/6416 6426/6426
f 6296/6296 6402/6402 6420/6420
f 6411/6411 6296/6296 6420/6420
f 6395/6395 6296/6296 6411/6411
f 6395/6395 6411/6411 6462/6462
f 6140/6140 6395/6395 6462/6462
f 6296/6296 6316/6316 6358/6358
f 6323/6323 6358/6358 6316/6316
f 6281/6281 6316/6316 6296/6296
f 6296/6296 6395/6395 6281/6281
f 6140/6140 6281/6281 6395/6395
f 6319/6319 6281/6281 6140/6140
f 6323/6323 6316/6316 6319/6319
f 6281/6281 6319/6319 6316/6316
f 6431/6431 6446/6446 6436/6436
f 6432/6432 6431/6431 6436/6436
f 6432/6432 6446/6446 6431/6431
f 6275/6275 6201/6201 6842/6842
f 6161/6161 6842/6842 6201/6201
f 6237/6237 6842/6842 6161/6161
f 6201/6201 6157/6157 6161/6161
f 6135/6135 6161/6161 6157/6157
f 6201/6201 6135/6135 6157/6157
f 6201/6201 6275/6275 6245/6245
f 6275/6275 6255/6255 6245/6245
f 6276/6276 6255/6255 6275/6275
f 6276/6276 6275/6275 6842/6842
f 6276/6276 6842/6842 6313/6313
f 6255/6255 6283/6283 6245/6245
f 6255/6255 6276/6276 6283/6283
f 6180/6180 6277/6277 6195/6195
f 6360/6360 6195/6195 6277/6277
f 6229/6229 6195/6195 6360/6360
f 6180/6180 6195/6195 6229/6229
f 6052/6052 6229/6229 5916/5916
f 6084/6084 6116/6116 6052/6052
f 6103/6103 6116/6116 6084/6084
f 6052/6052 6103/6103 6084/6084
f 5916/5916 6026/6026 6052/6052
f 5916/5916 6414/6414 5859/5859
f 5939/5939 5859/5859 6155/6155
f 5859/5859 6414/6414 6155/6155
f 434/434 592/592 373/373
f 571/571 592/592 434/434
f 554/554 567/567 570/570
f 436/436 434/434 373/373
f 401/401 440/440 412/412
f 344/344 434/434 436/436
f 344/344 212/212 434/434
f 571/571 434/434 212/212
f 373/373 212/212 344/344
f 97/97 212/212 373/373
f 571/571 212/212 97/97
f 4956/4956 571/571 97/97
f 1026/1026 1909/1909 1368/1368
f 1368/1368 1909/1909 1962/1962
f 5731/5731 5647/5647 5740/5740
f 5760/5760 5731/5731 5740/5740
f 5760/5760 5740/5740 5647/5647
f 5796/5796 5760/5760 5647/5647
f 5789/5789 5760/5760 5796/5796
f 6141/6141 5796/5796 5647/5647
f 5647/5647 5868/5868 6141/6141
f 3829/3829 3944/3944 3311/3311
f 3910/3910 3896/3896 3905/3905
f 3829/3829 3910/3910 3905/3905
f 3896/3896 3829/3829 3905/3905
f 3944/3944 3829/3829 3688/3688
f 3688/3688 3829/3829 3311/3311
f 3110/3110 3688/3688 3311/3311
f 3311/3311 2206/2206 3110/3110
f 2596/2596 2206/2206 2639/2639
f 2669/2669 2639/2639 2206/2206
f 2669/2669 2596/2596 2639/2639
f 3311/3311 2669/2669 2206/2206
f 6357/6357 6370/6370 6358/6358
f 6402/6402 6370/6370 6357/6357
f 6296/6296 6370/6370 6402/6402
f 6296/6296 6358/6358 6370/6370
f 3021/3021 3207/3207 2989/2989
f 3021/3021 3325/3325 3207/3207
f 3325/3325 3021/3021 3037/3037
f 6005/6005 5345/5345 5508/5508
f 6038/6038 5786/5786 6005/6005
f 4501/4501 4497/4497 4496/4496
f 2753/2753 3037/3037 2767/2767
f 6025/6025 5349/5349 5900/5900
f 6055/6055 6025/6025 5900/5900
f 6056/6056 6025/6025 6055/6055
f 6067/6067 6025/6025 6056/6056
f 6055/6055 6067/6067 6056/6056
f 6099/6099 6066/6066 6105/6105
f 6055/6055 6099/6099 6105/6105
f 6134/6134 6053/6053 6092/6092
f 6055/6055 6092/6092 6053/6053
f 6066/6066 6055/6055 6105/6105
f 6134/6134 6092/6092 6055/6055
f 5900/5900 6134/6134 6055/6055
f 6162/6162 6134/6134 5900/5900
f 3748/3748 3880/3880 3806/3806
f 3748/3748 3908/3908 3880/3880
f 3806/3806 3880/3880 3908/3908
f 6026/6026 5916/5916 5859/5859
f 810/810 1909/1909 1026/1026
f 1037/1037 1026/1026 1054/1054
f 714/714 1037/1037 1054/1054
f 1026/1026 1037/1037 714/714
f 810/810 1026/1026 714/714
f 640/640 676/676 660/660
f 329/329 640/640 660/660
f 810/810 714/714 676/676
f 887/887 1962/1962 810/810
f 329/329 810/810 676/676
f 640/640 329/329 676/676
f 504/504 329/329 489/489
f 478/478 489/489 329/329
f 504/504 489/489 478/478
f 810/810 329/329 503/503
f 503/503 887/887 810/810
f 478/478 495/495 503/503
f 887/887 503/503 495/495
f 678/678 887/887 638/638
f 578/578 678/678 638/638
f 887/887 578/578 638/638
f 495/495 578/578 887/887
f 425/425 578/578 495/495
f 329/329 495/495 478/478
f 329/329 425/425 495/495
f 578/578 425/425 4923/4923
f 329/329 4923/4923 425/425
f 5592/5592 5306/5306 5191/5191
f 5262/5262 5191/5191 5306/5306
f 5411/5411 5368/5368 5361/5361
f 4923/4923 5066/5066 5032/5032
f 5032/5032 5066/5066 5262/5262
f 4923/4923 5032/5032 5262/5262
f 4923/4923 5262/5262 5194/5194
f 5337/5337 4923/4923 5194/5194
f 5306/5306 5592/5592 5262/5262
f 5262/5262 5337/5337 5194/5194
f 5592/5592 5481/5481 5262/5262
f 5426/5426 5262/5262 5481/5481
f 5531/5531 5426/5426 5481/5481
f 5531/5531 5481/5481 5592/5592
f 3930/3930 3856/3856 3918/3918
f 4372/4372 4348/4348 3688/3688
f 4348/4348 4340/4340 3688/3688
f 4340/4340 4348/4348 4341/4341
f 4348/4348 4372/4372 4398/4398
f 4330/4330 4348/4348 4398/4398
f 4341/4341 4348/4348 4330/4330
f 4327/4327 4340/4340 4341/4341
f 4330/4330 4340/4340 4341/4341
f 3688/3688 4340/4340 4330/4330
f 4385/4385 4330/4330 4398/4398
f 4358/4358 4385/4385 4398/4398
f 3870/3870 4385/4385 4358/4358
f 4385/4385 3870/3870 3688/3688
f 3688/3688 4330/4330 4385/4385
f 1962/1962 1909/1909 810/810
f 5326/5326 5015/5015 5446/5446
f 5480/5480 5326/5326 5446/5446
f 5444/5444 5446/5446 5015/5015
f 5480/5480 5446/5446 5444/5444
f 5477/5477 5480/5480 5444/5444
f 5464/5464 5477/5477 5444/5444
f 5464/5464 5480/5480 5477/5477
f 4081/4081 3856/3856 3930/3930
f 4079/4079 4081/4081 3930/3930
f 3918/3918 4079/4079 3930/3930
f 3601/3601 3443/3443 3397/3397
f 5993/5993 5783/5783 5970/5970
f 5944/5944 5970/5970 5924/5924
f 6034/6034 5944/5944 5924/5924
f 6034/6034 5970/5970 5944/5944
f 5993/5993 5970/5970 6034/6034
f 5861/5861 5783/5783 5993/5993
f 6034/6034 6437/6437 5993/5993
f 6842/6842 6237/6237 6273/6273
f 6199/6199 6217/6217 6237/6237
f 6214/6214 6237/6237 6217/6217
f 6199/6199 6214/6214 6217/6217
f 6273/6273 6220/6220 6256/6256
f 6254/6254 6256/6256 6220/6220
f 6273/6273 6256/6256 6254/6254
f 6585/6585 6842/6842 6273/6273
f 6585/6585 6567/6567 6842/6842
f 6943/6943 6842/6842 6567/6567
f 6721/6721 6943/6943 6756/6756
f 6764/6764 6721/6721 6756/6756
f 6567/6567 6734/6734 6943/6943
f 6725/6725 6943/6943 6734/6734
f 6736/6736 6738/6738 6734/6734
f 6733/6733 6738/6738 6736/6736
f 6734/6734 6733/6733 6736/6736
f 6567/6567 6725/6725 6734/6734
f 6585/6585 6362/6362 6567/6567
f 6756/6756 6943/6943 6725/6725
f 6764/6764 6756/6756 6763/6763
f 6721/6721 6764/6764 6763/6763
f 6362/6362 6756/6756 6725/6725
f 6721/6721 6756/6756 6362/6362
f 6567/6567 6362/6362 6725/6725
f 453/453 1423/1423 2133/2133
f 1705/1705 1423/1423 1403/1403
f 2133/2133 1423/1423 1705/1705
f 1705/1705 1227/1227 2133/2133
f 1435/1435 1502/1502 1436/1436
f 1436/1436 1502/1502 1437/1437
f 1437/1437 1502/1502 1435/1435
f 1403/1403 1501/1501 1436/1436
f 1500/1500 1436/1436 1501/1501
f 1403/1403 1500/1500 1501/1501
f 1403/1403 1423/1423 1500/1500
f 1299/1299 1351/1351 1363/1363
f 1417/1417 1463/1463 1459/1459
f 1417/1417 1459/1459 1403/1403
f 1463/1463 1417/1417 1403/1403
f 1042/1042 1124/1124 1055/1055
f 1423/1423 256/256 1107/1107
f 256/256 1423/1423 915/915
f 1423/1423 453/453 527/527
f 337/337 527/527 453/453
f 4891/4891 16/16 4858/4858
f 5034/5034 5023/5023 5196/5196
f 389/389 5023/5023 5034/5034
f 5392/5392 5315/5315 5329/5329
f 5389/5389 5034/5034 5196/5196
f 389/389 5034/5034 5389/5389
f 5434/5434 5389/5389 5517/5517
f 5434/5434 5929/5929 5389/5389
f 389/389 5389/5389 5929/5929
f 5929/5929 5434/5434 5517/5517
f 6507/6507 389/389 5929/5929
f 5792/5792 5827/5827 5835/5835
f 5626/5626 5572/5572 5645/5645
f 6573/6573 5340/5340 389/389
f 5340/5340 5911/5911 5790/5790
f 5704/5704 5340/5340 5790/5790
f 5621/5621 5608/5608 5675/5675
f 5723/5723 5768/5768 5784/5784
f 6137/6137 6133/6133 6178/6178
f 5911/5911 5340/5340 6573/6573
f 6315/6315 6225/6225 6297/6297
f 389/389 6507/6507 6573/6573
f 6511/6511 5770/5770 6507/6507
f 6666/6666 6528/6528 6507/6507
f 6522/6522 6511/6511 6517/6517
f 6528/6528 6522/6522 6517/6517
f 6528/6528 6511/6511 6522/6522
f 6666/6666 6511/6511 6528/6528
f 5770/5770 6511/6511 6622/6622
f 6533/6533 6508/6508 6515/6515
f 6511/6511 6666/6666 6622/6622
f 6541/6541 6552/6552 6531/6531
f 5770/5770 6573/6573 6507/6507
f 5911/5911 6573/6573 5770/5770
f 2752/2752 1227/1227 2375/2375
f 2375/2375 2408/2408 2752/2752
f 2413/2413 2752/2752 2408/2408
f 2375/2375 2413/2413 2408/2408
f 1754/1754 648/648 2375/2375
f 922/922 2375/2375 648/648
f 339/339 362/362 922/922
f 300/300 362/362 339/339
f 339/339 922/922 300/300
f 623/623 5609/5609 300/300
f 6633/6633 6658/6658 6903/6903
f 5939/5939 6633/6633 6903/6903
f 5939/5939 6903/6903 6656/6656
f 1822/1822 1784/1784 1811/1811
f 2133/2133 2352/2352 453/453
f 4375/4375 4355/4355 4359/4359
f 2787/2787 2576/2576 2778/2778
f 2752/2752 2778/2778 2576/2576
f 2752/2752 2787/2787 2778/2778
f 2752/2752 2576/2576 2609/2609
f 2752/2752 2609/2609 1227/1227
f 4500/4500 4396/4396 4288/4288
f 4407/4407 4396/4396 4500/4500
f 4396/4396 4407/4407 4409/4409
f 4397/4397 4409/4409 4407/4407
f 4396/4396 4409/4409 4397/4397
f 4485/4485 4407/4407 4500/4500
f 2352/2352 2609/2609 2576/2576
f 5961/5961 6006/6006 5797/5797
f 6684/6684 6661/6661 5712/5712
f 5797/5797 6006/6006 5712/5712
f 5712/5712 6006/6006 5961/5961
f 2352/2352 2576/2576 453/453
f 6710/6710 6362/6362 6585/6585
f 3023/3023 2900/2900 2763/2763
f 3256/3256 2590/2590 3102/3102
f 3023/3023 3000/3000 2900/2900
f 2763/2763 2900/2900 3000/3000
f 2972/2972 2763/2763 3000/3000
f 2974/2974 2972/2972 3000/3000
f 2763/2763 2972/2972 2974/2974
f 327/327 309/309 301/301
f 250/250 327/327 301/301
f 360/360 327/327 420/420
f 250/250 421/421 327/327
f 421/421 360/360 420/420
f 360/360 421/421 327/327
f 421/421 309/309 327/327
f 250/250 835/835 421/421
f 114/114 309/309 835/835
f 421/421 835/835 309/309
f 309/309 114/114 301/301
f 6131/6131 6661/6661 6684/6684
f 527/527 915/915 1423/1423
f 915/915 527/527 532/532
f 604/604 579/579 566/566
f 386/386 551/551 532/532
f 370/370 435/435 532/532
f 337/337 435/435 370/370
f 532/532 337/337 370/370
f 337/337 532/532 527/527
f 512/512 460/460 477/477
f 855/855 864/864 889/889
f 256/256 5340/5340 1107/1107
f 389/389 256/256 386/386
f 256/256 532/532 551/551
f 672/672 645/645 256/256
f 915/915 672/672 256/256
f 915/915 645/645 672/672
f 3432/3432 3558/3558 3553/3553
f 5861/5861 5534/5534 5783/5783
f 6131/6131 5712/5712 6661/6661
f 5630/5630 5653/5653 5635/5635
f 5524/5524 5653/5653 5630/5630
f 5635/5635 5653/5653 5524/5524
f 5861/5861 5635/5635 5524/5524
f 5534/5534 5861/5861 5524/5524
f 6326/6326 5861/5861 5993/5993
f 3538/3538 3551/3551 3558/3558
f 3584/3584 3551/3551 3538/3538
f 3584/3584 3558/3558 3551/3551
f 4707/4707 4712/4712 4825/4825
f 4731/4731 4712/4712 4707/4707
f 4694/4694 4712/4712 4731/4731
f 4825/4825 4712/4712 4694/4694
f 4707/4707 4825/4825 4694/4694
f 2961/2961 2931/2931 2949/2949
f 3057/3057 3256/3256 3102/3102
f 6187/6187 6102/6102 5904/5904
f 6189/6189 6102/6102 6172/6172
f 6193/6193 6102/6102 6189/6189
f 6172/6172 6193/6193 6189/6189
f 5884/5884 5904/5904 6102/6102
f 6210/6210 6216/6216 6219/6219
f 6210/6210 6187/6187 6216/6216
f 5904/5904 6216/6216 6187/6187
f 6210/6210 6219/6219 6187/6187
f 4483/4483 4500/4500 3816/3816
f 3491/3491 3643/3643 3613/3613
f 5761/5761 5586/5586 5235/5235
f 6063/6063 5886/5886 5761/5761
f 5595/5595 6063/6063 5761/5761
f 5312/5312 5595/5595 5761/5761
f 5761/5761 5235/5235 5312/5312
f 4661/4661 4672/4672 4682/4682
f 4661/4661 4682/4682 4653/4653
f 389/389 386/386 5023/5023
f 256/256 551/551 386/386
f 4729/4729 4619/4619 4746/4746
f 4729/4729 3703/3703 4619/4619
f 1227/1227 2352/2352 2133/2133
f 1762/1762 1777/1777 1796/1796
f 826/826 1227/1227 1273/1273
f 1785/1785 1227/1227 826/826
f 1273/1273 1227/1227 1107/1107
f 1084/1084 1064/1064 1031/1031
f 1107/1107 826/826 1273/1273
f 1208/1208 1107/1107 1190/1190
f 1107/1107 1208/1208 1423/1423
f 1500/1500 1423/1423 1208/1208
f 1235/1235 1287/1287 1239/1239
f 1241/1241 1208/1208 1217/1217
f 1190/1190 1217/1217 1208/1208
f 1220/1220 1217/1217 1190/1190
f 1241/1241 1217/1217 1220/1220
f 1251/1251 1276/1276 1234/1234
f 1211/1211 1220/1220 1190/1190
f 1207/1207 1211/1211 1190/1190
f 1220/1220 1211/1211 1207/1207
f 1107/1107 1207/1207 1190/1190
f 1227/1227 1207/1207 1107/1107
f 1627/1627 1207/1207 1227/1227
f 1327/1327 1627/1627 1418/1418
f 1418/1418 1500/1500 1327/1327
f 1627/1627 1500/1500 1418/1418
f 1571/1571 1618/1618 1533/1533
f 1500/1500 1627/1627 1227/1227
f 4732/4732 4611/4611 4674/4674
f 4275/4275 4271/4271 4294/4294
f 4295/4295 4619/4619 4530/4530
f 4281/4281 4619/4619 4295/4295
f 4290/4290 4303/4303 4295/4295
f 4290/4290 4295/4295 4281/4281
f 4303/4303 4290/4290 4281/4281
f 3609/3609 4530/4530 3703/3703
f 3144/3144 4746/4746 3594/3594
f 4619/4619 3703/3703 4530/4530
f 4667/4667 4674/4674 4611/4611
f 4338/4338 4320/4320 4313/4313
f 4311/4311 4313/4313 4320/4320
f 4311/4311 4320/4320 4338/4338
f 3311/3311 3944/3944 3870/3870
f 2796/2796 3418/3418 2915/2915
f 4406/4406 4401/4401 4392/4392
f 4357/4357 4401/4401 4406/4406
f 4392/4392 4401/4401 4357/4357
f 4381/4381 4392/4392 4357/4357
f 4342/4342 4392/4392 4381/4381
f 4357/4357 4342/4342 4381/4381
f 2609/2609 2352/2352 2524/2524
f 2545/2545 2523/2523 2567/2567
f 2605/2605 2545/2545 2567/2567
f 2605/2605 2523/2523 2545/2545
f 2524/2524 2352/2352 2605/2605
f 1227/1227 2605/2605 2352/2352
f 2524/2524 2605/2605 1227/1227
f 2609/2609 2524/2524 1227/1227
f 3448/3448 3613/3613 3643/3643
f 3491/3491 3448/3448 3643/3643
f 4470/4470 4592/4592 4627/4627
f 4592/4592 4470/4470 4455/4455
f 6704/6704 6666/6666 6507/6507
f 6704/6704 6440/6440 6666/6666
f 6698/6698 6690/6690 6704/6704
f 6689/6689 6690/6690 6698/6698
f 6689/6689 6704/6704 6690/6690
f 6649/6649 6662/6662 6704/6704
f 6440/6440 6662/6662 6649/6649
f 6224/6224 6622/6622 6440/6440
f 6179/6179 6190/6190 6224/6224
f 6121/6121 6622/6622 6224/6224
f 6121/6121 6190/6190 6179/6179
f 6224/6224 6190/6190 6121/6121
f 300/300 6622/6622 6121/6121
f 5644/5644 5609/5609 5587/5587
f 5587/5587 5664/5664 5644/5644
f 5670/5670 5664/5664 5587/5587
f 5670/5670 5644/5644 5664/5664
f 5770/5770 5644/5644 5587/5587
f 5770/5770 5609/5609 5644/5644
f 5911/5911 5704/5704 5790/5790
f 5704/5704 5911/5911 5770/5770
f 5770/5770 5692/5692 5689/5689
f 5770/5770 5487/5487 5704/5704
f 5866/5866 5704/5704 5811/5811
f 5790/5790 5811/5811 5704/5704
f 5790/5790 5866/5866 5811/5811
f 4672/4672 4653/4653 4682/4682
f 3486/3486 3490/3490 3485/3485
f 3418/3418 3486/3486 3485/3485
f 3490/3490 3486/3486 3418/3418
f 2796/2796 3490/3490 3418/3418
f 2996/2996 3490/3490 2796/2796
f 2702/2702 2996/2996 2796/2796
f 2641/2641 2574/2574 2996/2996
f 2702/2702 2641/2641 2996/2996
f 2574/2574 2641/2641 2702/2702
f 2702/2702 2498/2498 2574/2574
f 2796/2796 2855/2855 2884/2884
f 2457/2457 2855/2855 2712/2712
f 2855/2855 2457/2457 2884/2884
f 2702/2702 2457/2457 2620/2620
f 2702/2702 2796/2796 2884/2884
f 2739/2739 2702/2702 2884/2884
f 2727/2727 2739/2739 2884/2884
f 2702/2702 2739/2739 2727/2727
f 2498/2498 2702/2702 2620/2620
f 2404/2404 2574/2574 2498/2498
f 2457/2457 2404/2404 2498/2498
f 2377/2377 2404/2404 2396/2396
f 2457/2457 2377/2377 2396/2396
f 2457/2457 2396/2396 2404/2404
f 2620/2620 2457/2457 2498/2498
f 2457/2457 2699/2699 2706/2706
f 2712/2712 2706/2706 2699/2699
f 2457/2457 2712/2712 2699/2699
f 6474/6474 6163/6163 6611/6611
f 6616/6616 6474/6474 6611/6611
f 6629/6629 6672/6672 6616/6616
f 6634/6634 6629/6629 6616/6616
f 6672/6672 6629/6629 6634/6634
f 6474/6474 6616/6616 6672/6672
f 6474/6474 6672/6672 6359/6359
f 6359/6359 5741/5741 5780/5780
f 6611/6611 6163/6163 6615/6615
f 6637/6637 6619/6619 6615/6615
f 6614/6614 6637/6637 6615/6615
f 6614/6614 6619/6619 6637/6637
f 6615/6615 6163/6163 6614/6614
f 6614/6614 6163/6163 6529/6529
f 4364/4364 4627/4627 4592/4592
f 4443/4443 4534/4534 4458/4458
f 4468/4468 4458/4458 4534/4534
f 4452/4452 4458/4458 4468/4468
f 4534/4534 4443/4443 4364/4364
f 4468/4468 4442/4442 4452/4452
f 4443/4443 4452/4452 4442/4442
f 4468/4468 4443/4443 4442/4442
f 4443/4443 4436/4436 4364/4364
f 3976/3976 4627/4627 4364/4364
f 4193/4193 3976/3976 4364/4364
f 3851/3851 4627/4627 3976/3976
f 4193/4193 4148/4148 3976/3976
f 3851/3851 3976/3976 4462/4462
f 4148/4148 4462/4462 3976/3976
f 4193/4193 4462/4462 4148/4148
f 4149/4149 4148/4148 4122/4122
f 4122/4122 4148/4148 4193/4193
f 4149/4149 4122/4122 4193/4193
f 4344/4344 4370/4370 4319/4319
f 4436/4436 4443/4443 4468/4468
f 4193/4193 4364/4364 4436/4436
f 4462/4462 4193/4193 4436/4436
f 4220/4220 4198/4198 4248/4248
f 4234/4234 4220/4220 4248/4248
f 4198/4198 4220/4220 4234/4234
f 4273/4273 4270/4270 4304/4304
f 4227/4227 4270/4270 4273/4273
f 5780/5780 6163/6163 6474/6474
f 5274/5274 5900/5900 5349/5349
f 5274/5274 5341/5341 5900/5900
f 5900/5900 5341/5341 6162/6162
f 6440/6440 6622/6622 6666/6666
f 6440/6440 6704/6704 6662/6662
f 1500/1500 1227/1227 1705/1705
f 6216/6216 5904/5904 6010/6010
f 4927/4927 4976/4976 4938/4938
f 256/256 389/389 5340/5340
f 826/826 1107/1107 5340/5340
f 395/395 437/437 433/433
f 4966/4966 826/826 5340/5340
f 5098/5098 4966/4966 5340/5340
f 5103/5103 5098/5098 5173/5173
f 4966/4966 5098/5098 5103/5103
f 4966/4966 5103/5103 5173/5173
f 5487/5487 5098/5098 5340/5340
f 5342/5342 5298/5298 5278/5278
f 5408/5408 5465/5465 5397/5397
f 5530/5530 5525/5525 5575/5575
f 5487/5487 5340/5340 5704/5704
f 6364/6364 6368/6368 6372/6372
f 5935/5935 6372/6372 6368/6368
f 6364/6364 5935/5935 6368/6368
f 5751/5751 6081/6081 5935/5935
f 5687/5687 5721/5721 5751/5751
f 5716/5716 5751/5751 5721/5721
f 5716/5716 5721/5721 5687/5687
f 6081/6081 5751/5751 5716/5716
f 108/108 726/726 198/198
f 2506/2506 3102/3102 2590/2590
f 2811/2811 2844/2844 2825/2825
f 2871/2871 2844/2844 2811/2811
f 2825/2825 2844/2844 2871/2871
f 2495/2495 3102/3102 2871/2871
f 3102/3102 2825/2825 2871/2871
f 2495/2495 2993/2993 3102/3102
f 2993/2993 2495/2495 2602/2602
f 2634/2634 2834/2834 2993/2993
f 2634/2634 2743/2743 2834/2834
f 3057/3057 2775/2775 2743/2743
f 2834/2834 2775/2775 2798/2798
f 2808/2808 2798/2798 2775/2775
f 2834/2834 2798/2798 2808/2808
f 2834/2834 2775/2775 3057/3057
f 5354/5354 5365/5365 5355/5355
f 5595/5595 5354/5354 5355/5355
f 5365/5365 5595/5595 5355/5355
f 5354/5354 5595/5595 5312/5312
f 5307/5307 5354/5354 5312/5312
f 5307/5307 5312/5312 5235/5235
f 6010/6010 5904/5904 5884/5884
f 2221/2221 3851/3851 4462/4462
f 4351/4351 3058/3058 3828/3828
f 4351/4351 4462/4462 4628/4628
f 4578/4578 4351/4351 4628/4628
f 4665/4665 4351/4351 4578/4578
f 4628/4628 4665/4665 4578/4578
f 4594/4594 4351/4351 4665/4665
f 4588/4588 4351/4351 4594/4594
f 4665/4665 4588/4588 4594/4594
f 4679/4679 4588/4588 4628/4628
f 4455/4455 4628/4628 4462/4462
f 4588/4588 4628/4628 4455/4455
f 4679/4679 4628/4628 4588/4588
f 4455/4455 4827/4827 4808/4808
f 4827/4827 4816/4816 4818/4818
f 4817/4817 4816/4816 4777/4777
f 4818/4818 4816/4816 4817/4817
f 4818/4818 4817/4817 4777/4777
f 4777/4777 4827/4827 4818/4818
f 4782/4782 4827/4827 4777/4777
f 4808/4808 4827/4827 4782/4782
f 4782/4782 4455/4455 4808/4808
f 5780/5780 5028/5028 6163/6163
f 1215/1215 1166/1166 1170/1170
f 981/981 1170/1170 1166/1166
f 981/981 1215/1215 1170/1170
f 4667/4667 4611/4611 4732/4732
f 6474/6474 6359/6359 5780/5780
f 2855/2855 2796/2796 2915/2915
f 2858/2858 2855/2855 2915/2915
f 2858/2858 2712/2712 2855/2855
f 5304/5304 5237/5237 5274/5274
f 5341/5341 5274/5274 5237/5237
f 5304/5304 5341/5341 5237/5237
f 5609/5609 6622/6622 300/300
f 5609/5609 5770/5770 6622/6622
f 3574/3574 3609/3609 3556/3556
f 2827/2827 3574/3574 3556/3556
f 2827/2827 3609/3609 3574/3574
f 4530/4530 3609/3609 2827/2827
f 3144/3144 4530/4530 2827/2827
f 2363/2363 3144/3144 2827/2827
f 2390/2390 2424/2424 2363/2363
f 2468/2468 2424/2424 2390/2390
f 2363/2363 2424/2424 2468/2468
f 3144/3144 2363/2363 2468/2468
f 2468/2468 4746/4746 3144/3144
f 2370/2370 2200/2200 2420/2420
f 2539/2539 2370/2370 2420/2420
f 3851/3851 2221/2221 2200/2200
f 1838/1838 3851/3851 1770/1770
f 1837/1837 3851/3851 1838/1838
f 1837/1837 1838/1838 1770/1770
f 413/413 198/198 726/726
f 413/413 108/108 198/198
f 5819/5819 5261/5261 5873/5873
f 5819/5819 6571/6571 5261/5261
f 4592/4592 4455/4455 4625/4625
f 4625/4625 4462/4462 4639/4639
f 4639/4639 4462/4462 4592/4592
f 4534/4534 4592/4592 4462/4462
f 4534/4534 4364/4364 4592/4592
f 4650/4650 4639/4639 4592/4592
f 4656/4656 4639/4639 4651/4651
f 4650/4650 4656/4656 4651/4651
f 4639/4639 4656/4656 4650/4650
f 4625/4625 4639/4639 4650/4650
f 4592/4592 4625/4625 4650/4650
f 3594/3594 4530/4530 3144/3144
f 867/867 937/937 890/890
f 975/975 867/867 890/890
f 937/937 975/975 890/890
f 3102/3102 2993/2993 3057/3057
f 1565/1565 1769/1769 1745/1745
f 1859/1859 1745/1745 1769/1769
f 1565/1565 1745/1745 1859/1859
f 1782/1782 1859/1859 1842/1842
f 1903/1903 1862/1862 1859/1859
f 1862/1862 1842/1842 1859/1859
f 1842/1842 1862/1862 1903/1903
f 1859/1859 1782/1782 1750/1750
f 1750/1750 1782/1782 1842/1842
f 1995/1995 1930/1930 1798/1798
f 1894/1894 1930/1930 1995/1995
f 1798/1798 1930/1930 1894/1894
f 1959/1959 1995/1995 2211/2211
f 1871/1871 1995/1995 1917/1917
f 1959/1959 1917/1917 1995/1995
f 1871/1871 1917/1917 1959/1959
f 1798/1798 1662/1662 914/914
f 1798/1798 914/914 1859/1859
f 1565/1565 1859/1859 914/914
f 1662/1662 1732/1732 914/914
f 1662/1662 1701/1701 1732/1732
f 1959/1959 1701/1701 1662/1662
f 1959/1959 1732/1732 1701/1701
f 4728/4728 2211/2211 1995/1995
f 2421/2421 2384/2384 2419/2419
f 2707/2707 2636/2636 2211/2211
f 2211/2211 2636/2636 2098/2098
f 1959/1959 2211/2211 2098/2098
f 2074/2074 2099/2099 2098/2098
f 2098/2098 1978/1978 2074/2074
f 2636/2636 2099/2099 2098/2098
f 2099/2099 2074/2074 1978/1978
f 2026/2026 2099/2099 1933/1933
f 1845/1845 1933/1933 2099/2099
f 2026/2026 1933/1933 1845/1845
f 914/914 1732/1732 1845/1845
f 2099/2099 914/914 1845/1845
f 2099/2099 2636/2636 914/914
f 3182/3182 1424/1424 1908/1908
f 1240/1240 1424/1424 1296/1296
f 1225/1225 1296/1296 1224/1224
f 1424/1424 3182/3182 1296/1296
f 1244/1244 1296/1296 3182/3182
f 1240/1240 1296/1296 1225/1225
f 1240/1240 1225/1225 1224/1224
f 1180/1180 1202/1202 1224/1224
f 1202/1202 1240/1240 1224/1224
f 1317/1317 1424/1424 1240/1240
f 1180/1180 1240/1240 1202/1202
f 1371/1371 1317/1317 1240/1240
f 1424/1424 1317/1317 1371/1371
f 1908/1908 2636/2636 1850/1850
f 2707/2707 1850/1850 2636/2636
f 1320/1320 1370/1370 1281/1281
f 2636/2636 378/378 914/914
f 607/607 224/224 378/378
f 378/378 5581/5581 399/399
f 378/378 224/224 5581/5581
f 378/378 492/492 988/988
f 378/378 988/988 914/914
f 849/849 853/853 1565/1565
f 988/988 853/853 849/849
f 988/988 1565/1565 914/914
f 849/849 1565/1565 988/988
f 492/492 378/378 399/399
f 5728/5728 5780/5780 5741/5741
f 5627/5627 5728/5728 5741/5741
f 5780/5780 5728/5728 5627/5627
f 6437/6437 6326/6326 5993/5993
f 5635/5635 6326/6326 6437/6437
f 2834/2834 3057/3057 2993/2993
f 2850/2850 2660/2660 2810/2810
f 2757/2757 2850/2850 2810/2810
f 2757/2757 2810/2810 2660/2660
f 2571/2571 2660/2660 2591/2591
f 2603/2603 2599/2599 2607/2607
f 2571/2571 2603/2603 2607/2607
f 2599/2599 2571/2571 2607/2607
f 2535/2535 2571/2571 2591/2591
f 2628/2628 2535/2535 2591/2591
f 2660/2660 2650/2650 2591/2591
f 2628/2628 2591/2591 2650/2650
f 2665/2665 2650/2650 2660/2660
f 2628/2628 2650/2650 2665/2665
f 5799/5799 5798/5798 5812/5812
f 5851/5851 5812/5812 5798/5798
f 5841/5841 5812/5812 5851/5851
f 5799/5799 5812/5812 5841/5841
f 6062/6062 5925/5925 5898/5898
f 5877/5877 6062/6062 5898/5898
f 5802/5802 5877/5877 5898/5898
f 5787/5787 5877/5877 5802/5802
f 5809/5809 5787/5787 5802/5802
f 5898/5898 5809/5809 5802/5802
f 5400/5400 5491/5491 5386/5386
f 5400/5400 5521/5521 5491/5491
f 5400/5400 5419/5419 5435/5435
f 5521/5521 5435/5435 5419/5419
f 5400/5400 5521/5521 5419/5419
f 399/399 5817/5817 5585/5585
f 5581/5581 607/607 5520/5520
f 299/299 607/607 232/232
f 5581/5581 232/232 607/607
f 5581/5581 5817/5817 399/399
f 5585/5585 5817/5817 5581/5581
f 71/71 4850/4850 8/8
f 908/908 944/944 909/909
f 2825/2825 3102/3102 2595/2595
f 2506/2506 2595/2595 3102/3102
f 2544/2544 2595/2595 2506/2506
f 2494/2494 2595/2595 2544/2544
f 2494/2494 2544/2544 2506/2506
f 2484/2484 2497/2497 2494/2494
f 2515/2515 2497/2497 2484/2484
f 2515/2515 2494/2494 2497/2497
f 5819/5819 5144/5144 5261/5261
f 5819/5819 5261/5261 6571/6571
f 4468/4468 4462/4462 4436/4436
f 4534/4534 4462/4462 4468/4468
f 2602/2602 3057/3057 2743/2743
f 2634/2634 2602/2602 2743/2743
f 2634/2634 2993/2993 2602/2602
f 3256/3256 3057/3057 2602/2602
f 2750/2750 2812/2812 2813/2813
f 2350/2350 2750/2750 2812/2812
f 2777/2777 2750/2750 2813/2813
f 2777/2777 2813/2813 2812/2812
f 2326/2326 2750/2750 2350/2350
f 3594/3594 4295/4295 4530/4530
f 4281/4281 4295/4295 3594/3594
f 4619/4619 4281/4281 3594/3594
f 4746/4746 4619/4619 3594/3594
f 4950/4950 4977/4977 4975/4975
f 5627/5627 5028/5028 5780/5780
f 1510/1510 5028/5028 5627/5627
f 2493/2493 2350/2350 2812/2812
f 1421/1421 1492/1492 1939/1939
f 1492/1492 1250/1250 1939/1939
f 1665/1665 1492/1492 124/124
f 1570/1570 1659/1659 1665/1665
f 1631/1631 1665/1665 1659/1659
f 1570/1570 1631/1631 1659/1659
f 1835/1835 1421/1421 1938/1938
f 1755/1755 1835/1835 1938/1938
f 1421/1421 124/124 1492/1492
f 1204/1204 1223/1223 1183/1183
f 1226/1226 1204/1204 1183/1183
f 1204/1204 1226/1226 1223/1223
f 1295/1295 1421/1421 124/124
f 1343/1343 1421/1421 1295/1295
f 1343/1343 1295/1295 124/124
f 124/124 671/671 1250/1250
f 540/540 671/671 124/124
f 670/670 671/671 540/540
f 655/655 659/659 590/590
f 670/670 659/659 655/655
f 590/590 659/659 670/670
f 670/670 1939/1939 1250/1250
f 671/671 670/670 1250/1250
f 1665/1665 124/124 1250/1250
f 1492/1492 1665/1665 1250/1250
f 1921/1921 1485/1485 2501/2501
f 1687/1687 1485/1485 1921/1921
f 1813/1813 1485/1485 1687/1687
f 1738/1738 1813/1813 1687/1687
f 1809/1809 1738/1738 1687/1687
f 1809/1809 1813/1813 1738/1738
f 2054/2054 2501/2501 1857/1857
f 1813/1813 2054/2054 1857/1857
f 1813/1813 1857/1857 1485/1485
f 1857/1857 2501/2501 1485/1485
f 5935/5935 6081/6081 5716/5716
f 6326/6326 5635/5635 5861/5861
f 2420/2420 2200/2200 2539/2539
f 2221/2221 2986/2986 2200/2200
f 2986/2986 3042/3042 2970/2970
f 3018/3018 2970/2970 3042/3042
f 3018/3018 3042/3042 2986/2986
f 2221/2221 3058/3058 2986/2986
f 3828/3828 3058/3058 2221/2221
f 3828/3828 2221/2221 4038/4038
f 1755/1755 1421/1421 1835/1835
f 61/61 5873/5873 4933/4933
f 5263/5263 61/61 4933/4933
f 5873/5873 5263/5263 4933/4933
f 5263/5263 5873/5873 5261/5261
f 5057/5057 5094/5094 5099/5099
f 5164/5164 5095/5095 5057/5057
f 5085/5085 5057/5057 5095/5095
f 5164/5164 5085/5085 5095/5095
f 5085/5085 5094/5094 5057/5057
f 5102/5102 5094/5094 5085/5085
f 4959/4959 5094/5094 5102/5102
f 4959/4959 5188/5188 5094/5094
f 5188/5188 4959/4959 5263/5263
f 1510/1510 2102/2102 5028/5028
f 5290/5290 5286/5286 5316/5316
f 5144/5144 5210/5210 5240/5240
f 5102/5102 5210/5210 5035/5035
f 5210/5210 5102/5102 5240/5240
f 851/851 815/815 789/789
f 6421/6421 6379/6379 6398/6398
f 1993/1993 323/323 2188/2188
f 3006/3006 1993/1993 2188/2188
f 2661/2661 2585/2585 1993/1993
f 2667/2667 1993/1993 2585/2585
f 2667/2667 2585/2585 2661/2661
f 2431/2431 2454/2454 2661/2661
f 2546/2546 2431/2431 2661/2661
f 3006/3006 2546/2546 1993/1993
f 2454/2454 2431/2431 2546/2546
f 2558/2558 2546/2546 2659/2659
f 2667/2667 2546/2546 2558/2558
f 2667/2667 2558/2558 2659/2659
f 2546/2546 3006/3006 2667/2667
f 3091/3091 3453/3453 3105/3105
f 3017/3017 3091/3091 3105/3105
f 3453/3453 3017/3017 3105/3105
f 3017/3017 3453/3453 3014/3014
f 3035/3035 3014/3014 3453/3453
f 3017/3017 3014/3014 3035/3035
f 3453/3453 3006/3006 2302/2302
f 3017/3017 3453/3453 2302/2302
f 3091/3091 3017/3017 2302/2302
f 3170/3170 3160/3160 3206/3206
f 3396/3396 3358/3358 3481/3481
f 3488/3488 3358/3358 3396/3396
f 3453/3453 3091/3091 3885/3885
f 3372/3372 3091/3091 3453/3453
f 3351/3351 3091/3091 3372/3372
f 3453/3453 3351/3351 3372/3372
f 2667/2667 3006/3006 3453/3453
f 3452/3452 3453/3453 3623/3623
f 3441/3441 3371/3371 3375/3375
f 3717/3717 3452/3452 3623/3623
f 3717/3717 3623/3623 3453/3453
f 3885/3885 3653/3653 3453/3453
f 3990/3990 3653/3653 3885/3885
f 4188/4188 3990/3990 4189/4189
f 4196/4196 4188/4188 4189/4189
f 3990/3990 4196/4196 4189/4189
f 4449/4449 4420/4420 4435/4435
f 4435/4435 4461/4461 4449/4449
f 4424/4424 4416/4416 4435/4435
f 4410/4410 4461/4461 4435/4435
f 4469/4469 4453/4453 4466/4466
f 4326/4326 4461/4461 4410/4410
f 4416/4416 4410/4410 4435/4435
f 4424/4424 4410/4410 4416/4416
f 4046/4046 4326/4326 4410/4410
f 4046/4046 4410/4410 4420/4420
f 3990/3990 4046/4046 4420/4420
f 3807/3807 3990/3990 3885/3885
f 4046/4046 3990/3990 3807/3807
f 4326/4326 4046/4046 3807/3807
f 4194/4194 4163/4163 4223/4223
f 4326/4326 4429/4429 4655/4655
f 4090/4090 4429/4429 4389/4389
f 4377/4377 4389/4389 4429/4429
f 4090/4090 4389/4389 4377/4377
f 4666/4666 4658/4658 4655/4655
f 4666/4666 4741/4741 4658/4658
f 4666/4666 4710/4710 4741/4741
f 4740/4740 4741/4741 4738/4738
f 4738/4738 4741/4741 4710/4710
f 4710/4710 4740/4740 4738/4738
f 4664/4664 4710/4710 4666/4666
f 4522/4522 4666/4666 4472/4472
f 4664/4664 4666/4666 4522/4522
f 4472/4472 4664/4664 4522/4522
f 3742/3742 3763/3763 3775/3775
f 3081/3081 4666/4666 3425/3425
f 3425/3425 3508/3508 3081/3081
f 3425/3425 3370/3370 3508/3508
f 3366/3366 3508/3508 3370/3370
f 3425/3425 3366/3366 3370/3370
f 4666/4666 3508/3508 3425/3425
f 3801/3801 1910/1910 502/502
f 3801/3801 2374/2374 3081/3081
f 3801/3801 1609/1609 2374/2374
f 1609/1609 3081/3081 2374/2374
f 2374/2374 2305/2305 2344/2344
f 4472/4472 4666/4666 3858/3858
f 4455/4455 4462/4462 4625/4625
f 2188/2188 323/323 500/500
f 353/353 267/267 320/320
f 323/323 353/353 320/320
f 267/267 323/323 320/320
f 338/338 323/323 267/267
f 162/162 338/338 267/267
f 258/258 162/162 203/203
f 338/338 162/162 258/258
f 239/239 203/203 162/162
f 258/258 203/203 239/239
f 136/136 178/178 162/162
f 468/468 162/162 178/178
f 468/468 178/178 136/136
f 247/247 468/468 136/136
f 253/253 247/247 136/136
f 216/216 253/253 136/136
f 213/213 4882/4882 85/85
f 136/136 4882/4882 213/213
f 216/216 136/136 213/213
f 93/93 213/213 123/123
f 85/85 123/123 213/213
f 123/123 85/85 4882/4882
f 62/62 123/123 12/12
f 52/52 62/62 12/12
f 63/63 52/52 60/60
f 4972/4972 60/60 52/52
f 63/63 60/60 4972/4972
f 63/63 4972/4972 697/697
f 1142/1142 1398/1398 777/777
f 1142/1142 1328/1328 1185/1185
f 1398/1398 1328/1328 1142/1142
f 697/697 1142/1142 777/777
f 809/809 1955/1955 1609/1609
f 1793/1793 502/502 1609/1609
f 1793/1793 3801/3801 502/502
f 1814/1814 1793/1793 1760/1760
f 1820/1820 1793/1793 1814/1814
f 1760/1760 1820/1820 1814/1814
f 1609/1609 3801/3801 1793/1793
f 1853/1853 1879/1879 1881/1881
f 3858/3858 4666/4666 3081/3081
f 2556/2556 2527/2527 2589/2589
f 5521/5521 5386/5386 5491/5491
f 4823/4823 4816/4816 4824/4824
f 4822/4822 4816/4816 4823/4823
f 4822/4822 4823/4823 4824/4824
f 4816/4816 4827/4827 4822/4822
f 4687/4687 4827/4827 4659/4659
f 4687/4687 4822/4822 4827/4827
f 5052/5052 5487/5487 5509/5509
f 5689/5689 5487/5487 5770/5770
f 5689/5689 5650/5650 5487/5487
f 5509/5509 5487/5487 5650/5650
f 5770/5770 5587/5587 5509/5509
f 5509/5509 5587/5587 5609/5609
f 5522/5522 5543/5543 5523/5523
f 5509/5509 623/623 5362/5362
f 5509/5509 5362/5362 5052/5052
f 5052/5052 5362/5362 5325/5325
f 5325/5325 5373/5373 5333/5333
f 5280/5280 5052/5052 5325/5325
f 5321/5321 5325/5325 5333/5333
f 5373/5373 5321/5321 5333/5333
f 5280/5280 5362/5362 623/623
f 623/623 5052/5052 5280/5280
f 623/623 5509/5509 5609/5609
f 4966/4966 5098/5098 5487/5487
f 826/826 4966/4966 5487/5487
f 5925/5925 5809/5809 5898/5898
f 6506/6506 5809/5809 5925/5925
f 6088/6088 5925/5925 6062/6062
f 6506/6506 5925/5925 6088/6088
f 5240/5240 5188/5188 5261/5261
f 5261/5261 5144/5144 5240/5240
f 5035/5035 5210/5210 5144/5144
f 5682/5682 5690/5690 5692/5692
f 5659/5659 5690/5690 5682/5682
f 5659/5659 5682/5682 5692/5692
f 5770/5770 5650/5650 5692/5692
f 5650/5650 5770/5770 5509/5509
f 5724/5724 5849/5849 5738/5738
f 5950/5950 5849/5849 5724/5724
f 5738/5738 5849/5849 5902/5902
f 5994/5994 5902/5902 5849/5849
f 5950/5950 5994/5994 5849/5849
f 5950/5950 5902/5902 5994/5994
f 6062/6062 6506/6506 6088/6088
f 1227/1227 1785/1785 1754/1754
f 1829/1829 1561/1561 1457/1457
f 2350/2350 2493/2493 2414/2414
f 2178/2178 2350/2350 2414/2414
f 2414/2414 2407/2407 2178/2178
f 2392/2392 2407/2407 2414/2414
f 2178/2178 2407/2407 2392/2392
f 2326/2326 2350/2350 2178/2178
f 6529/6529 6163/6163 5028/5028
f 623/623 826/826 5052/5052
f 1785/1785 826/826 623/623
f 526/526 547/547 511/511
f 5131/5131 5204/5204 5141/5141
f 5487/5487 5052/5052 826/826
f 258/258 500/500 323/323
f 338/338 258/258 323/323
f 500/500 258/258 468/468
f 247/247 253/253 468/468
f 332/332 253/253 313/313
f 347/347 313/313 253/253
f 347/347 332/332 313/313
f 2188/2188 500/500 407/407
f 407/407 549/549 2188/2188
f 4470/4470 4827/4827 4455/4455
f 4533/4533 4536/4536 4587/4587
f 4524/4524 4536/4536 4533/4533
f 4587/4587 4524/4524 4533/4533
f 4470/4470 4587/4587 4827/4827
f 2102/2102 2095/2095 5028/5028
f 2135/2135 2129/2129 2102/2102
f 2095/2095 2129/2129 2135/2135
f 2095/2095 2102/2102 2129/2129
f 1973/1973 2061/2061 2046/2046
f 1212/1212 2061/2061 1973/1973
f 2046/2046 2061/2061 1212/1212
f 2095/2095 1212/1212 5028/5028
f 2211/2211 4728/4728 3223/3223
f 5188/5188 5263/5263 5261/5261
f 5099/5099 5094/5094 5188/5188
f 5240/5240 5099/5099 5188/5188
f 5165/5165 5099/5099 5240/5240
f 5102/5102 5165/5165 5240/5240
f 5102/5102 5085/5085 5165/5165
f 5035/5035 4959/4959 5102/5102
f 347/347 500/500 468/468
f 407/407 500/500 347/347
f 549/549 407/407 216/216
f 216/216 347/347 253/253
f 216/216 407/407 347/347
f 213/213 63/63 216/216
f 351/351 354/354 419/419
f 697/697 549/549 63/63
f 216/216 63/63 549/549
f 697/697 2188/2188 549/549
f 1432/1432 1405/1405 1243/1243
f 1454/1454 1432/1432 1243/1243
f 1454/1454 1405/1405 1432/1432
f 2188/2188 1243/1243 1561/1561
f 1829/1829 2188/2188 1561/1561
f 1473/1473 1457/1457 1454/1454
f 1478/1478 1457/1457 1473/1473
f 1478/1478 1473/1473 1454/1454
f 1611/1611 1696/1696 1670/1670
f 1681/1681 1752/1752 1695/1695
f 1011/1011 777/777 1829/1829
f 1243/1243 1011/1011 1829/1829
f 1457/1457 1243/1243 1829/1829
f 2011/2011 1972/1972 1965/1965
f 2302/2302 3006/3006 2188/2188
f 3396/3396 3481/3481 3488/3488
f 3885/3885 3091/3091 3807/3807
f 3091/3091 3572/3572 3807/3807
f 3845/3845 3572/3572 3091/3091
f 3572/3572 3845/3845 3405/3405
f 3807/3807 3572/3572 3235/3235
f 3091/3091 3405/3405 3845/3845
f 2898/2898 3227/3227 3300/3300
f 3235/3235 3227/3227 2898/2898
f 1910/1910 3894/3894 3784/3784
f 2898/2898 3784/3784 3235/3235
f 3274/3274 2898/2898 3299/3299
f 3300/3300 3274/3274 3299/3299
f 2898/2898 3274/3274 3300/3300
f 3151/3151 3217/3217 3202/3202
f 3784/3784 2898/2898 1910/1910
f 3943/3943 3894/3894 3801/3801
f 3943/3943 3801/3801 3887/3887
f 3943/3943 3866/3866 4666/4666
f 3887/3887 3866/3866 3943/3943
f 3906/3906 3866/3866 3951/3951
f 3906/3906 3951/3951 3887/3887
f 3866/3866 3906/3906 3887/3887
f 3801/3801 3866/3866 3887/3887
f 3801/3801 4666/4666 3866/3866
f 3081/3081 3508/3508 3801/3801
f 3801/3801 3508/3508 4666/4666
f 1754/1754 2375/2375 1227/1227
f 1785/1785 1447/1447 1754/1754
f 1632/1632 1628/1628 1603/1603
f 1447/1447 1628/1628 1632/1632
f 1603/1603 1447/1447 1632/1632
f 1754/1754 1447/1447 648/648
f 1785/1785 648/648 1447/1447
f 648/648 1785/1785 623/623
f 922/922 623/623 300/300
f 922/922 648/648 623/623
f 5581/5581 5520/5520 5585/5585
f 5113/5113 5520/5520 5244/5244
f 5053/5053 5047/5047 5113/5113
f 5007/5007 5047/5047 5053/5053
f 5113/5113 5047/5047 5007/5007
f 5033/5033 5113/5113 5029/5029
f 5193/5193 5033/5033 5029/5029
f 5193/5193 5113/5113 5033/5033
f 5104/5104 5046/5046 5062/5062
f 5113/5113 5193/5193 5520/5520
f 5585/5585 5520/5520 5193/5193
f 232/232 5581/5581 224/224
f 607/607 299/299 224/224
f 317/317 232/232 299/299
f 4447/4447 4420/4420 4449/4449
f 4461/4461 4447/4447 4449/4449
f 4523/4523 4447/4447 4461/4461
f 4475/4475 4523/4523 4461/4461
f 4540/4540 4535/4535 4523/4523
f 4514/4514 4540/4540 4523/4523
f 4535/4535 4540/4540 4514/4514
f 4551/4551 4514/4514 4475/4475
f 4553/4553 4514/4514 4551/4551
f 4475/4475 4553/4553 4551/4551
f 4554/4554 4553/4553 4475/4475
f 4556/4556 4553/4553 4554/4554
f 4475/4475 4556/4556 4554/4554
f 4558/4558 4475/4475 4655/4655
f 4567/4567 4570/4570 4558/4558
f 4560/4560 4570/4570 4567/4567
f 4558/4558 4560/4560 4567/4567
f 4602/4602 4570/4570 4632/4632
f 4655/4655 4632/4632 4558/4558
f 4605/4605 4602/4602 4632/4632
f 4616/4616 4602/4602 4605/4605
f 4632/4632 4616/4616 4605/4605
f 4658/4658 4632/4632 4655/4655
f 2221/2221 4462/4462 4038/4038
f 4121/4121 4116/4116 4174/4174
f 4038/4038 4174/4174 4116/4116
f 4116/4116 4121/4121 4038/4038
f 4227/4227 3828/3828 4038/4038
f 4227/4227 4351/4351 3828/3828
f 4304/4304 4227/4227 4273/4273
f 4462/4462 4351/4351 4038/4038
f 866/866 607/607 2636/2636
f 5520/5520 607/607 866/866
f 213/213 93/93 147/147
f 123/123 147/147 93/93
f 62/62 147/147 123/123
f 147/147 200/200 213/213
f 63/63 200/200 147/147
f 52/52 147/147 62/62
f 164/164 165/165 52/52
f 63/63 52/52 165/165
f 63/63 165/165 164/164
f 192/192 174/174 170/170
f 213/213 200/200 63/63
f 2688/2688 2905/2905 2302/2302
f 2714/2714 2909/2909 2905/2905
f 3227/3227 2302/2302 2905/2905
f 2688/2688 2909/2909 2714/2714
f 2905/2905 2909/2909 2688/2688
f 2302/2302 1829/1829 2688/2688
f 2302/2302 2188/2188 1829/1829
f 1829/1829 2905/2905 2688/2688
f 2905/2905 1829/1829 3227/3227
f 3091/3091 3227/3227 3235/3235
f 2302/2302 3227/3227 3091/3091
f 1829/1829 3300/3300 3227/3227
f 1829/1829 2898/2898 3300/3300
f 1829/1829 1910/1910 2898/2898
f 1910/1910 3801/3801 3894/3894
f 1039/1039 1048/1048 931/931
f 1000/1000 1048/1048 1039/1039
f 931/931 1048/1048 1000/1000
f 6529/6529 5028/5028 931/931
f 5028/5028 1212/1212 931/931
f 1011/1011 1125/1125 697/697
f 1125/1125 1011/1011 1176/1176
f 1176/1176 1269/1269 1125/1125
f 1269/1269 1176/1176 1011/1011
f 1269/1269 1011/1011 1288/1288
f 1321/1321 1288/1288 1222/1222
f 1358/1358 1321/1321 1222/1222
f 1358/1358 1288/1288 1321/1321
f 1328/1328 1398/1398 1185/1185
f 1142/1142 1829/1829 1398/1398
f 1142/1142 697/697 1829/1829
f 1398/1398 1829/1829 777/777
f 502/502 1910/1910 1829/1829
f 502/502 1829/1829 697/697
f 1563/1563 1597/1597 1544/1544
f 697/697 4863/4863 502/502
f 697/697 4972/4972 601/601
f 2188/2188 697/697 1125/1125
f 1243/1243 2188/2188 1125/1125
f 1221/1221 1201/1201 1157/1157
f 607/607 378/378 2636/2636
f 4767/4767 3223/3223 4728/4728
f 4767/4767 4739/4739 3223/3223
f 4676/4676 4739/4739 4767/4767
f 4635/4635 4739/4739 4676/4676
f 4576/4576 4612/4612 4635/4635
f 3039/3039 4739/4739 4635/4635
f 4610/4610 4635/4635 4612/4612
f 4610/4610 4612/4612 4576/4576
f 3039/3039 3741/3741 4641/4641
f 3039/3039 1244/1244 3182/3182
f 3182/3182 2789/2789 3741/3741
f 3799/3799 2211/2211 3223/3223
f 4044/4044 3799/3799 4093/4093
f 4126/4126 3799/3799 3223/3223
f 4036/4036 4044/4044 4093/4093
f 3799/3799 4044/4044 4036/4036
f 3619/3619 3799/3799 4036/4036
f 2211/2211 3799/3799 3619/3619
f 4641/4641 3619/3619 4036/4036
f 4126/4126 4641/4641 4036/4036
f 3844/3844 3619/3619 4641/4641
f 3844/3844 3547/3547 3619/3619
f 3744/3744 3547/3547 3844/3844
f 3744/3744 3844/3844 3637/3637
f 3637/3637 3547/3547 3744/3744
f 3790/3790 3844/3844 4641/4641
f 3826/3826 3790/3790 3813/3813
f 3812/3812 3790/3790 3826/3826
f 3637/3637 3790/3790 3770/3770
f 3660/3660 3770/3770 3790/3790
f 3660/3660 3637/3637 3770/3770
f 3660/3660 2789/2789 3547/3547
f 2357/2357 1850/1850 2707/2707
f 2114/2114 2115/2115 2357/2357
f 1850/1850 2115/2115 2114/2114
f 2357/2357 1850/1850 2114/2114
f 1908/1908 1850/1850 2357/2357
f 2357/2357 2789/2789 1908/1908
f 2707/2707 2789/2789 2357/2357
f 2789/2789 3182/3182 1908/1908
f 4326/4326 4655/4655 4461/4461
f 4475/4475 4461/4461 4655/4655
f 4429/4429 4090/4090 4655/4655
f 3873/3873 3907/3907 3862/3862
f 3943/3943 3784/3784 3894/3894
f 3943/3943 4090/4090 4326/4326
f 4326/4326 3784/3784 3943/3943
f 3784/3784 3807/3807 3235/3235
f 4326/4326 3807/3807 3784/3784
f 4090/4090 4429/4429 4326/4326
f 3943/3943 4655/4655 4090/4090
f 4666/4666 4655/4655 3943/3943
f 5244/5244 5520/5520 866/866
f 3547/3547 2789/2789 3619/3619
f 3619/3619 2789/2789 2707/2707
f 2211/2211 3619/3619 2707/2707
f 1011/1011 697/697 777/777
f 4659/4659 4827/4827 4587/4587
f 4652/4652 4659/4659 4646/4646
f 4687/4687 4652/4652 4646/4646
f 4659/4659 4652/4652 4687/4687
f 3223/3223 4641/4641 4126/4126
f 1908/1908 866/866 2636/2636
f 866/866 1908/1908 1161/1161
f 1149/1149 866/866 1161/1161
f 1130/1130 1149/1149 1161/1161
f 1130/1130 866/866 1149/1149
f 1160/1160 1146/1146 1130/1130
f 1180/1180 1130/1130 1161/1161
f 1160/1160 1130/1130 1180/1180
f 1908/1908 1240/1240 1161/1161
f 1424/1424 1240/1240 1908/1908
f 1180/1180 1146/1146 1160/1160
f 1237/1237 731/731 1254/1254
f 1254/1254 680/680 1237/1237
f 680/680 634/634 1237/1237
f 596/596 1237/1237 634/634
f 680/680 596/596 634/634
f 679/679 626/626 600/600
f 605/605 680/680 679/679
f 596/596 680/680 605/605
f 596/596 605/605 679/679
f 600/600 553/553 679/679
f 626/626 553/553 600/600
f 731/731 553/553 680/680
f 1254/1254 731/731 680/680
f 844/844 806/806 782/782
f 361/361 486/486 427/427
f 380/380 427/427 486/486
f 380/380 361/361 427/427
f 4988/4988 418/418 380/380
f 380/380 259/259 4988/4988
f 5121/5121 418/418 4988/4988
f 5138/5138 5121/5121 4988/4988
f 418/418 5121/5121 5138/5138
f 601/601 4863/4863 697/697
f 4902/4902 4899/4899 5128/5128
f 3812/3812 2789/2789 3660/3660
f 3826/3826 3813/3813 3812/3812
f 3790/3790 2789/2789 3812/3812
f 4641/4641 2789/2789 3790/3790
f 2789/2789 4641/4641 3853/3853
f 3853/3853 4641/4641 3741/3741
f 3741/3741 2789/2789 3853/3853
f 5074/5074 5128/5128 4899/4899
f 4902/4902 5074/5074 4899/4899
f 4455/4455 4782/4782 4588/4588
f 4766/4766 4588/4588 4782/4782
f 4777/4777 4766/4766 4782/4782
f 4736/4736 4747/4747 4737/4737
f 4722/4722 4736/4736 4737/4737
f 4747/4747 4722/4722 4737/4737
f 4739/4739 4722/4722 3223/3223
f 4641/4641 4722/4722 4739/4739
f 3223/3223 4722/4722 4641/4641
f 3039/3039 4641/4641 4739/4739
f 259/259 5138/5138 4988/4988
f 248/248 5138/5138 259/259
f 235/235 248/248 259/259
f 5138/5138 248/248 235/235
f 4637/4637 4780/4780 4448/4448
f 4515/4515 4637/4637 4448/4448
f 4585/4585 4637/4637 4613/4613
f 4586/4586 4585/4585 4613/4613
f 4637/4637 4586/4586 4613/4613
f 4515/4515 4586/4586 4637/4637
f 4379/4379 4515/4515 4448/4448
f 4050/4050 4502/4502 3597/3597
f 4050/4050 4379/4379 4502/4502
f 4111/4111 4171/4171 4379/4379
f 4050/4050 4111/4111 4379/4379
f 4171/4171 4111/4111 4050/4050
f 3597/3597 4051/4051 4050/4050
f 4099/4099 4171/4171 4051/4051
f 4144/4144 4171/4171 4099/4099
f 4165/4165 4171/4171 4144/4144
f 4379/4379 4171/4171 4165/4165
f 4379/4379 4448/4448 4502/4502
f 4144/4144 4379/4379 4165/4165
f 3970/3970 4515/4515 4379/4379
f 3970/3970 4150/4150 4515/4515
f 4150/4150 3876/3876 4515/4515
f 3876/3876 4586/4586 4515/4515
f 3655/3655 4586/4586 3876/3876
f 3834/3834 3655/3655 3876/3876
f 3597/3597 3153/3153 3655/3655
f 3262/3262 3153/3153 3224/3224
f 3249/3249 3153/3153 3262/3262
f 3224/3224 3249/3249 3262/3262
f 3153/3153 3030/3030 3224/3224
f 3126/3126 3224/3224 3030/3030
f 3153/3153 3106/3106 3030/3030
f 3126/3126 3030/3030 3106/3106
f 2779/2779 2890/2890 2893/2893
f 2724/2724 2893/2893 2890/2890
f 2779/2779 2893/2893 2724/2724
f 3153/3153 3597/3597 3106/3106
f 2662/2662 3597/3597 3289/3289
f 3578/3578 3289/3289 3758/3758
f 3053/3053 2662/2662 3289/3289
f 3199/3199 3196/3196 3242/3242
f 3578/3578 3455/3455 3053/3053
f 3758/3758 3562/3562 3578/3578
f 3562/3562 3455/3455 3578/3578
f 3758/3758 3597/3597 3562/3562
f 4502/4502 4215/4215 3597/3597
f 4243/4243 4206/4206 4257/4257
f 3893/3893 4002/4002 4502/4502
f 4502/4502 4002/4002 3752/3752
f 3961/3961 4002/4002 3893/3893
f 4002/4002 3961/3961 3919/3919
f 3889/3889 3919/3919 3961/3961
f 3889/3889 4002/4002 3919/3919
f 3752/3752 3997/3997 4002/4002
f 4062/4062 4002/4002 3997/3997
f 3752/3752 3961/3961 3893/3893
f 3752/3752 4062/4062 3997/3997
f 4215/4215 3752/3752 3053/3053
f 3449/3449 2846/2846 2533/2533
f 2841/2841 2938/2938 2846/2846
f 2846/2846 3449/3449 3016/3016
f 3893/3893 3053/3053 3752/3752
f 3893/3893 3449/3449 3053/3053
f 3583/3583 3668/3668 3761/3761
f 3644/3644 3761/3761 3668/3668
f 3583/3583 3644/3644 3668/3668
f 3893/3893 3761/3761 3644/3644
f 3914/3914 3761/3761 3893/3893
f 3893/3893 3644/3644 3016/3016
f 3449/3449 3893/3893 3016/3016
f 2846/2846 3016/3016 3001/3001
f 2533/2533 3001/3001 3016/3016
f 2533/2533 2846/2846 3001/3001
f 2821/2821 2841/2841 2846/2846
f 2938/2938 2841/2841 2821/2821
f 3449/3449 2533/2533 1430/1430
f 1430/1430 2704/2704 3449/3449
f 1430/1430 2521/2521 2704/2704
f 2081/2081 1739/1739 2662/2662
f 2521/2521 1739/1739 2081/2081
f 2081/2081 2128/2128 2521/2521
f 2101/2101 2128/2128 2081/2081
f 2103/2103 2101/2101 2081/2081
f 2128/2128 2101/2101 2103/2103
f 3053/3053 2521/2521 2662/2662
f 2662/2662 2521/2521 2128/2128
f 2081/2081 2662/2662 2128/2128
f 1739/1739 1163/1163 2662/2662
f 2080/2080 1163/1163 1089/1089
f 809/809 1609/1609 502/502
f 3741/3741 3039/3039 3182/3182
f 4802/4802 4749/4749 4794/4794
f 4803/4803 4806/4806 4749/4749
f 4802/4802 4806/4806 4803/4803
f 4802/4802 4803/4803 4749/4749
f 4784/4784 4802/4802 4794/4794
f 4781/4781 4783/4783 4784/4784
f 4784/4784 4794/4794 4789/4789
f 4749/4749 4789/4789 4794/4794
f 4751/4751 3329/3329 4689/4689
f 4630/4630 3329/3329 4129/4129
f 3329/3329 4630/4630 4689/4689
f 4129/4129 4606/4606 4630/4630
f 4638/4638 4630/4630 4649/4649
f 4689/4689 4630/4630 4703/4703
f 4638/4638 4606/4606 4630/4630
f 4649/4649 4606/4606 4638/4638
f 4713/4713 4715/4715 4716/4716
f 4725/4725 4719/4719 4723/4723
f 4720/4720 4725/4725 4723/4723
f 4702/4702 4715/4715 4713/4713
f 4716/4716 4702/4702 4713/4713
f 4702/4702 4716/4716 4701/4701
f 4726/4726 4717/4717 4718/4718
f 4550/4550 4768/4768 4701/4701
f 4544/4544 4543/4543 4550/4550
f 4541/4541 4543/4543 4544/4544
f 4541/4541 4544/4544 4550/4550
f 4538/4538 4532/4532 4539/4539
f 4529/4529 4539/4539 4532/4532
f 4538/4538 4529/4529 4532/4532
f 4538/4538 4550/4550 4701/4701
f 4518/4518 4538/4538 4701/4701
f 502/502 723/723 809/809
f 289/289 1075/1075 809/809
f 669/669 289/289 809/809
f 702/702 289/289 669/669
f 606/606 702/702 669/669
f 646/646 606/606 669/669
f 702/702 606/606 646/646
f 723/723 669/669 809/809
f 289/289 702/702 723/723
f 723/723 502/502 4863/4863
f 289/289 723/723 4863/4863
f 3329/3329 4022/4022 4129/4129
f 4516/4516 4129/4129 4022/4022
f 4606/4606 4129/4129 4516/4516
f 4479/4479 4516/4516 4186/4186
f 4479/4479 4630/4630 4516/4516
f 4526/4526 4703/4703 4630/4630
f 4494/4494 4486/4486 4479/4479
f 4526/4526 4494/4494 4479/4479
f 4486/4486 4494/4494 4526/4526
f 4186/4186 4526/4526 4479/4479
f 4703/4703 4186/4186 4686/4686
f 4518/4518 4703/4703 4686/4686
f 4150/4150 3970/3970 3876/3876
f 4138/4138 3970/3970 4150/4150
f 4156/4156 3970/3970 4138/4138
f 4150/4150 4156/4156 4138/4138
f 4144/4144 4099/4099 3970/3970
f 3834/3834 3970/3970 4099/4099
f 4051/4051 3834/3834 4099/4099
f 4051/4051 3597/3597 3834/3834
f 3758/3758 3289/3289 3597/3597
f 3970/3970 3834/3834 3876/3876
f 3655/3655 3834/3834 3597/3597
f 2713/2713 3858/3858 3081/3081
f 4763/4763 4760/4760 4769/4769
f 4769/4769 4755/4755 4765/4765
f 4762/4762 4765/4765 4755/4755
f 4751/4751 4689/4689 4763/4763
f 4748/4748 4763/4763 4689/4689
f 4703/4703 4748/4748 4689/4689
f 4863/4863 601/601 665/665
f 1041/1041 910/910 665/665
f 860/860 665/665 910/910
f 748/748 860/860 4/4
f 665/665 860/860 748/748
f 665/665 748/748 4/4
f 4863/4863 665/665 4/4
f 860/860 910/910 1041/1041
f 1081/1081 860/860 1096/1096
f 1093/1093 860/860 1081/1081
f 1096/1096 1093/1093 1081/1081
f 2791/2791 2779/2779 2751/2751
f 2635/2635 2791/2791 2751/2751
f 2779/2779 2635/2635 2751/2751
f 3106/3106 3597/3597 2662/2662
f 2637/2637 3106/3106 2477/2477
f 2477/2477 3106/3106 2366/2366
f 2637/2637 2477/2477 2366/2366
f 4693/4693 4730/4730 4697/4697
f 4537/4537 4489/4489 4561/4561
f 4681/4681 4709/4709 4699/4699
f 4845/4845 4847/4847 4846/4846
f 3897/3897 4022/4022 3433/3433
f 3895/3895 4059/4059 3433/3433
f 3727/3727 3895/3895 3433/3433
f 3914/3914 4448/4448 4780/4780
f 3329/3329 2698/2698 4022/4022
f 3433/3433 4022/4022 2698/2698
f 3727/3727 3433/3433 2698/2698
f 2551/2551 2584/2584 2583/2583
f 2725/2725 2551/2551 2583/2583
f 2725/2725 2584/2584 2551/2551
f 3727/3727 2698/2698 2725/2725
f 1163/1163 2080/2080 2662/2662
f 1442/1442 1419/1419 1408/1408
f 2080/2080 3106/3106 2662/2662
f 4630/4630 4606/4606 4516/4516
f 1955/1955 2713/2713 3081/3081
f 1955/1955 3081/3081 1609/1609
f 2826/2826 2854/2854 2792/2792
f 2704/2704 2521/2521 2530/2530
f 3292/3292 3272/3272 3230/3230
f 3562/3562 3053/3053 3455/3455
f 3053/3053 3562/3562 4215/4215
f 3597/3597 4215/4215 3562/3562
f 3752/3752 4215/4215 4502/4502
f 4768/4768 4762/4762 4755/4755
f 4755/4755 4769/4769 4757/4757
f 4755/4755 4769/4769 4760/4760
f 4755/4755 4760/4760 4763/4763
f 4763/4763 4748/4748 4755/4755
f 4768/4768 4755/4755 4748/4748
f 4765/4765 4762/4762 4768/4768
f 4720/4720 4701/4701 4748/4748
f 4702/4702 4701/4701 4720/4720
f 4720/4720 4723/4723 4719/4719
f 4748/4748 4725/4725 4720/4720
f 4768/4768 4748/4748 4701/4701
f 4783/4783 4781/4781 4772/4772
f 4776/4776 4784/4784 4783/4783
f 4772/4772 4776/4776 4783/4783
f 4773/4773 4776/4776 4772/4772
f 4774/4774 4776/4776 4773/4773
f 4774/4774 4773/4773 4772/4772
f 3914/3914 4502/4502 4448/4448
f 3289/3289 3578/3578 3053/3053
f 3205/3205 3278/3278 3244/3244
f 4059/4059 3895/3895 3911/3911
f 4059/4059 3895/3895 3727/3727
f 3911/3911 3895/3895 3950/3950
f 3950/3950 4059/4059 3911/3911
f 3973/3973 3433/3433 4059/4059
f 3973/3973 3897/3897 3433/3433
f 3897/3897 3973/3973 3980/3980
f 3999/3999 3980/3980 3973/3973
f 3999/3999 3897/3897 3980/3980
f 4022/4022 3897/3897 4516/4516
f 4516/4516 3897/3897 4059/4059
f 4059/4059 3727/3727 4516/4516
f 4703/4703 4526/4526 4186/4186
f 4863/4863 4/4 1075/1075
f 1075/1075 289/289 4863/4863
f 1075/1075 1955/1955 809/809
f 441/441 458/458 410/410
f 602/602 441/441 410/410
f 458/458 441/441 602/602
f 602/602 1773/1773 458/458
f 1647/1647 1773/1773 602/602
f 458/458 1773/1773 1550/1550
f 9/9 584/584 1900/1900
f 1499/1499 584/584 1141/1141
f 1414/1414 1499/1499 1396/1396
f 1420/1420 1499/1499 1414/1414
f 1499/1499 1900/1900 584/584
f 1141/1141 1900/1900 1420/1420
f 1396/1396 1420/1420 1414/1414
f 1141/1141 1420/1420 1499/1499
f 1900/1900 1141/1141 1731/1731
f 1600/1600 1900/1900 1731/1731
f 1826/1826 1600/1600 1731/1731
f 1900/1900 1600/1600 1826/1826
f 642/642 661/661 599/599
f 156/156 935/935 893/893
f 958/958 893/893 935/935
f 958/958 935/935 156/156
f 814/814 958/958 156/156
f 1912/1912 1634/1634 1890/1890
f 1748/1748 1873/1873 1592/1592
f 1592/1592 1666/1666 1748/1748
f 1873/1873 1748/1748 1673/1673
f 1666/1666 1673/1673 1748/1748
f 1458/1458 1873/1873 1673/1673
f 1619/1619 1873/1873 1458/1458
f 1583/1583 1619/1619 1458/1458
f 1569/1569 1663/1663 1619/1619
f 1583/1583 1663/1663 1569/1569
f 1583/1583 1569/1569 1619/1619
f 1564/1564 1333/1333 1458/1458
f 1564/1564 1458/1458 1673/1673
f 1592/1592 1333/1333 1564/1564
f 1376/1376 1333/1333 1592/1592
f 1666/1666 1592/1592 1564/1564
f 1673/1673 1604/1604 1564/1564
f 1666/1666 1604/1604 1673/1673
f 1376/1376 1592/1592 1643/1643
f 1605/1605 1592/1592 1873/1873
f 1890/1890 1605/1605 1912/1912
f 1592/1592 1633/1633 1643/1643
f 1376/1376 1643/1643 1520/1520
f 1520/1520 1643/1643 1505/1505
f 1505/1505 1376/1376 1520/1520
f 1348/1348 1333/1333 1376/1376
f 1010/1010 1333/1333 1348/1348
f 1348/1348 1349/1349 1010/1010
f 1213/1213 1165/1165 1349/1349
f 1245/1245 1213/1213 1349/1349
f 1245/1245 1165/1165 1213/1213
f 1348/1348 1264/1264 1245/1245
f 1209/1209 1245/1245 1264/1264
f 1209/1209 1264/1264 1348/1348
f 1319/1319 1209/1209 1348/1348
f 1323/1323 1319/1319 1348/1348
f 1323/1323 1209/1209 1319/1319
f 1401/1401 1354/1354 1505/1505
f 1633/1633 1401/1401 1505/1505
f 1354/1354 1401/1401 1633/1633
f 814/814 1323/1323 1633/1633
f 1605/1605 1633/1633 1592/1592
f 958/958 814/814 1633/1633
f 1890/1890 1634/1634 1605/1605
f 423/423 1583/1583 221/221
f 894/894 45/45 4862/4862
f 1174/1174 1258/1258 1182/1182
f 1333/1333 1010/1010 221/221
f 1010/1010 814/814 221/221
f 1333/1333 221/221 1583/1583
f 1458/1458 1333/1333 1583/1583
f 814/814 1010/1010 1245/1245
f 814/814 1245/1245 1323/1323
f 4870/4870 894/894 4862/4862
f 4862/4862 45/45 4870/4870
f 9/9 846/846 584/584
f 3470/3470 2920/2920 2781/2781
f 3732/3732 2920/2920 2645/2645
f 2781/2781 2920/2920 3732/3732
f 3727/3727 3972/3972 4186/4186
f 4186/4186 3972/3972 4686/4686
f 3495/3495 3972/3972 3727/3727
f 3537/3537 3972/3972 3495/3495
f 3512/3512 3972/3972 3537/3537
f 3495/3495 3512/3512 3537/3537
f 4525/4525 4786/4786 4764/4764
f 4698/4698 4786/4786 4525/4525
f 2521/2521 3053/3053 3449/3449
f 2521/2521 3449/3449 2530/2530
f 2704/2704 2530/2530 3449/3449
f 2530/2530 2577/2577 2526/2526
f 2577/2577 2704/2704 2526/2526
f 2530/2530 2704/2704 2577/2577
f 584/584 1731/1731 1141/1141
f 652/652 1731/1731 584/584
f 584/584 846/846 636/636
f 846/846 9/9 636/636
f 5203/5203 636/636 5116/5116
f 4640/4640 4680/4680 4675/4675
f 2718/2718 1872/1872 2023/2023
f 2566/2566 1872/1872 2718/2718
f 2764/2764 2759/2759 2734/2734
f 4852/4852 4872/4872 2/2
f 4871/4871 4852/4852 2/2
f 4872/4872 4871/4871 2/2
f 9/9 4871/4871 5116/5116
f 636/636 9/9 5116/5116
f 4872/4872 5116/5116 4871/4871
f 288/288 5116/5116 4872/4872
f 4831/4831 4829/4829 4828/4828
f 4831/4831 4828/4828 4829/4829
f 4832/4832 4831/4831 4830/4830
f 4828/4828 4830/4830 4831/4831
f 4832/4832 4830/4830 4828/4828
f 5398/5398 5181/5181 5179/5179
f 5195/5195 5181/5181 5120/5120
f 5179/5179 5181/5181 1111/1111
f 5195/5195 1111/1111 5181/5181
f 5181/5181 5195/5195 5153/5153
f 5120/5120 5181/5181 5153/5153
f 5195/5195 5181/5181 5398/5398
f 5363/5363 5398/5398 5179/5179
f 5277/5277 5239/5239 5264/5264
f 5363/5363 5239/5239 5277/5277
f 5279/5279 5277/5277 5264/5264
f 5363/5363 5277/5277 5279/5279
f 5195/5195 5398/5398 1111/1111
f 785/785 816/816 808/808
f 5022/5022 5049/5049 5045/5045
f 4759/4759 4801/4801 4785/4785
f 4788/4788 4785/4785 4801/4801
f 4759/4759 4785/4785 4788/4788
f 2645/2645 3470/3470 2781/2781
f 2920/2920 3470/3470 2645/2645
f 4064/4064 3504/3504 4235/4235
f 4110/4110 3714/3714 4160/4160
f 4283/4283 4110/4110 4160/4160
f 3714/3714 3391/3391 3061/3061
f 3061/3061 2644/2644 2422/2422
f 3069/3069 3061/3061 2422/2422
f 3461/3461 3061/3061 3069/3069
f 4160/4160 3061/3061 3461/3461
f 4160/4160 3714/3714 3061/3061
f 3504/3504 3264/3264 4235/4235
f 2226/2226 3264/3264 3504/3504
f 2337/2337 2023/2023 1872/1872
f 2718/2718 2023/2023 2337/2337
f 2570/2570 2600/2600 2626/2626
f 2226/2226 2883/2883 3264/3264
f 4064/4064 4235/4235 4278/4278
f 4286/4286 4289/4289 4278/4278
f 4064/4064 4289/4289 4286/4286
f 4064/4064 4278/4278 4289/4289
f 4869/4869 4898/4898 4883/4883
f 496/496 485/485 508/508
f 156/156 221/221 814/814
f 177/177 221/221 156/156
f 423/423 221/221 177/177
f 126/126 155/155 177/177
f 155/155 189/189 177/177
f 126/126 189/189 155/155
f 4698/4698 4764/4764 4690/4690
f 4786/4786 4698/4698 4690/4690
f 4786/4786 4690/4690 4764/4764
f 2883/2883 4235/4235 3264/3264
f 376/376 5116/5116 288/288
f 5014/5014 4865/4865 5093/5093
f 4865/4865 121/121 4917/4917
f 144/144 112/112 141/141
f 121/121 5116/5116 145/145
f 121/121 4865/4865 5116/5116
f 145/145 5116/5116 219/219
f 139/139 145/145 120/120
f 181/181 145/145 139/139
f 181/181 139/139 120/120
f 219/219 184/184 145/145
f 219/219 5116/5116 291/291
f 334/334 219/219 291/291
f 376/376 291/291 5116/5116
f 383/383 341/341 376/376
f 376/376 341/341 291/291
f 291/291 341/341 383/383
f 352/352 334/334 291/291
f 73/73 334/334 352/352
f 73/73 219/219 334/334
f 184/184 219/219 225/225
f 225/225 219/219 73/73
f 181/181 184/184 225/225
f 145/145 181/181 225/225
f 121/121 225/225 73/73
f 145/145 225/225 121/121
f 73/73 4917/4917 121/121
f 4896/4896 4917/4917 5056/5056
f 5203/5203 4896/4896 5078/5078
f 5078/5078 4896/4896 5056/5056
f 5054/5054 5078/5078 5056/5056
f 5073/5073 5078/5078 5054/5054
f 5073/5073 5054/5054 5056/5056
f 5318/5318 5203/5203 5078/5078
f 5070/5070 5203/5203 5116/5116
f 4865/4865 5014/5014 5070/5070
f 5014/5014 5093/5093 5070/5070
f 5093/5093 5014/5014 4986/4986
f 4978/4978 4986/4986 5014/5014
f 5093/5093 4986/4986 4978/4978
f 5070/5070 5116/5116 4865/4865
f 4657/4657 4634/4634 4819/4819
f 4833/4833 4634/4634 4657/4657
f 4833/4833 4844/4844 4815/4815
f 4842/4842 4844/4844 4833/4833
f 4843/4843 4844/4844 4842/4842
f 4843/4843 4842/4842 4833/4833
f 4657/4657 4815/4815 4844/4844
f 4734/4734 4759/4759 4066/4066
f 2215/2215 1773/1773 3075/3075
f 2519/2519 1773/1773 2215/2215
f 3075/3075 2436/2436 2215/2215
f 2348/2348 2275/2275 2436/2436
f 2434/2434 2348/2348 2436/2436
f 2275/2275 2348/2348 2434/2434
f 2323/2323 2260/2260 2275/2275
f 2519/2519 2275/2275 2260/2260
f 2519/2519 2260/2260 2323/2323
f 2436/2436 3075/3075 2434/2434
f 1550/1550 1773/1773 2519/2519
f 2335/2335 1550/1550 2519/2519
f 2389/2389 2335/2335 2519/2519
f 2389/2389 1550/1550 2335/2335
f 2622/2622 2587/2587 2518/2518
f 2651/2651 2587/2587 2622/2622
f 2518/2518 2587/2587 2651/2651
f 2398/2398 2434/2434 2476/2476
f 2557/2557 2476/2476 2434/2434
f 2398/2398 2476/2476 2557/2557
f 2557/2557 2434/2434 2597/2597
f 2958/2958 2994/2994 2973/2973
f 2612/2612 3075/3075 3966/3966
f 4991/4991 2975/2975 2197/2197
f 392/392 2975/2975 4991/4991
f 563/563 490/490 462/462
f 296/296 356/356 392/392
f 417/417 392/392 356/356
f 296/296 417/417 356/356
f 296/296 392/392 4991/4991
f 2197/2197 1111/1111 4991/4991
f 5857/5857 5011/5011 5830/5830
f 6106/6106 5857/5857 5830/5830
f 6018/6018 5857/5857 5990/5990
f 6106/6106 5990/5990 5857/5857
f 5996/5996 6043/6043 6106/6106
f 6106/6106 6008/6008 5996/5996
f 6018/6018 6106/6106 6132/6132
f 6119/6119 6132/6132 6106/6106
f 6132/6132 6119/6119 5978/5978
f 5964/5964 5978/5978 5977/5977
f 5757/5757 5964/5964 5977/5977
f 5978/5978 5964/5964 5757/5757
f 5978/5978 5757/5757 6132/6132
f 5372/5372 6132/6132 5757/5757
f 5613/5613 5684/5684 5672/5672
f 5737/5737 5746/5746 5726/5726
f 1430/1430 1739/1739 2521/2521
f 992/992 1739/1739 1430/1430
f 3738/3738 4066/4066 4759/4759
f 3914/3914 3893/3893 4502/4502
f 1621/1621 1699/1699 1667/1667
f 5583/5583 4991/4991 5546/5546
f 4516/4516 3727/3727 4186/4186
f 5064/5064 5109/5109 5167/5167
f 5036/5036 5109/5109 5064/5064
f 5215/5215 5011/5011 5167/5167
f 5272/5272 5248/5248 5215/5215
f 5275/5275 5248/5248 5272/5272
f 5215/5215 5248/5248 5275/5275
f 5295/5295 5275/5275 5302/5302
f 5291/5291 5295/5295 5302/5302
f 5275/5275 5295/5295 5291/5291
f 5830/5830 5011/5011 5215/5215
f 3069/3069 2422/2422 2225/2225
f 3069/3069 2225/2225 2064/2064
f 2198/2198 3069/3069 2064/2064
f 2219/2219 2237/2237 2198/2198
f 2210/2210 2237/2237 2219/2219
f 2198/2198 2210/2210 2219/2219
f 2193/2193 2210/2210 2198/2198
f 2164/2164 2210/2210 2193/2193
f 2164/2164 2193/2193 2198/2198
f 2148/2148 2165/2165 2164/2164
f 2127/2127 2148/2148 2164/2164
f 2127/2127 2165/2165 2148/2148
f 2136/2136 2165/2165 2134/2134
f 2132/2132 2134/2134 2165/2165
f 2132/2132 2136/2136 2134/2134
f 2198/2198 2064/2064 2127/2127
f 2127/2127 2064/2064 2083/2083
f 4451/4451 4368/4368 4513/4513
f 4378/4378 4274/4274 4363/4363
f 4361/4361 4274/4274 4378/4378
f 4363/4363 4361/4361 4378/4378
f 4274/4274 4361/4361 4368/4368
f 4029/4029 4368/4368 4361/4361
f 3391/3391 3714/3714 4110/4110
f 4110/4110 4261/4261 3391/3391
f 5398/5398 6007/6007 1111/1111
f 5363/5363 6007/6007 5398/5398
f 5343/5343 5328/5328 6007/6007
f 5344/5344 5343/5343 6007/6007
f 5344/5344 5328/5328 5343/5343
f 1089/1089 1163/1163 1060/1060
f 1062/1062 1089/1089 1060/1060
f 1050/1050 1062/1062 1060/1060
f 1040/1040 1060/1060 1163/1163
f 1739/1739 1040/1040 1163/1163
f 1050/1050 1060/1060 1040/1040
f 1739/1739 992/992 963/963
f 963/963 1040/1040 1739/1739
f 1050/1050 963/963 992/992
f 1040/1040 963/963 1050/1050
f 466/466 481/481 396/396
f 577/577 396/396 481/481
f 466/466 396/396 577/577
f 4368/4368 2950/2950 4513/4513
f 2247/2247 2254/2254 2212/2212
f 2883/2883 2226/2226 2254/2254
f 2234/2234 2247/2247 2212/2212
f 2254/2254 2247/2247 2234/2234
f 2254/2254 2234/2234 2883/2883
f 3988/3988 2883/2883 2234/2234
f 3988/3988 4235/4235 2883/2883
f 2398/2398 2185/2185 2240/2240
f 2240/2240 2185/2185 1550/1550
f 2398/2398 2240/2240 1550/1550
f 2472/2472 2398/2398 2557/2557
f 2438/2438 2398/2398 2472/2472
f 2557/2557 2438/2438 2472/2472
f 2597/2597 2612/2612 2557/2557
f 2434/2434 2612/2612 2597/2597
f 3075/3075 2612/2612 2434/2434
f 1111/1111 6007/6007 5469/5469
f 5533/5533 5555/5555 5561/5561
f 5313/5313 5394/5394 5583/5583
f 5404/5404 5394/5394 5313/5313
f 5404/5404 5352/5352 5394/5394
f 5352/5352 5404/5404 5313/5313
f 5394/5394 4991/4991 5583/5583
f 5513/5513 5583/5583 5546/5546
f 5546/5546 5605/5605 5513/5513
f 5583/5583 5513/5513 5605/5605
f 1111/1111 5546/5546 4991/4991
f 5619/5619 1111/1111 5469/5469
f 5546/5546 1111/1111 5619/5619
f 5583/5583 5619/5619 5469/5469
f 5559/5559 5619/5619 5583/5583
f 5618/5618 5619/5619 5559/5559
f 5605/5605 5559/5559 5583/5583
f 5540/5540 5618/5618 5559/5559
f 5605/5605 5540/5540 5559/5559
f 5605/5605 5618/5618 5540/5540
f 4703/4703 4725/4725 4748/4748
f 4716/4716 4725/4725 4703/4703
f 2644/2644 3061/3061 2876/2876
f 3061/3061 3391/3391 2876/2876
f 2742/2742 2644/2644 2876/2876
f 2619/2619 2761/2761 2876/2876
f 2742/2742 2876/2876 2761/2761
f 2729/2729 2761/2761 2741/2741
f 2742/2742 2761/2761 2729/2729
f 2742/2742 2729/2729 2741/2741
f 3391/3391 2619/2619 2876/2876
f 2644/2644 2742/2742 2619/2619
f 2249/2249 3391/3391 2793/2793
f 2225/2225 3391/3391 2249/2249
f 2259/2259 2249/2249 2269/2269
f 2195/2195 2259/2259 2269/2269
f 2195/2195 2249/2249 2259/2259
f 2619/2619 2225/2225 2644/2644
f 3391/3391 2225/2225 2619/2619
f 2225/2225 2249/2249 2195/2195
f 2083/2083 2225/2225 2195/2195
f 4066/4066 3738/3738 2955/2955
f 3723/3723 3768/3768 3737/3737
f 3768/3768 2955/2955 3737/3737
f 3075/3075 2804/2804 3966/3966
f 4815/4815 4657/4657 4819/4819
f 4155/4155 2950/2950 4368/4368
f 4155/4155 3978/3978 2950/2950
f 3978/3978 4065/4065 4020/4020
f 4097/4097 4020/4020 4065/4065
f 4097/4097 3978/3978 4020/4020
f 4155/4155 4029/4029 4097/4097
f 4047/4047 4048/4048 4078/4078
f 4361/4361 4274/4274 4029/4029
f 4368/4368 4029/4029 4155/4155
f 2337/2337 3077/3077 2718/2718
f 3077/3077 2439/2439 2432/2432
f 2520/2520 2432/2432 2439/2439
f 3077/3077 2432/2432 2520/2520
f 3083/3083 3133/3133 3064/3064
f 3564/3564 3083/3083 3064/3064
f 3564/3564 3133/3133 3083/3083
f 3085/3085 3077/3077 3133/3133
f 3183/3183 3085/3085 3133/3133
f 3077/3077 3085/3085 3183/3183
f 3183/3183 2718/2718 3077/3077
f 3634/3634 3603/3603 3552/3552
f 3332/3332 3564/3564 3755/3755
f 3564/3564 3332/3332 3183/3183
f 3332/3332 2718/2718 3183/3183
f 2566/2566 2718/2718 3332/3332
f 3493/3493 3472/3472 3458/3458
f 3800/3800 3786/3786 3511/3511
f 3797/3797 3786/3786 3800/3800
f 3827/3827 3797/3797 3800/3800
f 3786/3786 3797/3797 3827/3827
f 4819/4819 4634/4634 4815/4815
f 2002/2002 1773/1773 1647/1647
f 2082/2082 2804/2804 3075/3075
f 2082/2082 3075/3075 2002/2002
f 2082/2082 2002/2002 2804/2804
f 2160/2160 2162/2162 2082/2082
f 4283/4283 4261/4261 4110/4110
f 4564/4564 4758/4758 4662/4662
f 4695/4695 4758/4758 4564/4564
f 4571/4571 4695/4695 4564/4564
f 4566/4566 4571/4571 4564/4564
f 4695/4695 4571/4571 4566/4566
f 4662/4662 4758/4758 4695/4695
f 4199/4199 3195/3195 3916/3916
f 4701/4701 4716/4716 4703/4703
f 4703/4703 4518/4518 4701/4701
f 2644/2644 2225/2225 2422/2422
f 5857/5857 6132/6132 5011/5011
f 6132/6132 5857/5857 6018/6018
f 6043/6043 6018/6018 5995/5995
f 5990/5990 5995/5995 6018/6018
f 6043/6043 5995/5995 5990/5990
f 5996/5996 6008/6008 6043/6043
f 5755/5755 5772/5772 5785/5785
f 4848/4848 18/18 13/13
f 4907/4907 4848/4848 13/13
f 4907/4907 18/18 4848/4848
f 4930/4930 18/18 4907/4907
f 5011/5011 4930/4930 4907/4907
f 5847/5847 4930/4930 5011/5011
f 5011/5011 5225/5225 5847/5847
f 5225/5225 5346/5346 5283/5283
f 5364/5364 5283/5283 5346/5346
f 5225/5225 5364/5364 5346/5346
f 5011/5011 6132/6132 5225/5225
f 5414/5414 5381/5381 5380/5380
f 2725/2725 3079/3079 3727/3727
f 2950/2950 2711/2711 2502/2502
f 2517/2517 2513/2513 2711/2711
f 4513/4513 2950/2950 2502/2502
f 2483/2483 2430/2430 2502/2502
f 2483/2483 2502/2502 2399/2399
f 2711/2711 2399/2399 2502/2502
f 2483/2483 2399/2399 2430/2430
f 2339/2339 2336/2336 2378/2378
f 2399/2399 2336/2336 2339/2339
f 2261/2261 2336/2336 2399/2399
f 2150/2150 2336/2336 2261/2261
f 2399/2399 2150/2150 2261/2261
f 2150/2150 2180/2180 2336/2336
f 2378/2378 2399/2399 2339/2339
f 2473/2473 2400/2400 2440/2440
f 2244/2244 2399/2399 2203/2203
f 2513/2513 2399/2399 2711/2711
f 2517/2517 2399/2399 2513/2513
f 2701/2701 2561/2561 2517/2517
f 2561/2561 2647/2647 2517/2517
f 2647/2647 2561/2561 2701/2701
f 2711/2711 2569/2569 2647/2647
f 2950/2950 2569/2569 2711/2711
f 2284/2284 2647/2647 2569/2569
f 2079/2079 1751/1751 2569/2569
f 2284/2284 2569/2569 1751/1751
f 2244/2244 2203/2203 2208/2208
f 2208/2208 2203/2203 2284/2284
f 2284/2284 2244/2244 2208/2208
f 1751/1751 2244/2244 2284/2284
f 2244/2244 1751/1751 2150/2150
f 2201/2201 2244/2244 2184/2184
f 2399/2399 2244/2244 2201/2201
f 2184/2184 2399/2399 2201/2201
f 2399/2399 2184/2184 2150/2150
f 1751/1751 2180/2180 2150/2150
f 1937/1937 2180/2180 1751/1751
f 2125/2125 2180/2180 1937/1937
f 2180/2180 2125/2125 2336/2336
f 1808/1808 1840/1840 2125/2125
f 1937/1937 1808/1808 2125/2125
f 1937/1937 1840/1840 1808/1808
f 1737/1737 1759/1759 1780/1780
f 1719/1719 1688/1688 1740/1740
f 1937/1937 1719/1719 1740/1740
f 1688/1688 1719/1719 1937/1937
f 1870/1870 1937/1937 1751/1751
f 1654/1654 1870/1870 1751/1751
f 2451/2451 1654/1654 1751/1751
f 1614/1614 1870/1870 1654/1654
f 1614/1614 1654/1654 1645/1645
f 1711/1711 1645/1645 1654/1654
f 1711/1711 1614/1614 1645/1645
f 1590/1590 1562/1562 2451/2451
f 1880/1880 1883/1883 2451/2451
f 2007/2007 1880/1880 2451/2451
f 1883/1883 1880/1880 2007/2007
f 1751/1751 2079/2079 2451/2451
f 2452/2452 2079/2079 2475/2475
f 2382/2382 2079/2079 2452/2452
f 2475/2475 2382/2382 2452/2452
f 2027/2027 1999/1999 2008/2008
f 2809/2809 1590/1590 2451/2451
f 1590/1590 2809/2809 2950/2950
f 2569/2569 2809/2809 2079/2079
f 2950/2950 2809/2809 2569/2569
f 3010/3010 1986/1986 2933/2933
f 2933/2933 1986/1986 1590/1590
f 2886/2886 2952/2952 2889/2889
f 2933/2933 2274/2274 3010/3010
f 4097/4097 2950/2950 3978/3978
f 4029/4029 2950/2950 4097/4097
f 2933/2933 2950/2950 4029/4029
f 2783/2783 2770/2770 2833/2833
f 2799/2799 2770/2770 2783/2783
f 2799/2799 2783/2783 2833/2833
f 2829/2829 2799/2799 2833/2833
f 2830/2830 2799/2799 2829/2829
f 2878/2878 2829/2829 2833/2833
f 2830/2830 2829/2829 2878/2878
f 2925/2925 2878/2878 2881/2881
f 3019/3019 2878/2878 2925/2925
f 2881/2881 3019/3019 2925/2925
f 4118/4118 4096/4096 3019/3019
f 3214/3214 3019/3019 4096/4096
f 4467/4467 4077/4077 4118/4118
f 4105/4105 4118/4118 4077/4077
f 4105/4105 4077/4077 4467/4467
f 4467/4467 4096/4096 4118/4118
f 2655/2655 2541/2541 2640/2640
f 2653/2653 2640/2640 2541/2541
f 2653/2653 2655/2655 2640/2640
f 1934/1934 1869/1869 1854/1854
f 1111/1111 2197/2197 5179/5179
f 1231/1231 1268/1268 1266/1266
f 2623/2623 2549/2549 2525/2525
f 2655/2655 2653/2653 2541/2541
f 5167/5167 5011/5011 5036/5036
f 5064/5064 5167/5167 5036/5036
f 5042/5042 5039/5039 5036/5036
f 5011/5011 5042/5042 5036/5036
f 5037/5037 5036/5036 5039/5039
f 5042/5042 5037/5037 5039/5039
f 1216/1216 1238/1238 1194/1194
f 4011/4011 4005/4005 3966/3966
f 4025/4025 4015/4015 4005/4005
f 4011/4011 4025/4025 4005/4005
f 4015/4015 4025/4025 4011/4011
f 3966/3966 4005/4005 4074/4074
f 4019/4019 4042/4042 4074/4074
f 4011/4011 4074/4074 4042/4042
f 4019/4019 4011/4011 4042/4042
f 4011/4011 3966/3966 3754/3754
f 3754/3754 3966/3966 3766/3766
f 3648/3648 4011/4011 3754/3754
f 3754/3754 3669/3669 3648/3648
f 3766/3766 3669/3669 3754/3754
f 3669/3669 3766/3766 3616/3616
f 3731/3731 3702/3702 3616/3616
f 3713/3713 3616/3616 3702/3702
f 3731/3731 3713/3713 3702/3702
f 3713/3713 3669/3669 3616/3616
f 3713/3713 3766/3766 3966/3966
f 3713/3713 3966/3966 2804/2804
f 3669/3669 3713/3713 2804/2804
f 3669/3669 2804/2804 3648/3648
f 2975/2975 2902/2902 2197/2197
f 3727/3727 3079/3079 3495/3495
f 2369/2369 2002/2002 1647/1647
f 2978/2978 2804/2804 2369/2369
f 2002/2002 2369/2369 2804/2804
f 4574/4574 4562/4562 4563/4563
f 4431/4431 3932/3932 4199/4199
f 3898/3898 4431/4431 3916/3916
f 4199/4199 3916/3916 4431/4431
f 4021/4021 4431/4431 3898/3898
f 3836/3836 4012/4012 3898/3898
f 4021/4021 3898/3898 4012/4012
f 4017/4017 4021/4021 4012/4012
f 4009/4009 4021/4021 4017/4017
f 4012/4012 4009/4009 4017/4017
f 3981/3981 4012/4012 3836/3836
f 3898/3898 3916/3916 3836/3836
f 4013/4013 2612/2612 4000/4000
f 4032/4032 4013/4013 4000/4000
f 4032/4032 4000/4000 2612/2612
f 4032/4032 2612/2612 3966/3966
f 4074/4074 4032/4032 3966/3966
f 3332/3332 3755/3755 2566/2566
f 4018/4018 3902/3902 4010/4010
f 3818/3818 4018/4018 4010/4010
f 3852/3852 3818/3818 4010/4010
f 3852/3852 3850/3850 3818/3818
f 3839/3839 4018/4018 3818/3818
f 3883/3883 3818/3818 3850/3850
f 3839/3839 3818/3818 3883/3883
f 3872/3872 3825/3825 3852/3852
f 3872/3872 3877/3877 3825/3825
f 3852/3852 3877/3877 3872/3872
f 4010/4010 3877/3877 3852/3852
f 4010/4010 3850/3850 3877/3877
f 3883/3883 3850/3850 4010/4010
f 3848/3848 3883/3883 4010/4010
f 3839/3839 3883/3883 3848/3848
f 3902/3902 3848/3848 4010/4010
f 4181/4181 3848/3848 4106/4106
f 4203/4203 3848/3848 4181/4181
f 4203/4203 4181/4181 4106/4106
f 4106/4106 4262/4262 4190/4190
f 3902/3902 4262/4262 4106/4106
f 3902/3902 4106/4106 3848/3848
f 4018/4018 4052/4052 3902/3902
f 546/546 559/559 536/536
f 394/394 5357/5357 573/573
f 692/692 744/744 781/781
f 1059/1059 938/938 985/985
f 955/955 850/850 2120/2120
f 827/827 859/859 800/800
f 850/850 800/800 859/859
f 827/827 800/800 850/850
f 5357/5357 827/827 850/850
f 558/558 827/827 5357/5357
f 569/569 608/608 586/586
f 850/850 955/955 5357/5357
f 65/65 149/149 131/131
f 2278/2278 674/674 1261/1261
f 2233/2233 2277/2277 2278/2278
f 2032/2032 2278/2278 1261/1261
f 2233/2233 2278/2278 2032/2032
f 2032/2032 2277/2277 2233/2233
f 2229/2229 2032/2032 955/955
f 2032/2032 1261/1261 955/955
f 940/940 573/573 953/953
f 880/880 940/940 953/953
f 573/573 940/940 880/880
f 880/880 1261/1261 394/394
f 573/573 1261/1261 880/880
f 1422/1422 1352/1352 1361/1361
f 2045/2045 2089/2089 2010/2010
f 3778/3778 3839/3839 3815/3815
f 3848/3848 3815/3815 3839/3839
f 3778/3778 3815/3815 3848/3848
f 1410/1410 1548/1548 1691/1691
f 1527/1527 1410/1410 1028/1028
f 1548/1548 1410/1410 1527/1527
f 1581/1581 1691/1691 1548/1548
f 1527/1527 1581/1581 1548/1548
f 1481/1481 1527/1527 1445/1445
f 1298/1298 1445/1445 1527/1527
f 1298/1298 1481/1481 1445/1445
f 1286/1286 1298/1298 1028/1028
f 1316/1316 1298/1298 1350/1350
f 1286/1286 1350/1350 1298/1298
f 1028/1028 1298/1298 1527/1527
f 1316/1316 1350/1350 1286/1286
f 1286/1286 1028/1028 448/448
f 742/742 774/774 746/746
f 426/426 507/507 501/501
f 548/548 501/501 507/507
f 426/426 501/501 548/548
f 473/473 1286/1286 448/448
f 241/241 195/195 286/286
f 195/195 241/241 220/220
f 195/195 473/473 448/448
f 3723/3723 2955/2955 3768/3768
f 5975/5975 88/88 4889/4889
f 5232/5232 5269/5269 5288/5288
f 4934/4934 4900/4900 4909/4909
f 92/92 4889/4889 88/88
f 104/104 79/79 92/92
f 72/72 92/92 79/79
f 104/104 72/72 79/79
f 4889/4889 92/92 47/47
f 87/87 104/104 105/105
f 47/47 104/104 87/87
f 105/105 47/47 87/87
f 47/47 4893/4893 4889/4889
f 86/86 66/66 102/102
f 76/76 86/86 102/102
f 66/66 86/86 76/76
f 4893/4893 66/66 42/42
f 31/31 42/42 66/66
f 4893/4893 42/42 31/31
f 4893/4893 31/31 5089/5089
f 5089/5089 31/31 5186/5186
f 5089/5089 4889/4889 4893/4893
f 5415/5415 5417/5417 5395/5395
f 5656/5656 5642/5642 5615/5615
f 5562/5562 4991/4991 5313/5313
f 5313/5313 4991/4991 5394/5394
f 5469/5469 5313/5313 5583/5583
f 5469/5469 5562/5562 5313/5313
f 5562/5562 296/296 4991/4991
f 4868/4868 11/11 28/28
f 3191/3191 2746/2746 3229/3229
f 4519/4519 3191/3191 3229/3229
f 2746/2746 3191/3191 4519/4519
f 2230/2230 2746/2746 4519/4519
f 2218/2218 2746/2746 2246/2246
f 2251/2251 2218/2218 2246/2246
f 2746/2746 2230/2230 2251/2251
f 2246/2246 2746/2746 2251/2251
f 2548/2548 2610/2610 2582/2582
f 1261/1261 674/674 394/394
f 88/88 5975/5975 5311/5311
f 3530/3530 3068/3068 3747/3747
f 3747/3747 3068/3068 3505/3505
f 3161/3161 3402/3402 3189/3189
f 3505/3505 3161/3161 3189/3189
f 3747/3747 3505/3505 3189/3189
f 3261/3261 3161/3161 3505/3505
f 3402/3402 3261/3261 3505/3505
f 3285/3285 3307/3307 3261/3261
f 3307/3307 3402/3402 3261/3261
f 3161/3161 3261/3261 3402/3402
f 3285/3285 3402/3402 3307/3307
f 3068/3068 3402/3402 3505/3505
f 4278/4278 4235/4235 3988/3988
f 2793/2793 3391/3391 4261/4261
f 4519/4519 3604/3604 2230/2230
f 5089/5089 5975/5975 4889/4889
f 2955/2955 4734/4734 4066/4066
f 195/195 426/426 473/473
f 426/426 195/195 318/318
f 484/484 473/473 426/426
f 538/538 484/484 426/426
f 484/484 538/538 473/473
f 6369/6369 6409/6409 6415/6415
f 6745/6745 6035/6035 5820/5820
f 4029/4029 4274/4274 2274/2274
f 2274/2274 2933/2933 4029/4029
f 3010/3010 2274/2274 2109/2109
f 2109/2109 2274/2274 1863/1863
f 1913/1913 1986/1986 1969/1969
f 1913/1913 1969/1969 1810/1810
f 1986/1986 1913/1913 1810/1810
f 1986/1986 1810/1810 1847/1847
f 2109/2109 1847/1847 1810/1810
f 1847/1847 2109/2109 1986/1986
f 1986/1986 2109/2109 1590/1590
f 2950/2950 2933/2933 1590/1590
f 1337/1337 1562/1562 1590/1590
f 1863/1863 1590/1590 2109/2109
f 1863/1863 1386/1386 1590/1590
f 1386/1386 1863/1863 2274/2274
f 1337/1337 1590/1590 1386/1386
f 1374/1374 1337/1337 1386/1386
f 1690/1690 1386/1386 2274/2274
f 1386/1386 1690/1690 1493/1493
f 1386/1386 1493/1493 1466/1466
f 1497/1497 1493/1493 1490/1490
f 1497/1497 1466/1466 1493/1493
f 1374/1374 1386/1386 1466/1466
f 1466/1466 1497/1497 1490/1490
f 1374/1374 1466/1466 1456/1456
f 1444/1444 1456/1456 1466/1466
f 1374/1374 1456/1456 1444/1444
f 5959/5959 6264/6264 5476/5476
f 6207/6207 6278/6278 6202/6202
f 5867/5867 5582/5582 5820/5820
f 6264/6264 5820/5820 5582/5582
f 5867/5867 5820/5820 5896/5896
f 5896/5896 5582/5582 5867/5867
f 5551/5551 5660/5660 5588/5588
f 5820/5820 5476/5476 5582/5582
f 6123/6123 6035/6035 6745/6745
f 5820/5820 6264/6264 6745/6745
f 5820/5820 5959/5959 5476/5476
f 4451/4451 4231/4231 4368/4368
f 4285/4285 4231/4231 4451/4451
f 3468/3468 4231/4231 4285/4285
f 3468/3468 2274/2274 4231/4231
f 3468/3468 1552/1552 2274/2274
f 4865/4865 4896/4896 5093/5093
f 4917/4917 4896/4896 4865/4865
f 5070/5070 5093/5093 4896/4896
f 5203/5203 5070/5070 4896/4896
f 5564/5564 5553/5553 5526/5526
f 5469/5469 6007/6007 5776/5776
f 5917/5917 5776/5776 5945/5945
f 5880/5880 5776/5776 5917/5917
f 5880/5880 5917/5917 5945/5945
f 5776/5776 5880/5880 5771/5771
f 5452/5452 5771/5771 5880/5880
f 296/296 5562/5562 5452/5452
f 5469/5469 5452/5452 5562/5562
f 5776/5776 5771/5771 5452/5452
f 5469/5469 5776/5776 5452/5452
f 2879/2879 5179/5179 2197/2197
f 2879/2879 2197/2197 2902/2902
f 2888/2888 2879/2879 2902/2902
f 2866/2866 2888/2888 2902/2902
f 2866/2866 2879/2879 2888/2888
f 955/955 573/573 5357/5357
f 111/111 5357/5357 394/394
f 110/110 157/157 122/122
f 4875/4875 20/20 4861/4861
f 20/20 4955/4955 4861/4861
f 5357/5357 111/111 4955/4955
f 4955/4955 20/20 4875/4875
f 38/38 4876/4876 4908/4908
f 2088/2088 955/955 2120/2120
f 4298/4298 4261/4261 4283/4283
f 2793/2793 4261/4261 4298/4298
f 3798/3798 4080/4080 3796/3796
f 3803/3803 4080/4080 3798/3798
f 3802/3802 3814/3814 3798/3798
f 3803/3803 3814/3814 3802/3802
f 3803/3803 3798/3798 3814/3814
f 3903/3903 4080/4080 3803/3803
f 4418/4418 4045/4045 4482/4482
f 4591/4591 4482/4482 4247/4247
f 4333/4333 4591/4591 4247/4247
f 3692/3692 3981/3981 3836/3836
f 3195/3195 3692/3692 3836/3836
f 3195/3195 3836/3836 3916/3916
f 5318/5318 5150/5150 5203/5203
f 464/464 550/550 636/636
f 464/464 636/636 297/297
f 539/539 464/464 510/510
f 520/520 510/510 464/464
f 539/539 510/510 520/520
f 584/584 550/550 520/520
f 584/584 636/636 550/550
f 307/307 381/381 357/357
f 4434/4434 4670/4670 4480/4480
f 4439/4439 4434/4434 4480/4480
f 4336/4336 4434/4434 4439/4439
f 4430/4430 4439/4439 4423/4423
f 4336/4336 4439/4439 4430/4430
f 4423/4423 4336/4336 4430/4430
f 4434/4434 4336/4336 3444/3444
f 4648/4648 4678/4678 4399/4399
f 4684/4684 4678/4678 4648/4648
f 4598/4598 4399/4399 4678/4678
f 4604/4604 4601/4601 4399/4399
f 4598/4598 4604/4604 4399/4399
f 4608/4608 4600/4600 4599/4599
f 4629/4629 4600/4600 4608/4608
f 4629/4629 4608/4608 4599/4599
f 4598/4598 4678/4678 4654/4654
f 4684/4684 4670/4670 4678/4678
f 4480/4480 4670/4670 4684/4684
f 4459/4459 4793/4793 4745/4745
f 4459/4459 4821/4821 4793/4793
f 1639/1639 2786/2786 2797/2797
f 2728/2728 2084/2084 2797/2797
f 2738/2738 2728/2728 2758/2758
f 2786/2786 2758/2758 2728/2728
f 2738/2738 2758/2758 2786/2786
f 2797/2797 2786/2786 2728/2728
f 1685/1685 1219/1219 1138/1138
f 1685/1685 1874/1874 1219/1219
f 4274/4274 4231/4231 2274/2274
f 4274/4274 4368/4368 4231/4231
f 3868/3868 3869/3869 3855/3855
f 1375/1375 1389/1389 1410/1410
f 1393/1393 1389/1389 1375/1375
f 1389/1389 1393/1393 1410/1410
f 1393/1393 1028/1028 1410/1410
f 1393/1393 1256/1256 1028/1028
f 1256/1256 1016/1016 1028/1028
f 993/993 1016/1016 1256/1256
f 1061/1061 993/993 970/970
f 1016/1016 1061/1061 970/970
f 993/993 1016/1016 970/970
f 1021/1021 979/979 993/993
f 854/854 993/993 979/979
f 854/854 979/979 1021/1021
f 854/854 1256/1256 1133/1133
f 993/993 1256/1256 854/854
f 1004/1004 1256/1256 1393/1393
f 4907/4907 5042/5042 5011/5011
f 4793/4793 4821/4821 4745/4745
f 4459/4459 4745/4745 4821/4821
f 4052/4052 4018/4018 4054/4054
f 4052/4052 4061/4061 4127/4127
f 4178/4178 4052/4052 4127/4127
f 4178/4178 4262/4262 4052/4052
f 4052/4052 4262/4262 3902/3902
f 1261/1261 573/573 955/955
f 3803/3803 3796/3796 3903/3903
f 3985/3985 3955/3955 3952/3952
f 4080/4080 3903/3903 3796/3796
f 584/584 297/297 652/652
f 520/520 297/297 584/584
f 464/464 297/297 520/520
f 636/636 652/652 297/297
f 1685/1685 1578/1578 1545/1545
f 1601/1601 1578/1578 1685/1685
f 1601/1601 1545/1545 1578/1578
f 1747/1747 1729/1729 1914/1914
f 1725/1725 1747/1747 1914/1914
f 1725/1725 1729/1729 1747/1747
f 1874/1874 1685/1685 1725/1725
f 2170/2170 1874/1874 1725/1725
f 1394/1394 1874/1874 2170/2170
f 6489/6489 6745/6745 6427/6427
f 6274/6274 6489/6489 6285/6285
f 6218/6218 6274/6274 6285/6285
f 6489/6489 6274/6274 6218/6218
f 6489/6489 6123/6123 6745/6745
f 6169/6169 6123/6123 6489/6489
f 6156/6156 6169/6169 6489/6489
f 6123/6123 6169/6169 6156/6156
f 3075/3075 1773/1773 2002/2002
f 4634/4634 4833/4833 4815/4815
f 4849/4849 4855/4855 27/27
f 5281/5281 5323/5323 4873/4873
f 5059/5059 5281/5281 5025/5025
f 5061/5061 5059/5059 5025/5025
f 5061/5061 5281/5281 5059/5059
f 5219/5219 5135/5135 5224/5224
f 5224/5224 5135/5135 5281/5281
f 5281/5281 5219/5219 5224/5224
f 5412/5412 5323/5323 5281/5281
f 5377/5377 5403/5403 5376/5376
f 6264/6264 5582/5582 5476/5476
f 5625/5625 5652/5652 5651/5651
f 2230/2230 3941/3941 4272/4272
f 3941/3941 3892/3892 4272/4272
f 3892/3892 3604/3604 4272/4272
f 3920/3920 3959/3959 3941/3941
f 3892/3892 3920/3920 3941/3941
f 3892/3892 3959/3959 3920/3920
f 2230/2230 3892/3892 3941/3941
f 2230/2230 3604/3604 3892/3892
f 6427/6427 6745/6745 6264/6264
f 6427/6427 6264/6264 6727/6727
f 2786/2786 1639/1639 2084/2084
f 4376/4376 4677/4677 4306/4306
f 4482/4482 3884/3884 4247/4247
f 4045/4045 3884/3884 4482/4482
f 4428/4428 3123/3123 4003/4003
f 4030/4030 4428/4428 4003/4003
f 4037/4037 4030/4030 4003/4003
f 4428/4428 4030/4030 4037/4037
f 5178/5178 81/81 5162/5162
f 5160/5160 5178/5178 5162/5162
f 81/81 5160/5160 5162/5162
f 4892/4892 5160/5160 81/81
f 81/81 5106/5106 4892/4892
f 5314/5314 5440/5440 5089/5089
f 5186/5186 5314/5314 5089/5089
f 5301/5301 5314/5314 5186/5186
f 5296/5296 5301/5301 5186/5186
f 5314/5314 5301/5301 5296/5296
f 5577/5577 5563/5563 5567/5567
f 5864/5864 5975/5975 5089/5089
f 5864/5864 5863/5863 5975/5975
f 5089/5089 5863/5863 5864/5864
f 4677/4677 4711/4711 4306/4306
f 4306/4306 4711/4711 4742/4742
f 5216/5216 5209/5209 5223/5223
f 5893/5893 5311/5311 5975/5975
f 4557/4557 4742/4742 4752/4752
f 4711/4711 4677/4677 4569/4569
f 4721/4721 4685/4685 4752/4752
f 4557/4557 4752/4752 4685/4685
f 4744/4744 4721/4721 4761/4761
f 4752/4752 4744/4744 4761/4761
f 4752/4752 4721/4721 4744/4744
f 4199/4199 3511/3511 3195/3195
f 3511/3511 4199/4199 3932/3932
f 3800/3800 3511/3511 3932/3932
f 3402/3402 3068/3068 3530/3530
f 116/116 107/107 318/318
f 116/116 318/318 80/80
f 220/220 318/318 195/195
f 80/80 318/318 220/220
f 107/107 116/116 80/80
f 160/160 10/10 80/80
f 4864/4864 80/80 4885/4885
f 10/10 4885/4885 80/80
f 10/10 4864/4864 4885/4885
f 5107/5107 80/80 10/10
f 160/160 5107/5107 10/10
f 5038/5038 5000/5000 4984/4984
f 5000/5000 5287/5287 4984/4984
f 5287/5287 5000/5000 5038/5038
f 5228/5228 5287/5287 5107/5107
f 5305/5305 5287/5287 5300/5300
f 5409/5409 5305/5305 5300/5300
f 5287/5287 5305/5305 5409/5409
f 5409/5409 5107/5107 5287/5287
f 80/80 5107/5107 5091/5091
f 160/160 5228/5228 5107/5107
f 6682/6682 6694/6694 6686/6686
f 4467/4467 3214/3214 4096/4096
f 2797/2797 2084/2084 1639/1639
f 1394/1394 1138/1138 1219/1219
f 986/986 55/55 448/448
f 845/845 55/55 986/986
f 1004/1004 845/845 986/986
f 1004/1004 986/986 1133/1133
f 448/448 1133/1133 917/917
f 917/917 919/919 929/929
f 986/986 917/917 1133/1133
f 986/986 448/448 917/917
f 1133/1133 448/448 854/854
f 854/854 448/448 1028/1028
f 854/854 1028/1028 1016/1016
f 1004/1004 1133/1133 1256/1256
f 558/558 5357/5357 4955/4955
f 3082/3082 2978/2978 3072/3072
f 3301/3301 3082/3082 3072/3072
f 2978/2978 3082/3082 3301/3301
f 2804/2804 2978/2978 3301/3301
f 3301/3301 3648/3648 2804/2804
f 2088/2088 2167/2167 1923/1923
f 1935/1935 2088/2088 1923/1923
f 1952/1952 1935/1935 1923/1923
f 1935/1935 1979/1979 2088/2088
f 1979/1979 955/955 2088/2088
f 6727/6727 6264/6264 5959/5959
f 6596/6596 6532/6532 6586/6586
f 6257/6257 6188/6188 6252/6252
f 6471/6471 6486/6486 6477/6477
f 4418/4418 4482/4482 4591/4591
f 3917/3917 4333/4333 4247/4247
f 3884/3884 3917/3917 4247/4247
f 636/636 5150/5150 652/652
f 4601/4601 4604/4604 4654/4654
f 4670/4670 4601/4601 4654/4654
f 4678/4678 4670/4670 4654/4654
f 4643/4643 4633/4633 4654/4654
f 4617/4617 4633/4633 4643/4643
f 4654/4654 4617/4617 4643/4643
f 4633/4633 4617/4617 4609/4609
f 4604/4604 4609/4609 4617/4617
f 4633/4633 4609/4609 4604/4604
f 4629/4629 4633/4633 4604/4604
f 4636/4636 4633/4633 4629/4629
f 4598/4598 4633/4633 4636/4636
f 4598/4598 4636/4636 4629/4629
f 2865/2865 2851/2851 2839/2839
f 2836/2836 2865/2865 2839/2839
f 2836/2836 2851/2851 2865/2865
f 2894/2894 2836/2836 2872/2872
f 3692/3692 2872/2872 2836/2836
f 2894/2894 2872/2872 3692/3692
f 3195/3195 2894/2894 3692/3692
f 4178/4178 4190/4190 4262/4262
f 4204/4204 4219/4219 4178/4178
f 4204/4204 4178/4178 4127/4127
f 4219/4219 4204/4204 4127/4127
f 4154/4154 4127/4127 4061/4061
f 4052/4052 4054/4054 4061/4061
f 1799/1799 1757/1757 1767/1767
f 2559/2559 1852/1852 1448/1448
f 3667/3667 3511/3511 3786/3786
f 4354/4354 4312/4312 4210/4210
f 4221/4221 4240/4240 4312/4312
f 4210/4210 4240/4240 4221/4221
f 4210/4210 4221/4221 4312/4312
f 4354/4354 4179/4179 4312/4312
f 3518/3518 4307/4307 4354/4354
f 3719/3719 4067/4067 4307/4307
f 4067/4067 3719/3719 3924/3924
f 3462/3462 3352/3352 3924/3924
f 3719/3719 3462/3462 3924/3924
f 3469/3469 3352/3352 3462/3462
f 3462/3462 3417/3417 3469/3469
f 3417/3417 3352/3352 3469/3469
f 3719/3719 3302/3302 3462/3462
f 3518/3518 3302/3302 4307/4307
f 3352/3352 3302/3302 2982/2982
f 3302/3302 3352/3352 3489/3489
f 3502/3502 3302/3302 3489/3489
f 3352/3352 3502/3502 3489/3489
f 3924/3924 3352/3352 2982/2982
f 2960/2960 2936/2936 2913/2913
f 2697/2697 2982/2982 3302/3302
f 5160/5160 4892/4892 5106/5106
f 2675/2675 2646/2646 3949/3949
f 3226/3226 2646/2646 2675/2675
f 955/955 2167/2167 2229/2229
f 6961/6961 6719/6719 6648/6648
f 7222/7222 6719/6719 6961/6961
f 7188/7188 6719/6719 7222/7222
f 4531/4531 3005/3005 4382/4382
f 3218/3218 4301/4301 3005/3005
f 3957/3957 4301/4301 3861/3861
f 3993/3993 3957/3957 3861/3861
f 3993/3993 3861/3861 4382/4382
f 2360/2360 3218/3218 2207/2207
f 2379/2379 3218/3218 2360/2360
f 2690/2690 4041/4041 2379/2379
f 2360/2360 2356/2356 2379/2379
f 2678/2678 2654/2654 2664/2664
f 4531/4531 3982/3982 4041/4041
f 3667/3667 2894/2894 3195/3195
f 1279/1279 2559/2559 1448/1448
f 1353/1353 1279/1279 1448/1448
f 5847/5847 5225/5225 6132/6132
f 6719/6719 7157/7157 6648/6648
f 6628/6628 7157/7157 6635/6635
f 6648/6648 7157/7157 6628/6628
f 6648/6648 6628/6628 6635/6635
f 6127/6127 5570/5570 4881/4881
f 5823/5823 5894/5894 5871/5871
f 57/57 6480/6480 78/78
f 133/133 57/57 78/78
f 6480/6480 6127/6127 4881/4881
f 6480/6480 4881/4881 6/6
f 4881/4881 133/133 6/6
f 133/133 6480/6480 6/6
f 146/146 4879/4879 227/227
f 142/142 68/68 64/64
f 146/146 143/143 4879/4879
f 143/143 146/146 227/227
f 6480/6480 133/133 78/78
f 4601/4601 4434/4434 3444/3444
f 4428/4428 1803/1803 3123/3123
f 3480/3480 3946/3946 3670/3670
f 160/160 80/80 220/220
f 220/220 209/209 160/160
f 238/238 220/220 241/241
f 286/286 238/238 241/241
f 238/238 209/209 220/220
f 223/223 208/208 238/238
f 208/208 160/160 209/209
f 188/188 160/160 208/208
f 230/230 222/222 188/188
f 223/223 229/229 208/208
f 238/238 229/229 223/223
f 286/286 298/298 237/237
f 306/306 237/237 298/298
f 286/286 306/306 298/298
f 222/222 230/230 306/306
f 188/188 222/222 306/306
f 188/188 306/306 160/160
f 5228/5228 160/160 306/306
f 306/306 406/406 5228/5228
f 306/306 448/448 311/311
f 331/331 321/321 311/311
f 406/406 331/331 311/311
f 448/448 406/406 311/311
f 321/321 331/331 406/406
f 5228/5228 448/448 55/55
f 55/55 5287/5287 5228/5228
f 1923/1923 2167/2167 955/955
f 2120/2120 2229/2229 2167/2167
f 957/957 1044/1044 971/971
f 194/194 957/957 971/971
f 194/194 1044/1044 957/957
f 1044/1044 194/194 1534/1534
f 961/961 1012/1012 994/994
f 5505/5505 1534/1534 194/194
f 130/130 1534/1534 5505/5505
f 5505/5505 6078/6078 130/130
f 5683/5683 5568/5568 130/130
f 4569/4569 4557/4557 4685/4685
f 4569/4569 4685/4685 4711/4711
f 3511/3511 3667/3667 3195/3195
f 3670/3670 3946/3946 3760/3760
f 3982/3982 2379/2379 4041/4041
f 1263/1263 1303/1303 1282/1282
f 1329/1329 1282/1282 1303/1303
f 1263/1263 1282/1282 1329/1329
f 4670/4670 4434/4434 4601/4601
f 4154/4154 4061/4061 4054/4054
f 2956/2956 3704/3704 3948/3948
f 2927/2927 2956/2956 3948/3948
f 2945/2945 2956/2956 2927/2927
f 2951/2951 2956/2956 2945/2945
f 2927/2927 2951/2951 2945/2945
f 4072/4072 3948/3948 3704/3704
f 2963/2963 3948/3948 4072/4072
f 1394/1394 1219/1219 1874/1874
f 5863/5863 5893/5893 5975/5975
f 3954/3954 3996/3996 4123/4123
f 3522/3522 3760/3760 3946/3946
f 3974/3974 3965/3965 3522/3522
f 3965/3965 3938/3938 3522/3522
f 3938/3938 3965/3965 3974/3974
f 3522/3522 3670/3670 3760/3760
f 3711/3711 3628/3628 3522/3522
f 3670/3670 3522/3522 3628/3628
f 2486/2486 2466/2466 2469/2469
f 2435/2435 2469/2469 2466/2466
f 2435/2435 2486/2486 2469/2469
f 2418/2418 2435/2435 2230/2230
f 5409/5409 5091/5091 5107/5107
f 3949/3949 4031/4031 3991/3991
f 3977/3977 3949/3949 3991/3991
f 3949/3949 3977/3977 3962/3962
f 3962/3962 2675/2675 3949/3949
f 4071/4071 3977/3977 3992/3992
f 3991/3991 3992/3992 3977/3977
f 4008/4008 3992/3992 4001/4001
f 3991/3991 4008/4008 4001/4001
f 3991/3991 3992/3992 4008/4008
f 3991/3991 4071/4071 3992/3992
f 4071/4071 3991/3991 4031/4031
f 4145/4145 4071/4071 4031/4031
f 4115/4115 4071/4071 4145/4145
f 3977/3977 4071/4071 4115/4115
f 4098/4098 3977/3977 4115/4115
f 4088/4088 4098/4098 4115/4115
f 3962/3962 3977/3977 4098/4098
f 4088/4088 3962/3962 4098/4098
f 4750/4750 4478/4478 4743/4743
f 4548/4548 4750/4750 4743/4743
f 4492/4492 4548/4548 4521/4521
f 4487/4487 4527/4527 4503/4503
f 4491/4491 4487/4487 4503/4503
f 4491/4491 4503/4503 4527/4527
f 4492/4492 4491/4491 4548/4548
f 4478/4478 4491/4491 4743/4743
f 4548/4548 4743/4743 4491/4491
f 4531/4531 4382/4382 3982/3982
f 4456/4456 4441/4441 4445/4445
f 3927/3927 3922/3922 3939/3939
f 1493/1493 1690/1690 2142/2142
f 1552/1552 1493/1493 2142/2142
f 2142/2142 1690/1690 2274/2274
f 1552/1552 2142/2142 2274/2274
f 7157/7157 6719/6719 7188/7188
f 1285/1285 1373/1373 1377/1377
f 1641/1641 1377/1377 1373/1373
f 1285/1285 1377/1377 1641/1641
f 4305/4305 4162/4162 4425/4425
f 636/636 5203/5203 5150/5150
f 3909/3909 3915/3915 3921/3921
f 3925/3925 3915/3915 3909/3909
f 3925/3925 3921/3921 3915/3915
f 4123/4123 3989/3989 3954/3954
f 3996/3996 3989/3989 4123/4123
f 1852/1852 2319/2319 2313/2313
f 2152/2152 1852/1852 2313/2313
f 1353/1353 2313/2313 2319/2319
f 2152/2152 2313/2313 1353/1353
f 1448/1448 2152/2152 1353/1353
f 2151/2151 2204/2204 2152/2152
f 2152/2152 1448/1448 1852/1852
f 4226/4226 4200/4200 4241/4241
f 4305/4305 4226/4226 4241/4241
f 4305/4305 4200/4200 4226/4226
f 4425/4425 4200/4200 4305/4305
f 1083/1083 1118/1118 1128/1128
f 3302/3302 3719/3719 4307/4307
f 2901/2901 2929/2929 2932/2932
f 2849/2849 2901/2901 2932/2932
f 1852/1852 2849/2849 2932/2932
f 2849/2849 2929/2929 2901/2901
f 2805/2805 2849/2849 1852/1852
f 2319/2319 1852/1852 2932/2932
f 2116/2116 2139/2139 2159/2159
f 2805/2805 1852/1852 2559/2559
f 448/448 286/286 195/195
f 306/306 286/286 448/448
f 448/448 5228/5228 406/406
f 5455/5455 4873/4873 5323/5323
f 7222/7222 7221/7221 7188/7188
f 5878/5878 5901/5901 5858/5858
f 6054/6054 6004/6004 6000/6000
f 6049/6049 6068/6068 5988/5988
f 4804/4804 4770/4770 4787/4787
f 4814/4814 4804/4804 4787/4787
f 4811/4811 4814/4814 4787/4787
f 4804/4804 4814/4814 4811/4811
f 4671/4671 4647/4647 4552/4552
f 4622/4622 4552/4552 4647/4647
f 4671/4671 4622/4622 4647/4647
f 4770/4770 4807/4807 4787/4787
f 4800/4800 4787/4787 4807/4807
f 4811/4811 4787/4787 4800/4800
f 4812/4812 4800/4800 4807/4807
f 4811/4811 4800/4800 4812/4812
f 4623/4623 4642/4642 4669/4669
f 4644/4644 4669/4669 4642/4642
f 4644/4644 4642/4642 4623/4623
f 4565/4565 4580/4580 4595/4595
f 4580/4580 4582/4582 4595/4595
f 4577/4577 4582/4582 4580/4580
f 4565/4565 4577/4577 4580/4580
f 4354/4354 4210/4210 3518/3518
f 4200/4200 4425/4425 4162/4162
f 2083/2083 2064/2064 2225/2225
f 4771/4771 4727/4727 4753/4753
f 4791/4791 4792/4792 4771/4771
f 4796/4796 4771/4771 4792/4792
f 4796/4796 4792/4792 4791/4791
f 4756/4756 4771/4771 4753/4753
f 3162/3162 2755/2755 2774/2774
f 2755/2755 3162/3162 3078/3078
f 3162/3162 3203/3203 3078/3078
f 1539/1539 1284/1284 1537/1537
f 1616/1616 1284/1284 1539/1539
f 1556/1556 1616/1616 1539/1539
f 1567/1567 1616/1616 1556/1556
f 1567/1567 1574/1574 1616/1616
f 1574/1574 1753/1753 1616/1616
f 1577/1577 1574/1574 1567/1567
f 1753/1753 1574/1574 1577/1577
f 1284/1284 1616/1616 1753/1753
f 1537/1537 1284/1284 1753/1753
f 6588/6588 6534/6534 6538/6538
f 2379/2379 2528/2528 2690/2690
f 2442/2442 2690/2690 2528/2528
f 2442/2442 2528/2528 2367/2367
f 2356/2356 2528/2528 2379/2379
f 2367/2367 2528/2528 2356/2356
f 2356/2356 2442/2442 2367/2367
f 4545/4545 4572/4572 4559/4559
f 4685/4685 4721/4721 4742/4742
f 4721/4721 4752/4752 4742/4742
f 4711/4711 4685/4685 4742/4742
f 4297/4297 4323/4323 4450/4450
f 4328/4328 4308/4308 4297/4297
f 4323/4323 4308/4308 4328/4328
f 4297/4297 4323/4323 4328/4328
f 4297/4297 4450/4450 4323/4323
f 5412/5412 5455/5455 5323/5323
f 5430/5430 5412/5412 5424/5424
f 5421/5421 5424/5424 5412/5412
f 5430/5430 5424/5424 5421/5421
f 3884/3884 3871/3871 3917/3917
f 3875/3875 3879/3879 3871/3871
f 3881/3881 3879/3879 3875/3875
f 3871/3871 3879/3879 3881/3881
f 3871/3871 3881/3881 3917/3917
f 3917/3917 3881/3881 4333/4333
f 2144/2144 2338/2338 2443/2443
f 936/936 1651/1651 1950/1950
f 1101/1101 1950/1950 1651/1651
f 1651/1651 936/936 1101/1101
f 1979/1979 1923/1923 955/955
f 1952/1952 1923/1923 1979/1979
f 1953/1953 1952/1952 1945/1945
f 1935/1935 1953/1953 1945/1945
f 1952/1952 1953/1953 1935/1935
f 5578/5578 5504/5504 180/180
f 5706/5706 5504/5504 5578/5578
f 180/180 5706/5706 5578/5578
f 5092/5092 5706/5706 180/180
f 5510/5510 5706/5706 5584/5584
f 5529/5529 5584/5584 5706/5706
f 5529/5529 5706/5706 5092/5092
f 5510/5510 5584/5584 5529/5529
f 5092/5092 658/658 5110/5110
f 870/870 5110/5110 838/838
f 838/838 5110/5110 891/891
f 891/891 870/870 838/838
f 891/891 5110/5110 658/658
f 870/870 891/891 913/913
f 913/913 967/967 870/870
f 1150/1150 967/967 1188/1188
f 869/869 1150/1150 1188/1188
f 869/869 658/658 1150/1150
f 1173/1173 1150/1150 658/658
f 1082/1082 1173/1173 658/658
f 1108/1108 1173/1173 1082/1082
f 1108/1108 1082/1082 658/658
f 967/967 869/869 1188/1188
f 5092/5092 1108/1108 658/658
f 180/180 1108/1108 5092/5092
f 6892/6892 6902/6902 6921/6921
f 7167/7167 6642/6642 7098/7098
f 7171/7171 7167/7167 7098/7098
f 7177/7177 7180/7180 7184/7184
f 4057/4057 4040/4040 4058/4058
f 4192/4192 3837/3837 4249/4249
f 4272/4272 2418/2418 2230/2230
f 3711/3711 3480/3480 3670/3670
f 4145/4145 2646/2646 3226/3226
f 2187/2187 2443/2443 2338/2338
f 2187/2187 2338/2338 2144/2144
f 4727/4727 4756/4756 4753/4753
f 326/326 206/206 234/234
f 4968/4968 4958/4958 892/892
f 4925/4925 4958/4958 4968/4968
f 4890/4890 4925/4925 4968/4968
f 4958/4958 4925/4925 4890/4890
f 4854/4854 4958/4958 4890/4890
f 96/96 4958/4958 4854/4854
f 4890/4890 96/96 4854/4854
f 1429/1429 892/892 4958/4958
f 1429/1429 856/856 892/892
f 6594/6594 7098/7098 6642/6642
f 6594/6594 6640/6640 7098/7098
f 6620/6620 6640/6640 6594/6594
f 6620/6620 6655/6655 6640/6640
f 6655/6655 7098/7098 6640/6640
f 6624/6624 6655/6655 6620/6620
f 6962/6962 6655/6655 6624/6624
f 6962/6962 7098/7098 6655/6655
f 7171/7171 7098/7098 6962/6962
f 6636/6636 6627/6627 6592/6592
f 6127/6127 6627/6627 6636/6636
f 6127/6127 6592/6592 6627/6627
f 6127/6127 6636/6636 5570/5570
f 3830/3830 3924/3924 3736/3736
f 3963/3963 3830/3830 3849/3849
f 3860/3860 3849/3849 3830/3830
f 3860/3860 3963/3963 3849/3849
f 3924/3924 3830/3830 3963/3963
f 3963/3963 4419/4419 3924/3924
f 3711/3711 3670/3670 3628/3628
f 1136/1136 856/856 1429/1429
f 2412/2412 2371/2371 2353/2353
f 666/666 624/624 568/568
f 6592/6592 6127/6127 6480/6480
f 7211/7211 7201/7201 7196/7196
f 7212/7212 7201/7201 7211/7211
f 7196/7196 7212/7212 7211/7211
f 7220/7220 7213/7213 7212/7212
f 7212/7212 7196/7196 7220/7220
f 4519/4519 4272/4272 3604/3604
f 4547/4547 4272/4272 4519/4519
f 4547/4547 4347/4347 4272/4272
f 4528/4528 4347/4347 4547/4547
f 4546/4546 4528/4528 4547/4547
f 4347/4347 4528/4528 4546/4546
f 4272/4272 4347/4347 2418/2418
f 5863/5863 5089/5089 5661/5661
f 5458/5458 5089/5089 5440/5440
f 5638/5638 5458/5458 5863/5863
f 5661/5661 5638/5638 5863/5863
f 5661/5661 5649/5649 5638/5638
f 5628/5628 5649/5649 5661/5661
f 5638/5638 5649/5649 5628/5628
f 5458/5458 5638/5638 5661/5661
f 5089/5089 5458/5458 5661/5661
f 4179/4179 4354/4354 4402/4402
f 4403/4403 4179/4179 4402/4402
f 4413/4413 4179/4179 4403/4403
f 4402/4402 4413/4413 4403/4403
f 4354/4354 4419/4419 4402/4402
f 3924/3924 4354/4354 4307/4307
f 3924/3924 4307/4307 4067/4067
f 972/972 923/923 912/912
f 923/923 1429/1429 912/912
f 972/972 1429/1429 923/923
f 7221/7221 7157/7157 7188/7188
f 7221/7221 6635/6635 7157/7157
f 4813/4813 4805/4805 4810/4810
f 4809/4809 4810/4810 4805/4805
f 4813/4813 4810/4810 4809/4809
f 3982/3982 4382/4382 2379/2379
f 3957/3957 4382/4382 4301/4301
f 4382/4382 3957/3957 3993/3993
f 3964/3964 3993/3993 3958/3958
f 3957/3957 3964/3964 3958/3958
f 3993/3993 3964/3964 3957/3957
f 3005/3005 4301/4301 4382/4382
f 3837/3837 4101/4101 4055/4055
f 4101/4101 4095/4095 4055/4055
f 4334/4334 3837/3837 4192/4192
f 4104/4104 4095/4095 4101/4101
f 4086/4086 4104/4104 4101/4101
f 4094/4094 4103/4103 4104/4104
f 4103/4103 4104/4104 4086/4086
f 4055/4055 4103/4103 4086/4086
f 4055/4055 4095/4095 4103/4103
f 3636/3636 3712/3712 3671/3671
f 3614/3614 3671/3671 3712/3712
f 2941/2941 3636/3636 3671/3671
f 3190/3190 3636/3636 2941/2941
f 2908/2908 3190/3190 2941/2941
f 4366/4366 4284/4284 4380/4380
f 4373/4373 4284/4284 4366/4366
f 4373/4373 4366/4366 4380/4380
f 4444/4444 4510/4510 4400/4400
f 4683/4683 4400/4400 4510/4510
f 4444/4444 4400/4400 4683/4683
f 4692/4692 4691/4691 4683/4683
f 4683/4683 4691/4691 4444/4444
f 4692/4692 4444/4444 4691/4691
f 3924/3924 2982/2982 2968/2968
f 2697/2697 2968/2968 2982/2982
f 1172/1172 1167/1167 1861/1861
f 1178/1178 1172/1172 1861/1861
f 1178/1178 1167/1167 1172/1172
f 1131/1131 1152/1152 1167/1167
f 1123/1123 1167/1167 1152/1152
f 1123/1123 1152/1152 1131/1131
f 1178/1178 1861/1861 1776/1776
f 1178/1178 1776/1776 1817/1817
f 1817/1817 1776/1776 1948/1948
f 5372/5372 4930/4930 5847/5847
f 5847/5847 6132/6132 5372/5372
f 1861/1861 1948/1948 1776/1776
f 5294/5294 740/740 5013/5013
f 5429/5429 740/740 5294/5294
f 4601/4601 3444/3444 2966/2966
f 4109/4109 4134/4134 4102/4102
f 3532/3532 4211/4211 4169/4169
f 3701/3701 4211/4211 3532/3532
f 3733/3733 3701/3701 3622/3622
f 3701/3701 3555/3555 3622/3622
f 3733/3733 3622/3622 3706/3706
f 3734/3734 3733/3733 3706/3706
f 3622/3622 3734/3734 3706/3706
f 3555/3555 3722/3722 3622/3622
f 3722/3722 3555/3555 4033/4033
f 3555/3555 3624/3624 4033/4033
f 3532/3532 3624/3624 3555/3555
f 3701/3701 3532/3532 3555/3555
f 2951/2951 3948/3948 2963/2963
f 2951/2951 2927/2927 3948/3948
f 1714/1714 1678/1678 1674/1674
f 1733/1733 1678/1678 1714/1714
f 1674/1674 1678/1678 1733/1733
f 1708/1708 1674/1674 1733/1733
f 1710/1710 1674/1674 1708/1708
f 1710/1710 1708/1708 1733/1733
f 936/936 1950/1950 1101/1101
f 911/911 934/934 924/924
f 1483/1483 924/924 934/934
f 911/911 924/924 1483/1483
f 1290/1290 911/911 1483/1483
f 740/740 911/911 1290/1290
f 1137/1137 1098/1098 1072/1072
f 1642/1642 1290/1290 1483/1483
f 5251/5251 5208/5208 5180/5180
f 1290/1290 175/175 5013/5013
f 4031/4031 3949/3949 2646/2646
f 4031/4031 2646/2646 4145/4145
f 3218/3218 2379/2379 4382/4382
f 1709/1709 1792/1792 1744/1744
f 1742/1742 1709/1709 1744/1744
f 1792/1792 1742/1742 1744/1744
f 1792/1792 1709/1709 1742/1742
f 2946/2946 2908/2908 2941/2941
f 3635/3635 3158/3158 3630/3630
f 3614/3614 3635/3635 3630/3630
f 3614/3614 3630/3630 3158/3158
f 3614/3614 2941/2941 3671/3671
f 3614/3614 3158/3158 2941/2941
f 2934/2934 2755/2755 3078/3078
f 3203/3203 2934/2934 3078/3078
f 2984/2984 2086/2086 2255/2255
f 1817/1817 1948/1948 1861/1861
f 4433/4433 4352/4352 4374/4374
f 4352/4352 4433/4433 4426/4426
f 4426/4426 4374/4374 4352/4352
f 2666/2666 4034/4034 4464/4464
f 4034/4034 2666/2666 3159/3159
f 4267/4267 4376/4376 4306/4306
f 4267/4267 4306/4306 4245/4245
f 4254/4254 4267/4267 4245/4245
f 7171/7171 7199/7199 7167/7167
f 7199/7199 6642/6642 7167/7167
f 5750/5750 5893/5893 5863/5863
f 5243/5243 5303/5303 5159/5159
f 5636/5636 5243/5243 5159/5159
f 5636/5636 5303/5303 5243/5243
f 5636/5636 5863/5863 5303/5303
f 5303/5303 5458/5458 5440/5440
f 4332/4332 3532/3532 4169/4169
f 4300/4300 4332/4332 4169/4169
f 4169/4169 4211/4211 4280/4280
f 4211/4211 4296/4296 4280/4280
f 4202/4202 4296/4296 4211/4211
f 4202/4202 4211/4211 3929/3929
f 4267/4267 4253/4253 4250/4250
f 4254/4254 4253/4253 4267/4267
f 4250/4250 4253/4253 4254/4254
f 4239/4239 4254/4254 4245/4245
f 4136/4136 4212/4212 4117/4117
f 4218/4218 4117/4117 4212/4212
f 4136/4136 4218/4218 4212/4212
f 4557/4557 4306/4306 4742/4742
f 2820/2820 2073/2073 3519/3519
f 2897/2897 2868/2868 2852/2852
f 3519/3519 3381/3381 2820/2820
f 3248/3248 3219/3219 3213/3213
f 3119/3119 3168/3168 3174/3174
f 3029/3029 3041/3041 3063/3063
f 3611/3611 2912/2912 3646/3646
f 3650/3650 3611/3611 3699/3699
f 3610/3610 3611/3611 3650/3650
f 3650/3650 3699/3699 3610/3610
f 3611/3611 3610/3610 2912/2912
f 2912/2912 3610/3610 2652/2652
f 2912/2912 2652/2652 2814/2814
f 2594/2594 2912/2912 2814/2814
f 2573/2573 2594/2594 2512/2512
f 2573/2573 2512/2512 2594/2594
f 2912/2912 2594/2594 2573/2573
f 2553/2553 2573/2573 2565/2565
f 3646/3646 2573/2573 2553/2553
f 2565/2565 3646/3646 2553/2553
f 2573/2573 3646/3646 2912/2912
f 4983/4983 4993/4993 5003/5003
f 4985/4985 4999/4999 5008/5008
f 5401/5401 5396/5396 5438/5438
f 4557/4557 4569/4569 4593/4593
f 4583/4583 4593/4593 4584/4584
f 4621/4621 4593/4593 4583/4583
f 4621/4621 4583/4583 4584/4584
f 4593/4593 4621/4621 4557/4557
f 4597/4597 4621/4621 4596/4596
f 4488/4488 4597/4597 4596/4596
f 4621/4621 4597/4597 4488/4488
f 4557/4557 4621/4621 4488/4488
f 4440/4440 4557/4557 4488/4488
f 1833/1833 1920/1920 1846/1846
f 1851/1851 1833/1833 1846/1846
f 1797/1797 1851/1851 1846/1846
f 1797/1797 1846/1846 1920/1920
f 130/130 1044/1044 1534/1534
f 1020/1020 1051/1051 1067/1067
f 1720/1720 1718/1718 1650/1650
f 883/883 1324/1324 5568/5568
f 1049/1049 1324/1324 883/883
f 902/902 920/920 898/898
f 1088/1088 1057/1057 1049/1049
f 1362/1362 1057/1057 1088/1088
f 1362/1362 1049/1049 1057/1057
f 1324/1324 1049/1049 1362/1362
f 1496/1496 1324/1324 1362/1362
f 1694/1694 1324/1324 1496/1496
f 1503/1503 1694/1694 1496/1496
f 1522/1522 1503/1503 1496/1496
f 1694/1694 1503/1503 1522/1522
f 388/388 364/364 475/475
f 422/422 372/372 379/379
f 475/475 620/620 5568/5568
f 388/388 335/335 364/364
f 475/475 335/335 388/388
f 284/284 475/475 5568/5568
f 284/284 5568/5568 5080/5080
f 5012/5012 284/284 5080/5080
f 5391/5391 5080/5080 5568/5568
f 5391/5391 5568/5568 5683/5683
f 5110/5110 5529/5529 5092/5092
f 4754/4754 4673/4673 4579/4579
f 4673/4673 4754/4754 4579/4579
f 4673/4673 4568/4568 4754/4754
f 4505/4505 4573/4573 4542/4542
f 4573/4573 4568/4568 4542/4542
f 4505/4505 4542/4542 4568/4568
f 4673/4673 4505/4505 4568/4568
f 4520/4520 4505/4505 4673/4673
f 2720/2720 3159/3159 2666/2666
f 2720/2720 2507/2507 3159/3159
f 2592/2592 2656/2656 2618/2618
f 2618/2618 2656/2656 2684/2684
f 2684/2684 2592/2592 2618/2618
f 2507/2507 2656/2656 2496/2496
f 3159/3159 2507/2507 2733/2733
f 2733/2733 2496/2496 2444/2444
f 2444/2444 2403/2403 2733/2733
f 3356/3356 3407/3407 3378/3378
f 3424/3424 3378/3378 3407/3407
f 4464/4464 3424/3424 3407/3407
f 4464/4464 3378/3378 3424/3424
f 3882/3882 3672/3672 4034/4034
f 3378/3378 3576/3576 3477/3477
f 3602/3602 3378/3378 3477/3477
f 3159/3159 3378/3378 3602/3602
f 3602/3602 3477/3477 3523/3523
f 3554/3554 3523/3523 3477/3477
f 3554/3554 3602/3602 3523/3523
f 3159/3159 3602/3602 3596/3596
f 3159/3159 2733/2733 3378/3378
f 4249/4249 3837/3837 4055/4055
f 3971/3971 4027/4027 4068/4068
f 1509/1509 1179/1179 1593/1593
f 1697/1697 1179/1179 1509/1509
f 1120/1120 888/888 819/819
f 962/962 927/927 888/888
f 954/954 962/962 888/888
f 927/927 962/962 954/954
f 686/686 709/709 701/701
f 927/927 709/709 686/686
f 589/589 1120/1120 819/819
f 819/819 589/589 780/780
f 862/862 819/819 780/780
f 892/892 1120/1120 589/589
f 862/862 780/780 589/589
f 4904/4904 892/892 589/589
f 4624/4624 4626/4626 4660/4660
f 4624/4624 4660/4660 4473/4473
f 4473/4473 4660/4660 4626/4626
f 2847/2847 2867/2867 2857/2857
f 2984/2984 2867/2867 2847/2847
f 2984/2984 2847/2847 2857/2857
f 2097/2097 2086/2086 2984/2984
f 5082/5082 5265/5265 175/175
f 272/272 279/279 280/280
f 7213/7213 7220/7220 7196/7196
f 4446/4446 4465/4465 4457/4457
f 4454/4454 4465/4465 4446/4446
f 4457/4457 4465/4465 4454/4454
f 4457/4457 4517/4517 4507/4507
f 4495/4495 4457/4457 4507/4507
f 4517/4517 4495/4495 4507/4507
f 4245/4245 4201/4201 4239/4239
f 4252/4252 4201/4201 4244/4244
f 4244/4244 4201/4201 4256/4256
f 4256/4256 4252/4252 4244/4244
f 4258/4258 4201/4201 4245/4245
f 4258/4258 4245/4245 4306/4306
f 4477/4477 4460/4460 4258/4258
f 4481/4481 4258/4258 4460/4460
f 4477/4477 4481/4481 4460/4460
f 4440/4440 4258/4258 4306/4306
f 5579/5579 130/130 6078/6078
f 5012/5012 5579/5579 6078/6078
f 130/130 5579/5579 5683/5683
f 5327/5327 5683/5683 5360/5360
f 5391/5391 5360/5360 5683/5683
f 5391/5391 5327/5327 5360/5360
f 5080/5080 5391/5391 5579/5579
f 5579/5579 5391/5391 5683/5683
f 5080/5080 5579/5579 5012/5012
f 3736/3736 3924/3924 2968/2968
f 4137/4137 4230/4230 4125/4125
f 4146/4146 4137/4137 4125/4125
f 4230/4230 4146/4146 4125/4125
f 3524/3524 4146/4146 4230/4230
f 4146/4146 3524/3524 4237/4237
f 3929/3929 4211/4211 4033/4033
f 2086/2086 2097/2097 2255/2255
f 1523/1523 2042/2042 1877/1877
f 1479/1479 1523/1523 1491/1491
f 1489/1489 1479/1479 1491/1491
f 1489/1489 1491/1491 1523/1523
f 1523/1523 1877/1877 1602/1602
f 2042/2042 1602/1602 1877/1877
f 1960/1960 2073/2073 1922/1922
f 2028/2028 3519/3519 2073/2073
f 1960/1960 2028/2028 2073/2073
f 2028/2028 1960/1960 1922/1922
f 3519/3519 2028/2028 2540/2540
f 2676/2676 2625/2625 2606/2606
f 2118/2118 2096/2096 2093/2093
f 2044/2044 2093/2093 2096/2096
f 2044/2044 2096/2096 2118/2118
f 2044/2044 1998/1998 1925/1925
f 2029/2029 1925/1925 1998/1998
f 2029/2029 1998/1998 2044/2044
f 1698/1698 1743/1743 1968/1968
f 1642/1642 1743/1743 1698/1698
f 1968/1968 1642/1642 1698/1698
f 1968/1968 1290/1290 1642/1642
f 1538/1538 1290/1290 1968/1968
f 6914/6914 6750/6750 6808/6808
f 3733/3733 3622/3622 3722/3722
f 3701/3701 3722/3722 4211/4211
f 3701/3701 3733/3733 3722/3722
f 888/888 1120/1120 905/905
f 882/882 1120/1120 1136/1136
f 882/882 905/905 1120/1120
f 954/954 888/888 905/905
f 839/839 905/905 882/882
f 954/954 905/905 839/839
f 709/709 927/927 701/701
f 1488/1488 1507/1507 1509/1509
f 1475/1475 1509/1509 1507/1507
f 1475/1475 1507/1507 1488/1488
f 1697/1697 1484/1484 1488/1488
f 1434/1434 1488/1488 1484/1484
f 1697/1697 1434/1434 1484/1484
f 1560/1560 1179/1179 1697/1697
f 1184/1184 1560/1560 1259/1259
f 1593/1593 1560/1560 1184/1184
f 1179/1179 1560/1560 1593/1593
f 856/856 1136/1136 1120/1120
f 892/892 856/856 1120/1120
f 1866/1866 1812/1812 1940/1940
f 1866/1866 1839/1839 1812/1812
f 1832/1832 1812/1812 1839/1839
f 1790/1790 1812/1812 1832/1832
f 1794/1794 1812/1812 1790/1790
f 1940/1940 1812/1812 1794/1794
f 1940/1940 1794/1794 1790/1790
f 1697/1697 1259/1259 1560/1560
f 130/130 5568/5568 1324/1324
f 499/499 522/522 519/519
f 3524/3524 3773/3773 4237/4237
f 4039/4039 4014/4014 3984/3984
f 2579/2579 3353/3353 3056/3056
f 3056/3056 3353/3353 3389/3389
f 3473/3473 3056/3056 3389/3389
f 3379/3379 3324/3324 3389/3389
f 3324/3324 3473/3473 3389/3389
f 3331/3331 3473/3473 3324/3324
f 3212/3212 3331/3331 3324/3324
f 3212/3212 3324/3324 2942/2942
f 3339/3339 2942/2942 3324/3324
f 3379/3379 3339/3339 3324/3324
f 3359/3359 3339/3339 3374/3374
f 3377/3377 3359/3359 3374/3374
f 3339/3339 3359/3359 3377/3377
f 3353/3353 3379/3379 3389/3389
f 3377/3377 3379/3379 3353/3353
f 3339/3339 3377/3377 3353/3353
f 3339/3339 3353/3353 2942/2942
f 3028/3028 3065/3065 3040/3040
f 3103/3103 3089/3089 3118/3118
f 3353/3353 2579/2579 2942/2942
f 2934/2934 2774/2774 2755/2755
f 175/175 5146/5146 5010/5010
f 5265/5265 5146/5146 175/175
f 5146/5146 5265/5265 5294/5294
f 5198/5198 5294/5294 5265/5265
f 5198/5198 5429/5429 5294/5294
f 5265/5265 5156/5156 5198/5198
f 5134/5134 5198/5198 5156/5156
f 5134/5134 5156/5156 5265/5265
f 6914/6914 6623/6623 6750/6750
f 6737/6737 6914/6914 6750/6750
f 6739/6739 6914/6914 6737/6737
f 6750/6750 6739/6739 6737/6737
f 6808/6808 6750/6750 6623/6623
f 6835/6835 6854/6854 6841/6841
f 6808/6808 6623/6623 6914/6914
f 5013/5013 740/740 1290/1290
f 7015/7015 7011/7011 7023/7023
f 1622/1622 1646/1646 1679/1679
f 2120/2120 2167/2167 2088/2088
f 4754/4754 4520/4520 4673/4673
f 4238/4238 4506/4506 4509/4509
f 4390/4390 4555/4555 4421/4421
f 4390/4390 4421/4421 4395/4395
f 4421/4421 4555/4555 4349/4349
f 4395/4395 4421/4421 4387/4387
f 4390/4390 4395/4395 4387/4387
f 4390/4390 4421/4421 4349/4349
f 4555/4555 4509/4509 4549/4549
f 3722/3722 4033/4033 4211/4211
f 2941/2941 3158/3158 2946/2946
f 3043/3043 3026/3026 3036/3036
f 1839/1839 1866/1866 1940/1940
f 1803/1803 4003/4003 3123/3123
f 4315/4315 4317/4317 4310/4310
f 4419/4419 4354/4354 3924/3924
f 2835/2835 2838/2838 2815/2815
f 2837/2837 2815/2815 2838/2838
f 2837/2837 2838/2838 2835/2835
f 2911/2911 2837/2837 2874/2874
f 2822/2822 2874/2874 2837/2837
f 2911/2911 2874/2874 2822/2822
f 2896/2896 2911/2911 2822/2822
f 2873/2873 2896/2896 2822/2822
f 2873/2873 2911/2911 2896/2896
f 2788/2788 2964/2964 2873/2873
f 2981/2981 2873/2873 2964/2964
f 2981/2981 2964/2964 2788/2788
f 7222/7222 6635/6635 7221/7221
f 4432/4432 4279/4279 4329/4329
f 4432/4432 4329/4329 4345/4345
f 3971/3971 4049/4049 3811/3811
f 4049/4049 4027/4027 3811/3811
f 4068/4068 4027/4027 4049/4049
f 1332/1332 1388/1388 1387/1387
f 969/969 1119/1119 1036/1036
f 973/973 969/969 1036/1036
f 1119/1119 973/973 1036/1036
f 987/987 973/973 1119/1119
f 1122/1122 987/987 1119/1119
f 947/947 987/987 1122/1122
f 1068/1068 947/947 1122/1122
f 1147/1147 1068/1068 1122/1122
f 947/947 1068/1068 1147/1147
f 947/947 973/973 987/987
f 964/964 950/950 999/999
f 947/947 978/978 965/965
f 1153/1153 978/978 947/947
f 965/965 978/978 1153/1153
f 996/996 965/965 1153/1153
f 951/951 965/965 996/996
f 951/951 996/996 1153/1153
f 1056/1056 968/968 951/951
f 1017/1017 1056/1056 951/951
f 1017/1017 968/968 1056/1056
f 4350/4350 4399/4399 4601/4601
f 2966/2966 4350/4350 4601/4601
f 2720/2720 2474/2474 2488/2488
f 2656/2656 2720/2720 2496/2496
f 2720/2720 2444/2444 2496/2496
f 2488/2488 2444/2444 2720/2720
f 2474/2474 2444/2444 2488/2488
f 2507/2507 2496/2496 2733/2733
f 465/465 5154/5154 1018/1018
f 5218/5218 5154/5154 465/465
f 4345/4345 4329/4329 4362/4362
f 4432/4432 4345/4345 4362/4362
f 778/778 767/767 699/699
f 620/620 883/883 5568/5568
f 651/651 756/756 620/620
f 757/757 651/651 620/620
f 756/756 651/651 757/757
f 801/801 847/847 1049/1049
f 1049/1049 716/716 801/801
f 611/611 716/716 1049/1049
f 657/657 668/668 716/716
f 611/611 657/657 716/716
f 625/625 657/657 611/611
f 616/616 657/657 625/625
f 616/616 625/625 611/611
f 716/716 668/668 801/801
f 847/847 801/801 668/668
f 3838/3838 3524/3524 4230/4230
f 4151/4151 4173/4173 4172/4172
f 3979/3979 3960/3960 3838/3838
f 3956/3956 3960/3960 3979/3979
f 3956/3956 3838/3838 3960/3960
f 3773/3773 3524/3524 3956/3956
f 3773/3773 3956/3956 3330/3330
f 3239/3239 3773/3773 3330/3330
f 4237/4237 3773/3773 3239/3239
f 4904/4904 4968/4968 892/892
f 5146/5146 5294/5294 5013/5013
f 5044/5044 5146/5146 5013/5013
f 5010/5010 5146/5146 5044/5044
f 5088/5088 5010/5010 5044/5044
f 5077/5077 5010/5010 5088/5088
f 5077/5077 5088/5088 5044/5044
f 5044/5044 5013/5013 175/175
f 5010/5010 5044/5044 175/175
f 5636/5636 5750/5750 5863/5863
f 5696/5696 5655/5655 5703/5703
f 5696/5696 5750/5750 5655/5655
f 5750/5750 5696/5696 5703/5703
f 1702/1702 1644/1644 1672/1672
f 130/130 1324/1324 2228/2228
f 1867/1867 2228/2228 1324/1324
f 1766/1766 1756/1756 1772/1772
f 1694/1694 2228/2228 1867/1867
f 1694/1694 1867/1867 1324/1324
f 967/967 913/913 891/891
f 658/658 869/869 891/891
f 5458/5458 5303/5303 5863/5863
f 4279/4279 4362/4362 4329/4329
f 271/271 302/302 269/269
f 4399/4399 4350/4350 4331/4331
f 2966/2966 4399/4399 4331/4331
f 2966/2966 4648/4648 4399/4399
f 4350/4350 2966/2966 4331/4331
f 4356/4356 4350/4350 4331/4331
f 3933/3933 4648/4648 2966/2966
f 3912/3912 4648/4648 3933/3933
f 2966/2966 3912/3912 3933/3933
f 3912/3912 2966/2966 3201/3201
f 2630/2630 2491/2491 2608/2608
f 2491/2491 2630/2630 2771/2771
f 926/926 1310/1310 1468/1468
f 4427/4427 4383/4383 4393/4393
f 3212/3212 2942/2942 2579/2579
f 3013/3013 3012/3012 3033/3033
f 2608/2608 2771/2771 2630/2630
f 2435/2435 2251/2251 2230/2230
f 2627/2627 2717/2717 2522/2522
f 2564/2564 2522/2522 2717/2717
f 7227/7227 7219/7219 7217/7217
f 7227/7227 7217/7217 7218/7218
f 7219/7219 7223/7223 7217/7217
f 4509/4509 4260/4260 4238/4238
f 4113/4113 4238/4238 4260/4260
f 4113/4113 4260/4260 4263/4263
f 4349/4349 4113/4113 4263/4263
f 4390/4390 4349/4349 4263/4263
f 4555/4555 4390/4390 4509/4509
f 4799/4799 4696/4696 4735/4735
f 4795/4795 4799/4799 4735/4735
f 217/217 5090/5090 83/83
f 525/525 217/217 83/83
f 5084/5084 83/83 5090/5090
f 424/424 459/459 398/398
f 691/691 728/728 531/531
f 516/516 524/524 513/513
f 514/514 516/516 513/513
f 524/524 516/516 514/514
f 525/525 83/83 572/572
f 587/587 525/525 572/572
f 633/633 587/587 572/572
f 633/633 525/525 587/587
f 580/580 627/627 609/609
f 617/617 628/628 581/581
f 681/681 632/632 619/619
f 836/836 681/681 619/619
f 632/632 681/681 836/836
f 728/728 811/811 836/836
f 942/942 632/632 836/836
f 926/926 942/942 836/836
f 811/811 926/926 836/836
f 942/942 926/926 632/632
f 1383/1383 1385/1385 1369/1369
f 926/926 811/811 728/728
f 771/771 830/830 728/728
f 771/771 443/443 830/830
f 443/443 771/771 728/728
f 691/691 443/443 728/728
f 4979/4979 4970/4970 4945/4945
f 44/44 5084/5084 1310/1310
f 572/572 83/83 531/531
f 443/443 691/691 531/531
f 1310/1310 443/443 531/531
f 1310/1310 531/531 44/44
f 531/531 152/152 294/294
f 5084/5084 44/44 100/100
f 100/100 294/294 152/152
f 531/531 100/100 152/152
f 83/83 5084/5084 100/100
f 531/531 83/83 100/100
f 4735/4735 4383/4383 4668/4668
f 4733/4733 4735/4735 4668/4668
f 4706/4706 4733/4733 4668/4668
f 4795/4795 4706/4706 4668/4668
f 4706/4706 4714/4714 4733/4733
f 4549/4549 4509/4509 4834/4834
f 1018/1018 5154/5154 5218/5218
f 4101/4101 3837/3837 4334/4334
f 4334/4334 4086/4086 4101/4101
f 4086/4086 4334/4334 4321/4321
f 4255/4255 4086/4086 4321/4321
f 4309/4309 4255/4255 4321/4321
f 4314/4314 4309/4309 4321/4321
f 4255/4255 4309/4309 4314/4314
f 4114/4114 4086/4086 4255/4255
f 3971/3971 3811/3811 4027/4027
f 5090/5090 1468/1468 1310/1310
f 5084/5084 5090/5090 1310/1310
f 4549/4549 4834/4834 4841/4841
f 4838/4838 4549/4549 4841/4841
f 4549/4549 4838/4838 4840/4840
f 4841/4841 4840/4840 4838/4838
f 4839/4839 4841/4841 4834/4834
f 4820/4820 4839/4839 4834/4834
f 4411/4411 4820/4820 4826/4826
f 4820/4820 4411/4411 4835/4835
f 4840/4840 4839/4839 4820/4820
f 4836/4836 4840/4840 4820/4820
f 4837/4837 4840/4840 4836/4836
f 4549/4549 4837/4837 4836/4836
f 4549/4549 4840/4840 4837/4837
f 4836/4836 4820/4820 4835/4835
f 4412/4412 4408/4408 4415/4415
f 4369/4369 4277/4277 4383/4383
f 7229/7229 7218/7218 7217/7217
f 7227/7227 7218/7218 7229/7229
f 4383/4383 4422/4422 4369/4369
f 4417/4417 4404/4404 4422/4422
f 4427/4427 4404/4404 4417/4417
f 4422/4422 4427/4427 4417/4417
f 4383/4383 4427/4427 4422/4422
f 4249/4249 4055/4055 4086/4086
f 3986/3986 4249/4249 4086/4086
f 3947/3947 3935/3935 3986/3986
f 3945/3945 3947/3947 3986/3986
f 3935/3935 3947/3947 3945/3945
f 4113/4113 4555/4555 4549/4549
f 4349/4349 4555/4555 4113/4113
f 4300/4300 4280/4280 4296/4296
f 4169/4169 4280/4280 4300/4300
f 4509/4509 4263/4263 4260/4260
f 3861/3861 3218/3218 4382/4382
f 7223/7223 7229/7229 7217/7217
f 7229/7229 7223/7223 7233/7233
f 2355/2355 2334/2334 2343/2343
f 2381/2381 2343/2343 2334/2334
f 2381/2381 2355/2355 2343/2343
f 2355/2355 2381/2381 2560/2560
f 2402/2402 2355/2355 2560/2560
f 2402/2402 2560/2560 2717/2717
f 2627/2627 2402/2402 2717/2717
f 2450/2450 2560/2560 2449/2449
f 2450/2450 2717/2717 2560/2560
f 2564/2564 2717/2717 2450/2450
f 2564/2564 2450/2450 2598/2598
f 2423/2423 2462/2462 2449/2449
f 2381/2381 2423/2423 2449/2449
f 2560/2560 2381/2381 2449/2449
f 2462/2462 2423/2423 2381/2381
f 2598/2598 2450/2450 2480/2480
f 2564/2564 2598/2598 2480/2480
f 7214/7214 7215/7215 7216/7216
f 4393/4393 4735/4735 4696/4696
f 4735/4735 4393/4393 4383/4383
f 2731/2731 2668/2668 2748/2748
f 2749/2749 2748/2748 2668/2668
f 2749/2749 2731/2731 2748/2748
f 7228/7228 7219/7219 7227/7227
f 3159/3159 3596/3596 4034/4034
f 2509/2509 2668/2668 2511/2511
f 2514/2514 2511/2511 2668/2668
f 2514/2514 2509/2509 2511/2511
f 3155/3155 3138/3138 3121/3121
f 3176/3176 3121/3121 3240/3240
f 3178/3178 3155/3155 3121/3121
f 3176/3176 3184/3184 3121/3121
f 3184/3184 3176/3176 3240/3240
f 3367/3367 3184/3184 3240/3240
f 3657/3657 3367/3367 3240/3240
f 3776/3776 3367/3367 3657/3657
f 4388/4388 3776/3776 3657/3657
f 3940/3940 3969/3969 3953/3953
f 3998/3998 4023/4023 4007/4007
f 4388/4388 3097/3097 3776/3776
f 4557/4557 4440/4440 4306/4306
f 7234/7234 7227/7227 7229/7229
f 3155/3155 3178/3178 3138/3138
f 3936/3936 3184/3184 3367/3367
f 3936/3936 3097/3097 3184/3184
f 4069/4069 3863/3863 3931/3931
f 5082/5082 175/175 1290/1290
f 933/933 5082/5082 1290/1290
f 739/739 5082/5082 933/933
f 998/998 739/739 933/933
f 1045/1045 998/998 933/933
f 1104/1104 1045/1045 1053/1053
f 976/976 1047/1047 1045/1045
f 1053/1053 1045/1045 1047/1047
f 998/998 1045/1045 1104/1104
f 739/739 998/998 1104/1104
f 1053/1053 1047/1047 976/976
f 1290/1290 1104/1104 1053/1053
f 1045/1045 1290/1290 1053/1053
f 933/933 1290/1290 1045/1045
f 736/736 799/799 795/795
f 3097/3097 3936/3936 3776/3776
f 3931/3931 3863/3863 4264/4264
f 4795/4795 4735/4735 4733/4733
f 4714/4714 4724/4724 4733/4733
f 4706/4706 4724/4724 4714/4714
f 4795/4795 4733/4733 4706/4706
f 4795/4795 4668/4668 4799/4799
f 4799/4799 4668/4668 4705/4705
f 7233/7233 7234/7234 7229/7229
f 7228/7228 7234/7234 7233/7233
f 7228/7228 7227/7227 7234/7234
f 4089/4089 4100/4100 4107/4107
f 4033/4033 4202/4202 3929/3929
f 4092/4092 4112/4112 4108/4108
f 3152/3152 3519/3519 3094/3094
f 3152/3152 3094/3094 3381/3381
f 3132/3132 3167/3167 3152/3152
f 3381/3381 3152/3152 3167/3167
f 3519/3519 3152/3152 3381/3381
f 3132/3132 3381/3381 3167/3167
f 2608/2608 2491/2491 2771/2771
f 4053/4053 4264/4264 3863/3863
f 3524/3524 3838/3838 3956/3956
f 2403/2403 2892/2892 2733/2733
f 2892/2892 2492/2492 2531/2531
f 2403/2403 2492/2492 2892/2892
f 2403/2403 2531/2531 2492/2492
f 2228/2228 1044/1044 130/130
f 4301/4301 3218/3218 3861/3861
f 3201/3201 2966/2966 3444/3444
f 7231/7231 7232/7232 7230/7230
f 7224/7224 7225/7225 7226/7226
f 2459/2459 2448/2448 2417/2417
f 2455/2455 2471/2471 2428/2428
f 2478/2478 2455/2455 2428/2428
f 2481/2481 2471/2471 2455/2455
f 2478/2478 2481/2481 2455/2455
f 2503/2503 2471/2471 2481/2481
f 2478/2478 2503/2503 2481/2481
f 2677/2677 3094/3094 2540/2540
f 2543/2543 2588/2588 2677/2677
f 3241/3241 2588/2588 2543/2543
f 2677/2677 2588/2588 3241/3241
f 3241/3241 3094/3094 2677/2677
f 3659/3659 3707/3707 3221/3221
f 711/711 722/722 684/684
f 694/694 722/722 711/711
f 694/694 684/684 722/722
f 4246/4246 4228/4228 4233/4233
f 2692/2692 2643/2643 2611/2611
f 3519/3519 2540/2540 3094/3094
f 1726/1726 2306/2306 2117/2117
f 2268/2268 2117/2117 2306/2306
f 2283/2283 2282/2282 2268/2268
f 2282/2282 2309/2309 2268/2268
f 2282/2282 2283/2283 2309/2309
f 2395/2395 2283/2283 2306/2306
f 2395/2395 2306/2306 1887/1887
f 1477/1477 2306/2306 1726/1726
f 2306/2306 1477/1477 1991/1991
f 1931/1931 2014/2014 1982/1982
f 1901/1901 1932/1932 1983/1983
f 2268/2268 2306/2306 2283/2283
f 2306/2306 1991/1991 1887/1887
f 3986/3986 4086/4086 4114/4114
f 3241/3241 3381/3381 3094/3094
f 3756/3756 3678/3678 3681/3681
f 3693/3693 3681/3681 3678/3678
f 3756/3756 3693/3693 3678/3678
f 3776/3776 3936/3936 3367/3367
f 7185/7185 7179/7179 7186/7186
f 7190/7190 7185/7185 7186/7186
f 7179/7179 7185/7185 7190/7190
f 3715/3715 3221/3221 3707/3707
f 3715/3715 3707/3707 3659/3659
f 4263/4263 4509/4509 4390/4390
f 2814/2814 2652/2652 2594/2594
f 2686/2686 2594/2594 2652/2652
f 2686/2686 2648/2648 2594/2594
f 2652/2652 2648/2648 2686/2686
f 443/443 1310/1310 926/926
f 4069/4069 3931/3931 4264/4264
f 4053/4053 4069/4069 4264/4264
f 3730/3730 3710/3710 3745/3745
f 3745/3745 3710/3710 3698/3698
f 3728/3728 3710/3710 3730/3730
f 3728/3728 3698/3698 3710/3710
f 3718/3718 3698/3698 3728/3728
f 3729/3729 3718/3718 3728/3728
f 3658/3658 3745/3745 3698/3698
f 3698/3698 3718/3718 3729/3729
f 3658/3658 3698/3698 3729/3729
f 1991/1991 1477/1477 1887/1887
f 2395/2395 1887/1887 1726/1726
f 1887/1887 1477/1477 1726/1726
f 966/966 1001/1001 939/939
f 1127/1127 739/739 1104/1104
f 1290/1290 1127/1127 1104/1104
f 1538/1538 1127/1127 1290/1290
f 4620/4620 4386/4386 4292/4292
f 4183/4183 4152/4152 4143/4143
f 4688/4688 4386/4386 4620/4620
f 4318/4318 4386/4386 4688/4688
f 3769/3769 3749/3749 3782/3782
f 3743/3743 3749/3749 3769/3769
f 3743/3743 3782/3782 3749/3749
f 3753/3753 3782/3782 3743/3743
f 3743/3743 3780/3780 3753/3753
f 3780/3780 3743/3743 3777/3777
f 3769/3769 3777/3777 3743/3743
f 3781/3781 3780/3780 3777/3777
f 3769/3769 3781/3781 3777/3777
f 2241/2241 3090/3090 3186/3186
f 1789/1789 2624/2624 2075/2075
f 1929/1929 2624/2624 1789/1789
f 4705/4705 4668/4668 4383/4383
f 4581/4581 4590/4590 4589/4589
f 4663/4663 4615/4615 4411/4411
f 3218/3218 2632/2632 2207/2207
f 2632/2632 2580/2580 2207/2207
f 2631/2631 2207/2207 2580/2580
f 2632/2632 2631/2631 2580/2580
f 3218/3218 3005/3005 2632/2632
f 1586/1586 1612/1612 1587/1587
f 1963/1963 1789/1789 2075/2075
f 1963/1963 2183/2183 1789/1789
f 2183/2183 2593/2593 1789/1789
f 1929/1929 1789/1789 2593/2593
f 4509/4509 3843/3843 4663/4663
f 3251/3251 3258/3258 3194/3194
f 3186/3186 3090/3090 1893/1893
f 2437/2437 2613/2613 2036/2036
f 2248/2248 2437/2437 2036/2036
f 2001/2001 2248/2248 2036/2036
f 2001/2001 2036/2036 1700/1700
f 1824/1824 2001/2001 1700/1700
f 2633/2633 1700/1700 2036/2036
f 2613/2613 2633/2633 2036/2036
f 1775/1775 2633/2633 1471/1471
f 2613/2613 1471/1471 2633/2633
f 1716/1716 1775/1775 1471/1471
f 2091/2091 1775/1775 1716/1716
f 2092/2092 2091/2091 1716/1716
f 2059/2059 2092/2092 1716/1716
f 2107/2107 1716/1716 1700/1700
f 2059/2059 1716/1716 2107/2107
f 2092/2092 2059/2059 2107/2107
f 1700/1700 2633/2633 1775/1775
f 2091/2091 2107/2107 1775/1775
f 1700/1700 1775/1775 2107/2107
f 4318/4318 4620/4620 4292/4292
f 4386/4386 4318/4318 4292/4292
f 4293/4293 3975/3975 4063/4063
f 3975/3975 3865/3865 4063/4063
f 1716/1716 1471/1471 1824/1824
f 1824/1824 1700/1700 1716/1716
f 3987/3987 3995/3995 4438/4438
f 4394/4394 4405/4405 4391/4391
f 2499/2499 2482/2482 2504/2504
f 1963/1963 2075/2075 2563/2563
f 2554/2554 1963/1963 2563/2563
f 2593/2593 2554/2554 2563/2563
f 2593/2593 1963/1963 2554/2554
f 4463/4463 3975/3975 4293/4293
f 4414/4414 4463/4463 4293/4293
f 4063/4063 4414/4414 4293/4293
f 2624/2624 2563/2563 2075/2075
f 4277/4277 4291/4291 4383/4383
f 4291/4291 4705/4705 4383/4383
f 4277/4277 4276/4276 4291/4291
f 4268/4268 4276/4276 4277/4277
f 4291/4291 4276/4276 4268/4268
f 1893/1893 3090/3090 2241/2241
f 1693/1693 1519/1519 1498/1498
f 1549/1549 1498/1498 1519/1519
f 1693/1693 1549/1549 1519/1519
f 1400/1400 1549/1549 1693/1693
f 1494/1494 1549/1549 1400/1400
f 1494/1494 1400/1400 1693/1693
f 4663/4663 4826/4826 4820/4820
f 3859/3859 4414/4414 4063/4063
f 4414/4414 3859/3859 3654/3654
f 4414/4414 3654/3654 4463/4463
f 2181/2181 2242/2242 2052/2052
f 2052/2052 2183/2183 2181/2181
f 2242/2242 2183/2183 2052/2052
f 4131/4131 4130/4130 4141/4141
f 4140/4140 4141/4141 4130/4130
f 4140/4140 4130/4130 4131/4131
f 4700/4700 4708/4708 4704/4704
f 3672/3672 3596/3596 3602/3602
f 3882/3882 3596/3596 3672/3672
f 3840/3840 3882/3882 3857/3857
f 3847/3847 3882/3882 3840/3840
f 3857/3857 3847/3847 3840/3840
f 3882/3882 4034/4034 3596/3596
f 3216/3216 3874/3874 3995/3995
f 3436/3436 3216/3216 3563/3563
f 3216/3216 3281/3281 3874/3874
f 984/984 1425/1425 974/974
f 1308/1308 1425/1425 984/984
f 1232/1232 1308/1308 984/984
f 1232/1232 1112/1112 1308/1308
f 974/974 1112/1112 1232/1232
f 1425/1425 1112/1112 974/974
f 1112/1112 1425/1425 1308/1308
f 3901/3901 4438/4438 3899/3899
f 3874/3874 3901/3901 3899/3899
f 4438/4438 3874/3874 3899/3899
f 3995/3995 3874/3874 4438/4438
f 3783/3783 4615/4615 3817/3817
f 3843/3843 3783/3783 3817/3817
f 4615/4615 3843/3843 3817/3817
f 4663/4663 3843/3843 4615/4615
f 3365/3365 3411/3411 3225/3225
f 3146/3146 3411/3411 3137/3137
f 3134/3134 3137/3137 3411/3411
f 3134/3134 3146/3146 3137/3137
f 2842/2842 3038/3038 3361/3361
f 3474/3474 3361/3361 3038/3038
f 3356/3356 2733/2733 2892/2892
f 3356/3356 3378/3378 2733/2733
f 4835/4835 4411/4411 4615/4615
f 4834/4834 4663/4663 4820/4820
f 3823/3823 4225/4225 3833/3833
f 3843/3843 4509/4509 4506/4506
f 4834/4834 4509/4509 4663/4663
f 4161/4161 3689/3689 3888/3888
f 4139/4139 4161/4161 3888/3888
f 4119/4119 4139/4139 3888/3888
f 3689/3689 4119/4119 3888/3888
f 3689/3689 4139/4139 4119/4119
f 4120/4120 4070/4070 4056/4056
f 3934/3934 4056/4056 4070/4070
f 3934/3934 4070/4070 4120/4120
f 3507/3507 3509/3509 3567/3567
f 3859/3859 3865/3865 3654/3654
f 4463/4463 3654/3654 3865/3865
f 3859/3859 4063/4063 3865/3865
f 3166/3166 3177/3177 3125/3125
f 3281/3281 3125/3125 3177/3177
f 3166/3166 3281/3281 3177/3177
f 3216/3216 3328/3328 3281/3281
f 3436/3436 3281/3281 3328/3328
f 3436/3436 3328/3328 3216/3216
f 718/718 673/673 667/667
f 667/667 673/673 718/718
f 4084/4084 4085/4085 4073/4073
f 2959/2959 3007/3007 2995/2995
f 3937/3937 4006/4006 3934/3934
f 4056/4056 4006/4006 3937/3937
f 4056/4056 3934/3934 4006/4006
f 4120/4120 4056/4056 3937/3937
f 3913/3913 4225/4225 3823/3823
f 3833/3833 4225/4225 3913/3913
f 1364/1364 476/476 266/266
f 4778/4778 4775/4775 4779/4779
f 4663/4663 4411/4411 4826/4826
f 3833/3833 3913/3913 3823/3823
f 2709/2709 2762/2762 2642/2642
f 2762/2762 2709/2709 2682/2682
f 2642/2642 2682/2682 2709/2709
f 3038/3038 2842/2842 2682/2682
f 3474/3474 3038/3038 2682/2682
f 2000/2000 2006/2006 2005/2005
f 1994/1994 2005/2005 2006/2006
f 2000/2000 1994/1994 2006/2006
f 3216/3216 3995/3995 3563/3563
f 3987/3987 3563/3563 3995/3995
f 3034/3034 3365/3365 3225/3225
f 2977/2977 3047/3047 3024/3024
f 3411/3411 3034/3034 3225/3225
f 476/476 641/641 266/266
f 4790/4790 4797/4797 4798/4798
f 641/641 1364/1364 266/266
f 1918/1918 2105/2105 2124/2124
f 2124/2124 2105/2105 2016/2016
f 2124/2124 2016/2016 2171/2171
f 1918/1918 2171/2171 2016/2016
f 2105/2105 1918/1918 2016/2016
f 3113/3113 3139/3139 3136/3136
f 3679/3679 2976/2976 2736/2736
f 2387/2387 2425/2425 2359/2359
f 3672/3672 3602/3602 3576/3576
f 3378/3378 3672/3672 3576/3576
f 2460/2460 2289/2289 2273/2273
f 2273/2273 2318/2318 2460/2460
f 2318/2318 2273/2273 2289/2289
f 2460/2460 1830/1830 2257/2257
f 2126/2126 1830/1830 2460/2460
f 2019/2019 2056/2056 2078/2078
f 622/622 1066/1066 41/41
f 41/41 1066/1066 1168/1168
f 1189/1189 1168/1168 1066/1066
f 41/41 1168/1168 1189/1189
f 4034/4034 3672/3672 3378/3378
f 4464/4464 4034/4034 3378/3378
f 3131/3131 3142/3142 3127/3127
f 3088/3088 3100/3100 3107/3107
f 2744/2744 2721/2721 2689/2689
f 2536/2536 2094/2094 2224/2224
f 1487/1487 1511/1511 1508/1508
f 1472/1472 1461/1461 1474/1474
f 1823/1823 1774/1774 1821/1821
f 1467/1467 1443/1443 1594/1594
f 1704/1704 1467/1467 1594/1594
f 1692/1692 1682/1682 1594/1594
f 1704/1704 1594/1594 1682/1682
f 1704/1704 1682/1682 1692/1692
f 1804/1804 1467/1467 1704/1704
f 1804/1804 1734/1734 1467/1467
f 1467/1467 1734/1734 1443/1443
f 1734/1734 2351/2351 2536/2536
f 1804/1804 2351/2351 1734/1734
f 1805/1805 1827/1827 1865/1865
f 1443/1443 2351/2351 1804/1804
f 1594/1594 1443/1443 1804/1804
f 2534/2534 2351/2351 1443/1443
f 2257/2257 1830/1830 2126/2126
f 2604/2604 2663/2663 2568/2568
f 231/231 94/94 243/243
f 43/43 231/231 243/243
f 94/94 43/43 243/243
f 1192/1192 1278/1278 1617/1617
f 1199/1199 1617/1617 1278/1278
f 1008/1008 1617/1617 1199/1199
f 1008/1008 1199/1199 1278/1278
f 1192/1192 1008/1008 1278/1278
f 2765/2765 2976/2976 3679/3679
f 2765/2765 3679/3679 2736/2736
f 2671/2671 2765/2765 2736/2736
f 2683/2683 2671/2671 2736/2736
f 2683/2683 2765/2765 2671/2671
f 2536/2536 2351/2351 2534/2534
f 2224/2224 2365/2365 2536/2536
f 2365/2365 2224/2224 2243/2243
f 2266/2266 2243/2243 2303/2303
f 2315/2315 2324/2324 2243/2243
f 2365/2365 2243/2243 1734/1734
f 2536/2536 2365/2365 1734/1734
f 2534/2534 2224/2224 2094/2094
f 1443/1443 2224/2224 2534/2534
f 1734/1734 2224/2224 1443/1443
f 2243/2243 2224/2224 1734/1734
f 1630/1630 1649/1649 1608/1608
f 1002/1002 1293/1293 1132/1132
f 1126/1126 1002/1002 1132/1132
f 1114/1114 1002/1002 1126/1126
f 1132/1132 1114/1114 1126/1126
f 1132/1132 1293/1293 1002/1002
f 246/246 113/113 242/242
f 1066/1066 622/622 41/41
f 997/997 1331/1331 1145/1145
f 1019/1019 997/997 1145/1145
f 1019/1019 1145/1145 1331/1331
f 734/734 710/710 654/654
f 858/858 802/802 818/818
f 4853/4853 4860/4860 4857/4857
f 4867/4867 4853/4853 4857/4857
f 4867/4867 4857/4857 4860/4860
f 374/374 384/384 452/452
f 158/158 127/127 210/210
f 75/75 366/366 5514/5514
f 5451/5451 5514/5514 366/366
f 5451/5451 5119/5119 5514/5514
f 75/75 5119/5119 5451/5451
f 75/75 5514/5514 5119/5119
f 5451/5451 366/366 75/75

