# https://github.com/mikedh/trimesh
mtllib CourtFloodlight.mtl
usemtl tripo_mat_89f48a6f-42c3-435b-9640-fb01b6e66c01
v 0.01262708 2.72083085 0.01186727
v 0.17381187 5.39662399 0.01015685
v 0.11562401 0.29624937 0.00383262
v 0.11439485 0.39289654 0.00389251
v 0.11242819 0.40186356 0.00835700
v 0.11699879 0.37069805 -0.00522006
v 0.11709900 2.72467345 0.00496125
v 0.46575640 5.39671723 0.05107059
v 0.12065772 0.29662397 0.00429772
v -0.29196583 5.85171750 -0.00675042
v 0.11329665 3.18761790 0.00914538
v 0.12996130 5.39640116 0.02600728
v 0.25701265 5.40056860 0.00460193
v -0.34600208 5.63488180 0.00476828
v 0.15279151 5.26945810 0.00490274
v 0.14898696 5.26927080 0.00510659
v -0.28358995 0.20756248 0.00444662
v 0.49266039 5.46556195 0.01399327
v 0.39440946 0.20287996 0.00258006
v -0.27051987 0.20765613 0.00552296
v 0.03782923 0.00125073 0.00781770
v -0.27464049 0.20765613 -0.00238959
v -0.24289887 0.20709422 -0.01607205
v -0.40844346 5.36573067 0.00416500
v -0.22364787 0.20611090 0.00879635
v 0.27820681 0.20391211 0.00971951
v -0.19175407 0.20442519 -0.00398879
v -0.21034952 0.20540852 0.00578085
v 0.24945039 0.20465931 0.00578116
v -0.18797630 0.20404420 0.00871613
v 0.28504046 0.20369940 0.00928577
v 0.33293385 0.20302043 0.01073199
v 0.32304789 0.20287996 -0.00410189
v 0.33689643 0.20297361 0.00590333
v 0.32493260 0.20297361 0.00589181
v 0.31282829 0.20297361 0.00591248
v 0.23306157 5.39911702 0.00877024
v 0.13346440 0.29638984 0.01335277
v 0.29855832 5.39279562 -0.00944636
v 0.11665416 2.72666352 0.00610237
v -0.29510311 5.64228018 0.01523352
v -0.28332656 5.64892936 0.00612730
v 0.11666587 2.73040953 0.00615687
v 0.20682285 0.20652554 0.00696717
v 0.22833790 0.20561630 0.02639590
v 0.44285011 0.20306726 0.00524250
v 0.43635312 0.20325456 -0.00030724
v 0.10760934 0.30591478 0.01867804
v -0.02413307 0.29550016 0.00647772
v 0.00521169 5.04338613 0.00662093
v -0.02827564 0.29531286 0.00662423
v 0.00528266 5.03964011 0.00669958
v -0.00463806 0.29568747 0.00672849
v -0.41372300 5.36601162 0.00968228
v 0.00427829 5.03683060 0.00370536
v 0.11294327 0.38896322 0.00707234
v -0.04490843 0.29310564 0.01589705
v 0.46176163 0.03117202 0.00791926
v 0.46180260 0.04133309 0.00828152
v 0.01194427 4.75962554 0.01032780
v 0.01038807 3.10218244 0.00774474
v 0.00934559 2.41710518 0.00454326
v 0.01021394 3.09372025 0.00734416
v 0.01090616 3.68200840 0.00892367
v 0.01031563 4.15239660 0.00738330
v 0.00986901 2.36001065 0.00621225
v 0.00916408 3.79231248 0.01141189
v 0.40810290 0.20302043 0.00326490
v 0.46193861 0.04773060 0.00820473
v 0.46476137 0.06046117 0.00089992
v 0.11995941 0.53314856 -0.00388076
v 0.11696292 3.17256507 0.00122661
v 0.11694682 0.29512556 -0.02319977
v 0.11612628 2.72223634 0.00674250
v -0.41214265 5.36573067 0.00828804
v 0.11437729 5.26730414 0.00958517
v 0.50534417 5.55744173 0.00321588
v 0.02545041 5.34491687 0.01233484
v 0.01273359 5.32694642 -0.04028508
v 0.11190726 0.38395293 0.00901001
v -0.35602211 5.63120424 0.00669682
v 0.15281492 5.26945810 0.00905509
v 0.11030935 0.38896322 0.01195570
v -0.35328340 5.63094849 0.00910016
v -0.37512735 5.62289456 0.01299689
v 0.11248087 0.39289654 0.00813999
v 0.11201847 0.39682985 0.00920874
v 0.35484511 5.39935115 0.00731901
v 0.23917811 5.39892972 0.01623762
v -0.26088067 0.20772556 0.00066666
v 0.26088744 5.40066225 0.00700126
v -0.26193850 5.52467418 -0.01045145
v 0.22484375 5.39850829 0.00965393
v 0.24537660 0.20503392 0.00970222
v 0.34089999 0.20297361 0.00971684
v 0.32495601 0.20316091 0.00977171
v -0.14450160 0.20353551 -0.00527008
v -0.17072371 0.20334821 0.00986543
v -0.17271963 0.20353551 0.00788167
v -0.16518078 0.20327797 0.00739268
v 0.01340244 0.50157778 0.01216313
v 0.00226689 0.29545334 0.01852605
v -0.07075449 5.36859871 0.00109882
v 0.01206426 0.50846108 0.01003076
v 0.01079193 0.50864838 0.00735514
v 0.29288076 5.27301681 0.01019388
v -0.50703388 5.70277831 0.01224588
v -0.28793041 5.64419162 0.01455097
v -0.50413508 5.67101231 -0.00368412
v 0.01194720 4.75569222 0.01033878
v -0.32735981 5.55256313 0.02131018
v 0.00874641 3.27348797 0.00202913
v 0.01384764 4.88942493 0.01382085
v 0.01187111 2.35843030 0.01056193
v 0.01188574 4.15230295 0.01062266
v 0.12059884 3.45073556 -0.00210835
v 0.01185355 4.06857953 0.01064095
v 0.01188428 4.04057807 0.01066802
v 0.01368997 4.06651922 0.01374385
v 0.02034963 3.63631423 0.02787249
v -0.20695469 5.70062435 0.01086559
v -0.01704134 0.29547675 0.01587979
v -0.20456661 5.70099896 0.01093071
v 0.00794035 5.04160677 0.01265333
v -0.00456160 0.29568747 0.01096799
v -0.00654399 0.29568747 0.01090288
v 0.11497025 4.57374253 0.01046429
v -0.34944759 5.63083107 0.01186095
v -0.06803973 5.36884454 -0.00995202
v 0.10934944 0.38090929 0.01321925
v 0.11025082 0.38484261 0.01194692
v 0.11046153 0.39879651 0.01197106
v 0.11222041 1.96107182 0.01046863
v 0.11135121 1.95910516 0.01199960
v -0.03427280 5.28511234 -0.00462657
v 0.01298174 4.75569222 0.01221837
v 0.02814071 2.43650386 0.03108362
v 0.01289248 2.35440333 0.01241884
v 0.01088815 2.36744415 0.00855457
v 0.01424414 4.39419135 0.01672763
v 0.49312865 5.37856077 0.03124616
v 0.01290858 4.04048442 0.01252493
v 0.01285736 2.70198665 0.01260980
v 0.11206530 5.26739779 0.01277294
v -0.41436685 5.36905525 0.00723228
v 0.46003078 0.03358515 0.01296185
v -0.21099482 5.68689287 -0.02006747
v 0.02262013 4.50937191 -0.01370555
v 0.01661900 0.29718388 0.01738998
v 0.36941652 5.34559584 0.01375020
v 0.41446734 0.20276277 0.02210631
v 0.14069185 0.00077932 0.10212101
v -0.27329426 0.20782001 0.00948305
v -0.26659826 0.20784343 0.01772695
v 0.07357090 4.49476220 0.00560337
v 0.00162773 0.00125073 0.01365752
v 0.34485671 0.20297361 0.01365088
v -0.12883272 0.20316091 0.01560334
v 0.10835440 5.26664859 0.01693380
v -0.23046751 0.20642697 -0.00396244
v 0.25360053 0.20479719 0.00863173
v -0.14360793 0.20308599 0.01136177
v 0.11168981 3.76974038 0.01464984
v -0.40661728 5.34981011 0.01881712
v 0.32290741 0.20316091 0.01176837
v -0.15251456 0.20297361 0.01475281
v -0.19285812 0.20419692 0.02326043
v 0.31268782 5.27320411 0.01378771
v -0.22664468 0.20634502 0.01379217
v 0.11301351 3.77702254 0.01258066
v 0.40615892 0.20306433 0.03437578
v -0.50955262 5.76406988 0.00860696
v 0.34907098 5.70600925 0.01482810
v 0.09852020 5.36568677 -0.01446715
v -0.25829850 5.65211347 0.01166163
v 0.15142773 0.29596842 0.01030895
v 0.14178758 0.29578112 0.02321422
v -0.50719777 5.69875135 0.01427875
v -0.20772731 5.70867829 0.01553494
v 0.46218559 5.63442794 0.02482513
v -0.25824471 5.65035690 0.01563700
v 0.21923069 0.20587746 0.01981459
v -0.00845614 0.29568747 0.01476303
v 0.20453333 0.20653232 0.01072030
v -0.00454331 0.29568747 0.01480034
v 0.01431205 4.15303459 0.01440790
v 0.52632185 5.51238713 0.02468130
v 0.01428992 2.69412002 0.01461523
v 0.01444210 2.70201006 0.01508275
v 0.10923237 1.95910516 0.01530736
v 0.11740338 0.47859000 0.00585681
v 0.02992807 5.34138157 0.01778398
v -0.31889031 5.55321869 0.01510987
v 0.35679204 5.47055176 0.22564459
v 0.10817836 4.48146081 0.01919828
v 0.11061372 4.48401252 0.01590072
v 0.10849488 4.72385110 0.01825515
v 0.35021820 5.70549417 0.01617286
v -0.51218465 5.80246912 0.01750603
v -0.37884995 5.60978351 0.04228532
v 0.14204578 5.37736574 -0.03555694
v 0.37502403 5.28726505 0.00529802
v 0.23598082 5.39896167 0.01374795
v 0.30493825 5.27339141 0.02571935
v -0.32052919 5.55303139 0.01724261
v 0.48106007 5.50871780 0.00860322
v 0.02476942 2.69852147 0.02789709
v 0.01622439 4.88736463 0.01747669
v -0.13085205 0.20316091 0.01753378
v -0.13684568 0.20287996 0.01954214
v -0.13485561 0.20306726 0.01562895
v 0.03732060 0.00125073 0.01756302
v 0.05127158 0.00115708 0.01956370
v -0.13882404 0.20297361 0.01758207
v 0.15391824 5.26927080 0.02117147
v -0.14465963 0.20297361 0.01567650
v 0.28460988 0.20421448 0.02075833
v 0.30317349 0.20354843 0.01614717
v 0.01534715 2.70006681 0.01636496
v 0.00529842 5.40060957 -0.05973865
v -0.23065994 0.20653232 0.01168046
v -0.00045516 0.00125073 0.01766985
v 0.00568305 0.00125073 0.01465410
v 0.25357393 0.20503392 0.01570736
v -0.27461707 0.20784343 0.01770061
v 0.03185961 5.33388954 0.01961455
v -0.17767842 0.20330923 0.02012700
v 0.14910403 0.29587477 0.01771812
v 0.33302950 0.20315167 0.01426316
v -0.17074712 0.20316091 0.01775621
v 0.14540484 0.29587477 0.01778396
v 0.43484186 0.20297102 0.01552798
v 0.35177785 5.35186819 0.04086716
v -0.26087388 5.64799285 0.01922536
v -0.36013466 5.61948936 0.00255532
v 0.12051726 1.48057125 0.00488022
v 0.11195409 0.29620254 0.01030932
v -0.03948968 5.38667684 0.00769859
v 0.10694672 4.80083169 0.01977587
v -0.32127254 5.54422825 0.02253605
v 0.10850658 4.71991778 0.01826686
v 0.37132172 5.27955478 0.01780671
v -0.50738507 5.69678469 0.01629662
v -0.50647015 5.67579267 0.01563789
v -0.51134180 5.74178369 0.02548168
v -0.50758700 5.68206988 0.02202896
v 0.02149186 5.37017906 0.02142848
v -0.50610616 5.66170678 0.01791037
v -0.51253584 5.79951913 0.01848789
v 0.10870266 3.76393491 0.01848159
v -0.51192711 5.79539852 0.01645393
v 0.11291986 3.76297499 0.01268222
v 0.29056292 5.27301681 0.01480908
v -0.51171640 5.80345245 0.01627760
v 0.01768768 4.88736463 0.01933653
v 0.02692310 2.26588099 0.02999179
v 0.01930644 4.86657425 0.02102809
v -0.28527859 5.64373176 0.01685813
v 0.03186254 5.33763556 0.01962333
v 0.03192692 5.34156887 0.01967747
v 0.10033811 1.95395581 0.02554249
v 0.00560970 0.29550016 0.01979161
v 0.42204802 5.38352423 0.01982229
v 0.12323915 1.90105654 -0.00978926
v 0.10285683 2.99658458 0.02285600
v 0.10601314 2.99791941 0.01989110
v 0.09517403 3.66012092 0.03052148
v 0.16555137 5.39532418 0.01991597
v 0.10417089 3.58590696 0.02192498
v 0.44064347 5.35882395 0.04489937
v 0.16564136 5.39709183 0.00016148
v 0.42864231 5.38186889 0.02062132
v 0.10170193 1.49575830 0.02481845
v 0.10823587 4.74138713 0.01843733
v 0.10663358 4.73190503 0.02032131
v 0.10665699 4.71973048 0.02036375
v 0.10535100 4.47286228 0.02208631
v 0.34781402 5.70482691 0.01667682
v 0.49389212 5.35813767 0.05899910
v 0.00719298 0.29531286 0.02094907
v 0.45763516 0.05076836 0.02047637
v 0.45438081 0.06483933 0.03018089
v 0.02590111 5.24211219 0.02381437
v 0.45743908 0.03593648 0.02051808
v 0.02098359 5.35925180 0.02057697
v 0.14534630 0.29587477 0.02138072
v 0.23177388 5.29680400 0.02826109
v -0.11825845 0.20327202 0.02886522
v -0.22357470 0.20611090 0.01863674
v -0.28155305 0.20866287 0.03782484
v -0.13485561 0.20297361 0.02150807
v -0.21849710 0.20597042 0.02157246
v -0.26260642 0.20784343 0.02162222
v 0.17298487 5.39532418 0.02388880
v -0.00690515 0.00130926 0.00088288
v 0.13863104 0.29600638 0.02187724
v 0.02274882 4.89541856 0.02467826
v 0.31639578 0.20341845 0.02011880
v 0.00464833 0.00125073 0.02565098
v 0.00161585 0.00125073 0.02166170
v 0.17222396 0.29475096 0.01643627
v 0.32795868 0.20358234 0.02763991
v -0.17074712 0.20297361 0.02169391
v 0.48363191 5.60085160 0.03769944
v 0.35877550 0.20316091 0.02372049
v -0.16679039 0.20297361 0.02173635
v 0.10009723 3.45061976 0.02687818
v -0.30439791 0.00256184 0.01825959
v 0.11874402 1.06072875 0.01689500
v 0.10414014 3.60519754 0.02201141
v 0.30793722 5.27319670 0.02135729
v 0.09961712 3.50954541 0.02637950
v 0.46849939 5.44452349 0.04273112
v 0.11463739 0.73501301 0.00364865
v 0.51451312 5.49624415 -0.01615584
v 0.10451842 4.78304058 0.02244451
v 0.10495275 4.77085045 0.02205071
v 0.10264027 4.78322543 0.02421292
v 0.10454986 4.73190503 0.02247673
v 0.21263409 0.20625137 0.01246088
v 0.14479611 5.26889619 0.03029800
v 0.10109110 3.75986665 0.02700692
v 0.42488095 5.45966198 0.02483624
v 0.42942299 5.46331434 0.02022762
v 0.11061372 5.35336882 0.02461606
v 0.43384797 5.38666152 0.02185808
v -0.27954543 5.45666517 0.03185645
v 0.00078247 4.46582341 0.00977445
v 0.02185365 4.36807338 0.02349227
v 0.00118539 4.25455753 0.00506049
v -0.14254480 0.20278614 0.02682011
v 0.42846307 5.46106673 0.02367659
v 0.03043430 4.85663961 0.03119035
v 0.15617463 5.39541783 0.02466361
v 0.16566843 5.39532418 0.02369711
v 0.35251263 5.70493227 0.01852143
v 0.11058445 1.95521867 0.01315212
v 0.40196002 5.71354810 0.02391803
v 0.10204471 3.58724009 0.02394075
v 0.10601314 3.58340042 0.01983477
v 0.09869854 3.50762817 0.02770153
v 0.10209153 3.50508531 0.02409659
v -0.34870433 5.96361741 0.03441496
v 0.10236663 4.76187314 0.02447266
v 0.10234907 4.79184126 0.02447119
v 0.10580975 4.77482031 0.02108972
v 0.09812895 4.80954118 0.02796699
v 0.40434811 5.71523381 0.02172456
v 0.10117671 4.81023921 0.02582133
v 0.45691079 0.00037196 0.02150610
v 0.02696638 5.25391214 0.02472289
v 0.02698979 5.24997882 0.02477703
v -0.01691888 0.29475096 0.03832378
v 0.45585580 0.02597443 0.02482819
v 0.45590263 0.02990774 0.02484867
v 0.45608993 0.05332033 0.02490428
v -0.31328299 5.63347705 0.02603477
v 0.14830214 0.29568747 0.02334519
v 0.39996995 5.71382906 0.02259376
v 0.40240486 5.71279890 0.02587006
v -0.23792955 0.20709422 0.02543408
v -0.23460496 0.20690692 0.02145833
v 0.02347266 4.36865663 0.02504700
v -0.23458155 0.20690692 0.02545603
v -0.22865231 0.20653232 0.02557273
v -0.15560576 0.20275119 0.02530466
v -0.25564849 0.20770295 0.02186430
v -0.17566962 0.20339504 0.01283718
v -0.12678997 0.20297361 0.02558040
v -0.22264112 0.20615772 0.02561992
v -0.13082864 0.20297361 0.02561990
v -0.00252306 0.00143803 0.02564037
v -0.13485561 0.20278631 0.02566819
v 0.34530155 0.20320773 0.02374098
v 0.35679713 0.20316091 0.02573983
v 0.02549184 1.15681423 0.02715140
v 0.01883180 3.04176682 0.00076609
v -0.14273395 0.20247024 0.03556477
v 0.01467036 1.92336752 0.01761834
v 0.30566989 5.27315729 0.00803782
v 0.10008976 3.51309242 0.02597692
v 0.10010146 3.50906545 0.02597838
v 0.12482412 2.65965822 -0.00085438
v 0.09360448 2.69400295 0.03125792
v -0.51609455 5.81319209 0.02949584
v 0.10032388 4.79970789 0.02622421
v 0.10032388 4.80364120 0.02623006
v -0.31034383 0.06834851 0.03406939
v 0.06324729 4.52997473 -0.02997995
v 0.23664955 5.32978063 -0.01803882
v 0.43650237 5.46131842 0.02776217
v 0.12617138 5.35224501 0.02665002
v 0.02939251 5.25185183 0.02655346
v 0.09983656 0.51426746 0.02807400
v 0.11540717 5.26802680 0.02500677
v -0.15976632 0.20282841 0.02168500
v 0.11012479 5.30209266 0.01080938
v 0.14900827 5.26891818 0.02827901
v -0.31095344 5.63338340 0.02730564
v 0.47660228 5.44063925 0.01899461
v 0.03559136 4.35085342 0.03336652
v 0.10655626 3.54622314 0.02133197
v 0.03648049 4.14454605 0.03636455
v 0.12452443 4.05640513 0.00074240
v 0.15420797 5.39532418 0.02761286
v 0.02487973 3.16419507 0.02674076
v 0.11421048 5.26884937 0.02814404
v 0.02600646 3.16116607 0.02773726
v 0.02598598 3.54287323 0.02774897
v 0.02697955 3.15516074 0.02852597
v -0.50848546 5.68607343 0.02695703
v -0.39212577 5.33885990 0.01721652
v 0.04368648 1.49389819 0.01065473
v -0.30925017 5.63343022 0.02808776
v 0.09812310 4.80364120 0.02796260
v 0.12672158 5.35243232 0.02797137
v 0.10332143 4.81949153 0.02352125
v 0.09466097 4.80954118 0.03046482
v 0.09812310 4.82761570 0.02801235
v 0.49561697 5.38741072 0.04116487
v 0.10208967 4.62595994 0.02529236
v 0.12994081 5.35205771 0.02690610
v 0.45356137 0.00068883 0.03119056
v 0.45516513 0.01529829 0.02669461
v 0.49884537 5.45978376 0.03289973
v 0.45417010 0.02794109 0.02970386
v 0.03213306 4.94682090 0.03161716
v 0.45473200 0.05332033 0.02877906
v 0.45399450 0.05477191 0.03089534
v 0.01654426 5.00941069 0.02040012
v 0.05344602 5.36573067 0.03162082
v 0.46306688 5.63563100 0.02896929
v 0.04406508 5.36588258 0.02854780
v 0.02391396 4.36011310 0.02543258
v 0.02824529 4.35383852 0.02902203
v 0.46039785 5.63769131 0.02908635
v 0.07763270 4.91222880 0.03859411
v 0.01309227 0.29518409 0.01531729
v 0.39381244 5.27807393 0.02921806
v 0.02797312 3.01337117 0.02923567
v -0.25442372 5.65159839 0.01447223
v 0.31533490 5.27347336 0.02621385
v 0.12085087 5.26786604 0.02174655
v 0.02796727 3.16109583 0.02928249
v 0.02793508 3.54081292 0.02929127
v 0.02794385 3.54474624 0.02929420
v -0.13473854 0.20278631 0.02935860
v -0.30952527 5.63282149 0.02933522
v 0.50415890 5.46507029 0.02774780
v -0.30328581 0.02578713 0.01691191
v 0.39694973 5.27844853 0.02951949
v -0.30820246 0.04114579 0.03057023
v 0.09633204 2.62902131 0.02902055
v 0.46007007 5.63731671 0.02959850
v -0.01321382 0.00142129 -0.01179361
v 0.03345807 0.00125073 0.02560113
v 0.32092905 0.20372281 0.02963071
v -0.30781615 0.03739977 0.02963372
v -0.00045598 0.00134438 0.02764361
v -0.12912830 0.20269266 0.03584682
v -0.13284798 0.20278631 0.02765680
v 0.34085170 0.20361745 0.03788255
v 0.12670974 2.13007434 -0.01178129
v 0.36471059 0.20316091 0.02970095
v 0.11530756 2.06436571 0.00965996
v -0.22664468 0.20653232 0.02976834
v -0.25852092 0.20789025 0.03222447
v 0.03193900 5.37055366 0.02501061
v -0.13727296 0.20269266 0.02993075
v -0.25443542 0.20765613 0.02976834
v -0.27833968 5.44327316 0.02980054
v 0.09567648 4.82742840 0.02982682
v 0.09563112 4.86093181 0.02989523
v 0.09555942 2.70186958 0.02988828
v 0.09677688 2.70388307 0.02895909
v 0.09064278 2.71795403 0.03333871
v 0.09361033 2.70189300 0.03129011
v -0.30035630 5.49129239 0.03613346
v 0.09922107 4.48412832 0.02796049
v 0.09510580 4.61755794 0.03066529
v 0.09083299 4.61063759 0.03370650
v 0.10060849 5.27645846 0.02404282
v 0.09706953 4.48373157 0.02927224
v 0.19201930 5.26964540 0.03463517
v -0.32206271 5.62973103 0.02862186
v 0.09129248 1.55949908 0.03360503
v 0.09469170 1.57155656 0.03143059
v -0.30637965 0.20370151 -0.01765256
v 0.45341063 0.00030615 0.03152907
v 0.18416438 5.26945810 0.03471419
v 0.46053832 5.63675481 0.03060817
v 0.46053832 5.63675481 0.03061695
v 0.16091528 5.26949423 0.03381358
v 0.46053832 5.63675481 0.03063744
v 0.03061632 4.35344454 0.03068047
v 0.46053832 5.63675481 0.03068133
v 0.45227368 0.02597443 0.03494243
v 0.03458707 4.34250511 0.03368350
v 0.02720928 4.91996666 0.02832578
v 0.14938498 5.39544124 0.03021605
v 0.45393040 0.05858856 0.03121815
v 0.10642944 3.16663967 0.02132555
v 0.17856243 5.31045436 0.02086758
v 0.03098311 0.61267400 0.04109439
v 0.05593672 5.22793879 0.00504990
v 0.02796727 3.01735570 0.02924152
v -0.00632018 3.31258512 -0.00431902
v 0.09050816 1.89486102 0.03312215
v 0.09283771 1.90282130 0.03155643
v 0.09356350 2.62996952 0.03108233
v 0.10063117 4.76546698 0.02584421
v 0.15790716 5.39532418 0.02761140
v 0.09227801 2.10189855 0.03213333
v 0.01482404 2.94483305 0.02464339
v 0.17931944 5.35268985 0.03204735
v 0.45360819 0.01024117 0.03114666
v 0.02880061 3.53884626 0.02983708
v 0.10589173 3.82003612 0.02415994
v 0.02929886 3.54671289 0.03022485
v 0.03065386 1.14753114 0.03118476
v 0.04976439 5.36966398 0.03126378
v 0.53262569 5.48190394 0.03205755
v 0.09397615 3.73675289 0.03127402
v 0.02194107 1.75908524 0.02817842
v 0.09410785 4.61952460 0.03132523
v 0.09501508 4.48569823 0.03068724
v 0.09236068 4.48569823 0.03235100
v 0.09403761 4.48373157 0.03135157
v 0.11085182 2.75892842 0.01760062
v 0.09455561 4.47970461 0.03104355
v 0.09380934 0.55622277 0.03139547
v 0.09088276 1.77489490 0.03343236
v -0.30849512 0.03739977 0.03162087
v 0.32750797 5.29313993 0.04708407
v 0.44521939 0.20133617 0.05275174
v 0.10538173 5.36379620 0.00478798
v 0.04953793 5.37050033 0.03197090
v 0.15307246 5.26908349 0.03067260
v 0.03957882 5.30621001 0.02428152
v 0.03437354 4.24791997 0.03293778
v 0.02450111 4.37444160 0.02595937
v 0.03307121 4.92313906 0.03246367
v -0.50860252 5.66672292 0.03521765
v 0.02686934 3.13200527 0.02951818
v 0.02989442 1.14448750 0.03061628
v 0.03301122 1.14537718 0.03269048
v -0.31160899 0.00232771 0.03910851
v 0.07204440 5.28144534 0.03286900
v 0.53691563 5.44881832 0.05106718
v -0.27877281 5.46696671 0.02544653
v 0.45096843 0.01770978 0.03864290
v 0.06614735 5.28219455 0.03294656
v 0.08814934 1.25148304 0.03410840
v 0.08829567 4.15211565 0.03413767
v 0.10900922 2.98914700 0.00168535
v 0.08831323 4.14406172 0.03414352
v 0.09035013 4.14003475 0.03299923
v 0.09113920 2.06124844 0.03290796
v 0.08732990 4.13605461 0.03465421
v 0.08778828 4.09265938 0.03454940
v 0.38185592 5.32032195 0.05616943
v 0.09055499 4.07635251 0.03304020
v 0.09159758 0.51148131 0.03306069
v 0.09042036 2.62992269 0.03308118
v 0.09047889 1.89879433 0.03308996
v 0.06614735 5.28219455 0.03294656
v 0.09070717 2.09836325 0.03314849
v 0.09073058 3.72876919 0.03325384
v 0.09078326 3.73677630 0.03329482
v 0.09058425 1.49946920 0.03331238
v 0.09031501 4.91920575 0.03331823
v 0.09024477 4.92313906 0.03332701
v 0.06952938 5.14729120 0.05071049
v 0.25605274 5.28687706 0.03308701
v 0.08948157 4.79428747 0.03477704
v 0.09408443 4.62364521 0.03132523
v 0.09214192 4.61519327 0.03251946
v -0.27890158 5.43962080 0.03155063
v 0.03490130 4.93598441 0.03339170
v 0.09284284 4.44576680 0.03243007
v 0.09065449 0.55622277 0.03341188
v 0.39908027 5.27741838 0.03260410
v 0.09083594 1.77892187 0.03341773
v 0.08629975 0.37660138 0.03345285
v 0.08327074 0.37856803 0.03483273
v 0.03490910 4.92725968 0.03345871
v 0.09459951 1.76094100 0.03109549
v 0.08965799 0.55130612 0.03401987
v -0.13475025 0.20259901 0.03346459
v 0.03536858 4.25194693 0.03347042
v 0.09093317 1.75881936 0.03348046
v 0.03535687 4.30392288 0.03350846
v 0.04065763 4.29806973 0.03589874
v 0.03490617 4.91920575 0.03351724
v 0.05564631 4.36215229 0.04134006
v 0.08776392 0.38850256 0.03317840
v 0.09091203 0.52044833 0.03360796
v 0.09144466 1.57541964 0.03362845
v 0.09186386 1.56561313 0.03331479
v 0.46071008 5.44575331 0.07514596
v 0.32898298 0.20372281 0.03365475
v 0.36667725 0.20325456 0.03564774
v 0.36473400 0.20316091 0.03367523
v 0.31689623 0.20391011 0.03365402
v -0.16471838 0.20287996 0.01991090
v 0.30889498 0.20419106 0.03567409
v 0.06064882 2.79521363 0.04263068
v -0.01495431 0.29367545 -0.02398308
v 0.34768434 0.20341963 0.03134813
v 0.02390109 3.54332150 0.02625378
v 0.03674589 1.14551766 0.03469043
v -0.21842686 0.20597042 0.03388895
v -0.40077371 5.29974851 0.07124405
v -0.22151147 0.20620455 0.03755448
v -0.26274555 0.20792995 0.03414855
v 0.13818204 0.29550016 0.03337382
v 0.42557141 0.20301249 0.05041367
v 0.07848433 2.85477721 0.03806074
v 0.08342658 1.25998181 0.03627773
v 0.08814934 1.25466715 0.03410548
v 0.07625671 1.75955893 0.03899592
v 0.08632023 3.07125002 0.03506978
v 0.08632316 3.07324594 0.03506832
v 0.08826640 3.08328994 0.03412011
v 0.08635828 3.08928942 0.03508295
v 0.08828396 4.15614261 0.03414060
v 0.08832494 4.14003475 0.03414645
v -0.51234854 5.73958290 0.03212427
v 0.08837176 3.12926641 0.03415815
v 0.08635828 3.12525115 0.03515319
v 0.08983651 3.31249481 0.03310194
v 0.08295687 3.08176446 0.03653307
v 0.08731597 4.08138294 0.03487061
v 0.08846541 1.89879433 0.03422839
v 0.50823269 5.44162258 0.03115598
v 0.25624004 5.28725166 0.03426349
v 0.08460819 1.94491713 0.03586288
v 0.08868198 2.09836325 0.03428692
v 0.09467121 3.72423301 0.03056798
v 0.08436236 0.37660138 0.03437179
v 0.08629975 4.43184927 0.03552779
v 0.08868783 3.72876919 0.03440984
v 0.08765546 4.49211782 0.03494216
v 0.09075985 3.73279616 0.03327433
v 0.08819617 4.92313906 0.03444789
v 0.08442601 2.47765599 0.03603171
v 0.09190414 4.92519937 0.03231588
v 0.08688945 4.44484326 0.03531854
v 0.08881660 1.42698382 0.03445959
v 0.08962726 0.55828308 0.03398110
v 0.08854736 1.49937554 0.03448300
v -0.51295726 5.74257972 0.03448601
v 0.08885757 1.42305050 0.03448593
v 0.09315250 1.79054695 0.03181001
v 0.08879904 1.77892187 0.03452105
v 0.09062815 1.50546282 0.03334310
v 0.08939021 1.41813386 0.03421669
v 0.08628804 1.74698710 0.03582338
v 0.08892196 1.75897434 0.03455032
v 0.08559444 1.70493809 0.03615536
v 0.08541373 1.68050705 0.03626858
v 0.09094129 1.75485373 0.03347626
v 0.08904487 1.69107783 0.03455324
v 0.06330519 1.49656603 0.03162152
v 0.18904883 5.26959857 0.03243658
v 0.18799234 5.26945810 0.03468785
v 0.08888099 0.52044833 0.03471713
v -0.28091506 5.46041118 0.03378360
v 0.21392137 5.31787703 0.03088874
v 0.08673570 3.08500072 0.03488339
v 0.04309181 4.94505325 0.03705693
v 0.07445222 3.04536067 0.03951637
v 0.26983105 5.28743897 0.03610723
v 0.03851464 4.25204058 0.03499223
v 0.03818687 4.93905963 0.03499223
v 0.03870633 4.22136424 0.03509887
v 0.03850879 4.30401653 0.03504199
v 0.04092834 4.30907365 0.03605385
v 0.07613653 1.25954791 0.03924244
v 0.04062105 4.31804067 0.03592947
v 0.08622366 2.85370023 0.03508003
v 0.03890497 4.32355434 0.03525270
v 0.08635243 3.12926641 0.03514734
v 0.08631289 4.15127768 0.03514106
v 0.08632901 4.13207447 0.03517368
v 0.53311735 5.47923490 0.03518825
v 0.08639340 4.08028582 0.03529659
v 0.27539154 5.28781357 0.03700569
v 0.03621655 3.34357648 0.03414847
v 0.04755556 2.90836424 0.03875837
v 0.03298341 1.87463254 0.03264512
v 0.03850001 1.85084535 0.03545756
v 0.04201190 3.80055220 0.03701450
v 0.03670163 1.84878504 0.03458398
v 0.08278274 0.32893334 0.03406011
v 0.09816224 4.49652655 0.02746435
v 0.08629975 4.43980955 0.03556876
v -0.28096189 5.45732072 0.03558344
v 0.04602905 2.10951521 0.04143709
v 0.08644899 3.72690515 0.03555811
v 0.08631145 1.42305050 0.03583801
v 0.08636413 1.69107783 0.03586435
v 0.08310137 0.49531491 0.03688023
v 0.41250739 5.29708495 0.02466979
v 0.08321221 0.37257441 0.03476249
v 0.04103735 4.93905963 0.03624481
v 0.04167827 4.21617249 0.03633260
v 0.04170461 4.22010581 0.03633553
v 0.04166949 4.21214553 0.03633846
v 0.04008914 4.21013205 0.03568437
v 0.02982771 4.23691174 0.03036212
v 0.04269813 4.31613740 0.03678250
v 0.30249670 5.28374061 0.04514004
v 0.04171632 4.32415136 0.03641748
v 0.03175705 4.86679081 -0.04066159
v 0.46547838 5.46256514 0.05158732
v 0.04491067 2.89579021 0.03790564
v 0.04164827 3.26320399 0.03677452
v 0.03735938 3.81802969 0.03485505
v 0.04201208 3.83701168 0.03701828
v 0.45311653 0.00471580 0.03248996
v 0.44400903 5.35936244 0.03661935
v 0.29612165 5.30109805 0.03797862
v 0.08956141 1.25401160 0.03330140
v 0.08240740 3.07324009 0.03677159
v 0.44789552 5.35992434 0.03679495
v 0.08438577 3.13226908 0.03597263
v 0.08731088 4.29982568 0.03470323
v 0.08831469 4.15710253 0.03405865
v 0.08737782 3.55507119 0.03457757
v 0.08242496 4.15211565 0.03682426
v 0.05083491 5.27344415 0.03752701
v 0.08652601 3.63997109 0.03505167
v 0.08243667 4.13610144 0.03684475
v 0.08237229 3.59686266 0.03685938
v 0.07941352 3.93227143 0.03801099
v 0.01825424 5.14140287 0.03152482
v 0.08632901 4.12608085 0.03519270
v 0.07841848 3.50300159 0.03830657
v 0.08248020 4.05003090 0.03691590
v 0.08830738 3.19924665 0.03412304
v 0.07936962 3.49698455 0.03802709
v 0.08244838 3.50096469 0.03698230
v 0.06672945 1.93514116 0.04204516
v 0.07892771 4.24206682 0.03796124
v 0.45159471 0.02990774 0.03702030
v 0.27173917 5.28762627 0.03703788
v 0.08226108 0.48055328 0.03705254
v 0.08240448 4.39279707 0.03705180
v 0.46238675 0.10433187 0.00990051
v 0.04248162 4.22515122 0.03651186
v 0.03519078 4.25796397 0.03332336
v 0.04512431 4.16527352 0.03758957
v 0.05053701 4.16035688 0.03914212
v 0.04371224 4.14434267 0.03712571
v 0.08234595 4.44182304 0.03713887
v 0.04357469 4.46378405 0.03714327
v 0.05719271 4.26296805 0.04187927
v 0.07872285 3.61582686 0.03812293
v 0.07750393 4.43287943 0.03852460
v 0.04536850 4.32762228 0.03772639
v 0.08231375 4.49571882 0.03712570
v 0.08236936 3.71879543 0.03724423
v 0.08243667 3.87640899 0.03725447
v 0.04651004 1.77508221 0.03839291
v -0.48860817 5.89616631 0.04086155
v 0.04315912 1.77901552 0.03726326
v 0.03645973 3.01293317 0.03475396
v 0.08011882 3.86835506 0.03813537
v 0.04324399 3.01750642 0.03730423
v 0.08878441 3.74075644 0.03445959
v 0.08037636 3.75663018 0.03821146
v 0.08629975 1.76693462 0.03579996
v 0.04316790 3.34920429 0.03733057
v 0.04473096 1.84324796 0.03772712
v -0.31122180 0.01644541 0.03824336
v 0.04254527 3.27470542 0.03697170
v 0.04320594 3.40108658 0.03734520
v 0.04313863 1.94683697 0.03736276
v 0.04739201 3.42635629 0.03878179
v 0.02507179 3.45984906 0.02822542
v 0.04322643 2.44215372 0.03740373
v 0.04304857 3.48955832 0.03731994
v 0.04302742 3.80457916 0.03742422
v 0.45089519 0.00031447 0.03884697
v 0.08629975 3.83258062 0.03584093
v 0.26204636 5.28734531 0.03584384
v 0.37257722 0.20316091 0.03760855
v 0.37114504 0.20278412 0.01101724
v 0.30496166 0.20428471 0.03766709
v 0.31040362 0.20364087 0.02187131
v -0.12276300 0.20297361 0.03773153
v -0.24759349 5.64280486 0.04026512
v 0.07997401 2.85393561 0.03769200
v 0.06182909 3.40991484 0.04160856
v 0.08068365 3.06727280 0.03735397
v 0.07911794 3.59686266 0.03797148
v -0.28138331 5.45488581 0.03800957
v 0.07936962 3.50101152 0.03803001
v 0.04649541 4.21214553 0.03803587
v 0.25261109 5.29680400 0.03804462
v 0.04652175 4.16429020 0.03805928
v 0.04652175 4.14434267 0.03808270
v 0.07931255 3.87565393 0.03833090
v 0.23546432 5.35343104 0.03881574
v 0.04853670 4.31024428 0.03863875
v 0.04651882 4.31216411 0.03809440
v 0.04651590 4.31619108 0.03810026
v 0.07789075 0.48324981 0.03843304
v 0.08007200 3.87238202 0.03812366
v 0.04647200 4.46387770 0.03813245
v 0.25652099 5.28743897 0.03813535
v 0.18469116 5.35299422 0.03818803
v 0.08203563 1.75900217 0.03755170
v 0.02888804 0.29530116 0.04023117
v 0.24851388 5.29680400 0.03829923
v 0.03730052 3.17796813 0.03645451
v 0.04651004 1.77901552 0.03840462
v 0.04650712 1.78304249 0.03841340
v 0.03438342 3.00394627 0.03281377
v 0.04651590 3.00165737 0.03843096
v 0.05610994 3.00216957 0.03963707
v 0.04652468 3.01757373 0.03843388
v 0.04753508 3.02654221 0.03871337
v 0.04655102 2.89783296 0.03847193
v 0.08054336 2.83161045 0.03736797
v 0.04486238 3.35125289 0.03791149
v 0.04655980 3.34929794 0.03849242
v 0.28429620 5.31441229 0.03913463
v 0.04654809 3.40118023 0.03850120
v 0.04654809 3.40516038 0.03850120
v 0.04845269 3.26003624 0.03912623
v -0.51432690 5.74749636 0.04051988
v 0.07816387 3.59489601 0.03824804
v 0.07773829 3.96393998 0.03848113
v 0.04651004 1.94693062 0.03853339
v 0.06679534 2.37713395 0.04194672
v 0.04656565 3.48921157 0.03855680
v 0.05720400 2.49609366 0.04109021
v 0.04656565 3.48921157 0.03855680
v 0.20647365 0.20478808 0.04940906
v 0.04656858 2.44224737 0.03856558
v 0.04656858 3.49721868 0.03857729
v 0.07752003 3.92838494 0.03857728
v 0.07830624 4.39244085 0.03832489
v 0.07775801 4.40412005 0.03846996
v 0.07260424 3.62971234 0.03975524
v 0.07711031 0.48448659 0.03864752
v 0.07883113 3.75297781 0.03866508
v 0.07731517 0.48860721 0.03868264
v 0.05375331 3.79778951 0.04053736
v 0.04303913 3.80851248 0.03742422
v 0.05032995 3.78879908 0.03976036
v 0.04656858 3.79671253 0.03873532
v 0.07846824 3.75663018 0.03878799
v 0.07649573 3.75869049 0.03930600
v 0.53311735 5.47923490 0.03900157
v 0.07227560 4.80560786 0.03937917
v 0.07484660 4.81928081 0.03884753
v 0.17542563 5.27395331 0.03198809
v 0.06426849 4.80570151 0.04032884
v 0.07028553 4.81956177 0.03978596
v 0.18353809 5.35308787 0.03906747
v 0.19392152 5.26964064 0.03824178
v 0.04587242 4.18837004 0.03759048
v 0.06717687 4.13885795 0.04061689
v 0.04852938 4.15038312 0.03861972
v 0.05004169 4.14238772 0.03903127
v 0.10470003 5.27061702 0.01228114
v 0.07587236 4.38989391 0.03889481
v 0.05254464 4.32424501 0.03957671
v 0.07449980 4.39195422 0.03919771
v 0.07449395 4.39598119 0.03920064
v 0.07531997 4.40294643 0.03894749
v 0.02563215 4.00336618 0.02839579
v 0.05053701 4.33211164 0.03922699
v 0.04848548 4.46692133 0.03867972
v 0.07438274 0.48448659 0.03923576
v 0.05154668 4.34011875 0.03941941
v 0.04799016 4.43449490 0.03857692
v 0.05311599 4.91080021 0.04312679
v 0.07442956 0.49254052 0.03940258
v 0.05929504 1.82284344 0.04255411
v 0.05053701 1.77910917 0.03946989
v 0.07293262 0.50452777 0.03986717
v 0.05424484 3.06906429 0.04173038
v 0.06657472 3.23088562 0.04102349
v 0.05059554 2.89785637 0.03955476
v 0.04856157 3.39919016 0.03903237
v 0.06450639 2.95290136 0.04229787
v 0.05008595 2.42006980 0.03949696
v 0.04853377 1.94889727 0.03907773
v 0.04858352 3.47926122 0.03908066
v 0.04854840 1.94194373 0.03906822
v 0.04859669 2.44821758 0.03909383
v 0.04159771 3.51937060 0.03724489
v 0.04858499 3.50316548 0.03912163
v 0.26055381 5.33594985 0.04068952
v 0.07028553 4.80757452 0.03974499
v 0.07028553 4.82349508 0.03980645
v 0.07048454 4.39406135 0.03988986
v 0.05063651 3.79671253 0.03989717
v 0.25443727 5.33726096 0.04010493
v 0.07054892 3.93643887 0.03993522
v 0.07518755 3.92141969 0.03907773
v 0.07041723 0.49066751 0.04002448
v -0.12496239 0.20278621 0.04001168
v 0.06855300 3.92051831 0.04022641
v 0.19339772 5.27046484 0.04025054
v 0.06158487 1.75200226 0.04109958
v 0.07039601 0.47795448 0.03952367
v 0.05541268 3.22349038 0.04027616
v -0.38936220 5.60659939 0.04285161
v 0.06955242 3.67699225 0.04030250
v 0.06625856 4.79970789 0.04020446
v 0.06626442 4.80364120 0.04020739
v 0.06494882 3.49016988 0.04130530
v 0.06675169 4.83110417 0.04020483
v 0.25586544 5.33838476 0.04032735
v 0.08244838 2.98945447 0.03678914
v 0.05674773 5.02028146 0.04416310
v 0.05641942 3.21748505 0.04038006
v 0.05640186 3.22151202 0.04039176
v 0.11630503 4.97719080 0.01685673
v 0.05496347 3.96584091 0.04118460
v 0.24197006 5.34981011 0.03923135
v 0.05853241 3.22151202 0.04049712
v 0.05345773 3.77676500 0.04050005
v 0.05702815 3.77484517 0.04100781
v 0.04696879 4.92126606 0.03831316
v 0.06650440 3.65508977 0.04053077
v 0.06167329 4.47825070 0.04126458
v 0.45120840 0.05635812 0.03876225
v 0.06956694 3.80622953 0.04114919
v 0.05195455 4.64165454 0.04573644
v 0.06238344 3.68968703 0.04108886
v -0.49216688 5.89167109 0.04069620
v 0.05139220 3.73545165 0.04083822
v -0.31272108 5.49876100 0.04117540
v 0.05544780 3.77676500 0.04083660
v 0.05287112 3.78390749 0.04055786
v 0.27557884 5.76009233 0.04161212
v 0.07177852 3.71572548 0.04027850
v 0.06209960 3.90198606 0.04155134
v 0.05706620 3.78088562 0.04101512
v 0.22210448 5.31333329 0.04671607
v -0.24358369 0.20742200 0.03845807
v -0.23245848 0.20709166 0.04484880
v -0.49076213 5.89448060 0.04132541
v 0.42050279 5.40281621 0.04725599
v 0.41619488 5.40262891 0.04144235
v -0.20130216 0.20488278 0.04082081
v -0.12544375 0.20269266 0.04208188
v 0.33293971 0.20391011 0.04157991
v 0.37260063 0.20334821 0.04157991
v 0.29958554 0.20454225 0.04161723
v 0.32698120 0.20400376 0.04158870
v 0.39039420 0.20353551 0.05554845
v 0.34082975 0.20297361 -0.00224773
v 0.31923420 0.20398578 0.03755672
v -0.04000314 0.00150841 0.06849678
v 0.36324438 0.20340674 0.04086912
v -0.19106120 0.20422618 0.04734863
v 0.28708614 0.20470614 0.03865847
v 0.28109250 0.20503392 0.04364755
v 0.28506094 0.20484662 0.04163260
v 0.29316172 0.20465931 0.04163260
v -0.24910247 0.20845801 0.05839261
v -0.26460819 0.20821803 0.03974503
v 0.19514488 5.35336882 0.04167651
v 0.21107715 5.31628328 0.03008142
v 0.44794235 5.35992434 0.04196328
v 0.24935674 5.31347377 0.04595515
v 0.23389418 5.31362595 0.04307248
v 0.24950763 5.31474032 0.03679787
v 0.26758344 5.31366107 0.03855677
v 0.24858412 5.29661670 0.04215646
v -0.51059514 5.67619506 0.04489651
v -0.51172810 5.67545582 0.05389889
v 0.21405348 5.35217478 0.03580653
v 0.50569535 5.40691341 0.04537090
v 0.45037726 0.03187440 0.04044293
v 0.44962805 0.02597443 0.04246958
v -0.51459615 5.74651303 0.04251361
v 0.22893915 5.39498083 0.04537953
v 0.25535595 5.28978036 0.05296654
v 0.03094470 0.29512800 0.04405338
v -0.24249500 5.63656751 0.05307265
v 0.45009631 0.00050153 0.04112335
v 0.27471257 5.76074789 0.04372803
v 0.07702251 5.04769404 0.04412607
v 0.07967984 5.01828783 0.04332126
v -0.34271262 5.32218325 0.04293062
v -0.37822600 5.60924035 0.04375159
v 0.50638895 5.41668232 0.04282478
v -0.37785491 5.60847240 0.04557186
v 0.07290189 5.04769404 0.04500990
v 0.33621747 5.39907019 0.06489885
v 0.44715131 0.00040410 0.04974359
v 0.44957538 0.08509122 0.04442965
v 0.44939393 0.09302809 0.04521178
v 0.51853424 5.47666830 0.12717670
v 0.28509680 5.27250173 0.04952475
v 0.41244886 5.40262891 0.04544006
v -0.37280961 5.59131655 0.04477701
v 0.06953340 5.05387497 0.04541669
v 0.41638218 5.40281621 0.04556297
v -0.34292127 5.32116594 0.04482644
v 0.32898298 0.20409741 0.04558054
v 0.33291629 0.20409741 0.04558054
v 0.38309576 0.20324659 0.04261907
v -0.17122708 0.20278631 0.04566255
v -0.24624102 0.20784343 0.04572402
v -0.23193007 0.20716446 0.04874168
v -0.13746343 0.20226494 0.04691431
v -0.25876069 0.20839194 0.04997298
v 0.22997111 5.27100333 0.04514084
v -0.34505387 5.31834358 0.04912179
v 0.42614523 5.40281621 0.04672628
v 0.23687878 5.31278053 0.04763420
v 0.27403361 5.76205899 0.04597564
v 0.26249705 5.31361424 0.05058499
v 0.26700471 5.74294846 0.05345761
v -0.50873129 5.65286267 0.04566992
v 0.41766402 0.20324871 0.05992659
v 0.36228153 5.35730213 0.06345989
v -0.37812416 5.60903430 0.04488997
v 0.46117070 5.73547286 0.00250947
v 0.21538507 5.35355612 0.04633561
v -0.31806207 0.00459538 0.05667860
v -0.51618887 5.70027242 0.06988152
v -0.51525170 5.74651303 0.04644692
v 0.21786680 5.35355612 0.04657559
v 0.21784339 5.35355612 0.04660486
v 0.45126694 5.61484062 0.04495717
v 0.35515039 5.60113914 0.02468943
v 0.20626168 0.21393860 0.00659443
v 0.22151917 5.35355612 0.04693849
v 0.22149575 5.35355612 0.04698824
v 0.06000557 0.29552358 0.03747360
v 0.22729037 5.35374342 0.04744332
v 0.29486330 5.31178968 0.04610371
v 0.22524177 5.35355612 0.04735991
v 0.42174073 5.62562212 0.04899895
v -0.37502784 5.60528829 0.05418330
v 0.43653597 5.40396901 0.03169001
v 0.22905075 5.35356380 0.04768977
v 0.24525953 5.35467992 0.04842811
v 0.53365784 5.47401891 0.04927993
v 0.24785833 5.37078779 0.03344990
v -0.31554231 0.00246819 0.04960321
v 0.45254439 5.49914731 -0.00690230
v -0.19375584 5.69247677 0.08243057
v 0.44545037 0.02785914 0.05434927
v 0.24299611 5.35392770 0.04879244
v 0.24424109 5.31347377 0.04898562
v 0.06347259 0.29550860 0.05629585
v 0.45718972 5.39137232 0.07470429
v 0.29275053 5.31212169 0.04610422
v 0.25844667 5.35446921 0.05052171
v 0.40373938 5.28575326 0.06114405
v 0.44918839 0.08526950 0.04545635
v 0.44798917 0.09321539 0.04921533
v 0.42827577 5.40300351 0.04924460
v 0.25659688 5.31365992 0.04962783
v -0.18048675 0.20344186 0.05154058
v 0.32497942 0.20428471 0.04954898
v 0.32696950 0.20419106 0.04756476
v -0.18650378 0.20391011 0.04954905
v 0.37596497 5.61102627 0.10878729
v 0.38246904 0.20334821 0.04759548
v 0.38842754 0.20334821 0.04958994
v 0.31348881 0.00030357 0.05122720
v -0.13084035 0.20297361 0.02148173
v 0.50518941 5.41023282 0.04758613
v -0.37973961 5.60714944 0.04740405
v -0.25033822 0.20803073 0.04780335
v 0.53360901 5.47511429 0.04617168
v 0.22028026 5.27187014 0.04536622
v 0.24027265 5.31347377 0.04999675
v 0.24254367 5.31347377 0.05016357
v 0.24254367 5.31347377 0.05016357
v -0.49288534 5.59642321 -0.00523066
v -0.50977315 5.65866899 0.05018123
v 0.44419048 0.20238829 0.04136333
v 0.24350944 5.31347377 0.04998285
v 0.24643016 5.31347377 0.05040355
v 0.29537223 5.39346585 0.04887612
v -0.37387477 5.60650574 0.05201325
v 0.28202316 5.30246985 0.05414736
v 0.25123560 5.31347377 0.05038891
v -0.48587329 5.56710821 0.05398851
v 0.34123288 5.30040369 0.04871819
v -0.15926415 0.20262242 0.05851469
v -0.49853511 5.89542881 0.04750744
v 0.35255946 5.32059119 0.03951082
v -0.36871877 5.60628302 0.05237510
v 0.44614015 0.00115061 0.05273737
v 0.44624494 0.07617102 0.05352910
v -0.42122669 5.42716530 0.18555868
v 0.41942581 5.40239478 0.05578842
v 0.44728680 0.08712811 0.05098883
v 0.43197496 5.40300351 0.04941727
v 0.43562733 5.40281621 0.05282087
v 0.44685366 0.09728918 0.05242432
v 0.12394580 5.15677267 0.00788967
v 0.39820090 5.37263197 0.05268742
v 0.44777846 0.10716929 0.05009477
v 0.44677172 0.11306926 0.05297890
v 0.28155778 5.31394111 0.05029989
v -0.31514346 0.00224521 0.04971158
v 0.31001878 5.27301681 0.05657861
v 0.49916727 5.41617017 0.07069107
v 0.38497401 5.29236056 0.04759327
v 0.30006843 5.35505453 0.05334182
v 0.30334034 5.33562208 0.04553591
v 0.38842754 0.20353551 0.05351740
v -0.20357742 0.20508074 0.04354225
v 0.29940647 0.20501652 0.06358822
v -0.14587782 0.20222441 0.05102111
v 0.53358560 5.47342858 0.05355835
v 0.26561678 5.74501463 0.05594062
v -0.20218312 5.72312756 0.02697161
v 0.44540947 5.61699169 0.04971172
v 0.02757950 0.29489144 0.05492952
v 0.24362080 0.20551323 0.03932893
v 0.03353142 0.29498509 0.05171029
v -0.11089281 5.66204041 0.05454177
v -0.34638665 5.56691578 0.05038799
v 0.03138809 5.34566618 0.05868867
v 0.42495118 5.27788663 0.05359349
v 0.44611617 0.10660739 0.05479338
v 0.35122494 5.37341000 0.04515911
v 0.28594478 5.35479699 0.05381007
v 0.44610592 0.15086450 0.05452871
v 0.30030256 5.35467992 0.05498655
v -0.11775888 5.66114907 0.05512284
v 0.30409539 5.35467992 0.05528507
v 0.28061254 5.31394202 0.05483876
v 0.42593451 5.27779298 0.05717854
v 0.38874361 5.80392070 0.05843258
v 0.27371480 5.35615581 0.04474513
v -0.34264530 5.32030439 0.05169671
v 0.07567783 0.29530831 0.06106854
v 0.51017505 5.41756241 0.03083012
v 0.30253278 5.27313517 0.05558384
v -0.10978071 5.66166580 0.05653770
v 0.31006561 5.27339141 0.05668982
v -0.38947926 5.45170170 0.15038127
v 0.42944640 5.27807393 0.05691222
v -0.19470111 5.62108008 0.07963752
v 0.32622029 5.27348506 0.05673810
v 0.43567415 5.40262891 0.05711708
v 0.46475259 5.45919373 0.05725755
v 0.39680925 5.32115309 0.05647910
v 0.40265069 5.32091897 0.05891108
v 0.53453967 5.46663893 0.03077918
v 0.53412409 5.46603020 0.06263366
v 0.04702366 0.29521921 0.05830167
v 0.35483755 0.20374014 0.04947500
v 0.04824477 0.00125073 0.05802986
v 0.32307913 0.20460785 0.05877602
v -0.17650660 0.20381646 0.07160663
v 0.39624735 0.20344186 0.05560405
v 0.31070872 0.20456566 0.05018651
v 0.45760187 5.61295445 0.05647966
v -0.11371403 5.66152533 0.05513148
v 0.40022031 0.20334821 0.05768909
v 0.02551423 0.29475049 0.05777750
v -0.15050692 0.20222441 0.05772589
v -0.11933305 0.20278631 0.05979790
v 0.31175131 5.27301681 0.05784874
v 0.31175131 5.27301681 0.05784874
v 0.38726862 5.40094320 0.05864476
v 0.30658998 5.35445511 0.05828729
v 0.31416281 5.27301681 0.05802434
v 0.31416281 5.27301681 0.05802434
v -0.43752190 5.58712012 0.05805370
v -0.01458900 0.28991698 0.05622548
v 0.31802589 5.27320411 0.05832285
v 0.43378765 5.61799294 0.07445890
v 0.07325747 0.29531286 0.05653255
v -0.51104914 5.66489674 0.05637971
v 0.40223556 5.32078312 0.05918422
v 0.29614717 5.36902955 0.03609087
v 0.53375620 5.47003984 0.05961022
v 0.30004502 5.35458627 0.05646740
v 0.39273546 5.40094320 0.06279464
v 0.43253686 5.27816758 0.05866231
v -0.45906148 5.58150110 0.05879706
v -0.12082938 0.20278631 0.06011600
v 0.40069574 5.32040389 0.06090408
v 0.43230274 5.37734331 0.06094504
v 0.44325983 5.40244161 0.06082213
v 0.44270946 0.04825671 0.06310922
v -0.31891372 0.00218724 0.06151875
v 0.44391538 0.14097707 0.06103284
v -0.32206039 0.20740381 0.04132608
v 0.43202179 5.40262891 0.05721073
v 0.46498418 5.46007466 0.05628378
v 0.39020690 5.40094320 0.06133136
v 0.44897250 5.31815628 0.07520258
v -0.11983313 5.68794058 0.09629593
v 0.37654565 5.80897782 0.06089822
v 0.38692986 0.20359959 0.05707014
v 0.31392868 0.20482320 0.06407064
v -0.16860378 0.20287444 0.05872074
v -0.49279866 5.57316096 0.06027882
v -0.14267540 0.20222441 0.06172358
v -0.12302638 0.20269266 0.06755332
v -0.13022064 0.20240000 0.05369755
v 0.40842190 0.20334821 0.06199276
v -0.41532237 5.58722840 0.07139943
v -0.45730823 5.57942543 0.06438516
v -0.29374518 5.39658846 0.06339175
v 0.38283233 5.80798392 0.06085144
v -0.51141203 5.66278961 0.06230895
v 0.02116152 0.29484461 0.05769660
v 0.07217610 0.29531286 0.06248447
v 0.04466102 0.29510981 0.06408397
v 0.06865835 0.29531286 0.06254300
v 0.06456555 0.29259700 0.09217017
v 0.06852227 0.29538310 0.05713981
v 0.36485689 5.38014237 0.07143563
v -0.50475133 5.61207891 0.06997350
v 0.41633535 5.32077849 0.06276537
v -0.52856176 5.78195969 0.10867027
v 0.26082092 5.73747398 0.06996805
v 0.16761681 0.23914606 0.07027792
v 0.38730374 5.40056860 0.06400039
v 0.53344513 5.47174287 0.06037142
v 0.49701050 5.34145956 0.03849080
v 0.44840079 5.40165971 0.08565988
v 0.38875532 5.81431589 0.06605485
v 0.37632323 5.81487779 0.06522370
v -0.32081494 0.05292242 0.06847209
v 0.05121598 0.00125073 0.06349999
v 0.41221474 5.32002929 0.06553976
v 0.32693438 0.20465931 0.06757374
v 0.28426345 0.20508367 0.05668662
v 0.25962023 0.20494027 0.06463913
v 0.41027149 5.32021659 0.06397990
v 0.28202315 0.20503392 0.06609839
v -0.17452824 0.20353551 0.06563349
v -0.15253797 0.20231806 0.06170018
v -0.28081152 0.21030779 0.06651137
v -0.14271637 0.20231806 0.06769087
v -0.14657173 0.20233678 0.06808712
v 0.40233462 0.20353551 0.06381601
v -0.26917145 0.20914868 0.05641827
v -0.49235419 5.57251066 0.06582084
v 0.40439493 0.20353551 0.06586169
v 0.40640841 0.20353551 0.06393307
v 0.30143339 5.37827908 0.04944563
v -0.16357113 0.00293644 0.27771060
v 0.05685535 0.29531291 0.06988459
v 0.18320447 0.23842027 0.06387897
v -0.51206759 5.66484992 0.06738070
v 0.06478357 0.29531286 0.06626560
v 0.21758585 0.20391011 0.06630655
v 0.51644181 5.45762544 0.06246814
v -0.31801158 0.07584403 0.05650106
v 0.36475723 5.27539558 0.06463140
v -0.32067552 0.04704576 0.06806550
v 0.39933781 5.40094320 0.06810345
v 0.47600362 5.40335134 0.08805186
v 0.17908386 0.23837344 0.06810933
v 0.37183952 5.82263147 0.07030957
v 0.03544467 0.29475096 0.06864784
v -0.28591526 5.47701034 0.03458627
v -0.46079401 5.38183853 0.06884691
v -0.32874188 0.19025472 0.07224410
v 0.44141786 0.13034053 0.06853393
v -0.45952973 5.57709953 0.06806844
v 0.26565190 0.20484662 0.06947310
v 0.26951498 0.20503392 0.06947895
v 0.28918157 0.20503392 0.06953163
v -0.29212972 5.40131780 0.06598470
v 0.46660218 5.36114180 0.07058517
v 0.32495601 0.20465931 0.06956089
v 0.38242807 0.20398035 0.07404439
v -0.17453995 0.20353551 0.06961363
v -0.30480761 0.21261960 0.11169194
v -0.16960282 0.20320773 0.06863762
v -0.14806177 0.20255218 0.07319869
v -0.11212197 0.20353551 0.07774365
v -0.12968719 0.20256176 0.07241023
v -0.12320220 0.20277355 0.07305855
v 0.40448858 0.20353551 0.06981841
v -0.29265136 5.40019896 0.06741362
v 0.05202225 0.29512556 0.07174122
v 0.03942701 0.29489144 0.06714065
v 0.34568695 5.39929521 0.06909632
v 0.06651318 0.29521921 0.07187877
v 0.05845120 0.29540651 0.06303540
v -0.29308963 5.39944480 0.07004678
v 0.41555103 0.20339504 0.07703389
v 0.03377945 0.29475096 0.07008771
v -0.32118231 0.04638811 0.06991460
v 0.41198061 5.31909279 0.07016375
v -0.50283205 5.61472064 0.06593452
v 0.45201614 5.38483534 0.07027495
v 0.44794235 5.38483534 0.07035690
v 0.38730374 5.31778168 0.07224748
v 0.03518933 0.29479779 0.06646900
v 0.38543073 5.31796898 0.07042129
v 0.17742156 0.23837344 0.07043303
v 0.06817840 0.29409541 0.09055617
v 0.46532958 5.60483106 0.06511404
v -0.46607941 5.54504769 0.10101655
v 0.46078752 5.37018710 0.06901858
v -0.33037123 0.12023352 0.09161784
v -0.46130909 5.38015282 0.07094819
v 0.39432521 5.39916653 0.07144043
v 0.08790351 0.29503191 0.02997242
v 0.17234396 0.23856075 0.07260455
v 0.25995093 5.72141473 0.07632129
v 0.43197496 5.37715601 0.07131097
v 0.50620458 5.79268266 0.11240591
v 0.17470570 0.23837344 0.07200752
v 0.40270922 5.82030951 0.07222406
v 0.40476953 5.82012221 0.07237624
v 0.43281928 5.61295006 0.08782306
v 0.43733644 0.17998244 0.07846498
v 0.43942017 0.17300549 0.07296741
v 0.44082492 0.17300549 0.06895800
v 0.43951382 0.06530758 0.07308447
v 0.43885826 0.06816391 0.07508918
v 0.41913695 0.00031289 0.13203446
v 0.03629850 0.00125073 0.07644862
v -0.14172134 0.20273948 0.08263103
v 0.32545353 0.20475297 0.07348762
v 0.38643747 0.20391011 0.07156266
v 0.38842754 0.20391011 0.07357029
v 0.26155470 0.20465931 0.07358786
v 0.38203591 5.31721978 0.07362882
v 0.39191602 0.20386329 0.07211285
v 0.25734043 0.20447201 0.07774946
v 0.43512688 5.37706821 0.07588118
v 0.22965358 0.20372281 0.07759545
v 0.21679568 0.20428471 0.05634815
v 0.13759288 0.27723521 0.06554776
v 0.40467588 5.82236982 0.07409121
v -0.32167055 0.00293644 0.06916150
v -0.32247243 0.04901242 0.07423764
v 0.45215661 5.38502264 0.07444239
v -0.32766271 0.16051488 0.07201345
v -0.46070036 5.37809251 0.07100672
v 0.20221551 0.20306726 0.09174141
v 0.25760719 5.73319431 0.08103361
v -0.46343964 5.38165123 0.07490492
v 0.00404070 0.26967608 0.07624303
v -0.28325998 0.21068806 0.07111736
v 0.44171314 0.00032531 0.06496236
v -0.45044966 5.37830187 0.05591246
v 0.36652214 5.82583489 0.07186775
v 0.43853049 0.06530758 0.07605202
v 0.36543638 5.83210946 0.07617494
v 0.46588810 5.44509935 0.08733688
v 0.36424234 5.83398247 0.07732801
v 0.29576417 0.20496953 0.07776518
v -0.07157722 0.00162533 0.07941472
v 0.04135928 0.00125073 0.07743927
v 0.33342364 0.20469005 0.08451645
v 0.04776921 0.00125073 0.07595257
v 0.27946634 0.20479502 0.07870911
v 0.34944266 0.20430813 0.06767187
v -0.32186370 0.04311244 0.07215685
v 0.48346510 5.33878278 0.07726215
v -0.16668502 0.20334821 0.07765001
v 0.50145208 5.46823750 0.07057953
v 0.52522219 5.46025900 0.08338454
v -0.48917007 5.56670434 0.08540547
v 0.47968982 5.35074661 0.07797185
v 0.43800370 0.06221712 0.07749629
v 0.47950252 5.34700059 0.07799526
v 0.21744538 0.20353551 0.07817089
v 0.42064327 0.20297361 0.07817671
v 0.21549042 0.20344186 0.07617496
v -0.32889319 0.16721763 0.07615345
v -0.51213782 5.65923090 0.08081076
v 0.42509166 0.20278631 0.07846937
v 0.43047656 5.37715601 0.07256647
v -0.48973198 5.56670434 0.07755640
v 0.00819241 0.27695739 0.07859234
v -0.17710655 5.87874734 0.07804656
v 0.00820778 0.27283678 0.07872697
v 0.19692482 0.20356399 0.07749755
v 0.01372382 0.27208757 0.08163525
v 0.24117404 5.74154956 0.07459753
v 0.43434549 5.40176264 0.07877666
v -0.17861404 5.87678635 0.08175744
v 0.36435940 5.83697928 0.07952880
v -0.33215937 0.15834921 0.09256458
v 0.37463168 5.82972723 0.07577821
v -0.14882364 0.20278530 0.08209160
v 0.02221951 0.28879652 0.08736829
v 0.43539320 5.40169240 0.08067601
v 0.43532249 5.40162726 0.08069222
v -0.48819845 5.56319245 0.08373879
v -0.20064500 5.69313233 0.08061464
v 0.17289123 0.23818614 0.07588816
v -0.48875888 5.56505221 0.08359525
v 0.29000528 0.20484680 0.07827977
v -0.06447003 0.00162533 0.08441184
v 0.28346889 0.20472955 0.08440155
v 0.27814837 0.20494027 0.07447315
v 0.03734695 0.00125073 0.08143697
v 0.38023648 0.20409195 0.07406794
v 0.38730374 0.20409741 0.08644868
v 0.37824894 0.20409741 0.09652926
v 0.39240768 0.20391011 0.08150131
v 0.39740627 0.20386329 0.07963415
v 0.25727019 5.73546229 0.08436059
v 0.23992219 5.72974376 0.07582176
v -0.13300600 0.20259901 0.07780657
v 0.22372583 5.63160404 0.11382240
v 0.21934180 0.20334821 0.08393624
v -0.35229273 5.30749770 0.10389372
v -0.38349733 5.58140745 0.10230349
v -0.18730127 5.90653808 0.09379884
v -0.33039759 0.17066423 0.08225061
v -0.32973911 0.15933254 0.08159944
v 0.47819141 5.34756250 0.08230903
v 0.05305533 5.36507511 0.04312518
v -0.51159933 5.65492298 0.08246134
v -0.19885393 5.69219582 0.08253154
v 0.43670430 5.40169240 0.08254901
v 0.43670430 5.40169240 0.08255487
v -0.52548396 5.75483787 0.10814372
v 0.43909239 5.40169240 0.08306994
v 0.43913921 5.40169240 0.08308750
v -0.42513371 5.49102900 0.00613914
v -0.12718797 0.20278631 0.07929474
v -0.33798497 5.30578953 0.08192322
v 0.44288523 5.40187971 0.08475565
v 0.44297888 5.40150510 0.08480833
v -0.48753119 5.56080437 0.08494893
v 0.38840413 0.20400376 0.07956099
v 0.38430693 0.20409741 0.08535853
v -0.07462085 0.00162533 0.08540542
v 0.03427916 0.00125073 0.08443232
v 0.39245744 0.20389841 0.09871724
v -0.19805791 5.69013551 0.08565712
v -0.11043223 0.20347896 0.08804627
v 0.21732831 0.20316091 0.08593802
v 0.21337159 0.20316091 0.08604337
v -0.32748189 0.01861172 0.08949732
v -0.18597784 5.90104613 0.10120661
v -0.53099161 5.80944758 0.10056637
v 0.21479924 5.67349353 0.08963867
v 0.42741711 0.19684002 0.10685744
v -0.51178663 5.65529758 0.08677511
v 0.19163300 0.20344186 0.08566584
v 0.36336437 5.84006974 0.08155838
v 0.17447304 0.20414424 0.09562718
v -0.48664151 5.55865041 0.08889395
v -0.17697186 5.86531923 0.08631581
v 0.19725660 0.20318894 0.08940249
v -0.48722683 5.56160039 0.09317991
v 0.03531298 0.00125073 0.09141658
v 0.03737036 0.00125073 0.08940896
v 0.27693679 0.20447201 0.08942063
v 0.04335539 0.00125073 0.08568672
v 0.27031102 0.20458908 0.08385502
v -0.16468471 0.20381646 0.08809276
v -0.13885915 0.20297361 0.08962554
v 0.43463202 0.05202462 0.08747633
v 0.22925630 5.67730541 0.06449391
v 0.42253969 5.70081166 0.08935915
v -0.48926372 5.56764084 0.08980704
v -0.49209665 5.57588207 0.08918076
v -0.33155649 0.15671033 0.09022259
v -0.33139261 0.15277702 0.09022845
v -0.51589811 5.68241801 0.08892790
v 0.25969120 5.72867849 0.07581773
v 0.17867013 0.20386526 0.09366873
v -0.17812207 5.87125531 0.08557517
v 0.39227732 5.68566280 0.10892832
v 0.39746892 5.89498329 0.13341679
v 0.19612824 0.20325456 0.09122633
v 0.20030738 0.20316091 0.09199017
v -0.13243239 5.86404423 0.09740877
v -0.33193332 0.14348605 0.09405738
v 0.43378944 0.14992068 0.09027810
v -0.40808788 5.37472403 0.13759305
v 0.03325852 0.00125073 0.09341251
v -0.02591816 0.00157799 0.09146973
v 0.14103044 5.84391510 0.10391868
v 0.29096095 0.20447201 0.09568642
v 0.27687551 0.20428711 0.09782205
v 0.38421328 0.20409741 0.09361147
v -0.11519341 0.20346527 0.09262821
v 0.38828707 0.20409741 0.09365829
v -0.14271052 0.20316091 0.09367007
v -0.13394250 0.20302043 0.09267650
v 0.27296836 0.20405059 0.10074062
v -0.17772998 5.86028802 0.10777391
v 0.23734610 0.20334821 0.09377537
v 0.23348302 0.20334821 0.09378708
v -0.17621395 5.86320138 0.08174136
v 0.22531203 0.20316091 0.09385732
v -0.17944488 5.87481402 0.09386323
v 0.21820631 0.20302043 0.09297935
v 0.05338750 0.27077647 0.09405928
v -0.51433861 5.66906418 0.10016711
v 0.05677062 0.26871616 0.09443096
v -0.51621161 5.69102519 0.07902116
v -0.32985615 0.03416883 0.09897598
v 0.06109609 0.27695739 0.09459484
v 0.05875045 0.23429965 0.10724642
v 0.06545669 0.25373210 0.09489335
v 0.06556790 0.24830038 0.09514503
v 0.06786233 0.24305596 0.09544354
v -0.37112377 5.58693282 0.09710005
v 0.02524264 0.00125073 0.08944993
v -0.09056339 0.00181620 0.10492874
v 0.03737036 0.00125073 0.09744533
v -0.17362022 0.00211644 0.02857722
v 0.35846317 0.20457872 0.09251382
v -0.29073080 5.41297727 0.07776928
v -0.14049511 0.20360575 0.10266782
v -0.36655832 5.29137228 0.09398617
v -0.30084599 5.38386293 0.11450851
v 0.28887723 0.20428471 0.09780819
v 0.21028993 0.20280972 0.09644881
v 0.26212833 0.20393352 0.09866861
v -0.33218773 0.06593661 0.10734611
v -0.51711885 5.68882441 0.09468198
v -0.31255571 5.35746602 0.11282745
v -0.51815486 5.69500533 0.09807169
v -0.51305091 5.66513087 0.08233550
v 0.21351208 5.67688399 0.09742774
v -0.51918501 5.70268466 0.09817704
v 0.20881347 0.20271607 0.09987985
v -0.46795526 5.36850595 0.08957039
v 0.22424354 0.20275672 0.10076404
v 0.19006436 0.20316091 0.09874471
v -0.18105157 5.88183780 0.09399639
v 0.22583881 0.20297361 0.09977193
v 0.48519488 5.45758545 0.09698277
v -0.37386304 5.58524711 0.09951155
v -0.13260799 5.86526169 0.10048899
v -0.33540786 0.11597242 0.11046278
v -0.52184234 5.72665915 0.09938133
v 0.04386114 0.00125073 0.09693903
v -0.09160669 0.00195311 0.11146071
v 0.23487638 5.64820202 0.07915677
v -0.14211473 0.20377279 0.10612223
v 0.42912335 0.00039224 0.10237869
v 0.23741634 0.20316091 0.10175321
v -0.19237742 5.68325221 0.06521500
v -0.51895089 5.69893865 0.10208109
v -0.48630935 5.69932496 -0.05749676
v -0.51905453 5.69467348 0.11456522
v -0.38987782 5.33731133 0.11247688
v 0.19717652 0.20298868 0.09908387
v -0.43590700 5.53819147 0.18858600
v -0.37124083 5.58449791 0.10228008
v -0.33251641 0.10108202 0.10307611
v -0.17910540 5.87275372 0.09618693
v -0.15980903 5.89884558 0.20179144
v -0.44948645 5.53450032 0.17402104
v -0.13252604 5.86507439 0.10459790
v -0.13345084 5.86853945 0.09884718
v -0.33892736 0.00214803 0.12567880
v 0.33888653 0.20428471 0.10950277
v -0.07609731 0.00174240 0.08790837
v 0.03174805 0.00125073 0.10345066
v -0.00111097 0.00138662 0.04852434
v 0.28380253 0.20423789 0.10073330
v 0.26907016 0.20391011 0.10168298
v -0.11654519 0.20350219 0.10044608
v 0.28883041 0.20419106 0.10365549
v 0.38140015 0.20408998 0.10360085
v 0.23109494 0.20297361 0.10559288
v 0.38430693 0.20391011 0.10562798
v -0.12341269 0.20360575 0.10661869
v 0.21188491 5.68849663 0.10835264
v 0.39662195 0.20372281 0.10580357
v 0.20161849 0.20278631 0.10604944
v -0.33338268 0.10089472 0.10608462
v 0.19602983 0.20294434 0.10697954
v 0.49280087 5.46275244 0.11000612
v -0.51220806 5.65688964 0.09743296
v -0.33750312 0.20983823 0.11200670
v 0.18388344 0.20344186 0.10085184
v -0.31030062 5.57464918 0.14005264
v -0.33669556 0.17244359 0.10877122
v -0.33630925 0.16851028 0.10775862
v 0.51029008 5.78444143 0.11066167
v -0.34055863 0.19969585 0.12109209
v 0.46419215 5.44430917 0.10683445
v 0.02407377 5.36755685 0.10444204
v 0.03921868 0.00125073 0.11181847
v -0.01070826 0.00155510 0.11919563
v -0.14106728 5.70033752 0.07861807
v 0.04400899 0.00141031 0.28849572
v -0.27038376 5.86035675 0.16040915
v 0.20961027 5.67693955 0.12191518
v 0.25698750 0.20363500 0.10538301
v 0.38025657 0.20391011 0.10965495
v 0.23228898 0.20297361 0.11160992
v -0.29768433 0.21290055 0.10870975
v 0.38430693 0.20391011 0.10970177
v -0.29165133 0.21310647 0.10996888
v 0.38639065 0.20391011 0.11165672
v 0.21194010 5.65656399 0.11214407
v -0.33306662 5.34009388 0.03119661
v 0.21560750 5.67032846 0.08697841
v -0.33365777 0.09902171 0.10741036
v -0.33623901 0.16532616 0.10796934
v -0.51407284 5.66669067 0.10421381
v 0.50858096 5.78809379 0.11204301
v -0.02964153 0.23420667 0.06404221
v -0.53648270 5.90346047 0.08617335
v -0.31541937 5.35205771 0.11115345
v -0.31635002 5.35027836 0.11488190
v -0.31528474 5.35224501 0.11303816
v 0.38421328 5.68208158 0.11309659
v 0.39595469 5.68247667 0.11730994
v -0.04851873 0.00171898 0.11944147
v -0.03469360 0.00162533 0.11345954
v 0.34427259 0.20409741 0.11346885
v -0.03067870 0.00162533 0.10895701
v -0.00933950 0.00151855 0.11562411
v 0.02921107 0.00125073 0.11746310
v 0.36813715 0.20415336 0.10889886
v 0.32092907 0.20409741 0.11354144
v 0.32052374 0.20440178 0.10061111
v 0.24895289 0.20344186 0.10787341
v -0.12285664 0.20391011 0.11357662
v 0.29043885 0.20411891 0.11175581
v -0.13086375 0.20428471 0.11761530
v -0.30275901 0.21290055 0.11368201
v -0.30171129 0.21294737 0.11768556
v -0.28829587 0.21318150 0.10877999
v 0.22290639 0.20270436 0.10702397
v 0.21009970 5.70010928 0.12151638
v -0.08506872 0.20810097 0.11915613
v -0.01782043 0.22039258 0.12027846
v 0.48476407 5.43291061 0.11923296
v 0.11811161 5.81136591 0.11798402
v 0.34647703 5.49252172 0.08659255
v 0.38547756 5.68133238 0.11514519
v 0.50900238 5.78865569 0.11539101
v -0.48236872 5.54605443 0.09830581
v -0.25897561 5.41175033 0.14116921
v 0.51195237 5.78303667 0.11635093
v 0.51288887 5.78163192 0.11824735
v 0.50860437 5.79155885 0.12119734
v 0.42329913 0.01289850 0.11974650
v -0.21420818 5.71809015 0.17040631
v 0.42307818 0.03187440 0.12076421
v 0.12021435 5.82712258 0.11186162
v -0.40106264 5.34674306 0.11294599
v 0.12104843 5.85245500 0.11168457
v 0.33014192 0.20393352 0.12234055
v 0.01738481 0.00143803 0.28105858
v -0.08263381 0.00181263 0.11743970
v -0.07069923 0.00181263 0.11743970
v 0.03528664 0.00125073 0.11942975
v -0.02675656 0.00167190 0.14396944
v -0.11309652 0.20391011 0.10956429
v 0.12993554 5.92864929 0.12662734
v 0.39356661 0.20367599 0.10973981
v -0.13485560 0.20428471 0.11761530
v -0.53398177 5.80574688 0.12301780
v -0.02637335 0.22041599 0.11739725
v 0.20760626 5.57920666 0.22965036
v 0.21063234 5.69107202 0.11788450
v -0.33601367 0.17703246 0.10548907
v 0.50928333 5.78903029 0.11809517
v -0.53133052 5.74742600 0.15071183
v 0.11829306 5.81843651 0.11831764
v -0.51731201 5.68245618 0.11844649
v -0.47960245 5.53839958 0.11776943
v -0.16999790 5.66466262 0.11628664
v -0.47317640 5.41852478 0.13199044
v -0.15691922 5.85297300 0.12469633
v -0.36033749 5.33352959 0.12595037
v 0.20925685 5.67641574 0.12276895
v 0.38596922 5.68100460 0.11616657
v -0.31509744 5.35243232 0.12067067
v -0.03211967 0.22031063 0.12069330
v -0.19777777 5.79373666 0.11548903
v 0.34862616 0.20391011 0.12138466
v 0.35060453 0.20381646 0.12349179
v 0.03730305 0.00125073 0.12140812
v 0.36939898 0.20367599 0.12463608
v -0.08065252 0.00190629 0.12141984
v -0.07070509 0.00181263 0.12943865
v 0.02921108 0.00125073 0.12143153
v 0.37236653 0.20372281 0.12144319
v -0.03768236 0.00162533 0.11846399
v -0.04458103 0.00171898 0.12744857
v 0.37634667 0.20372281 0.12146660
v -0.11110405 0.20447172 0.12143693
v -0.11791073 0.20451884 0.12255827
v -0.01806851 0.22017016 0.12783048
v 0.38811147 0.20351210 0.12156024
v 0.28475660 0.20391011 0.12163050
v -0.12812740 0.20451884 0.12315896
v -0.13682225 0.20447201 0.11964049
v 0.30672202 0.20399206 0.12898242
v 0.19797783 0.20278631 0.11152506
v 0.21054416 0.20237640 0.12284133
v -0.49400987 5.58666739 0.11286467
v -0.49334922 5.58740107 0.12480594
v -0.01969198 0.22039258 0.12199343
v -0.34032451 0.04138576 0.13237111
v -0.51815486 5.68638950 0.12245005
v -0.52021517 5.69598866 0.12874803
v 0.50969077 5.79811272 0.12368397
v 0.21142836 5.65117696 0.11675776
v 0.00999592 0.22039258 0.12343331
v 0.42209485 0.02597443 0.12355031
v 0.19036689 5.70969941 0.13154323
v -0.14145795 5.89410600 0.12387817
v 0.03229925 5.44217256 0.16210129
v 0.51773382 5.77056361 0.13276170
v -0.30579387 5.41452250 0.12833683
v 0.42219435 0.20029287 0.11686675
v -0.31752065 5.34831170 0.13170385
v -0.12948825 5.89153061 0.15197108
v -0.08365226 0.20915453 0.12536486
v -0.08110614 0.21027834 0.12537656
v -0.07646255 0.00181651 0.12719858
v -0.04654329 0.00181263 0.12543510
v -0.05050588 0.00181263 0.12543510
v -0.08010817 0.21093389 0.12668767
v 0.24130283 0.20316091 0.12953225
v -0.33831808 0.12607428 0.11972947
v 0.33659209 0.20372281 0.12984831
v -0.11892333 0.20465931 0.12564581
v 0.23256408 0.20302043 0.10355891
v 0.21827216 0.20266924 0.14513894
v 0.42139247 0.02597443 0.12571598
v -0.13500009 0.20523306 0.13360434
v -0.28811442 0.21318150 0.13757455
v -0.48158805 5.55332697 0.15090001
v 0.31714674 0.20387163 0.12679763
v 0.06021520 0.23352704 0.10662745
v -0.53468415 5.80682386 0.12605559
v -0.00775302 0.22020527 0.12632476
v 0.11793016 5.87612513 0.12819776
v -0.01327619 0.22001797 0.13538543
v 0.11808820 5.82424283 0.12016724
v 0.00833875 0.22020527 0.12724956
v 0.01630196 0.22020527 0.12740174
v 0.02813117 0.22039258 0.12548191
v 0.18540380 5.69900889 0.11826642
v 0.49383102 5.57606938 0.12832647
v 0.41591392 0.19693316 0.13831195
v -0.33810344 0.10708947 0.12101711
v 0.20690973 5.65941820 0.13698917
v -0.03126072 0.22020527 0.12913427
v -0.53644009 5.81113178 0.13226578
v -0.08263381 0.00199994 0.12942694
v 0.03827468 0.00125073 0.12741052
v -0.04136157 0.00184549 0.13164779
v -0.05129001 0.00181263 0.13082767
v -0.05051173 0.00181263 0.12945035
v -0.49418037 5.59142803 0.12962601
v -0.11892333 0.20484662 0.12967277
v 0.19766176 0.20278631 0.13391042
v -0.13483217 0.20536169 0.13460406
v 0.38880215 0.20316091 0.12971953
v -0.48899448 5.58037729 0.15715776
v 0.11967440 5.90590594 0.12554043
v -0.48940420 5.57569477 0.13169217
v 0.38094344 0.20324216 0.13106755
v 0.17217716 0.20414424 0.18464844
v 0.35475002 0.20332480 0.13879777
v 0.11763750 5.87799814 0.12984835
v -0.33969822 0.06006316 0.13074686
v -0.49250637 5.58992963 0.14667916
v -0.23545273 5.42033834 0.13124174
v 0.01659169 0.22001797 0.13115946
v 0.02047379 0.22001797 0.13122970
v 0.49111516 5.57700588 0.13137011
v 0.06005424 0.22076718 0.13142870
v -0.34185511 0.08399083 0.13587129
v -0.34102103 0.05308621 0.13488211
v 0.41669825 0.16008174 0.13897336
v -0.34021915 0.05313303 0.13245891
v -0.02661918 5.63263419 0.13254080
v 0.49237944 5.57550747 0.13262268
v 0.14876457 5.69762754 0.13276320
v 0.14844850 5.69762754 0.13282173
v 0.03071319 5.39376285 0.15221228
v 0.20821489 5.66417521 0.13139185
v -0.03512342 0.22001837 0.12911178
v -0.34515793 0.20882706 0.13979769
v -0.00139688 0.00155966 0.13865174
v 0.25697244 0.20358819 0.12653910
v 0.24528297 0.20334821 0.13344216
v -0.06259263 0.00181263 0.13345391
v -0.03768309 0.00167216 0.13246179
v 0.24127942 0.20316091 0.13347727
v 0.36180745 0.20400376 0.11535226
v 0.23732269 0.20297361 0.13351239
v 0.27309713 0.20391011 0.13749253
v 0.28323648 0.20396756 0.13400066
v 0.31067436 0.20381646 0.13553172
v 0.19356456 0.20297361 0.13362947
v -0.49223712 5.58573878 0.13392368
v -0.25719223 0.21369657 0.13070880
v 0.33659209 0.20353551 0.13365286
v -0.27590849 0.21372391 0.12574282
v 0.11666589 5.87781084 0.13401579
v 0.20201650 0.20278631 0.13942116
v 0.20674877 0.20259901 0.12466976
v 0.15892415 0.20881350 0.09034900
v -0.31057881 5.41555266 0.13410949
v -0.00016551 0.22035746 0.12336380
v -0.18739216 5.59636973 0.15341929
v 0.01293932 0.22001797 0.13457770
v -0.16913894 5.65597655 0.14558165
v 0.15042685 5.69837675 0.13118285
v 0.02862283 0.22001797 0.13501083
v 0.03264395 0.22001797 0.13508107
v -0.13844942 5.66232136 0.13512207
v 0.04675296 0.22036916 0.13370118
v 0.41487499 0.05099078 0.14504527
v 0.05580485 0.22076718 0.13129993
v 0.05949892 0.22054476 0.13831346
v 0.20715557 5.66044835 0.13615217
v -0.31716946 5.34793710 0.13715898
v -0.02658991 5.63244689 0.13613464
v -0.02299462 5.63244689 0.13614634
v -0.53669763 5.81469049 0.13114782
v -0.31227600 5.41722406 0.13616192
v 0.22593832 5.76023281 0.17509536
v 0.34302324 5.66285985 0.13712890
v 0.41738824 0.17307370 0.13631353
v -0.14983324 5.88284562 0.14586151
v -0.03127536 0.22001797 0.13716479
v -0.15310644 0.20634502 0.13867932
v -0.01114857 0.22001797 0.13737550
v -0.07469694 0.00199994 0.13343049
v 0.26534756 0.20391011 0.13353581
v -0.05051173 0.00181263 0.13745746
v 0.30870770 0.20391011 0.13746911
v 0.24729645 0.20344186 0.13947675
v 0.26923405 0.20391011 0.13748083
v -0.25811118 0.21383705 0.13753943
v -0.48902960 5.57569477 0.13755117
v -0.24403143 0.21353269 0.14503439
v -0.14822818 0.20610684 0.13897681
v -0.18908113 5.67592590 0.13293230
v 0.20004984 0.20278631 0.13763302
v 0.18945564 0.20316091 0.12582137
v -0.31742338 5.34850285 0.13606046
v 0.01313394 0.22001797 0.13803106
v -0.51383304 5.66572496 0.12452188
v -0.04836732 5.92571971 0.13117031
v -0.34318084 0.09911536 0.13811890
v 0.01626154 0.21999456 0.13419871
v -0.34295843 0.09302809 0.13815987
v -0.53322086 5.80162627 0.12187351
v 0.37550138 5.61206770 0.08216372
v -0.01295669 5.92828838 0.14584209
v -0.34901537 5.52183993 0.04967132
v 0.03470718 0.22011162 0.13685457
v -0.49207215 5.58700242 0.14114237
v 0.37959049 5.64289703 0.19083471
v -0.31599593 5.42011270 0.14017403
v -0.31535498 5.41854947 0.14054796
v -0.29436670 5.42626831 0.09388002
v 0.41567980 0.18443084 0.14071174
v 0.41853613 0.18068482 0.13241198
v -0.15634441 5.62236646 0.16442894
v -0.04148435 0.21983067 0.13023028
v -0.03516477 0.21983067 0.14103958
v -0.02528173 0.21992432 0.13922510
v -0.02324923 0.21983067 0.14125029
v -0.31333418 5.35880054 0.14525096
v -0.26877561 5.84531416 0.13951779
v -0.49593631 5.60037164 0.14043384
v -0.34337400 0.09007810 0.13985728
v -0.49691964 5.60556924 0.14726155
v -0.26955993 5.84765542 0.14144933
v 0.26265365 0.20395694 0.14390758
v -0.07864781 0.00199994 0.14144931
v -0.06208486 0.00188287 0.14795948
v 0.24930993 0.20353551 0.14147267
v -0.04187706 0.00181263 0.13996845
v -0.27034425 5.84868557 0.13957632
v 0.24120918 0.20325456 0.14347445
v 0.32813429 0.20358234 0.14802088
v -0.48846770 5.57419637 0.13956465
v 0.02691225 0.21987750 0.14257895
v 0.24367628 0.20339504 0.14836476
v 0.21313652 0.20264135 0.14770362
v -0.16401775 5.66409040 0.12265310
v 0.03864489 0.22011162 0.13691311
v 0.04082080 0.22001797 0.14191755
v 0.05051361 0.22011162 0.14622546
v -0.34774374 0.13827292 0.14775511
v -0.13920797 5.66105093 0.14474750
v -0.53608890 5.79099695 0.14336627
v -0.23113987 5.42885101 0.16069449
v -0.53405196 5.74492097 0.18445245
v -0.31440092 5.41143204 0.14466565
v -0.48809309 5.57382177 0.14294777
v -0.26937263 5.84803002 0.14395448
v 0.52782611 5.74211146 0.14412412
v 0.41451502 0.01773320 0.14541328
v -0.04304311 0.21964337 0.14693955
v -0.48774190 5.57251066 0.14280729
v -0.13777632 5.66447532 0.12522439
v 0.01126112 0.21987750 0.14146978
v -0.48486216 5.56586149 0.15623443
v 0.02492950 0.21983067 0.14518360
v 0.04748023 0.22014834 0.14535196
v 0.03991429 0.22001797 0.14614059
v -0.01108126 0.21983067 0.14135565
v 0.06003300 0.22043669 0.14252998
v -0.13733000 0.20587677 0.14195123
v 0.06551230 0.22034575 0.14630740
v -0.07317951 0.00199994 0.14295210
v -0.05845882 0.00191978 0.16323627
v 0.00870538 0.00145120 0.14768277
v -0.25811118 0.21364975 0.14548800
v 0.30473926 0.20391011 0.14741947
v 0.22648266 0.20287996 0.15241807
v -0.50055737 5.62086937 0.15676121
v 0.36923395 0.20323751 0.14050527
v 0.37953956 0.20296190 0.14330250
v -0.34957541 0.12938784 0.15420775
v -0.53763413 5.79876993 0.14620212
v -0.53946032 5.80682386 0.15020568
v -0.12969515 5.93639611 0.16079882
v -0.49590095 5.60126868 0.14445267
v 0.41401750 0.18351775 0.14586398
v -0.46189441 5.90431389 0.14675816
v 0.41387195 0.02614505 0.14742311
v -0.48412466 5.56108532 0.14687523
v 0.40500368 0.05116637 0.17375277
v -0.11665532 5.92609199 0.14010757
v 0.18587718 5.64066471 0.20027122
v 0.52712373 5.74445272 0.14745456
v 0.52894991 5.73733530 0.14767699
v -0.13828553 5.65894994 0.15123579
v -0.13735268 5.65989815 0.14645377
v 0.02886574 0.21983067 0.14885939
v -0.00189501 0.21964455 0.14967139
v -0.02709328 0.21983067 0.14903499
v 0.41347902 0.07317421 0.14909346
v 0.41428675 0.03531605 0.14646100
v 0.41198061 0.03285773 0.15286581
v -0.49572560 5.60191687 0.14916382
v -0.00153792 0.21983067 0.14279991
v -0.01807614 0.21976044 0.14867794
v 0.52628087 5.74726223 0.14925734
v -0.13639795 0.20626635 0.14892754
v -0.10717021 0.20465931 0.12149007
v 0.28306408 0.20436320 0.16377449
v 0.30249019 0.20391011 0.14000279
v -0.26015978 0.21355610 0.14742540
v -0.25197122 0.21369657 0.14648304
v -0.24596004 0.21346245 0.14944474
v -0.27096615 0.21363804 0.12547902
v -0.07068167 0.00199994 0.14945642
v -0.11446322 5.90637420 0.13289201
v 0.36848004 5.65061506 0.15010021
v 0.36051976 0.20316091 0.14983097
v 0.43028048 0.20155715 0.09205745
v -0.01333026 5.51047594 0.16463502
v -0.15564012 5.65810709 0.15020564
v -0.14454840 5.65866899 0.15024076
v -0.15962026 5.65791979 0.15000663
v -0.15061878 5.65853877 0.15088505
v -0.45807815 5.90403294 0.15061539
v -0.10365465 5.93105107 0.15352802
v -0.34853062 0.12486921 0.15154018
v -0.34798043 0.11887558 0.15063294
v 0.37016322 0.20277922 0.15266862
v 0.19406761 5.63595183 0.19003167
v 0.46296587 5.55970977 0.18681279
v -0.17332248 5.64958491 0.16006527
v 0.41315124 0.08928207 0.15002118
v 0.05446741 0.22011162 0.14797848
v -0.48423543 5.56274638 0.15270603
v 0.41670995 0.15905159 0.13897336
v 0.41216791 0.09340269 0.15290971
v 0.41212109 0.06924089 0.15292142
v 0.40789008 0.04035234 0.16515309
v -0.04309286 0.21964337 0.15293318
v -0.49711865 5.61172675 0.16699690
v -0.36190287 5.40403022 0.21311761
v -0.49978768 5.61643268 0.15039298
v -0.10590381 5.45719133 0.14553099
v -0.13088715 0.20559582 0.13950607
v 0.24923970 0.20372281 0.15344822
v -0.02316929 0.00162533 0.14996417
v 0.03083130 5.42814434 0.18078878
v 0.24514249 0.20353551 0.15348334
v 0.10196279 5.63956432 0.15954723
v 0.18510676 0.20353551 0.14760094
v -0.50452654 5.63102165 0.14353638
v -0.10695949 5.66147850 0.06010665
v 0.36810544 0.20297361 0.15355357
v 0.35299261 0.20323115 0.17345135
v 0.35754636 0.20302043 0.15551145
v 0.36445307 0.20297361 0.15356528
v -0.46449320 5.90047422 0.15642172
v 0.08868565 5.64349763 0.16144365
v -0.49979939 5.61746283 0.15412729
v 0.01228176 5.62956714 0.15469937
v -0.06517313 5.93219828 0.15851563
v -0.27900189 5.43745982 0.10548010
v -0.04944279 5.93231535 0.15634558
v 0.02470123 5.44514617 0.15320828
v 0.41085681 0.07710752 0.15665573
v 0.41136018 0.08197734 0.15525390
v -0.32153737 5.42883930 0.13962755
v -0.49356240 5.59642264 0.15732908
v 0.00396426 5.63918972 0.15684308
v -0.05009761 0.21964337 0.15394286
v -0.04714324 0.21964337 0.15701869
v -0.03534229 0.21974873 0.15401967
v 0.00815950 5.63918972 0.15712404
v -0.07821468 5.93194074 0.15725282
v 0.09474586 0.21973702 0.15725865
v 0.08858249 0.22001797 0.15739327
v 0.37133052 0.20276290 0.16018226
v -0.50237477 5.62720247 0.15744017
v -0.02265952 0.00181263 0.15745181
v -0.00822927 0.00162533 0.15943749
v 0.08650462 0.22011162 0.15536223
v 0.18510091 0.20353551 0.15747520
v 0.19700328 0.20309067 0.15297120
v 0.24210471 0.20339504 0.15656795
v -0.50691682 5.64312303 0.15766259
v 0.22485869 0.20284874 0.15376396
v -0.50766602 5.64574524 0.15768601
v -0.45807815 5.90159803 0.15782647
v -0.07076361 5.93212804 0.15777960
v -0.44806927 5.90481726 0.15428751
v -0.35183180 0.17291184 0.15814838
v -0.05547373 5.93231535 0.15493204
v -0.05130483 5.93231535 0.15856392
v 0.20541718 5.68325221 0.17763930
v 0.41116117 0.06924089 0.15568410
v 0.41015443 0.07317421 0.15869262
v -0.03983266 5.93250265 0.15878633
v -0.03795672 5.93259630 0.15976966
v -0.35280342 0.15352622 0.16159589
v -0.46280750 5.90009962 0.15890345
v -0.04662615 5.91679280 0.16469728
v -0.08051021 5.93196416 0.16390053
v -0.35251076 0.17281819 0.16021454
v -0.35318680 0.17904594 0.16245045
v -0.07290587 5.93194074 0.15622266
v -0.05135238 5.93231535 0.16151830
v -0.22284304 5.44261761 0.16294503
v 0.08215995 5.63944964 0.16832818
v 0.36087095 0.20297361 0.16613784
v -0.05933242 5.93231535 0.16077641
v 0.01704238 5.89991232 0.16085834
v -0.49890971 5.61521523 0.15715922
v 0.00414936 5.63694211 0.16113930
v 0.42651068 5.59876788 0.12298325
v -0.01500799 0.21945607 0.16131489
v -0.00301398 0.21945607 0.16132660
v 0.01852350 0.21978385 0.14728635
v 0.36447649 0.20278631 0.16288349
v -0.23389085 5.43315893 0.16193536
v -0.08063203 0.00199994 0.15944189
v -0.09263098 0.00199994 0.14646546
v -0.00296251 0.00161390 0.16094482
v -0.24599516 0.21346245 0.15341903
v -0.02165826 0.00176581 0.16343666
v -0.02665722 0.00181263 0.15746352
v 0.20147801 0.20297361 0.16146705
v -0.50344585 5.63664945 0.21310361
v -0.14136868 0.20709422 0.16123589
v -0.24654828 0.21290055 0.16548675
v 0.30850869 5.59854546 0.25751718
v 0.13505184 5.68170680 0.16217299
v -0.50635491 5.64312303 0.16573994
v -0.20660055 0.21168309 0.16022111
v 0.38525303 0.20234741 0.15756278
v -0.01152464 5.89766471 0.16234504
v -0.35251076 0.16888488 0.16024966
v -0.22512320 5.43853475 0.16378566
v -0.01579524 5.89729011 0.16274306
v 0.43721257 5.66849590 0.16503185
v -0.35980504 0.00210307 0.20328914
v -0.22905615 5.43559384 0.16330499
v -0.22727679 5.43447003 0.16367960
v -0.22727679 5.43447003 0.16367960
v -0.06750597 5.93228023 0.16660688
v 0.36688798 0.20278631 0.15969938
v -0.22570815 5.43559384 0.16398396
v -0.06260433 5.93231535 0.16391370
v -0.04978301 5.93236217 0.16197338
v 0.21363177 0.20307785 0.17911845
v 0.41085681 0.09536934 0.15667914
v 0.42300209 5.66783502 0.15996202
v -0.05828031 0.21964337 0.16590377
v 0.37876840 5.60187005 0.16771745
v -0.04719591 0.21983067 0.16506092
v -0.04516341 0.21964337 0.16111004
v -0.01896765 0.21945607 0.16524820
v -0.00897912 0.21926815 0.16677379
v 0.01280873 0.21908147 0.17124183
v -0.07866537 0.00199994 0.16541210
v -0.00673713 0.00162533 0.16541209
v 0.14934988 5.69725294 0.13471815
v -0.25003383 0.21290055 0.16548236
v 0.26230977 0.20428471 0.17146714
v 0.06121902 0.21945607 0.16941563
v -0.23055456 0.21271325 0.16556431
v 0.23313183 0.20316091 0.16556424
v 0.43567415 5.66794038 0.16551154
v 0.33951013 0.20317063 0.15373207
v -0.46168369 5.89953772 0.16139689
v -0.22655686 0.21280690 0.15756306
v -0.19753863 0.20796864 0.10444225
v -0.16059554 0.20838192 0.17240077
v -0.19496523 0.21081683 0.17753033
v 0.13770211 5.68133238 0.16365613
v 0.38168180 0.20237659 0.17997760
v 0.10203610 5.43561222 0.16961127
v 0.17696686 5.66962609 0.19514350
v -0.54035585 5.80893100 0.15357563
v 0.01634001 5.89897582 0.16638372
v -0.34875003 0.10930073 0.15417352
v 0.21990628 0.20297653 0.16319427
v 0.01228231 5.89860122 0.16679344
v 0.12906286 5.68077048 0.16301228
v -0.01177705 5.89672821 0.16687538
v 0.35940181 0.20297361 0.16569592
v -0.22175340 5.42930506 0.16427471
v 0.06314470 0.22095448 0.12911085
v -0.23193005 5.45076519 0.15147578
v 0.09061842 5.63991577 0.15910876
v 0.00390249 0.21915171 0.17071431
v 0.31878513 0.20380656 0.16426572
v 0.02670886 0.21889417 0.17317337
v 0.30419689 0.20419040 0.17064810
v 0.35679716 0.20297361 0.16665584
v -0.07569490 0.00209359 0.17038728
v -0.01866767 0.00181263 0.16939223
v -0.01669004 0.00162533 0.16740802
v 0.26918722 0.20428471 0.16940391
v -0.08064959 0.00218724 0.16940395
v 0.26136742 0.20428471 0.16946244
v -0.23048432 0.21271325 0.16959127
v 0.22603197 0.20391011 0.20844441
v -0.09184665 0.22001797 0.20811668
v -0.21773909 0.21187039 0.18165607
v -0.14219544 5.93587406 0.16603255
v -0.20250627 0.21140214 0.16970833
v -0.20880280 0.21176504 0.17295683
v 0.22494472 5.74142911 0.07269365
v 0.44222382 5.66920466 0.16599955
v -0.07868873 5.46104917 0.16935973
v -0.09639042 5.90655376 0.15582155
v 0.20945585 5.69893865 0.18559372
v 0.45501295 5.66934513 0.17167490
v 0.46456237 5.67089037 0.17298966
v 0.45691527 5.66633662 0.17944349
v 0.11345037 5.83348759 0.15726768
v 0.52291024 5.73817815 0.25010670
v -0.06769322 0.21909378 0.16255476
v -0.04060929 0.21971361 0.16952247
v 0.40864276 0.00034545 0.16149132
v 0.06537476 0.21926877 0.17313824
v 0.07496770 0.21919853 0.17759980
v 0.06037544 0.21915171 0.17659013
v 0.00888164 0.21908147 0.17317337
v 0.01085780 0.21908147 0.17516344
v -0.18311519 5.64986786 0.17268682
v -0.01252543 0.21945607 0.16628129
v 0.30134151 0.20407400 0.16052321
v -0.11717615 5.92152214 0.17465422
v -0.11426933 0.20664939 0.15655263
v -0.01867645 0.00181263 0.17739934
v 0.37130711 0.20273948 0.17902939
v 0.27300348 0.20447201 0.17345428
v -0.25974211 0.21321691 0.15588025
v -0.44974327 5.55958691 0.17354802
v -0.25631426 0.21210452 0.17454304
v 0.24872660 0.20381124 0.16755899
v -0.22743483 0.21247912 0.17166036
v -0.22231333 0.21233864 0.17373530
v 0.47730178 5.67271655 0.17513996
v -0.32813826 5.33376077 0.13574911
v 0.32104960 6.00000000 0.17232921
v -0.21429012 5.74077109 0.15986736
v 0.47840215 5.67318480 0.17445221
v 0.02197137 5.44123686 0.17600980
v 0.31008904 5.99449918 0.16494380
v 0.04993053 5.62902422 0.16866300
v 0.53824642 5.50674428 0.18636312
v -0.35407941 5.39914043 0.19910871
v 0.02694152 5.43821605 0.17811928
v 0.02297602 5.43166052 0.17886263
v -0.02583851 0.21945607 0.17615262
v -0.01889816 0.21945607 0.18070431
v -0.01696367 0.21936242 0.17521026
v -0.12678995 0.20765613 0.17734082
v 0.29965434 0.20450713 0.18021832
v -0.01471754 0.00162533 0.17738984
v 0.00951304 0.00162533 0.18143801
v 0.26531683 0.20426130 0.16426850
v 0.28439376 0.20451148 0.17830239
v 0.35651621 0.20316091 0.17746953
v 0.36459355 0.20297361 0.17440248
v 0.25138195 0.20414424 0.18057098
v 0.24365433 0.20351210 0.16028104
v -0.15855946 0.20858026 0.18133041
v 0.01893735 5.44327316 0.18093464
v -0.20641618 0.21158944 0.17765690
v -0.21025584 0.21177674 0.17768031
v 0.07365257 5.63619291 0.17293338
v 0.38385444 5.62439881 0.18797081
v -0.12811012 5.42861863 0.18106886
v -0.17663985 5.91165555 0.17760390
v 0.46466874 5.66874502 0.17798627
v 0.36435942 5.98288654 0.17806070
v 0.16402462 5.67216248 0.17127214
v 0.02165174 5.43596844 0.17903822
v 0.02270238 5.44008905 0.17577216
v 0.08171675 0.21889417 0.18559373
v 0.06707372 0.21908694 0.18323709
v 0.00091211 0.21908152 0.17447057
v 0.02017821 5.43390813 0.18112194
v 0.48354416 5.67213123 0.17926057
v 0.02888898 0.21889417 0.18118045
v 0.04026037 0.21875369 0.18502013
v -0.12605737 0.20777702 0.17948724
v 0.33851778 0.20372281 0.17994468
v 0.19301143 0.20333650 0.17728957
v 0.35239559 0.20334821 0.18153162
v 0.35651621 0.20334821 0.18353339
v 0.36759036 5.98663255 0.18160185
v -0.20643959 0.21140214 0.18162533
v 0.36212352 0.20304385 0.17894306
v -0.21027925 0.21158944 0.18163704
v -0.08102273 0.20966961 0.11854887
v -0.03985593 5.53581582 0.17588493
v 0.21865115 5.63469450 0.11219523
v 0.47669305 5.66878323 0.18353337
v 0.37069253 5.98803731 0.18389043
v 0.24259306 5.59274337 0.21546337
v -0.40911653 5.60931525 0.18531139
v 0.40069579 0.00499675 0.18484449
v 0.12900433 5.67477686 0.17944792
v 0.02469410 5.46567901 0.17874629
v -0.09724405 0.20838391 0.16086691
v -0.01076665 0.00162533 0.18139119
v -0.41820647 5.60805097 0.18653031
v -0.26457305 5.85870616 0.18547672
v -0.30830205 0.20500682 0.23050519
v 0.27639537 0.20457737 0.17820923
v 0.36464038 0.20316091 0.18558199
v 0.47140181 5.66672292 0.18560538
v -0.12897756 0.20831168 0.19257949
v -0.21819271 0.21177674 0.18561719
v -0.31037241 5.93645133 0.13849746
v 0.37022475 0.20278847 0.18203866
v -0.20256481 0.21112119 0.18366223
v 0.18114418 0.20372281 0.18960898
v -0.46990591 5.64052104 0.20886794
v 0.15309981 5.42155099 0.20494525
v 0.47917479 5.66503722 0.19317936
v 0.46730461 5.66550547 0.18648336
v -0.39864527 5.58468521 0.17408944
v -0.41715290 5.60959620 0.18691661
v -0.03835473 5.50452050 0.18489137
v -0.04454151 5.50442685 0.18897102
v -0.03770211 5.50452050 0.18725604
v 0.07979692 0.21889417 0.18746674
v -0.03592128 5.50489510 0.19004214
v -0.43018493 5.61466503 0.19126843
v 0.46920103 5.66522452 0.18787640
v 0.39957198 0.00480945 0.18807542
v 0.36898341 5.99346903 0.18621999
v 0.47250220 5.66456897 0.19087322
v 0.51850794 5.53917113 0.19212579
v 0.51761826 5.54160604 0.18846172
v 0.40618344 0.07356496 0.17118906
v 0.05073018 0.21894099 0.18060539
v 0.39875254 0.00265549 0.19056301
v 0.13229952 5.67312305 0.18165509
v -0.01862377 5.51182523 0.18928123
v -0.00877438 0.00162533 0.19137666
v -0.26452623 5.86320138 0.19356577
v -0.00677005 0.00162533 0.18938658
v 0.01253034 0.00162533 0.20140310
v 0.32865522 0.20428471 0.18944507
v -0.26508806 5.86134390 0.18800014
v -0.22616323 0.21116801 0.19465298
v 0.17723927 0.20372298 0.18961603
v 0.36873758 0.20287996 0.18370313
v -0.21613240 0.21130849 0.19156399
v -0.21414233 0.21140214 0.18960904
v -0.16066212 0.20868628 0.18959147
v 0.28972886 0.20534999 0.20907360
v -0.21112211 0.21102754 0.19468956
v 0.15196038 5.67084354 0.18902367
v 0.00205485 5.50869379 0.17230417
v 0.38060776 5.43109862 0.19021769
v -0.02067676 5.51294903 0.19031138
v 0.00696743 5.50443804 0.19395563
v -0.49671689 5.61783700 0.19050303
v 0.51747779 5.54104414 0.19058056
v -0.02013973 5.51013952 0.19096693
v 0.39844818 0.00031423 0.19120100
v 0.38236371 5.42885101 0.19130636
v 0.07752590 0.21889417 0.18893003
v 0.05926854 5.42987326 0.19086872
v 0.39947833 0.01042847 0.18836808
v 0.09412543 5.42622880 0.19747561
v 0.03292783 5.44626998 0.17248269
v 0.50753578 5.56296623 0.15115547
v -0.03383857 0.21971361 0.17388379
v 0.04850188 0.21875610 0.36221693
v -0.01604537 0.21932730 0.18897979
v -0.01474459 0.00181263 0.19335502
v -0.01077982 0.00162533 0.19336673
v -0.25431834 0.21074659 0.19201468
v 0.05613936 0.21889274 0.19096732
v 0.18881467 0.20354995 0.19250180
v 0.32572280 0.20449543 0.19450658
v 0.31838954 0.20437836 0.18542140
v 0.33600385 0.20409741 0.19046644
v 0.11663077 5.42622880 0.19731172
v 0.36208459 0.20367362 0.19886701
v 0.36468720 0.20316091 0.18951531
v 0.37271772 0.20297361 0.19367104
v 0.38018634 5.43072402 0.19397541
v 0.39510018 0.00045470 0.20043728
v 0.00373598 5.49602173 0.19126398
v 0.39797131 0.00078377 0.19248836
v -0.20927251 0.21084024 0.19509928
v 0.06698730 0.21894099 0.19089669
v 0.12249563 5.42697800 0.19655081
v -0.21270246 0.21062953 0.20068757
v 0.39393783 0.00110889 0.20382667
v 0.39388272 0.02606808 0.20451107
v 0.02275799 0.21870687 0.20315319
v 0.40056524 0.11776818 0.18733679
v 0.05316217 0.21870687 0.19372961
v -0.16896774 5.61596443 0.19698399
v 0.22121592 5.73329955 0.17925330
v 0.00681912 0.21892929 0.19307041
v -0.02264196 0.00181263 0.16939223
v -0.24401680 0.21074659 0.19719471
v 0.12059921 5.42641610 0.19742879
v -0.17806580 0.20957733 0.19690835
v -0.16419157 0.20885017 0.19653623
v -0.27388376 5.58324680 0.16523013
v -0.25085032 5.82515592 0.34531741
v 0.13482821 5.42444944 0.20088214
v 0.13135144 5.42332564 0.20252103
v -0.44985248 5.56140364 0.17357697
v 0.09562898 5.42575707 0.19807384
v -0.22014181 0.21013786 0.20894197
v 0.10094141 5.42543277 0.19870477
v -0.33137006 5.37688908 0.19314794
v 0.13063443 5.42363000 0.20162257
v 0.03813448 5.44360094 0.17226978
v 0.03125631 0.21869035 0.19893833
v -0.29493334 5.66787014 0.19988864
v 0.51534724 5.54294056 0.19271696
v 0.12100893 5.42454309 0.20035536
v 0.09571159 5.42529133 0.19693321
v -0.31374306 5.53798479 0.20045621
v 0.17094507 5.45577549 0.21363030
v 0.39507677 0.15521192 0.20236882
v 0.53006205 5.72768931 0.20776540
v 0.30486803 0.20503392 0.20129184
v 0.30884817 0.20503392 0.20129184
v 0.00650800 0.00162533 0.20236301
v -0.24617076 0.21027834 0.20143239
v 0.34188327 0.20417352 0.19664434
v 0.17127577 0.20391011 0.19945398
v 0.17321902 0.20372281 0.20143234
v 0.00478809 0.21889417 0.20145578
v -0.25029137 0.20990374 0.20548276
v -0.25949837 0.21055929 0.19240685
v 0.17850295 0.20379305 0.19320574
v -0.22236015 0.21065294 0.20150262
v 0.28592079 5.43188857 0.19990066
v 0.37027403 0.20341845 0.20345897
v 0.03355302 0.21863663 0.20178062
v 0.13317177 5.42341929 0.20248591
v 0.21331686 5.42023189 0.21585582
v 0.13704655 5.42341929 0.20262638
v -0.38722161 5.66524714 0.20430636
v -0.27461705 5.67384035 0.20276693
v -0.27070715 5.67384035 0.20279034
v 0.39402067 0.01915531 0.20388717
v -0.35337703 5.38914326 0.20508477
v -0.28847732 5.68048953 0.20607981
v 0.39456169 0.15727223 0.20386723
v -0.44511339 5.53952232 0.22218184
v -0.16970230 5.60664622 0.21876356
v -0.32701447 0.00237454 0.08699166
v 0.52953527 5.67702446 0.19018254
v -0.35111656 5.39100716 0.20481792
v -0.35281212 5.39044178 0.20584090
v 0.32623675 0.20491839 0.20483410
v -0.00877292 0.00171898 0.19932523
v 0.00953646 0.00162533 0.20536568
v 0.02490609 0.21851957 0.20541250
v 0.25197897 0.20465931 0.20442915
v -0.28450888 5.67758637 0.20460481
v 0.16925058 0.20372281 0.20548272
v 0.01296567 0.21870687 0.20550615
v -0.15179541 0.20858973 0.19825882
v 0.17320731 0.20372281 0.20550613
v 0.39353153 0.02616173 0.20550611
v 0.22000908 0.20391011 0.21430341
v 0.22091046 0.20372281 0.20552954
v -0.33498351 5.38793458 0.18410727
v -0.19970115 0.21091048 0.18735483
v 0.39156077 0.08603548 0.21206993
v 0.15972870 0.20472105 0.18593601
v 0.39367201 0.18087212 0.20548269
v 0.39359007 0.15628890 0.20654797
v -0.35279171 5.39045436 0.20585739
v -0.35283854 5.39045436 0.20585739
v -0.35286195 5.39045436 0.20585739
v -0.37056187 5.67252925 0.20733238
v -0.35417306 5.39157817 0.20602128
v -0.35376919 0.14697069 0.20967949
v 0.17409991 5.66033129 0.18108095
v 0.18175291 5.42192088 0.20883072
v -0.30989985 5.54123144 0.20651294
v -0.45044565 5.56202182 0.17292759
v -0.27885166 5.68136276 0.20645393
v 0.19103441 5.67110171 0.18944376
v -0.30865898 5.54048224 0.20712167
v -0.30865898 5.54048224 0.20712167
v -0.30643478 5.54104414 0.20716849
v -0.30652844 5.54104414 0.20716849
v -0.30282925 5.54198064 0.20726214
v 0.18896984 5.64810991 0.22700474
v 0.26476224 5.42304469 0.22187151
v -0.26927898 5.67725859 0.20450238
v -0.28253636 5.68475062 0.20820450
v 0.46657918 5.54234061 0.20520611
v -0.09196828 0.22200804 0.24534196
v -0.16943533 5.61303587 0.20741983
v -0.17219977 5.61366414 0.18697145
v 0.39226720 0.20161372 0.20864059
v -0.25912377 5.65622238 0.21207341
v -0.47357724 5.65417378 0.21646331
v -0.00876871 0.00171898 0.21330255
v 0.29899147 0.20540852 0.21128902
v 0.31183328 0.20526804 0.20735570
v 0.00752371 0.00162533 0.20936923
v 0.22093387 0.20391011 0.20941603
v 0.02572589 0.00141462 0.12693788
v 0.22611391 0.20405059 0.21837720
v 0.03020393 0.21851957 0.21413955
v 0.13702901 0.20451884 0.23847106
v -0.27471070 5.68732600 0.20950975
v -0.00216426 0.21903465 0.20749037
v 0.00878433 0.21870687 0.20348096
v 0.35069086 0.20382817 0.19530041
v -0.13573429 0.20873311 0.20964142
v 0.06574644 0.21819179 0.21665640
v 0.08492830 0.21871858 0.18535449
v -0.28980768 5.55850004 0.20694661
v -0.47086138 5.64143733 0.20995461
v -0.27857378 5.68976091 0.21082086
v -0.32840823 5.67936572 0.20750139
v -0.43823594 5.66237989 0.21295582
v 0.51377860 5.78003986 0.21140606
v -0.27380932 5.69163392 0.21175736
v -0.47025265 5.63937702 0.20920541
v 0.39289939 0.01010069 0.20682892
v -0.47109056 5.64288148 0.21193417
v -0.21349556 5.56113214 0.20689630
v 0.39048790 0.04545370 0.21459605
v -0.19261446 5.56951385 0.21274067
v -0.34897400 0.11024805 0.21108425
v -0.34520603 0.11503592 0.21333186
v 0.38945189 0.05037035 0.21767480
v 0.51602328 5.77415159 0.20546145
v -0.34166176 0.00187422 0.21491190
v 0.51420002 5.77779225 0.21690802
v 0.50404920 5.62848108 0.28620851
v 0.24891192 0.20465931 0.21721243
v 0.22505449 0.20391011 0.21323229
v 0.29702482 0.20559582 0.21325567
v 0.24891192 0.20465931 0.21325570
v 0.01744443 0.00153168 0.21937811
v 0.00684346 0.21898782 0.21151148
v -0.34213898 0.06530758 0.21351330
v -0.36172283 0.10200507 0.20275742
v 0.36190110 0.20428471 0.21460190
v 0.36890147 0.20391011 0.21363028
v 0.19097095 5.63919267 0.21434008
v 0.04874213 5.45979721 0.19808740
v -0.34381884 0.17045352 0.21575506
v -0.19094046 5.56932655 0.21402836
v -0.19110434 5.56932655 0.21402836
v -0.19111605 5.56932655 0.21402836
v -0.34618936 0.16101825 0.21442640
v -0.34216240 0.10501533 0.21459028
v -0.34183462 0.10876135 0.21489465
v -0.28655747 5.69781484 0.21496489
v -0.33916559 0.06530758 0.21503512
v -0.34033914 0.05334375 0.21436640
v -0.33813543 0.06727424 0.21555020
v 0.16778238 5.44788389 0.21983216
v 0.39069740 0.02145762 0.21327668
v -0.44590356 5.66447532 0.21536292
v 0.02828392 0.21871278 0.21675593
v -0.17407315 5.58225030 0.21324696
v -0.34387152 0.16101825 0.21564385
v -0.44784681 5.66550547 0.21618236
v -0.48357626 5.55132797 0.23066835
v -0.23600829 5.66976028 0.24014397
v 0.39051131 0.00078248 0.21347809
v -0.47189154 5.64527699 0.21214369
v -0.34031280 0.10726294 0.21562044
v 0.31535739 5.60697164 0.24331680
v -0.40259027 5.68339269 0.21716567
v 0.51153099 5.78659539 0.21340198
v 0.29206300 5.42476142 0.22684553
v 0.38995950 0.03376996 0.21577338
v 0.38821688 0.03187440 0.22070088
v 0.39144781 0.02330539 0.21123634
v -0.03613712 0.00197652 0.20558737
v -0.00674985 0.00181263 0.21730614
v 0.33202737 0.20532657 0.21825134
v 0.05663460 0.21832457 0.21714996
v -0.23752207 0.21014591 0.20728007
v -0.14704766 0.20876522 0.21478919
v 0.00487150 0.21908147 0.21746999
v -0.19761404 0.21024510 0.20166375
v 0.18507165 0.20334821 0.22048433
v 0.36489791 0.20428471 0.21761042
v -0.40666406 5.68357999 0.21791487
v -0.30456105 0.00256266 0.22976375
v -0.40700354 5.67902624 0.21567897
v -0.33883983 0.17574434 0.21864216
v -0.48229843 5.69210217 0.23458466
v -0.31499694 5.69270270 0.21332480
v -0.41091930 5.68654168 0.21993421
v 0.24575725 5.42094025 0.22024852
v 0.13214893 5.43976128 0.21200020
v 0.16241412 5.44402237 0.21969416
v -0.16828876 5.59273914 0.21985809
v -0.36482909 0.19554391 0.20160384
v 0.16411153 5.44271126 0.22016241
v 0.16411153 5.44271126 0.22016241
v 0.16613672 5.44402237 0.22034971
v 0.38725465 0.00237143 0.22250765
v -0.16993858 5.60527519 0.22347918
v 0.39222628 0.03021211 0.20921554
v -0.01894198 0.00181263 0.21867427
v -0.02664697 0.00181263 0.22329668
v 0.04723439 0.21842592 0.20728551
v -0.41463961 5.87751746 0.23805438
v 0.03384020 0.21870687 0.22325875
v 0.27498337 0.20540477 0.21354197
v -0.15875984 0.20859263 0.22335828
v 0.20473988 0.20353323 0.21239531
v 0.29866446 0.20584544 0.22892587
v 0.16911597 0.20345942 0.22335018
v 0.31889217 0.20550217 0.21531598
v -0.16904460 5.60002031 0.22432016
v 0.17711722 0.20334821 0.22149693
v 0.18007599 0.20339504 0.21951271
v 0.00883043 0.21889417 0.21744657
v 0.34163273 0.20549529 0.22590996
v 0.00285491 0.21926877 0.21951859
v 0.36096460 0.20465931 0.22159056
v 0.18175292 5.65698329 0.22318264
v 0.06555109 0.21799278 0.22867730
v -0.16804065 5.59406059 0.22197836
v -0.16796099 5.59405024 0.22208229
v -0.55039879 5.85411700 0.21571007
v 0.17015198 5.44439697 0.22109892
v -0.30933667 5.59867892 0.16857449
v -0.43031078 5.88005844 0.22290178
v 0.38290623 5.43478903 0.26274496
v 0.18087494 5.65642138 0.22339335
v -0.42757150 5.87996479 0.22447042
v 0.17924192 5.65632773 0.22373283
v -0.30393298 5.71609603 0.22486299
v 0.32304791 5.43203512 0.23254765
v -0.16869848 5.60041847 0.22395530
v -0.43283348 5.88036281 0.22087951
v 0.38583366 0.02547607 0.22716685
v -0.10676481 0.00243282 0.20212771
v -0.06756095 0.00221983 0.22747629
v -0.01076957 0.00181263 0.22528979
v -0.00369348 0.00167216 0.21832455
v 0.19731057 0.20353551 0.22538342
v 0.19932405 0.20353551 0.22339335
v 0.18913959 0.20334821 0.22142669
v 0.02133129 0.00143803 0.22538344
v 0.02523387 0.00143803 0.22538344
v 0.04665803 0.21845713 0.22215009
v 0.29906171 0.20568947 0.21935465
v 0.23128224 0.20428471 0.23325005
v 0.18707928 0.20334821 0.22743202
v 0.17321903 0.20334821 0.22547707
v 0.01470479 0.21880052 0.21941323
v -0.13899960 0.20896723 0.22552394
v -0.13494922 0.20934183 0.22559418
v -0.16904967 5.60172957 0.22561759
v -0.16910820 5.60191687 0.22561759
v -0.16957646 5.60341528 0.22561759
v -0.45480035 5.54500087 0.23814337
v 0.06082400 0.21815269 0.22872730
v 0.38351095 0.00050153 0.23313296
v -0.44887267 5.53878897 0.22012285
v 0.53130936 5.72045203 0.22942491
v -0.47921788 5.68096158 0.23718840
v -0.06623912 0.22217193 0.23078004
v 0.38447086 0.02419507 0.23094389
v 0.30106349 0.20601725 0.23229011
v -0.01473581 0.00181263 0.23127171
v -0.15886520 0.20840533 0.22934019
v 0.20151606 0.20345357 0.22988010
v 0.19323678 0.20334821 0.22941038
v 0.19323678 0.20334821 0.22538342
v 0.15902514 0.20353551 0.22746714
v -0.17589530 0.20871555 0.21982224
v 0.16110301 0.20334821 0.22950404
v 0.17906047 0.20325456 0.22749055
v 0.35133324 0.20519780 0.22453176
v 0.17319562 0.20316091 0.22952745
v 0.18901082 0.20320773 0.23937244
v 0.03303905 0.21870687 0.22964453
v -0.14057483 0.20907259 0.22477035
v 0.04122760 0.21851957 0.23367150
v 0.05269026 0.21828544 0.23018595
v 0.17748894 5.65285169 0.23056351
v -0.42649160 5.87881758 0.22807448
v 0.18148001 5.66049518 0.21660077
v -0.45985454 5.55235242 0.23493877
v 0.20481138 5.60593799 0.22140693
v 0.18672809 5.64949126 0.23245402
v 0.38619461 0.01546217 0.22578580
v 0.18565111 5.65005316 0.23268815
v -0.09676622 0.00246819 0.22816371
v -0.10276862 0.00256184 0.23308621
v -0.10472942 0.00256184 0.23408124
v 0.49582114 5.67402765 0.18017952
v 0.24104529 0.20465931 0.23325005
v -0.02766029 0.00195311 0.23227260
v 0.20528728 0.20355056 0.24341485
v -0.15740776 0.20833509 0.23500604
v 0.14295240 0.20409741 0.23951292
v 0.18710855 5.64789920 0.23429191
v 0.03573150 0.21870687 0.23360126
v 0.03813422 0.21870687 0.23483042
v 0.05120137 0.21847274 0.24385012
v 0.35390331 0.20543002 0.23079754
v -0.23193051 0.20451594 0.26102357
v -0.20595887 5.67495785 0.25613977
v -0.21273729 5.60953547 0.19721741
v 0.38253931 5.62879453 0.22894211
v -0.30947484 0.14552631 0.23056501
v 0.18000868 5.65024046 0.23566155
v 0.18749339 5.64675198 0.23904759
v 0.21986193 5.67187902 0.20223773
v 0.17914520 5.64959938 0.23689671
v 0.19054434 5.64143733 0.23615321
v 0.17434283 5.64949126 0.23617662
v 0.38243394 0.00462215 0.23620001
v 0.18738364 5.64761825 0.23638734
v -0.21107533 5.75082513 0.21445933
v -0.17273202 5.61026399 0.23057103
v 0.38204383 0.00076987 0.23705985
v -0.10744601 0.00263208 0.24883995
v 0.38147403 0.00050153 0.23861151
v 0.17503350 5.64892936 0.23723019
v -0.03169531 0.00199994 0.24023288
v -0.01175180 0.00181263 0.23526941
v 0.03780059 0.21870687 0.23668002
v 0.03303027 0.21870687 0.23357785
v 0.27893857 0.20578312 0.23934901
v 0.27999799 0.20592359 0.25245420
v 0.26196737 5.58953161 0.24839798
v 0.04213338 0.21870687 0.23843596
v 0.27698362 0.20559582 0.23734723
v 0.01350856 0.00162533 0.23734728
v 0.01936244 0.00153168 0.23535721
v 0.18682969 0.20316494 0.23167836
v 0.16926230 0.20316091 0.23353100
v -0.15089321 0.20859263 0.23755801
v 0.17470573 5.64855475 0.23781550
v -0.07316340 0.22226558 0.23877544
v 0.17748012 5.64892936 0.23795598
v -0.54370984 5.77994896 0.19953706
v -0.06136198 0.22226558 0.24113426
v -0.20889206 5.73138850 0.24041727
v 0.23726124 5.94232423 0.25777913
v 0.04020330 0.21870687 0.23854132
v -0.28525223 0.18082530 0.24076849
v -0.26820786 5.71577230 0.22386752
v -0.29095906 0.18340068 0.23864672
v 0.18474628 5.64544828 0.24456050
v -0.25815800 5.75419236 0.24195960
v -0.28899241 0.18124672 0.23945445
v -0.28990550 0.17712611 0.23906815
v -0.26418209 0.20489905 0.24840526
v -0.47473960 5.70963669 0.23975956
v -0.27185437 5.74988444 0.24015683
v -0.06677342 0.22244571 0.24112522
v 0.17084265 5.64630715 0.24097620
v -0.10278032 0.00256184 0.24099966
v 0.38346412 5.62476756 0.23840080
v 0.38134087 0.05065130 0.24155711
v -0.47191934 5.65743983 0.26070140
v -0.03966730 0.00199994 0.24121035
v 0.24045143 0.20462864 0.24127692
v -0.12474133 0.21641244 0.29597244
v -0.01075494 0.00181263 0.24128059
v -0.00263242 0.00162533 0.24586067
v 0.00552999 0.00162533 0.24132742
v 0.27886622 0.20578170 0.24532389
v 0.01704739 0.00146823 0.24089132
v 0.17088797 5.64617676 0.24115010
v 0.27175469 0.20559582 0.23871366
v 0.14100329 0.20409741 0.24146787
v 0.17153625 0.20302043 0.24800583
v 0.16435956 0.20316091 0.24078890
v -0.15497285 0.20821803 0.24373894
v -0.15493188 0.20821803 0.24170204
v 0.34187968 0.20615772 0.24262604
v 0.37098675 0.20456705 0.27475546
v 0.37009553 0.11306926 0.27764030
v 0.38931727 5.62458026 0.24195951
v 0.36117531 0.20540852 0.24198292
v 0.18614863 5.64944443 0.23624101
v -0.20716538 5.72235124 0.24561194
v -0.07930920 0.22226558 0.24006314
v -0.50256496 5.67384913 0.29444298
v -0.27618570 5.75475426 0.24247468
v -0.27094128 0.00256184 0.24280245
v 0.39130734 5.62509534 0.24199463
v 0.18249041 5.64640080 0.24021530
v 0.17084850 5.64602619 0.24126886
v -0.47118916 5.71860522 0.24357509
v -0.27515554 5.75643997 0.24327071
v 0.39071877 5.40006787 0.22413191
v 0.17155673 5.64565159 0.24185418
v 0.04363325 0.21870687 0.24283167
v -0.47310899 5.71935443 0.24416041
v 0.51540346 5.59935003 0.32298729
v -0.32620160 5.76561770 0.24935140
v -0.28246027 5.75661556 0.24343020
v -0.47708913 5.71897983 0.24451160
v -0.26686895 0.03147639 0.24427159
v -0.26084460 0.02007445 0.24634361
v -0.05892854 0.22245288 0.24881944
v -0.12978053 0.00274914 0.24874338
v -0.12255811 0.00274914 0.24675916
v -0.32654620 5.75531616 0.24483935
v -0.26070997 5.76018598 0.24486276
v 0.38702283 5.62261360 0.24496803
v 0.22524179 0.20409741 0.24509682
v 0.22110947 0.20391011 0.24315358
v 0.37723635 0.00045470 0.25105530
v 0.33468106 0.20707081 0.26526382
v -0.01297758 0.00181263 0.24797952
v 0.25727021 0.20522122 0.24523727
v -0.47249734 5.72369746 0.24597927
v 0.00249037 0.00162533 0.24629674
v 0.01543937 0.00153168 0.25526961
v -0.00209017 0.22029893 0.24731519
v 0.01471577 0.21992432 0.25134800
v 0.06354859 0.21786402 0.24548315
v -0.48855545 5.71181557 0.30366499
v 0.33308020 0.20653232 0.24547140
v 0.15289690 0.20344186 0.24349306
v 0.16509443 0.20312901 0.24488358
v -0.20817212 5.72628455 0.24565877
v -0.32279433 5.75260030 0.24326485
v -0.25945740 5.76112249 0.24531931
v -0.27804329 5.76554265 0.24750727
v -0.26223179 0.01379988 0.24589292
v -0.26209132 0.01773320 0.24591633
v -0.25354578 0.00531484 0.24908532
v -0.21042485 5.63950579 0.23846891
v -0.33278565 5.75634632 0.24599827
v -0.26491253 5.76046693 0.24503836
v -0.22903171 5.65104130 0.25319562
v 0.37799584 0.00487250 0.24885393
v 0.05053363 0.21870526 0.25033929
v 0.38335986 0.05103778 0.23548730
v -0.20678493 5.72235124 0.24281999
v -0.20927251 5.72871946 0.24914724
v 0.37866452 0.04152039 0.24914718
v 0.02856386 0.21890588 0.23424364
v 0.04897132 0.21870687 0.24742640
v 0.24509567 0.20484662 0.24924085
v 0.23329572 0.20428471 0.24123374
v 0.25317301 0.20503392 0.24924085
v 0.00553364 0.00162533 0.24928770
v 0.26818487 0.20543193 0.23484208
v 0.00488212 0.22020527 0.24935793
v 0.06137121 0.21814497 0.24935793
v 0.27307371 0.20559582 0.24533092
v 0.28993153 0.20587092 0.23277373
v 0.14250171 0.20402717 0.24840678
v 0.06130683 0.21814497 0.25333807
v 0.33252708 0.20618113 0.23858224
v 0.32924054 0.20671962 0.24954519
v -0.44778319 5.54767278 0.23294387
v 0.36565004 0.20499880 0.23776866
v -0.31393705 5.77747033 0.25394758
v 0.38196570 0.11601925 0.24093521
v -0.28168180 5.76753754 0.24849757
v -0.34818529 5.76894229 0.25327374
v -0.32296065 5.77787767 0.25418708
v -0.08875033 0.22245288 0.25146509
v -0.36350314 5.78645052 0.26273480
v -0.23433543 0.11372625 0.25645480
v 0.39796259 5.62043873 0.25600798
v -0.34131954 5.76524310 0.25085639
v -0.24036443 0.00368564 0.25398194
v -0.25406080 0.00490310 0.24892484
v -0.34253510 5.76554650 0.25114723
v 0.45086311 5.52554501 0.26372734
v -0.47523044 5.66085937 0.22016051
v -0.12747475 0.00274914 0.25351369
v -0.22718314 5.64424684 0.25261231
v -0.22749221 5.64468936 0.25273538
v -0.07098017 0.22235923 0.23936076
v -0.05891683 0.22245288 0.25284641
v -0.08767628 0.00251501 0.24200640
v -0.08466776 0.00256184 0.25488332
v 0.37789190 0.05088542 0.25207375
v -0.02467482 0.00190629 0.25414581
v -0.00458279 0.00171898 0.26705785
v 0.24709159 0.20484662 0.25232546
v 0.22731381 0.20419106 0.25336146
v 0.37783699 0.08953779 0.25310491
v -0.23003948 5.65155157 0.25429801
v -0.22861131 5.64743095 0.25340834
v 0.13715192 0.20428471 0.26139198
v 0.14500686 0.20391011 0.25343170
v 0.20449239 0.20348869 0.26807920
v 0.18458089 0.20299246 0.24406882
v 0.16033076 0.20330724 0.25988919
v 0.30901206 0.20653232 0.25359557
v -0.09136669 0.22245288 0.25529305
v -0.23098517 5.65413860 0.25644269
v -0.23009927 5.65188229 0.25508758
v -0.34507870 5.77405172 0.25511609
v -0.36299923 5.77259474 0.25669518
v -0.24050288 0.02867309 0.25344164
v -0.23864945 0.19299985 0.25855325
v -0.23449196 0.01022761 0.25617375
v -0.34117322 5.75988162 0.24852391
v -0.34261309 5.77404624 0.25483653
v -0.23320018 5.65979280 0.25813768
v -0.23055456 5.65286267 0.25591348
v -0.26791593 5.78111176 0.25392574
v 0.37460830 0.00050153 0.25905655
v -0.23845631 0.01209076 0.25462286
v -0.11351235 0.22198880 0.29595562
v -0.13433172 0.00298326 0.27319197
v -0.35234687 5.77765178 0.25758165
v 0.37622961 0.04526640 0.25680309
v 0.37772801 0.08497415 0.25338485
v 0.37590184 0.07495357 0.25879316
v 0.37777484 0.09340269 0.25333803
v -0.08870936 0.00256184 0.25683828
v -0.05574296 0.22251727 0.26154272
v -0.23174860 5.65604678 0.25694364
v -0.02467281 0.00190629 0.24572898
v -0.02668940 0.00199994 0.25713091
v -0.01766201 0.00181263 0.25910928
v -0.00467809 0.00171898 0.23528697
v 0.05294122 0.21880052 0.25814936
v 0.13502723 0.20447201 0.24538948
v -0.24078586 0.20110060 0.25734165
v 0.13306642 0.20465931 0.25736502
v 0.14106182 0.20409741 0.25340829
v 0.30129394 0.20646198 0.25230582
v -0.24083268 0.19847839 0.25759919
v 0.20898836 5.55705870 0.30859025
v 0.49715566 5.62130250 0.29312773
v -0.23905333 0.20035140 0.25818450
v -0.23905333 0.20035140 0.25818450
v -0.23727397 0.20110060 0.25865276
v -0.23744670 0.19842136 0.25887838
v -0.23636086 5.66747213 0.26197734
v 0.51616668 5.39176547 0.22999565
v -0.47568438 5.66358564 0.22093512
v -0.09188176 0.22273383 0.26474003
v -0.10093724 0.00272542 0.26176700
v 0.37544237 0.04702235 0.25935799
v 0.37456734 0.10894865 0.26366298
v 0.00041109 0.22053305 0.25379755
v 0.00252746 0.00162533 0.26217047
v 0.01738627 0.00143803 0.26125153
v 0.02124935 0.00143803 0.26125153
v 0.30704540 0.20662597 0.25742353
v 0.31392873 0.20690692 0.26438292
v 0.24108756 0.20465731 0.25898847
v 0.30903550 0.20671962 0.26132172
v 0.26541782 0.20559582 0.26136855
v -0.23721721 5.66844849 0.26414267
v 0.13917126 0.20428471 0.26533700
v 0.22873614 0.20412083 0.26377714
v 0.15102975 0.20358234 0.26150319
v 0.19300268 0.20316091 0.26162611
v 0.48802475 5.41573996 0.26235185
v -0.46798456 5.75545079 0.25947883
v -0.24628048 5.69581307 0.27486158
v 0.37642277 0.03046964 0.25489497
v 0.37454977 0.00836816 0.25944871
v -0.50101680 5.80354610 0.28144496
v 0.37379830 0.00076924 0.26146360
v -0.51659711 5.68382092 0.27086935
v 0.49045966 5.41742567 0.26214114
v -0.43054490 5.77198593 0.26324167
v -0.45053925 5.77910336 0.26846268
v 0.46250649 5.42730578 0.26662758
v -0.33879096 5.79483662 0.26359283
v 0.37456734 0.11288196 0.26370981
v -0.23780073 5.67121814 0.26519657
v -0.44768964 5.72787604 0.24515566
v 0.32383014 0.20722443 0.27011971
v -0.21158079 5.73378564 0.25743170
v -0.09747737 0.22259336 0.26831630
v -0.43054490 5.77535734 0.26469325
v -0.33648775 5.80183698 0.26666574
v -0.08666661 0.00256184 0.26471662
v -0.09422941 0.22251829 0.26284231
v -0.08266306 0.00256184 0.26474001
v 0.37276457 0.00462215 0.26490385
v -0.08422073 0.22259336 0.25441798
v 0.37366595 0.04507910 0.26470484
v -0.43452504 5.77666845 0.26569999
v 0.00555925 0.00162533 0.26513802
v -0.47610580 5.67402765 0.26516150
v 0.00954461 0.00162533 0.26665106
v 0.37260068 0.00050153 0.26516139
v -0.47439151 5.66746792 0.26554828
v 0.25195411 0.20505148 0.26189425
v 0.24507228 0.20484662 0.26523165
v 0.24309391 0.20475297 0.26327670
v 0.26143768 0.20540852 0.26530186
v 0.14670570 0.20386474 0.26656450
v 0.30901208 0.20690692 0.26537210
v 0.13312496 0.20465931 0.26537212
v 0.13105294 0.20484662 0.26340547
v 0.21409191 5.62233851 0.24951997
v 0.16515339 0.20316091 0.26544236
v 0.17300831 0.20297361 0.26544236
v 0.18276258 0.20297361 0.26205339
v -0.33482589 5.79794106 0.26465756
v 0.19093066 0.20316091 0.26358106
v 0.37432596 0.07959932 0.26389852
v -0.30871749 5.80429530 0.26607457
v 0.37411079 0.11597242 0.26518480
v 0.43742120 5.52193701 0.27442108
v 0.34638857 0.20654423 0.25226702
v -0.45882731 5.77179863 0.26591070
v -0.46243285 5.77207958 0.26637896
v -0.30127229 5.80673021 0.26696425
v -0.42661159 5.77535734 0.26427182
v -0.30683278 5.80551276 0.26663647
v -0.40376090 5.81974761 0.28178442
v 0.17196225 5.87218511 0.29842311
v -0.21405817 0.00892421 0.26437567
v -0.41851083 5.78378587 0.26719837
v 0.42859774 5.52734778 0.25689965
v -0.47130294 5.60481890 0.24471081
v -0.23971858 5.67595975 0.26830907
v 0.37090327 0.00256184 0.27074529
v -0.24228424 5.68226888 0.27017175
v -0.09625772 0.00265549 0.26781878
v -0.19810468 0.06905359 0.26855628
v -0.41060908 5.78601007 0.26737397
v -0.19810468 0.07298691 0.26857969
v -0.20362274 0.06430084 0.26651353
v -0.08266306 0.00256184 0.26867332
v 0.37229632 0.04133309 0.26869669
v 0.37406598 0.03515027 0.26256911
v 0.37100570 0.02995457 0.27159400
v -0.49868572 5.77089145 0.26875804
v -0.04164492 0.00204676 0.26397910
v 0.28099415 0.00023734 0.27906893
v -0.01899251 0.22170368 0.26902451
v -0.00494830 0.00173601 0.27356710
v -0.02287607 0.22170368 0.26506778
v 0.01544303 0.00153168 0.26716321
v 0.15306079 0.20353551 0.26923520
v 0.15505086 0.20362916 0.27124868
v 0.16109131 0.20334821 0.26541895
v -0.49769221 5.77198593 0.26846268
v 0.28499074 0.20615772 0.26935224
v 0.28908797 0.20634502 0.26937565
v 0.21415888 0.20365257 0.27459961
v -0.21348968 0.00359199 0.26476637
v 0.26143768 0.20540852 0.26939907
v -0.20595479 0.00492299 0.26794697
v -0.47541513 5.67168639 0.27088003
v -0.41429656 5.79109060 0.26998447
v -0.49961204 5.77517004 0.27003132
v -0.19833881 0.02147921 0.27010151
v -0.19953916 0.01720732 0.26987738
v -0.19161501 0.05893935 0.27116093
v -0.40767080 5.79446202 0.27083318
v -0.18522151 0.01580484 0.27548508
v -0.23942633 5.74423745 0.28785382
v -0.38434602 5.77882241 0.26172641
v -0.19164282 0.06493298 0.27103802
v -0.19510202 0.06591631 0.26972106
v -0.19201742 0.08497415 0.27113167
v -0.30716202 5.81092107 0.26914747
v -0.19313537 0.08619161 0.27073365
v -0.19250615 0.08099401 0.27083316
v -0.18965275 0.06886629 0.27178722
v -0.48781057 5.74848421 0.25794402
v 0.26068334 5.59477018 0.26846770
v 0.52290951 5.68137921 0.29066939
v 0.37330159 0.08976203 0.26728023
v -0.50078567 5.78090985 0.27274531
v 0.37173441 0.11306926 0.27258318
v 0.17663069 5.71749313 0.31542826
v -0.25057230 5.70717988 0.28213558
v -0.02539539 0.00194140 0.27044097
v -0.01860474 0.00181263 0.27291100
v 0.52934797 5.69107202 0.26026813
v -0.01111527 0.22161003 0.27099117
v -0.41759774 5.79179298 0.27061661
v 0.01349978 0.00162533 0.27312171
v -0.18476537 0.09258325 0.27411677
v -0.03305908 0.22219534 0.27050828
v -0.18720850 0.06449371 0.27260322
v 0.29113657 0.20643867 0.27326214
v 0.29503915 0.20649720 0.26764239
v 0.13411999 0.20475297 0.27131892
v 0.14116718 0.20447201 0.27328558
v -0.47760421 5.68020858 0.27333250
v 0.17114116 0.20334821 0.27538101
v 0.24901070 0.20503415 0.27336956
v 0.17306685 0.20334821 0.27337923
v 0.17692992 0.20316091 0.27340264
v 0.24599122 0.20489344 0.27234907
v -0.19006247 0.08497415 0.27185746
v -0.47694866 5.67777367 0.27347297
v 0.19549612 0.20320773 0.26504727
v 0.23762122 0.20456566 0.27345532
v 0.19816784 0.20331340 0.27147910
v -0.40462056 5.79431163 0.27050168
v -0.50050172 5.77910336 0.27185750
v 0.37014174 0.02814070 0.27405068
v 0.36914732 0.00068883 0.27605995
v -0.02540463 0.22207828 0.27522885
v -0.42680474 5.78984974 0.27073661
v -0.46845610 5.80578271 0.28173904
v -0.25818141 5.75718917 0.24332924
v -0.17809498 0.04763107 0.27673679
v 0.37075108 0.11700258 0.27560340
v 0.43506547 5.51819345 0.28077756
v -0.50170274 5.78759089 0.27543742
v -0.19624338 0.00387294 0.27193940
v -0.33628748 5.81753986 0.27402876
v -0.03875274 0.00199994 0.27682090
v -0.06862720 0.00237454 0.28441829
v 0.36962728 0.01024117 0.27483079
v -0.01260553 0.00181263 0.27984698
v -0.03376731 0.00199994 0.27782179
v 0.00302777 0.00162533 0.27601317
v 0.36887808 0.00480945 0.27710181
v 0.28475662 0.20634502 0.28560058
v 0.28098719 0.20615772 0.26935224
v -0.48715654 5.79066918 0.27594885
v 0.25729365 0.20540852 0.27728911
v 0.24490839 0.20484662 0.27740619
v 0.24099849 0.20465931 0.27545124
v 0.37077450 0.12112319 0.27550975
v 0.18888205 0.20334821 0.27761691
v -0.49508993 5.79748986 0.27920553
v -0.17166018 0.06118696 0.27895147
v -0.17424727 0.06118696 0.27789790
v -0.49736443 5.76440025 0.26536051
v -0.02389891 0.22226558 0.27785106
v -0.49000211 5.73856587 0.29233440
v -0.17529937 0.07662757 0.27751891
v -0.18663637 0.17458877 0.27817593
v -0.50311835 5.79269208 0.27784486
v -0.13652372 0.00303009 0.28215900
v -0.16580556 0.00361540 0.28419589
v -0.47604727 5.67484709 0.28566800
v -0.08669587 0.00256184 0.28424272
v -0.07692002 0.00247989 0.26993760
v -0.46195316 5.62203986 0.27052455
v 0.36971361 0.05161121 0.27730008
v -0.17570324 0.16167380 0.28161758
v -0.03018702 0.00199994 0.28226433
v -0.49238926 5.80307785 0.28109962
v 0.01349247 0.00162533 0.27707844
v -0.06938225 0.22338939 0.28543674
v 0.29309152 0.20653232 0.28124584
v 0.28900603 0.20634502 0.27918553
v 0.27686658 0.20597042 0.28124584
v 0.28079989 0.20615772 0.28126925
v 0.36081938 0.20599969 0.26782750
v 0.24685163 0.20494027 0.28137463
v 0.14613651 0.20395694 0.27025365
v 0.14117889 0.20465931 0.27735937
v 0.17395652 0.20320773 0.27137745
v 0.20977156 0.20366108 0.28006803
v 0.23308503 0.20447201 0.28157364
v -0.47727789 5.67895261 0.29465725
v -0.15172444 0.20770844 0.28877273
v -0.17246206 0.16879123 0.28324768
v -0.16491084 0.10010959 0.28204372
v -0.16368819 0.00312374 0.28267407
v -0.16735226 0.00293644 0.28236971
v -0.25028111 5.72909406 0.29098701
v -0.17141065 0.16848395 0.28362162
v 0.36761380 0.00050153 0.28112877
v -0.25126332 5.70853017 0.28380616
v -0.09075795 0.00256184 0.28421930
v -0.16445495 0.17417612 0.28652837
v -0.16829462 0.18330703 0.28531970
v -0.25120444 5.74276702 0.28452367
v 0.52589754 5.67880382 0.28029614
v 0.52370554 5.68657680 0.28459381
v 0.52426744 5.68245618 0.28461723
v -0.05848369 0.00218724 0.28459388
v -0.05850125 0.00218724 0.28066057
v -0.13890595 0.00312374 0.28471097
v -0.01419318 0.00182571 0.28332787
v 0.01544010 0.00153168 0.29289366
v -0.16222490 0.00312374 0.28531970
v -0.07860975 0.22338939 0.28543674
v 0.16429063 0.20381494 0.28241316
v -0.08579448 0.22338939 0.28334132
v 0.24679310 0.20494027 0.28561231
v 0.21073771 0.20381646 0.28459386
v 0.21660257 0.20391011 0.28560060
v 0.23450573 0.20451806 0.28281660
v 0.22065295 0.20409741 0.28564743
v -0.25532441 5.72609580 0.28826626
v -0.29267710 5.83231714 0.30893232
v -0.01594503 0.22207828 0.27991136
v -0.16631040 0.18124672 0.28604549
v -0.15015571 0.00317056 0.28957493
v -0.15173606 0.00312374 0.28651374
v -0.25312427 5.74276702 0.28653715
v 0.36724212 0.02508475 0.28285253
v 0.40713425 5.97501991 0.28986168
v -0.16352430 0.18124672 0.28707564
v 0.36560031 0.00087613 0.28712240
v 0.36428921 0.00265549 0.29127814
v -0.09277729 0.00265549 0.28226435
v -0.09078137 0.00274914 0.28808238
v -0.13161454 0.08061956 0.29618697
v -0.02258179 0.00199994 0.28774349
v 0.01739359 0.00143803 0.28501531
v 0.36123654 0.06427979 0.30352593
v 0.36485111 0.00050153 0.28920612
v 0.16872966 0.20410912 0.29070163
v 0.36617246 0.16141626 0.28985802
v 0.17701187 0.20391011 0.28953392
v -0.05738330 0.22338939 0.29164108
v 0.36185430 0.18105942 0.30168505
v -0.50462900 5.80182539 0.28128638
v 0.22530327 0.20447201 0.29408768
v -0.25454073 5.74051941 0.28810579
v 0.29389925 0.20654403 0.29903650
v 0.24881829 0.20503392 0.28974463
v -0.07071970 0.22348304 0.29397064
v -0.14375236 0.00312374 0.29065777
v -0.49602992 5.77727717 0.32591134
v 0.39315693 5.97239770 0.29185176
v -0.10379877 0.00279596 0.29095043
v 0.52028127 5.75155898 0.25829607
v 0.39713707 5.97277230 0.29253073
v 0.36557984 0.16411383 0.29171473
v -0.04266556 0.00218724 0.29257760
v -0.04070183 0.00209359 0.29061093
v 0.51920109 5.68788255 0.30204712
v -0.02059151 0.00190629 0.28970954
v -0.00465302 0.00171898 0.28877303
v 0.01740676 0.00143803 0.29290537
v -0.02356893 0.22310844 0.30347616
v 0.04025965 0.00129756 0.28909496
v 0.16532898 0.20447201 0.29339702
v -0.03783671 0.22301479 0.29083628
v 0.25248236 0.20536169 0.29501248
v 0.23790217 0.20470614 0.28868521
v 0.34525477 0.20686010 0.29769320
v -0.05950214 0.22338939 0.29377164
v 0.39860621 5.97153143 0.29612163
v 0.35225514 0.20634502 0.29968327
v 0.33368656 0.00054601 0.36568071
v 0.36199478 0.00031423 0.29791562
v 0.36215094 0.00095326 0.29755640
v -0.06245262 0.00233831 0.30101354
v 0.35628210 0.00265549 0.31538142
v -0.00470913 0.00171898 0.29565635
v 0.36194795 0.13517075 0.30169676
v 0.36373316 0.15830239 0.29680353
v 0.02423665 0.00143803 0.29098553
v 0.01740969 0.00143803 0.29683869
v 0.03522667 0.00134438 0.30092419
v 0.16928571 0.20475297 0.29933796
v 0.20730631 0.20557241 0.31466004
v 0.15978752 0.20540852 0.30432777
v 0.16534069 0.20465931 0.29735374
v 0.34130244 0.20690692 0.31286164
v -0.04952399 0.22329574 0.29572659
v -0.04761440 0.22338939 0.29779861
v 0.34921150 0.20653232 0.29789221
v 0.36001121 0.20529759 0.30360129
v -0.08191262 0.22227934 0.31281403
v 0.35986423 0.00265549 0.30462333
v 0.35955109 0.15118496 0.30851860
v 0.36267374 0.16139285 0.29985887
v -0.08667831 0.00256184 0.29988235
v -0.09500149 0.00274914 0.29997600
v -0.04903744 0.00218724 0.29600461
v -0.00678174 0.00181263 0.30058470
v 0.20195797 5.63853417 0.24075378
v 0.36092950 0.00265549 0.30119339
v 0.18984708 0.20561987 0.31346636
v 0.17320732 0.20484662 0.30131047
v 0.21269267 0.20391011 0.28965098
v -0.03174944 0.22338939 0.30580571
v -0.03567690 0.22320209 0.30163827
v 0.22535085 0.20473725 0.30041247
v 0.36309921 0.14531370 0.29845875
v -0.04369718 0.22338939 0.29978868
v 0.23132909 5.64743095 0.30025691
v 0.19508153 5.61234416 0.26299526
v -0.06279454 0.22357669 0.29917995
v -0.11930961 0.21915171 0.29110554
v 0.11830992 0.20718202 0.31193467
v -0.08684220 0.00256184 0.30402638
v -0.06861988 0.00232771 0.30810600
v -0.09097159 0.00274914 0.30204801
v -0.23951819 5.81795774 0.30540701
v 0.35968864 0.19978950 0.30616856
v -0.02670753 0.00199994 0.30444778
v 0.36087097 0.18105942 0.30447115
v -0.02801431 0.00191799 0.29705818
v 0.35968571 0.17965467 0.30786305
v -0.00273026 0.00162533 0.30060812
v 0.02129472 0.00143803 0.30475215
v 0.02819997 0.00143803 0.30284402
v 0.17906632 0.20465931 0.30127535
v 0.17424919 0.20629820 0.31942596
v 0.16720832 0.20549604 0.30721629
v 0.21683669 0.20484662 0.30536085
v 0.22297079 0.20540852 0.31148324
v 0.21979839 0.20461249 0.29944917
v 0.13446768 0.20667597 0.31382812
v -0.42012439 5.81412866 0.28137047
v -0.02768443 0.22320209 0.30568865
v 0.18248457 5.65333092 0.30927661
v -0.24975505 5.77171083 0.30136904
v -0.09447616 0.14102941 0.31334385
v -0.07645032 0.00253079 0.31100743
v -0.08338884 0.00256184 0.31112037
v 0.00842310 0.00153168 0.30756166
v 0.01736433 0.00143803 0.30859181
v 0.03419641 0.00138784 0.30929563
v 0.16436615 0.20585336 0.31185492
v 0.01971583 0.22301479 0.32633855
v -0.27708585 5.88696315 0.29956870
v -0.01973585 0.22320209 0.30971561
v -0.03201027 0.22336597 0.31371624
v -0.04257081 0.22329574 0.31080723
v -0.10146921 0.00293644 0.31236126
v 0.35778051 0.01042847 0.31105009
v 0.35845765 0.00346798 0.30882897
v -0.04966958 0.00214041 0.30877618
v -0.01183593 0.00176581 0.31031264
v -0.01992571 0.00171898 0.32237012
v -0.00879742 0.00171898 0.30253966
v -0.07526759 0.00246819 0.32440701
v 0.00334741 0.00162533 0.31044140
v 0.00538513 0.00162533 0.31238465
v 0.01241994 0.00143803 0.32638721
v 0.03520765 0.00125073 0.31068724
v -0.49125402 5.74271560 0.32346404
v -0.10779061 0.21884734 0.30584671
v 0.35819180 0.15380944 0.31241310
v 0.35692595 0.16120555 0.31606038
v 0.22095731 0.20559582 0.31355526
v -0.08360248 0.10736830 0.31803587
v -0.46531260 5.77755813 0.33626556
v -0.01596642 0.22320209 0.31823780
v -0.02391061 0.22338939 0.31402353
v -0.10939482 0.00313345 0.30950695
v 0.17978627 5.66634832 0.31428105
v 0.18058230 5.66222771 0.31432787
v -0.08720805 0.00282126 0.31981124
v 0.23124714 5.66897053 0.30973315
v 0.31692651 5.67117179 0.32284869
v 0.00875234 0.21928048 0.34692993
v 0.28070624 5.67964667 0.32336511
v -0.13778803 0.18223486 0.29745482
v -0.40355604 5.80401435 0.31150672
v -0.05444922 0.00211700 0.33178637
v -0.01487920 0.00181263 0.31613066
v 0.00531197 0.00143803 0.31830803
v 0.05112529 0.00115708 0.32255742
v 0.04913814 0.00125073 0.31666915
v 0.05308609 0.00125073 0.31473761
v 0.35751858 0.13635308 0.31428980
v -0.24917048 5.83077494 0.29094312
v 0.50709412 5.79509768 0.30235643
v 0.38814664 5.44996917 0.32249299
v 0.22495208 5.67997445 0.31591115
v 0.00516436 0.22310844 0.31811781
v -0.08653198 0.12486921 0.31657553
v 0.18009063 5.66438167 0.31632965
v -0.01992900 0.22320209 0.31611896
v -0.08019888 0.11681528 0.31924454
v -0.06695904 0.17656421 0.32347051
v -0.11366526 0.21401558 0.30582152
v 0.35469005 0.00031423 0.31999370
v -0.03228145 0.00181446 0.31820606
v 0.04408761 0.00120391 0.33820288
v -0.07880930 0.15907500 0.31911870
v -0.07011975 0.18068482 0.32219452
v 0.35410636 0.00059297 0.32152287
v 0.37073266 5.59247717 0.34359422
v 0.05456729 0.00106465 0.32012143
v 0.42261729 5.43699859 0.32034341
v 0.07540415 0.00096978 0.32282666
v -0.01371325 0.22141907 0.33765190
v -0.07069336 0.14458261 0.32247548
v 0.15529085 0.20681327 0.32334172
v 0.14332335 0.20663768 0.31819973
v 0.12942578 0.20728152 0.32705261
v 0.16944961 0.20653232 0.32139847
v 0.17141042 0.20662597 0.32343537
v 0.11838587 0.20631982 0.23110128
v -0.07516864 0.12223529 0.32118632
v 0.21822462 0.20676059 0.32946777
v -0.37132056 5.82155038 0.33931283
v 0.30737771 0.20735475 0.32767705
v 0.35387061 0.00031423 0.32214765
v -0.07007878 0.17656421 0.32226476
v 0.01042196 0.22320247 0.32249482
v -0.01625084 0.22292114 0.32566837
v 0.49846676 5.82555394 0.32259247
v 0.39432756 5.45675882 0.31943179
v -0.06617692 0.20627478 0.32270375
v 0.35396426 0.00499675 0.32205986
v -0.51404590 5.76161415 0.32572697
v -0.01685414 0.07938682 0.34606665
v -0.06865646 0.14060247 0.32336515
v -0.06877937 0.13666915 0.32341198
v -0.05802129 0.18883240 0.32656097
v 0.49846676 5.82302538 0.32779007
v 0.21675475 5.73300397 0.33709662
v 0.22421097 5.68544378 0.31565732
v 0.06944564 0.00106343 0.32667804
v 0.07344042 0.00106343 0.32476991
v 0.02986226 0.22264018 0.32620978
v -0.06215361 0.18873875 0.32500404
v 0.21756248 5.72122743 0.33174684
v 0.49837311 5.82499203 0.32519127
v -0.06217117 0.18461814 0.32512110
v 0.14328311 0.20714105 0.32957532
v 0.15323639 0.20690692 0.32530838
v 0.16549288 0.20653232 0.32139847
v 0.13667300 0.20706215 0.32705041
v 0.25305597 0.20728152 0.33745951
v 0.39008304 5.45432759 0.32262531
v -0.50438821 5.80214134 0.28124595
v 0.00192674 0.22320209 0.32438360
v -0.06573477 0.00241680 0.32920420
v 0.39012478 5.59986224 0.35364008
v 0.41449681 5.43881584 0.32799198
v 0.00531489 0.00143803 0.32821156
v -0.00453783 0.00155510 0.33721663
v -0.00497439 0.00162533 0.32639708
v -0.06231677 0.22015845 0.32223842
v -0.01509897 0.00162533 0.33212146
v -0.51166282 5.75769468 0.31114112
v 0.38861489 5.45657152 0.32891389
v 0.15944073 0.20709422 0.33023087
v 0.35148252 0.00050153 0.32893731
v -0.02938440 0.00188287 0.31416108
v 0.16563629 0.20774978 0.34615143
v -0.41180312 5.79406400 0.33397989
v 0.27698657 5.68294785 0.32399725
v -0.51912856 5.78834693 0.34028123
v -0.05954603 0.13086283 0.32727506
v -0.43042311 5.78689275 0.33297844
v 0.34622054 0.00031423 0.34057922
v 0.03171918 0.22264018 0.32617467
v 0.41611298 5.44271126 0.33014305
v 0.36320930 5.68477403 0.33228531
v 0.36866736 5.68077048 0.33146586
v 0.49614087 5.83378639 0.32895887
v -0.40044775 5.83638215 0.34411234
v 0.00737337 0.00143803 0.33014310
v -0.00041899 0.00143829 0.33622385
v -0.00712597 0.00162533 0.33219170
v 0.02141814 0.00143209 0.33214826
v 0.02933402 0.22254653 0.32105901
v 0.30791813 5.94437472 0.30474486
v 0.05713940 0.00106343 0.33240241
v 0.41079832 5.43788827 0.33007867
v 0.26417695 0.20714105 0.33528797
v 0.38348753 5.68269031 0.33571525
v -0.40961405 5.81937301 0.33294095
v -0.40961405 5.81937301 0.33294095
v -0.40717914 5.81974761 0.33294095
v 0.13399648 0.00080198 0.29625991
v 0.17342975 0.20728152 0.33331548
v 0.17929461 0.20728152 0.33330378
v 0.25875961 5.71056933 0.33349149
v 0.47547297 5.69258026 0.36241815
v 0.18167876 5.67187263 0.36333077
v 0.22095731 5.69566089 0.33195755
v 0.37264750 5.68357999 0.33366665
v -0.41073785 5.81881111 0.33366674
v -0.40376090 5.81974761 0.28178442
v -0.06183169 0.20934183 0.32420801
v 0.21709423 5.72366234 0.33310477
v 0.32655114 5.62156311 0.29801720
v -0.05550891 0.00251405 0.33340922
v 0.35340328 0.04383034 0.32543808
v -0.51877964 5.76034402 0.32653324
v 0.37131512 5.69089967 0.33677491
v 0.21595820 5.72870154 0.33494920
v 0.04843158 0.00107684 0.33236169
v 0.23473666 5.56453371 0.31971713
v 0.21690693 5.73115437 0.33638253
v 0.06993585 0.00089954 0.33549873
v 0.11720441 0.00068883 0.33680396
v 0.37088863 5.69175098 0.33708489
v 0.26127451 0.20728226 0.33746648
v 0.23721735 0.20737518 0.33932081
v 0.10517033 0.20821803 0.33750634
v 0.27687828 0.20737518 0.33941444
v 0.10103801 0.20840533 0.33752975
v 0.30924621 0.20765613 0.33767020
v 0.17750207 5.68749524 0.30728039
v 0.34812357 0.20663408 0.33899590
v 0.21461250 5.73490039 0.33795118
v 0.37518192 5.68868393 0.33665761
v 0.21540853 5.73096707 0.33656983
v 0.47109159 5.70586877 0.39253759
v 0.02225976 0.00139121 0.33906915
v 0.02670705 0.00136780 0.32138972
v 0.21355893 5.73939560 0.34057339
v -0.03492440 0.01425643 0.34057633
v 0.05909728 0.00106343 0.34221229
v 0.06535137 0.00087613 0.34033928
v 0.24500204 0.20746883 0.34113529
v 0.23331916 0.20746883 0.34115870
v 0.23523899 0.20793708 0.34835807
v 0.24893536 0.20746883 0.34115870
v 0.21337163 5.74089401 0.34043291
v 0.29742285 0.20765613 0.34148645
v 0.09684131 0.20868628 0.33953152
v 0.31037550 0.20749516 0.33131880
v 0.00108302 0.21486539 0.34789187
v 0.21448672 5.72154707 0.36572772
v 0.35181572 5.57361085 0.35024088
v 0.15866959 5.83740071 0.43182988
v -0.28832914 5.84198226 0.34798866
v 0.02183651 0.00137950 0.35696515
v 0.05289002 0.00106343 0.34406188
v 0.06117807 0.00106343 0.34415553
v 0.07139913 0.00087613 0.34522081
v 0.21226539 5.74571700 0.34376335
v -0.01845004 0.00193007 0.34646447
v 0.22737575 5.91833430 0.32581580
v 0.17449503 0.20784343 0.34509202
v 0.23329575 0.20784343 0.34518567
v 0.24891194 0.20765613 0.34523249
v 0.26526564 0.20803073 0.35540524
v 0.25494544 0.20611455 0.31837229
v 0.10854029 0.20788212 0.34645619
v 0.30535972 0.20784343 0.34153328
v 0.34256233 0.00031423 0.35309910
v -0.00322207 0.22013504 0.34269810
v -0.33614534 5.83960149 0.34666073
v 0.21037189 5.66606737 0.34926238
v -0.42503746 5.81761043 0.33535282
v 0.20749507 5.76749071 0.35155389
v 0.07903310 0.00078248 0.35789872
v 0.11387031 0.00068883 0.33359278
v 0.12428882 0.00066542 0.33985253
v 0.34656406 0.00035686 0.34231173
v 0.21204685 5.74522391 0.34655156
v 0.17154504 0.20803073 0.35327472
v 0.20154827 0.20821803 0.34935311
v 0.16964862 0.20784343 0.34935311
v 0.16280007 0.20793708 0.36386160
v 0.22931560 0.20784343 0.34520908
v 0.22628953 0.20812438 0.35138415
v 0.22931560 0.20803073 0.34942334
v 0.20910140 5.76258566 0.34967368
v 0.29744626 0.20784343 0.34553683
v 0.11284966 0.20765613 0.34968088
v 0.31318754 0.20784371 0.34768484
v 0.31522227 0.20779660 0.34266879
v 0.30529386 5.73720680 0.34695125
v 0.00588791 0.18185545 0.35041255
v 0.02105958 0.00143803 0.34484115
v 0.00425072 0.00181263 0.35396541
v 0.22871858 5.76149709 0.35212750
v -0.33472888 5.83997609 0.34893175
v 0.01036616 0.17890547 0.35208070
v 0.01607774 0.21276007 0.35201046
v 0.00776298 0.16888488 0.35131979
v 0.00691130 0.14159750 0.35173390
v 0.00564414 0.03346646 0.35377811
v 0.01303855 0.20315917 0.35213365
v 0.05122187 0.00120391 0.36982744
v 0.22238548 5.67384035 0.35209238
v 0.22305274 5.67402765 0.34550759
v 0.22195235 5.67524511 0.35412927
v 0.11283613 0.00068883 0.34648214
v 0.00170424 0.03346646 0.35249042
v -0.00039938 0.02279032 0.35188754
v 0.00177027 0.01810780 0.35270113
v 0.17338878 5.71186240 0.37470894
v 0.19756813 0.20840533 0.35319277
v 0.15734530 0.20765613 0.34939993
v 0.35459640 5.57925349 0.35328640
v 0.24041464 0.20848727 0.36165642
v 0.20833792 5.67234195 0.35330983
v 0.01370904 0.17675151 0.35330986
v 0.01171879 0.16530275 0.35275966
v 0.24886512 0.20803073 0.35345031
v 0.25298573 0.20821803 0.35740704
v 0.28091695 0.20803073 0.35347370
v 0.23362352 5.76280819 0.35349713
v 0.35637575 5.57887889 0.35354394
v 0.35637575 5.57887889 0.35354394
v 0.20812721 5.67477686 0.35354396
v 0.29339589 0.20784343 0.34963403
v 0.29547961 0.20803073 0.35362588
v 0.30155517 0.20826485 0.35858350
v 0.13171013 0.20743785 0.35976502
v 0.00425072 0.00181263 0.35396541
v -0.00455171 0.03635791 0.35046376
v 0.00709663 0.04034976 0.35429904
v 0.00558634 0.04919972 0.35382493
v 0.00621683 0.01408083 0.35432830
v 0.35836582 5.57944079 0.35398878
v 0.00554098 0.01829510 0.35398882
v 0.00192044 0.01417448 0.35286502
v 0.01901053 0.21870687 0.35037158
v 0.20130829 5.79581995 0.36333628
v 0.01720045 0.17675151 0.35457414
v 0.01363368 0.15277702 0.35373128
v 0.00566618 0.00184985 0.35443069
v 0.00597271 0.07401706 0.35366983
v 0.01207455 0.03356011 0.35600230
v 0.00823416 0.02597443 0.35473803
v 0.00855742 0.03283642 0.35477608
v 0.00855023 0.04919972 0.35483168
v 0.34188336 0.00031423 0.35483163
v 0.00965171 0.05706635 0.35520628
v 0.23151346 5.74715688 0.34605047
v 0.20829110 5.67271655 0.35537014
v 0.23570432 5.76507921 0.35476434
v 0.01060614 0.05313303 0.35553405
v 0.29162604 5.75914412 0.35592617
v 0.01382318 0.00143803 0.35719635
v 0.31303905 5.75494156 0.35562766
v 0.01749896 0.08890747 0.35757095
v 0.01958670 0.02431213 0.35878840
v 0.01462067 0.04821639 0.35693296
v 0.21303184 5.69241374 0.36706670
v 0.32113542 5.71811941 0.34057190
v 0.01428997 0.01183322 0.35720805
v 0.18404567 0.20829621 0.35543595
v 0.18780691 0.20824144 0.35247796
v 0.01553933 0.13969409 0.35488352
v 0.16940870 0.20803112 0.35928580
v 0.19351775 0.20840533 0.35721974
v 0.34101709 0.00050153 0.35724313
v 0.16155547 0.20784331 0.34936394
v 0.24891194 0.20821803 0.35738362
v 0.21544365 5.72628455 0.34447158
v 0.28091695 0.20821803 0.35743043
v 0.28145252 0.20840533 0.36383962
v 0.34162486 0.00099958 0.35570483
v 0.21241171 5.73977021 0.35306986
v 0.29756333 0.20821803 0.35759432
v 0.30552361 0.20821803 0.35761773
v 0.30885698 0.20800732 0.35117049
v 0.31418041 0.20803073 0.35570375
v 0.09982422 0.20824144 0.34866829
v 0.01597860 0.00143803 0.35799238
v 0.01656977 0.01080307 0.35803920
v 0.23694811 5.92735188 0.31080428
v 0.02054552 0.08497415 0.35874158
v 0.01566143 0.08300750 0.35702661
v 0.01826828 0.03206170 0.35820309
v 0.01756188 0.00143803 0.35832015
v 0.31596677 5.76023819 0.35833860
v 0.02361870 0.07382976 0.35993708
v 0.29304470 5.76561770 0.35888201
v 0.24536975 5.77808267 0.36206366
v 0.31776839 5.76112249 0.35897566
v 0.02258681 0.08497415 0.35946737
v 0.02146885 0.02934584 0.35937372
v 0.33896849 0.00050153 0.36316651
v 0.02231024 0.06512028 0.35953761
v 0.02012995 0.05706635 0.35885864
v 0.28682864 5.76767801 0.35957268
v 0.02869676 0.16162697 0.35912789
v 0.21672256 5.70369140 0.36938550
v 0.02563483 0.06512028 0.36070824
v 0.02568166 0.02972044 0.36084871
v 0.03758111 0.16954043 0.36242906
v 0.01922051 0.01801415 0.35881182
v 0.29093756 5.77641091 0.36367281
v 0.28890067 5.77123673 0.36124668
v 0.26122697 0.20840533 0.36143398
v 0.29552643 0.20831168 0.35956097
v 0.30936327 0.20821803 0.36159787
v 0.01605323 0.00462215 0.35799238
v 0.01215064 0.10876135 0.35504239
v 0.02881895 0.01810780 0.36220664
v 0.03751380 0.16851028 0.36239394
v 0.25963784 5.77211470 0.36044626
v 0.29700143 5.77367164 0.36276850
v 0.29978752 5.77348433 0.36286215
v 0.21763272 5.70006245 0.36309630
v 0.03248009 0.19085759 0.35994586
v 0.03951558 0.16457696 0.36318997
v 0.29681120 5.76959784 0.36092183
v 0.33565561 0.00050153 0.36502781
v 0.33869925 0.00462215 0.36403278
v 0.21821804 5.69968785 0.35616617
v 0.20079104 5.79776653 0.36610871
v 0.33938992 0.01848240 0.36244072
v 0.20128544 5.79884366 0.36434733
v 0.20070542 5.79914453 0.36489907
v 0.28022464 0.20855401 0.36872545
v 0.24113896 0.20859263 0.36534391
v 0.23382546 0.20880334 0.37086342
v 0.25919007 0.20840533 0.36537900
v 0.25610546 0.20845215 0.36241147
v 0.25715317 0.20840533 0.36539071
v 0.19557806 0.20868628 0.36132865
v 0.19459145 0.20878501 0.36574258
v 0.30454028 0.20835850 0.36354697
v 0.30214092 0.20856151 0.37149315
v 0.30393741 0.20849898 0.37348268
v 0.20030741 5.80101754 0.36564827
v 0.26269025 5.90543769 0.36547265
v 0.33745838 0.00031423 0.36574190
v 0.21002509 5.81291114 0.37169310
v 0.35809430 5.72521010 0.34838001
v 0.20086931 5.80157944 0.36557803
v 0.03266137 0.04899369 0.36325466
v 0.33832465 0.00040788 0.36487563
v 0.28995303 5.78216689 0.36620957
v 0.21618407 5.66794038 0.36092478
v 0.25201118 5.90328373 0.36804220
v 0.33000147 0.00045470 0.38825310
v 0.04419809 0.07317421 0.36698281
v 0.04429979 0.05902130 0.36710134
v 0.33759886 0.00087613 0.36702959
v 0.33757544 0.00462215 0.36717006
v 0.21746883 5.69968785 0.36583557
v 0.26167180 5.90440754 0.36756808
v 0.04618524 0.07317421 0.36763836
v 0.26479739 5.90515674 0.36663158
v 0.28064864 5.80367322 0.37535613
v 0.04145882 0.00303009 0.36686575
v 0.34255647 5.77760495 0.37077560
v 0.33219252 0.03920269 0.38337125
v 0.04784168 0.07120755 0.36821197
v 0.21974812 5.69914532 0.33946124
v 0.20502213 5.74084731 0.39535537
v 0.33619410 0.00050153 0.37100973
v 0.23727589 0.20859263 0.36534391
v 0.24504887 0.20877993 0.36934746
v 0.26122697 0.20859263 0.36937085
v 0.18635058 0.20859263 0.36733398
v 0.25858134 5.90347103 0.36930061
v 0.19988598 5.80326515 0.36613993
v 0.17448333 0.20765613 0.39610803
v 0.20342128 5.78172557 0.36969865
v 0.20431096 5.77676210 0.36969865
v 0.05636386 0.05922031 0.37105075
v 0.05355143 0.05725365 0.37014351
v 0.28987815 5.78622078 0.36802462
v 0.05153209 0.00462215 0.37021375
v 0.05222276 0.01155227 0.37026057
v 0.05462141 0.00102496 0.37005546
v 0.04865326 0.02063636 0.36885874
v 0.09536666 0.02816605 0.38328607
v 0.23752813 5.83517253 0.38521032
v 0.05198278 0.00874276 0.37026057
v 0.24691309 5.81049964 0.37591762
v 0.33635799 0.16120555 0.37241448
v 0.33766909 0.15708493 0.36857482
v 0.06343886 0.10447684 0.37299107
v 0.20412805 5.78208846 0.35851036
v 0.18714953 0.20854580 0.38459491
v 0.19886460 0.20885017 0.38198440
v 0.24502551 0.20877993 0.37334801
v 0.20268964 5.78514380 0.37134923
v 0.08115546 0.00070136 0.37695046
v 0.16388913 5.83604278 0.42595917
v 0.06293474 0.15073620 0.37193809
v 0.33409414 0.00116223 0.37686037
v 0.33441474 0.01042847 0.37613709
v 0.33502347 0.16120555 0.37620732
v 0.20487286 5.77048752 0.37646489
v 0.20353249 5.77755813 0.37767063
v 0.20281255 5.78210017 0.37705020
v 0.20754286 0.20907267 0.38329472
v 0.25253211 0.20887358 0.37632148
v 0.29441433 0.20877993 0.37891441
v 0.19344752 0.20877993 0.37744821
v 0.25316860 5.81019230 0.37636769
v 0.25967003 5.81347304 0.37825593
v 0.08978425 0.20283964 0.38160714
v 0.08882835 0.00087613 0.38156883
v 0.23388106 5.55246948 0.31411716
v 0.19940456 5.80078927 0.37892174
v 0.08925108 0.00070688 0.38122753
v 0.17092168 0.20803073 0.38254045
v 0.09907721 0.00087613 0.38485830
v 0.40413744 5.77367164 0.38317257
v 0.21171447 5.72573795 0.38921271
v 0.40486323 5.77479544 0.38386324
v 0.25713269 5.79687351 0.37109315
v 0.33798077 0.18798955 0.36721469
v 0.10259845 0.00047707 0.38149840
v 0.20626006 5.76004551 0.38279213
v 0.21269267 5.72497345 0.38152201
v 0.19087835 5.84766048 0.38329767
v 0.28302995 0.20877993 0.38123518
v 0.30156301 0.20859263 0.38516380
v 0.40889019 5.77676210 0.38550212
v 0.09324163 0.00087613 0.38273946
v 0.40500370 5.77947796 0.38597037
v 0.35108451 5.69322598 0.33402954
v 0.10382532 0.16400718 0.38546585
v 0.25213703 5.85528792 0.39521835
v 0.45758838 5.83285866 0.49020323
v 0.11246922 0.02873711 0.38867462
v 0.32994883 0.00107846 0.38829564
v 0.29571226 5.79385329 0.37185112
v 0.15024393 5.82450454 0.43025885
v 0.25631859 0.20905224 0.39524005
v 0.17677776 0.20803073 0.38985686
v 0.11738001 0.11269466 0.39013791
v 0.11798289 0.02972044 0.39060616
v 0.09857196 0.00118505 0.38502493
v 0.11843943 0.07151192 0.39072322
v 0.11921790 0.08085354 0.39102759
v 0.11960421 0.12074859 0.39084028
v 0.11850382 0.11962479 0.39048910
v 0.11945203 0.11269466 0.39088711
v 0.11761999 0.10876135 0.39024912
v 0.11915937 0.03533946 0.39093394
v 0.11921790 0.07692022 0.39102759
v 0.12049974 0.11428672 0.39123830
v 0.12091531 0.00031423 0.39224504
v 0.11734087 0.01590701 0.39071737
v 0.11215900 0.00054835 0.38921311
v 0.47401736 5.65352229 0.39519500
v 0.32687875 0.17218282 0.39912878
v 0.12921508 0.10876135 0.39435217
v 0.12545736 0.10482803 0.39304107
v 0.12822004 0.09883441 0.39405952
v 0.12368751 0.07865276 0.39255526
v 0.26507834 0.20887358 0.39940920
v 0.12558612 0.02953314 0.39327519
v 0.12566807 0.02559983 0.39336884
v 0.45520030 5.76248042 0.38745121
v 0.29333528 0.20877728 0.39255230
v 0.28897091 5.83697928 0.39074654
v 0.17436389 5.72060993 0.37196563
v 0.11191903 0.13685645 0.38803077
v 0.12868829 0.02953314 0.39435217
v 0.12851270 0.02559983 0.39439900
v 0.29774772 5.84587606 0.45236848
v 0.14148328 0.09382411 0.39868350
v 0.15582935 0.03346646 0.40374062
v 0.13616075 0.08533777 0.39687675
v 0.13348787 0.04114579 0.39594423
v 0.13219433 0.03721247 0.39549939
v 0.26902336 0.20896723 0.39730207
v 0.27281459 0.20892369 0.38676551
v 0.13299598 0.00048637 0.39637175
v 0.14085113 0.04507910 0.39847279
v 0.14088625 0.05706635 0.39851961
v 0.46985658 5.64649445 0.39866000
v 0.14415817 0.04311244 0.39964342
v 0.13455388 0.05135368 0.39631883
v 0.14745057 0.07013057 0.40079064
v 0.14288803 0.06099966 0.39922199
v 0.14286462 0.05116637 0.39919858
v 0.32706319 0.00050153 0.39650604
v 0.47074626 5.65061506 0.39767667
v 0.46924785 5.65024046 0.39973698
v 0.46924785 5.64780555 0.39978380
v 0.46924785 5.64780555 0.39978380
v 0.13089712 0.11461449 0.39488774
v 0.14090966 0.06512028 0.39851961
v 0.14544001 0.06099966 0.40011167
v 0.29476691 5.86186085 0.40315497
v 0.32272308 0.03997516 0.40970489
v 0.23898500 0.20887358 0.39940920
v 0.24095166 0.20877993 0.40146951
v 0.27288643 0.20877993 0.40146951
v 0.27097831 0.20887358 0.39526517
v 0.14943999 0.08697839 0.40146960
v 0.14944357 0.06905359 0.40146960
v 0.14743594 0.05912666 0.40079064
v 0.29496453 0.20862775 0.39963747
v 0.32560382 0.00091265 0.40045254
v 0.45599459 5.99486926 0.25414174
v 0.13750313 0.04114579 0.39730216
v 0.15096538 0.05313303 0.40205492
v 0.15240526 0.03721247 0.40254658
v 0.15276523 0.06512028 0.40264023
v 0.13376297 0.00031423 0.39657637
v 0.15333006 0.03533946 0.40285094
v 0.15440703 0.04114579 0.40324896
v 0.15329933 0.07612420 0.40281582
v 0.15450068 0.06118696 0.40324896
v 0.15094782 0.03917913 0.40203150
v 0.15443045 0.04713941 0.40324896
v 0.32575209 0.00480945 0.40015840
v 0.15733361 0.05706635 0.40427911
v 0.15738043 0.00050153 0.40474736
v 0.24085801 0.20877993 0.40540282
v 0.23287999 0.20859290 0.40544959
v 0.22053588 0.20859263 0.40554330
v 0.16136057 0.06530758 0.40568387
v 0.16134887 0.06118696 0.40568387
v 0.16045303 0.00089232 0.40587410
v 0.16113815 0.01417448 0.40582434
v 0.16350283 0.02110461 0.40652672
v 0.16845720 0.01435863 0.40841732
v 0.46698762 5.65800196 0.40258745
v 0.30289878 0.20337453 0.46278416
v 0.16972362 0.01684352 0.40882255
v 0.16882626 0.09218523 0.40832944
v 0.16257510 0.05716000 0.40611700
v 0.22737309 0.09423862 0.42967337
v 0.16734834 0.00059518 0.40830603
v 0.32365081 0.00050153 0.40594131
v 0.32383225 0.03562041 0.40640957
v 0.32310646 0.03365376 0.40839964
v 0.32305964 0.02597443 0.40839964
v 0.17316052 0.08516146 0.40985122
v 0.25236530 0.20866287 0.40694220
v 0.22655292 0.20840533 0.40952344
v 0.16349969 0.16893818 0.40889466
v 0.17317223 0.08909477 0.40985122
v 0.18136663 0.00050153 0.41322263
v 0.17199122 0.00087841 0.40996764
v 0.17738649 0.00050153 0.41186470
v 0.17597003 0.07317421 0.41083455
v 0.16650549 0.17581500 0.41050686
v 0.32165488 0.01923160 0.41218077
v 0.18228850 0.07495357 0.41304703
v 0.17797181 0.07298691 0.41153692
v 0.27686660 0.00031423 0.45026135
v 0.32129199 0.00480945 0.41275438
v 0.32261480 0.16532616 0.41205200
v 0.32128327 0.02195940 0.41330199
v 0.32025013 0.00040788 0.41535317
v 0.24288027 0.20824144 0.41730813
v 0.32101508 0.00105739 0.41345194
v 0.28288361 0.20840533 0.41165399
v 0.28501416 0.20821803 0.41378453
v 0.30150396 0.20814194 0.40607155
v 0.32195925 0.16532616 0.41401866
v 0.32109298 0.16120555 0.41659404
v 0.18391627 0.00095468 0.41422151
v 0.18490157 0.05640201 0.41397915
v 0.18396397 0.01307409 0.41394257
v 0.32193583 0.18105942 0.41420596
v 0.16383060 0.16300832 0.40867628
v 0.18093935 5.88342986 0.39065290
v 0.18746561 0.03084425 0.41490834
v 0.19135429 0.03174563 0.41627651
v 0.18950251 0.03346646 0.41561071
v 0.18751977 0.05367521 0.41490444
v 0.15780552 0.19034252 0.40772515
v 0.19214812 0.00040788 0.41706229
v 0.31617634 0.00031423 0.42708288
v 0.32118663 0.18105942 0.41650039
v 0.32050767 0.02307127 0.41561071
v 0.32090568 0.14528499 0.41659404
v 0.32085885 0.14116437 0.41659404
v 0.18941763 0.09005469 0.41567510
v 0.20496051 0.00087435 0.42189310
v 0.18065015 5.82521292 0.43140771
v 0.20075140 0.04578812 0.41943176
v 0.32018574 0.18429036 0.41950891
v 0.31954775 0.14135167 0.42057418
v 0.32132711 0.13919771 0.41514246
v 0.49226795 5.68551273 0.42231662
v 0.31884537 0.03365376 0.42066783
v 0.24912851 5.84093601 0.42244134
v 0.20307009 0.00040788 0.42111267
v 0.49556360 5.67964667 0.42193211
v 0.27896347 0.20804829 0.41926893
v 0.49269006 5.69479649 0.42341406
v 0.49523583 5.68114508 0.42240036
v 0.49523583 5.68114508 0.42240036
v 0.31821323 0.03070377 0.42241207
v 0.49448662 5.68395459 0.42310274
v 0.22077221 0.00007120 0.41890202
v 0.49312869 5.69051012 0.42441385
v 0.49322234 5.68807521 0.42492892
v 0.16496892 5.81571463 0.40831410
v 0.49289457 5.68938631 0.42563130
v 0.49289457 5.68938631 0.42563130
v 0.49289457 5.68938631 0.42563130
v 0.49284774 5.68957361 0.42567813
v 0.43913926 5.80270325 0.42862811
v 0.49261362 5.69088472 0.42586543
v 0.31842834 0.17600230 0.42494063
v 0.48178049 5.75134998 0.42563850
v 0.21136985 0.00012693 0.42439043
v 0.31765196 0.02461615 0.42382518
v 0.31531008 0.04732671 0.43176247
v 0.31483012 0.03203829 0.43253216
v 0.42040919 5.83192216 0.48280485
v 0.43951386 5.79895723 0.42923684
v 0.26840588 0.00000000 0.44418391
v 0.23093177 0.00075212 0.43223401
v 0.30606212 0.00031423 0.45677005
v 0.33532784 0.00040788 0.37337440
v 0.43918609 5.79708423 0.43148445
v 0.31498232 0.04133309 0.43256143
v 0.31836531 0.06011544 0.42285508
v 0.23813449 0.03637840 0.43435103
v 0.23097792 0.00012693 0.43219853
v 0.31430335 0.04133309 0.43466856
v 0.22360296 5.82536663 0.44557883
v 0.24724021 0.04799953 0.43792961
v 0.23548692 0.02695019 0.43337830
v 0.24188819 0.00068883 0.43658839
v 0.24575422 0.00032131 0.43801340
v 0.24429749 0.06677379 0.43650206
v 0.30544330 0.17068929 0.46171407
v 0.24867784 0.05706635 0.43841458
v 0.24875978 0.05397589 0.43848481
v 0.40459617 5.86637947 0.42834786
v 0.25940081 0.04526640 0.44286297
v 0.25188536 0.04320609 0.43984274
v 0.22315812 5.82780154 0.43949156
v 0.25336036 0.04133309 0.44047488
v 0.25333695 0.03739977 0.44047488
v 0.24121505 5.85396511 0.39269271
v 0.25175074 5.84049117 0.44573101
v 0.21524466 5.82424283 0.44403360
v 0.22669927 5.82906582 0.43842628
v 0.25827700 0.03852358 0.44242984
v 0.17470620 5.85477924 0.44240657
v 0.26139088 0.04526640 0.44361217
v 0.26882328 0.07856496 0.44650655
v 0.24561664 0.00012693 0.43793462
v 0.23969354 5.83186854 0.44239982
v 0.30766003 0.03182758 0.45420637
v 0.18106958 5.84297290 0.44336634
v 0.26852513 0.02027932 0.44670702
v 0.26917934 0.07418642 0.44646557
v 0.26499642 5.83679198 0.44815421
v 0.42534924 5.84203640 0.45866647
v 0.44386860 5.81000798 0.40830599
v 0.27829477 0.06296632 0.45042523
v 0.27932492 0.06099966 0.45087007
v 0.28154912 0.05903300 0.45185340
v 0.27927809 0.05706635 0.45087007
v 0.42865042 5.82658409 0.45466291
v 0.42958692 5.82274442 0.45325816
v 0.30542135 0.07612348 0.46161120
v 0.43052343 5.81998174 0.45131491
v 0.16644531 5.84716961 0.43096359
v 0.30464052 5.85252231 0.43078134
v 0.28027990 0.00048978 0.45174061
v 0.49022498 5.73943813 0.39291521
v 0.26674676 5.84241222 0.44789620
v 0.33216716 5.85121413 0.45873670
v 0.33427429 5.85102683 0.45901766
v 0.33427429 5.85102683 0.45901766
v 0.31114265 5.86338868 0.45929861
v 0.31346050 5.86357598 0.45957956
v 0.31346050 5.86357598 0.45957956
v 0.30446800 0.00046442 0.46085436
v 0.33600682 5.85140143 0.46023511
v 0.24695767 5.87083203 0.45479538
v 0.42790122 5.83332691 0.45384347
v 0.31491208 5.86301408 0.46126526
v 0.33104335 5.86488709 0.46515175
v 0.42628201 5.83715716 0.45771610
v 0.32327891 5.84668326 0.47094123
v 0.42096231 5.85839009 0.49214062
v 0.29843867 5.83421178 0.45786226
v 0.42817339 5.86354086 0.49255034
v 0.41707729 5.84526425 0.48990117
v 0.43564220 5.85609437 0.48260600
v 0.45764783 5.91075691 0.45898974
v 0.42490733 5.82282637 0.47169265
v 0.42482803 5.86468084 0.49945014
v 0.45752985 5.83360787 0.49006275
v 0.45652287 5.83720610 0.49229123
v 0.45393602 5.84803002 0.49694605
v 0.45783483 5.84050813 0.49240015
v 0.45374872 5.84934113 0.49806986
v 0.45360824 5.84934113 0.49830398
v 0.45485496 5.84458837 0.49549447
v 0.45379554 5.84966890 0.49757819
v 0.43740673 5.87312832 0.50626426
v 0.44560409 5.86525969 0.50516783
v 0.44858624 5.86095377 0.50344890
v -0.02038706 0.29550016 0.00267948
v 0.00382077 3.99336666 -0.02673327
v 0.01026296 4.06464621 0.00737050
v 0.01005800 4.07408149 0.00687886
v 0.01063774 3.08469031 0.00817055
v 0.00874772 3.09380219 0.00347754
v 0.00925068 3.25920775 0.00432812
v 0.01202146 0.51509855 0.00992069
v 0.01185273 4.75544639 0.00977873
v 0.11917980 0.47996796 -0.01529729
v -0.06700319 5.36571972 0.00525366
v 0.33590286 5.55251631 -0.00213329
v 0.00330275 1.49443955 0.01557616
v -0.40980139 5.36835288 0.00288503
v 0.11558030 1.54695578 -0.05519358
v 0.00484792 5.36376694 0.01501187
v 0.33883968 5.54329175 -0.00138695
v 0.33893772 5.54505940 0.00306994
v 0.11674781 3.17747294 0.00232270
v -0.50603884 5.67840581 0.01134431
v 0.12147716 5.26833429 -0.00929050
v 0.31683184 0.20297361 0.00196398
v 0.34187161 0.20297361 0.00779257
v -0.02054070 5.26383907 0.00856711
v -0.21458212 0.20560776 0.00329364
v 0.11872618 0.29634302 0.00033628
v 0.25354759 0.20447201 0.00181931
v -0.13115056 0.20352380 -0.00553567
v -0.09054942 5.38663522 0.00156268
v -0.12465073 0.20341053 0.00993039
v 0.26570750 0.20412083 0.00396132
v 0.14078084 5.39644798 0.00174250
v -0.11738543 0.20358234 0.00813984
v -0.27459366 0.20765613 0.00163665
v 0.36270881 0.20287996 0.00262173
v 0.36857367 0.20297361 0.00156450
v 0.36466377 0.20297361 0.00153651
v 0.12555095 5.35037201 -0.01880991
v 0.46267580 0.00023377 0.00470006
v 0.25579520 5.40075590 0.00140282
v -0.37630968 5.62172393 0.01567215
v 0.25567814 5.40056860 0.00582012
v -0.02996854 5.26414560 0.00324166
v 0.52714415 5.49309031 -0.00928738
v -0.44373079 5.43217913 -0.01114097
v -0.07039082 5.30225474 -0.00033714
v -0.36093932 5.63314927 -0.00118373
v 0.00370799 4.38518250 -0.00762803
v 0.50402781 5.55670981 -0.02457439
v 0.14311040 5.39663529 0.00042206
v -0.40507205 5.36844653 -0.00218315
v 0.11766091 3.17741441 -0.00020678
v 0.00726834 3.67318771 -0.00044638
v 0.00726029 3.67716785 -0.00045113
v -0.04918015 5.38951786 -0.00143409
v 0.02323422 1.55970644 0.03269028
v -0.01583663 5.38729366 0.01175616
v 0.00291188 1.26751960 0.00739583
v 0.01778629 2.57952147 0.02562879
v 0.01580729 3.28387623 0.02177931
v -0.50251525 5.64349763 -0.00113954
v 0.00019180 3.14405607 -0.02356372
v -0.40605538 5.36835288 -0.00119516
v -0.40650022 5.37844370 -0.01128599
v -0.06358768 5.34756250 -0.00136897
v 0.00886725 3.24597818 0.00305224
v 0.00772267 3.25252063 -0.00025728
v 0.33722421 5.54759967 -0.00518381
v 0.33806706 5.54535206 -0.00132878
v 0.00749515 3.26145390 -0.00133423
v -0.50204700 5.63862782 -0.00138976
v -0.50298350 5.64349763 0.00290384
v -0.07271273 5.34700059 -0.00139128
v -0.00154962 5.30294234 0.01763534
v -0.06504960 5.34725098 -0.00153721
v 0.46682460 0.20199028 -0.01041837
v 0.34029126 5.53954573 -0.00146194
v 0.44911298 0.20316091 -0.00171145
v -0.08234686 5.38800836 0.00149071
v 0.18446568 0.29376865 0.00357674
v 0.23555501 0.20494027 -0.00189854
v -0.17172459 0.20386329 -0.00514570
v 0.28987323 0.20304045 -0.00352172
v -0.22264112 0.20597042 -0.00211047
v -0.21449354 0.20568947 -0.01600987
v 0.30987830 0.20287996 -0.00331483
v 0.28499070 0.20316091 -0.00212481
v 0.25149899 0.20456566 0.00382035
v 0.28098715 0.20306726 -0.00819013
v 0.11851839 5.26795969 -0.00024185
v -0.22266454 0.20597042 0.00188083
v -0.16514923 0.20357336 0.00085710
v -0.11306434 0.20381646 -0.00636792
v -0.16465985 0.20372281 -0.00422036
v -0.15035475 0.20353551 -0.00626951
v -0.10937855 5.38695617 -0.00254270
v -0.02627093 5.26402638 0.00181495
v -0.06010999 5.26244603 -0.00388313
v -0.15844966 0.20381646 -0.00834079
v -0.25110498 0.20739859 -0.00900369
v 0.39638782 0.20316091 -0.00625714
v 0.39553647 0.20295946 -0.00112814
v -0.27864404 0.20746883 -0.00242836
v 0.15664288 5.26964540 -0.00247086
v -0.00799302 5.26477558 -0.00776427
v 0.46255728 0.02511831 0.00533776
v -0.01628400 5.26454145 -0.00530540
v -0.00123533 5.30486119 -0.00192913
v 0.12266268 0.29346144 -0.01993917
v 0.00065615 4.89345785 -0.02858516
v 0.12293941 4.83021697 -0.00143459
v 0.33731347 5.31566284 -0.00415576
v 0.33855873 5.32770862 -0.00377686
v -0.50237477 5.64377859 -0.00259917
v 0.46658917 0.05801422 -0.00432577
v -0.32399718 5.62617232 0.01667801
v 0.15827005 5.26983270 -0.00432118
v -0.06685666 5.38909643 -0.00726620
v -0.07260153 5.38773850 0.00250563
v 0.00685386 1.95302960 -0.00402956
v 0.00648466 3.67621378 -0.00393961
v 0.01372656 4.02849717 0.01376433
v 0.00621678 1.92506326 -0.00743430
v 0.00661352 1.91902281 -0.00444408
v 0.00633897 2.60733247 -0.00719744
v 0.08186895 0.73921646 -0.02236240
v 0.00685057 2.84616138 -0.00444774
v 0.00659468 2.85114533 -0.00667440
v -0.06443638 5.34718790 -0.00445065
v 0.00717789 2.62484582 -0.00230836
v 0.00663656 3.25751473 -0.00566382
v 0.00679057 3.26150072 -0.00445944
v 0.00970452 0.42688400 0.00289403
v -0.10796625 5.38708295 -0.00228937
v 0.23829941 5.27145402 -0.00434850
v 0.33200320 5.32358800 -0.00510187
v 0.34816082 5.52748825 -0.01950903
v 0.32416979 5.36124737 -0.00588233
v 0.16006112 5.26983270 -0.00549986
v -0.07505985 5.38324328 -0.00743868
v -0.29430709 5.85664585 -0.00572807
v -0.07933265 5.26121686 -0.00338209
v -0.02352870 5.26422901 -0.00579856
v -0.10648196 5.28126055 -0.03107091
v 0.22524140 0.20570410 0.00180789
v 0.21863942 0.20597042 -0.00587008
v 0.21118836 0.20662597 -0.00393817
v 0.32282035 5.31920400 -0.00692213
v 0.23746314 0.20484662 -0.00602665
v -0.13814779 5.29941043 -0.01023014
v -0.50404877 5.69786167 -0.00806930
v 0.31167226 5.28829867 -0.00950830
v -0.16211665 0.20344186 0.00236956
v 0.23940053 0.20456566 -0.00914218
v -0.01537676 5.26458828 -0.00618173
v 0.35674738 0.20297361 -0.00414639
v -0.43147560 5.47971779 -0.01816240
v 0.27709048 0.20316063 -0.00623757
v -0.16258783 0.20372281 -0.00625853
v 0.34723309 0.20297361 -0.00721422
v -0.21852051 0.20578312 -0.01411418
v -0.11007779 0.20395340 -0.00404483
v -0.10743946 0.20391011 -0.00225096
v -0.37817098 5.53935843 -0.00631338
v 0.34080634 0.20297361 -0.00632225
v -0.42567220 5.62281846 -0.01553763
v 0.32959353 0.20282826 -0.00627757
v 0.16063473 5.35074661 -0.00636832
v 0.16437489 5.35093391 -0.00460835
v 0.26641514 0.20372979 -0.00217723
v 0.16447135 5.35075067 -0.00709337
v 0.17209519 5.35074661 -0.01105304
v 0.44597131 5.48340699 -0.00039104
v -0.27235483 0.20738103 -0.01845485
v 0.12015435 5.26814699 -0.00690461
v -0.50418780 5.69875288 -0.00732103
v 0.46873723 0.10291180 -0.00784549
v 0.31205270 0.20285411 -0.00437123
v 0.46854543 0.10894865 -0.00704586
v -0.11805992 5.38667156 -0.00652493
v -0.11486711 5.36704177 -0.02054022
v 0.51700949 5.52306327 -0.00412848
v -0.29420758 5.86345892 0.00544655
v 0.01100131 5.27432327 0.00838927
v -0.29348765 5.85402364 -0.00772326
v -0.03156035 5.38975198 -0.01258416
v 0.11846496 0.67233561 0.00448679
v -0.06576505 5.38914326 -0.00821350
v -0.06190782 5.38933056 -0.01012528
v 0.11432199 1.35274695 0.01809153
v -0.03951807 5.38951786 -0.01013736
v 0.00607795 1.94702427 -0.00842934
v 0.00610063 1.95105123 -0.00843080
v 0.00582206 1.95105123 -0.01142213
v 0.00595284 1.91902281 -0.00843373
v 0.00603003 2.84417716 -0.01042965
v 0.00620819 2.84617308 -0.00843812
v 0.04003427 0.73219179 0.03373198
v 0.00614161 3.26152414 -0.00844690
v 0.00822857 2.77628630 0.00352083
v 0.00602601 2.62233701 -0.00846007
v 0.49413147 5.46979878 0.00644007
v -0.04889774 5.38951786 -0.01110953
v -0.04703791 5.38951786 -0.00852884
v 0.46971606 5.51669505 -0.00869572
v 0.12284787 2.70159476 -0.01740494
v -0.40356172 5.37152445 -0.00710346
v 0.16399443 5.26983270 -0.00916686
v 0.15955482 5.26978587 -0.00787953
v -0.07924485 5.26159147 -0.00931901
v -0.12394827 5.34416767 -0.00889081
v -0.00552456 5.37529474 -0.00761112
v -0.02696160 5.26402638 -0.00756453
v 0.35208229 5.39717785 0.00082781
v 0.15870319 5.26983270 -0.00648392
v -0.01545432 5.26440098 -0.00943608
v -0.50128316 5.67213123 -0.02681300
v 0.45323359 0.20353551 -0.00951223
v 0.50005877 5.50526970 -0.00966149
v 0.50010560 5.46612385 0.06827317
v 0.46102413 0.20327797 -0.01305942
v -0.24406364 0.20709422 -0.00972139
v -0.07494864 5.38277503 -0.00972287
v -0.12533019 5.34410586 -0.01017820
v 0.44082492 0.20372281 -0.00986342
v -0.37676623 5.54104414 -0.00742035
v -0.37622774 5.54066954 -0.00487131
v -0.07905170 5.38296233 -0.00994090
v 0.23367030 0.20503392 -0.00593447
v 0.22487302 0.20545534 -0.00891774
v 0.33254169 0.20278631 -0.01002876
v -0.08627232 5.37077610 -0.01794558
v 0.25050395 0.20395694 -0.00980395
v 0.36664213 0.20297361 -0.00816088
v -0.16595412 0.20420862 -0.01719079
v 0.47659936 5.52502993 -0.00550283
v 0.27316734 0.20334821 -0.00631639
v -0.16255271 0.20391011 -0.01036817
v 0.46663730 0.09259495 -0.00239014
v -0.14951324 0.20372863 -0.01206859
v 0.04151554 0.00118255 -0.00110002
v 0.25749261 0.20344186 -0.01628942
v 0.46902539 0.10201852 -0.00869426
v -0.12283006 0.20374326 -0.01667279
v -0.13402739 5.34372283 -0.01378459
v 0.29254433 5.36379194 -0.01138403
v -0.11871263 0.20391011 -0.01451514
v 0.29481816 5.35730213 -0.01108963
v 0.47055745 0.14065222 -0.01225277
v 0.46793670 0.00050153 -0.01075457
v 0.02612181 5.31655599 0.01590602
v -0.49705719 5.58764690 0.04641564
v 0.16200436 5.26983270 -0.01127253
v 0.11887763 4.66386804 -0.02288233
v 0.49940322 5.50639351 -0.01156962
v 0.29669702 5.34269268 -0.01103988
v 0.29044585 5.36629257 -0.01172616
v 0.28591843 5.29434568 -0.01396554
v 0.46929463 5.51819345 -0.01177155
v 0.29082057 5.35721129 -0.01183784
v -0.05617467 5.38951786 -0.01309502
v 0.49550649 5.48992275 -0.00972030
v -0.06577090 5.38933056 -0.01205975
v 0.10943723 0.29643667 0.00586642
v 0.11779406 0.41127542 -0.01513999
v 0.11770773 0.40076317 -0.01215196
v 0.11742532 0.38247794 -0.01365420
v 0.11926467 4.50817432 -0.01219732
v 0.16428709 5.26983270 -0.01537120
v 0.47013748 0.16101825 -0.01135305
v 0.28627840 5.35842594 -0.01266633
v -0.28948408 5.55330063 -0.03219692
v 0.47046526 0.16120555 -0.01232760
v 0.47123788 0.17286502 -0.01524649
v 0.00578127 1.91558116 -0.01042609
v 0.01054990 1.99917047 0.01656170
v 0.00586815 3.26452680 -0.01143237
v 0.00605527 2.61833346 -0.00845568
v 0.00571615 2.62435635 -0.01144993
v -0.13848456 5.34400378 -0.01246068
v 0.28449904 0.20292678 -0.01054858
v 0.28791216 5.34443399 -0.01264599
v 0.46968094 0.17787531 -0.01116611
v -0.24466783 0.20709408 -0.01247905
v -0.13739587 5.36142275 -0.00979164
v 0.01036611 0.32209687 -0.01270506
v 0.01018796 0.32340797 -0.01795095
v 0.28417126 5.37022588 -0.01282509
v 0.47015033 0.17869720 -0.01255889
v 0.47057062 0.19889982 -0.01731722
v 0.49058838 5.47942220 -0.01731961
v -0.01530433 5.38970516 -0.01327501
v -0.14646826 5.25953116 -0.01504338
v 0.48307587 5.48822534 0.01317527
v 0.28033159 5.35074661 -0.01395475
v -0.12522416 5.25990760 -0.01120438
v -0.13699352 5.34361047 -0.01345279
v -0.08115883 5.26159147 -0.01135151
v -0.22477167 5.65267537 -0.01353325
v 0.45318677 0.20372281 -0.01353335
v 0.27851712 5.32948798 -0.01470103
v -0.13940247 5.36347809 -0.01256689
v -0.14039268 5.36385766 -0.01370886
v 0.28623158 5.36727590 -0.01249512
v -0.22762801 5.65248807 -0.01385810
v 0.33656866 0.20297361 -0.01000096
v -0.50520770 5.70184181 -0.00047539
v 0.28028477 5.35449262 -0.01388012
v 0.33349026 0.20301376 -0.01173607
v 0.44082492 0.20391011 -0.01390941
v 0.41136018 0.20353551 -0.01508625
v 0.35414932 0.20318432 -0.01989671
v 0.11977389 5.26810017 -0.00830095
v 0.33142959 0.20287996 -0.01610871
v 0.33188029 0.20283313 -0.01115768
v 0.32493260 0.20278631 -0.01415815
v -0.05426361 5.38951786 -0.01419322
v 0.11523956 4.44156904 0.01211409
v 0.28843237 5.33894666 -0.01265974
v -0.01405688 5.38970516 -0.01493072
v -0.39509829 5.37181794 -0.01524235
v -0.16053923 0.20414424 -0.02229543
v -0.01589916 5.38970516 -0.01431321
v -0.10698416 5.36831133 -0.00657831
v 0.26146105 0.20334821 -0.01435569
v 0.49935640 5.50789191 -0.01440401
v 0.27363013 0.20292617 -0.01544232
v -0.39280824 5.37423968 -0.01925288
v -0.10979682 0.20398035 -0.01893920
v -0.11120889 0.20391011 -0.01452099
v 0.27637487 5.35449262 -0.01462347
v 0.11940514 5.01229421 -0.01675034
v -0.19012983 5.37106874 -0.08573331
v 0.27331952 5.33529430 -0.01557461
v 0.47454219 0.18991135 -0.02345504
v 0.27664411 5.37022588 -0.01423698
v 0.00267247 5.35720263 0.00314636
v 0.28091691 0.20278631 -0.01525415
v 0.11908322 4.99581174 -0.01635159
v -0.09188472 5.36624574 -0.00922179
v 0.46643829 5.51594584 -0.01391526
v 0.47053550 5.51997281 -0.01203275
v 0.27452366 5.33108699 -0.01542093
v -0.39715859 5.37378460 -0.01547209
v 0.01023588 0.32209687 -0.01552189
v -0.22474826 5.65379917 -0.01563307
v 0.48694772 5.49159675 -0.01841744
v -0.01753767 5.38970516 -0.01616482
v 0.20019615 5.35139045 0.00066486
v -0.14369386 5.34325458 -0.01584672
v -0.03938784 5.38970516 -0.01992492
v -0.03743390 5.38971483 -0.01620977
v 0.11995534 0.52063563 -0.01607503
v 0.11994363 0.52850226 -0.01609698
v 0.11770773 0.40076317 -0.01614088
v 0.11987340 0.55247675 -0.01614234
v -0.05236134 5.38951786 -0.01613061
v 0.27091973 5.30673094 -0.01650453
v 0.11940222 0.66134530 -0.02220218
v 0.01085851 0.30690210 -0.01176106
v 0.26805112 5.36467750 -0.01596484
v 0.11936190 4.51482922 -0.01669270
v 0.26907014 5.30485793 -0.01687547
v 0.00903011 0.29501760 -0.01403557
v -0.12762112 5.34400378 -0.01314696
v 0.25750432 5.28536695 -0.01916167
v -0.13998296 5.34325458 -0.01719148
v -0.13392203 5.36320211 -0.01175720
v 0.26534754 5.32377530 -0.01725739
v -0.28773984 0.03139444 -0.02838817
v 0.11907737 4.99656095 -0.01791877
v -0.20040930 0.20491772 -0.01029832
v 0.31371797 0.20278631 -0.00485018
v 0.28489705 0.20278631 -0.01809732
v 0.32488577 0.20278631 -0.01810171
v 0.33675596 0.20297361 -0.01811049
v -0.22882205 0.20643867 -0.02218201
v 0.33864067 0.20297361 -0.01599238
v -0.14260517 0.20372281 -0.01821578
v 0.27292004 0.20295020 -0.01595058
v 0.26342770 0.20297361 -0.02232182
v 0.40835166 0.20372281 -0.02220405
v -0.15169439 0.20391011 -0.01930986
v 0.00105375 5.28990021 0.00771538
v -0.00048818 0.00125073 -0.02034123
v 0.46887320 0.00031423 -0.01436596
v 0.04788772 0.00111026 -0.02185683
v 0.06704471 0.00106343 -0.01114333
v -0.14157502 5.34325458 -0.01861234
v 0.25497576 5.32358800 -0.01922404
v 0.18723143 0.26365904 -0.01865335
v 0.25546450 5.31321623 -0.01927910
v 0.19236574 0.24223360 -0.01830124
v -0.14156331 5.34306728 -0.01906888
v 0.26073526 5.30237620 -0.01844128
v 0.11907737 4.99693555 -0.01789536
v 0.11899542 4.99506254 -0.01923866
v 0.25609520 5.32026597 -0.01905796
v 0.28661496 5.39405990 -0.00949922
v -0.12190842 5.38243447 -0.02179534
v 0.01012282 0.33133284 -0.02165122
v 0.11948709 0.51024044 -0.02060006
v 0.11872671 0.47848249 -0.02198058
v 0.11972121 0.52063563 -0.02010639
v 0.11948709 0.52653560 -0.02213889
v 0.11972121 0.52850226 -0.02012395
v 0.11942856 0.55069740 -0.02213743
v 0.11969780 0.53655619 -0.02012687
v 0.11966268 0.55266405 -0.02013565
v 0.11782479 0.42473766 -0.02013565
v 0.11801502 0.42675114 -0.01512865
v 0.11795356 0.43279159 -0.02014297
v 0.11758481 0.39879651 -0.01814704
v 0.11742678 0.39486320 -0.02015321
v 0.11734677 0.37985872 -0.01851382
v 0.11944026 0.64247475 -0.02219450
v 0.11920614 4.50817432 -0.02020589
v 0.26827411 0.20297361 -0.02118046
v -0.11283607 5.26102956 -0.02133698
v 0.16374275 0.29517239 -0.02245643
v 0.44640151 5.50687347 -0.02387700
v -0.16182692 5.25906291 -0.02089213
v -0.17601020 5.29133716 -0.05097306
v -0.50200017 5.69500533 -0.02188858
v -0.40666411 5.63263419 -0.02729983
v -0.28845598 0.03935972 -0.02641486
v -0.17178455 5.34284607 -0.02059438
v -0.40171234 5.63343022 -0.02624554
v 0.31088505 0.20278631 -0.01615554
v 0.31987402 0.20295020 -0.03193435
v 0.33282264 0.20297361 -0.02222526
v 0.24942697 0.20353551 -0.02225744
v 0.23746314 0.20409741 -0.02226329
v 0.23939468 0.20409741 -0.02024468
v -0.13065305 0.20372281 -0.02232762
v 0.38449423 0.20353551 -0.02230135
v 0.38847437 0.20353551 -0.02230720
v 0.39046444 0.20344186 -0.02030397
v 0.01497391 0.00125073 -0.02207358
v -0.00256715 0.00125073 -0.02233935
v -0.01269822 0.00134438 -0.02233276
v 0.00569530 0.00125073 -0.02234227
v -0.10745117 0.20409741 -0.02241835
v -0.10363492 0.20409741 -0.02040779
v -0.06598893 5.37851394 -0.01521167
v -0.23679404 0.20690692 -0.02835196
v -0.05143655 5.26308987 -0.02257639
v -0.03953929 5.26332400 -0.02946079
v 0.18718460 0.26347174 -0.02264959
v 0.14060524 5.39710354 -0.01218754
v 0.00569823 1.52344369 -0.02279882
v 0.18715534 0.26478285 -0.02404556
v 0.00589175 1.51735641 -0.02389921
v -0.46259678 5.80917098 -0.02289250
v -0.16335278 5.25957869 -0.02008783
v 0.12658001 5.29001435 -0.03508386
v 0.15688871 5.26945810 -0.02280176
v 0.48910884 5.48349148 -0.02251231
v 0.15534348 5.26964540 -0.02332269
v 0.23405108 5.27723956 -0.02079391
v -0.23230465 5.75062643 0.00895969
v 0.15340024 5.26945810 -0.02357145
v -0.49205887 5.82733834 -0.00232200
v 0.32840352 0.20292678 -0.01878104
v 0.16671029 0.29531286 -0.02390509
v -0.18912309 5.34662599 -0.07967823
v 0.11933654 0.49700032 -0.02095934
v 0.11893689 0.49684844 -0.02413628
v 0.11749702 0.43082493 -0.02414213
v 0.11740337 0.42492496 -0.02414213
v 0.11560060 0.31404294 -0.02414506
v 0.11924126 0.52063563 -0.02414799
v 0.11919443 0.55659737 -0.02415384
v 0.11922955 0.53655619 -0.02415384
v 0.11970951 0.53243558 -0.02012687
v 0.11925296 0.52456895 -0.02415677
v 0.11795795 0.51738128 -0.03033549
v 0.11642992 0.33956851 -0.02211182
v 0.35993954 5.51476936 -0.01733765
v 0.11943441 0.56259099 -0.02216084
v 0.11920614 0.57270523 -0.02417432
v 0.11924126 0.64444141 -0.02419774
v 0.11924126 0.63657478 -0.02420066
v 0.11918044 0.66928523 -0.02421570
v 0.11918565 4.50412394 -0.01933853
v 0.11925296 0.72835213 -0.02421237
v 0.11922955 0.72441881 -0.02421822
v 0.11920614 0.70849825 -0.02422115
v 0.11919443 0.69239039 -0.02422115
v 0.11919443 0.70044432 -0.02422408
v 0.11908322 0.48991831 -0.02019967
v 0.00499734 0.56912155 -0.01066498
v -0.22210264 5.28144534 -0.02528052
v 0.11925882 4.51220128 -0.01868992
v 0.11870277 4.50836162 -0.02459575
v 0.00611819 1.51941672 -0.02489424
v 0.00574871 2.68021294 -0.02398408
v 0.00527945 2.68386130 -0.00274568
v 0.00590821 2.67824628 -0.02500545
v 0.11835743 0.47671361 -0.02436309
v 0.33769212 5.54438707 -0.01325479
v -0.21757230 5.28191359 -0.02475667
v -0.11070552 5.26121686 -0.02556734
v -0.22137685 5.28181994 -0.02567561
v 0.11533135 0.31235723 -0.02577223
v -0.04001734 0.22192391 -0.10869074
v 0.11460556 0.29606207 -0.02592734
v 0.43679796 0.20447201 -0.02608835
v -0.21148321 0.20568664 -0.02467388
v 0.28088732 0.20261031 -0.02266865
v 0.25338358 0.20297471 -0.03007847
v 0.41709818 0.20381556 -0.01938945
v 0.26398300 0.20268290 -0.03386241
v 0.23743973 0.20409741 -0.02624343
v 0.24767688 0.20318432 -0.03771011
v -0.16156394 0.20428498 -0.02530661
v 0.48891438 5.48410472 -0.02411584
v -0.23196831 0.20671998 -0.02965676
v 0.08939752 0.00096978 -0.02341780
v -0.00256587 0.00125073 -0.02631949
v 0.00570262 0.00125073 -0.02633119
v 0.00694761 5.30448626 -0.00178779
v -0.01474902 0.00125073 -0.03832575
v 0.03258509 0.00096588 -0.04775899
v -0.12656755 0.20372281 -0.02642483
v -0.11676938 0.20391011 -0.02650238
v -0.22580182 5.28181994 -0.02654480
v -0.04715035 5.26310141 -0.02798031
v 0.17049143 0.29512556 -0.02427383
v -0.48778546 5.80324185 -0.01586892
v 0.11593423 4.70512103 -0.03474730
v 0.26020847 0.20289166 -0.02851354
v 0.11857400 0.67253651 -0.02761598
v 0.11920028 0.58862579 -0.02418749
v 0.11814086 0.67253651 -0.02954751
v 0.11855058 0.55678467 -0.02766280
v 0.11989681 0.54067681 -0.01611600
v 0.11855058 0.57270523 -0.02771255
v 0.11943587 0.68140989 -0.02171417
v 0.11856229 0.69239039 -0.02776816
v 0.11939344 0.69833719 -0.02222413
v 0.11856229 0.52082293 -0.02786473
v 0.11855058 0.70044432 -0.02787059
v 0.11856229 0.52475625 -0.02788815
v 0.11844815 0.54175379 -0.02826128
v 0.11920614 0.70437764 -0.02422115
v 0.11853888 0.70849825 -0.02794375
v 0.11785699 0.73059974 -0.03077594
v -0.45784695 5.80387388 -0.02724139
v -0.41902687 5.62960500 -0.02748734
v 0.11813385 4.98061209 -0.03274170
v -0.40460380 5.63338340 -0.02800514
v 0.11855058 0.64462871 -0.02803155
v 0.11855058 0.72441881 -0.02804911
v 0.11946368 0.71739504 -0.02172094
v 0.11924126 0.63264146 -0.02420066
v -0.04133767 0.29280772 -0.03856719
v 0.11853888 0.63657478 -0.02810764
v -0.21830980 5.28200724 -0.02815735
v 0.11880812 3.02785185 -0.02817349
v 0.09233676 0.73874915 -0.03196550
v -0.00300129 0.29251128 -0.02861697
v 0.00626269 2.67627962 -0.02673360
v 0.01055268 0.37070140 -0.02847784
v 0.01153455 0.38896322 -0.03251212
v 0.00756465 0.55659737 -0.02848808
v -0.00301876 0.29250335 -0.02850564
v 0.00640060 1.52092683 -0.02590977
v -0.42158963 5.62898183 -0.02774760
v -0.17026423 5.34231808 -0.02870535
v 0.31431499 0.20278631 -0.02723847
v 0.12048139 5.30976872 -0.03318012
v 0.11909944 4.55803220 -0.02445275
v 0.01065072 0.34307455 -0.02647606
v 0.11093710 0.35284930 -0.03708454
v 0.33653207 5.55030382 -0.03340770
v 0.00671256 0.73240251 -0.02278949
v -0.00149762 0.29343986 -0.02948897
v 0.43881144 0.20447201 -0.02406901
v 0.12786819 2.33174373 -0.01039508
v -0.21031293 0.20566606 -0.02539301
v -0.40666411 5.63394530 -0.03056004
v 0.46916054 0.20335980 -0.01886360
v 0.30287501 0.20266836 -0.03359496
v 0.39051126 0.20372281 -0.02606054
v 0.43675113 0.20484662 -0.03001581
v 0.28290698 0.20250536 -0.02808571
v -0.23179350 5.34165673 -0.02994318
v -0.25459446 0.20746885 -0.03015931
v -0.21575270 0.00237454 -0.03434239
v -0.26255959 0.20765613 -0.03021179
v -0.15449878 0.20428471 -0.03022352
v -0.15048352 0.20409741 -0.03022352
v -0.15958517 0.20437836 -0.03123099
v -0.14952799 0.20409741 -0.03320789
v -0.26656314 0.20746883 -0.03026155
v -0.20407494 0.00225747 -0.03680391
v -0.10314911 5.26107639 -0.03020304
v -0.12859859 0.20381646 -0.02839880
v -0.11122060 0.20391011 -0.02847343
v -0.10747458 0.20409741 -0.03044009
v -0.12254058 0.20391011 -0.02647458
v 0.11777651 4.19481436 -0.03130337
v -0.41336011 5.63244689 -0.03099756
v 0.11812623 4.17504828 -0.03056925
v 0.12588997 3.03105384 -0.01820520
v -0.00627816 0.29348292 -0.03018001
v -0.24354998 0.20726032 -0.02959903
v -0.44655916 5.80307785 -0.03096390
v 0.47127299 0.20213076 -0.02072906
v 0.50403891 5.55513852 -0.02678049
v -0.27862063 0.00237454 -0.03127706
v -0.44897882 5.80020019 -0.03182882
v -0.50005985 5.67512804 -0.03552002
v 0.15524983 5.30949363 -0.03210242
v -0.21028075 5.26436586 -0.03731332
v 0.15628583 0.29587477 -0.04128308
v -0.47431478 5.77114308 -0.03530840
v 0.11707559 4.70399722 -0.03189463
v 0.11667172 3.24786289 -0.03394030
v -0.21763920 5.36587962 -0.03086784
v 0.02025318 5.31502485 -0.05152388
v 0.11644671 3.02841016 -0.03491811
v 0.11761408 4.18058536 -0.03241263
v 0.00929933 0.64927025 -0.03433839
v 0.00711222 2.65020824 -0.02969364
v 0.00618989 2.66931438 -0.02623096
v -0.44512252 5.73167429 -0.07277608
v 0.11681805 2.49658799 -0.03409102
v 0.00849823 0.67459682 -0.03245066
v 0.00859334 0.70849825 -0.03247115
v 0.10975311 3.23620908 -0.04835518
v 0.01113443 0.55854061 -0.03819004
v 0.00948311 0.52582737 -0.03344679
v 0.00875064 0.55659737 -0.03249163
v -0.21687797 5.34161570 -0.03469412
v -0.19689898 5.34213078 -0.02353190
v 0.15358168 5.29441592 -0.03300161
v 0.15210084 5.30860395 -0.03276675
v -0.16708305 5.34231808 -0.03337836
v -0.16066800 5.34231808 -0.03610300
v 0.02443138 5.20687568 -0.01659046
v 0.15063824 5.27735020 -0.03376671
v 0.43076921 0.20442519 -0.02518989
v -0.50056158 5.68018480 -0.03298440
v -0.50122756 5.69687834 -0.02661208
v 0.27158699 0.20283313 -0.01935428
v -0.23955672 0.20709422 -0.03301253
v -0.13817873 0.20391011 -0.03176729
v -0.13469172 0.20391011 -0.03429731
v -0.23677355 0.20718787 -0.04293600
v -0.22886887 0.20662597 -0.03211554
v 0.02104175 0.00113298 -0.03508674
v -0.00267606 0.00125073 -0.03069151
v -0.13063549 0.20391011 -0.03237601
v -0.25363354 0.20756248 -0.03220552
v -0.10458752 0.20393352 -0.03719371
v -0.12656755 0.20391011 -0.03439974
v -0.10046837 5.26102956 -0.03836964
v 0.00940107 1.31591449 -0.03447585
v 0.00939815 1.31179387 -0.03447878
v 0.00905208 1.31788115 -0.03347789
v -0.20851977 5.34279359 -0.02818358
v -0.04726911 5.30804204 -0.03481240
v -0.19535786 5.38141701 -0.02764299
v -0.47928996 5.76749071 -0.03415094
v 0.00934620 0.70849825 -0.03464852
v 0.01014516 0.68452376 -0.03669712
v 0.00933376 0.69257769 -0.03466022
v 0.00930596 0.67665713 -0.03470705
v -0.04532001 5.30841665 -0.03658225
v -0.29833405 0.20372281 -0.03348955
v -0.26097924 0.00237454 -0.03404963
v -0.44651233 5.79820803 -0.03362708
v -0.47708918 5.76767801 -0.03527182
v 0.14901038 5.27638822 -0.03408956
v -0.15033134 5.34339506 -0.01648508
v 0.00526520 2.74016963 -0.03118033
v 0.14386545 5.30888490 -0.03411297
v -0.27915912 0.00237454 -0.03549426
v 0.11592837 3.24590794 -0.03560845
v 0.16211557 0.29587477 -0.03372374
v 0.11564450 4.74098911 -0.03566552
v 0.01220327 0.29550016 -0.02709503
v 0.11525406 4.72556638 -0.03645987
v -0.47498204 5.76580501 -0.03732042
v 0.11612738 2.49459792 -0.03570503
v 0.11558304 4.72207174 -0.03570356
v 0.11633809 4.71804478 -0.03380714
v 0.11644453 4.71355925 -0.03376516
v 0.11681693 0.65476315 -0.03414149
v 0.11606885 3.01403696 -0.03572259
v 0.11605714 3.02195188 -0.03572258
v 0.11504015 3.03103414 -0.03757694
v 0.01327202 0.37962024 -0.03714728
v 0.11617128 0.75377820 -0.03521921
v 0.11625615 4.18067901 -0.03577527
v 0.11531742 4.17600510 -0.03774231
v 0.11849715 1.26686457 -0.03093284
v 0.11536061 1.21430385 -0.03756633
v 0.11696929 1.32911827 -0.03447528
v 0.11674781 1.37603802 -0.03587184
v -0.32830840 5.37341757 -0.04759154
v -0.17887066 5.36006539 -0.03760101
v 0.00280790 4.83852931 -0.02693131
v -0.21882487 5.38371154 -0.03112562
v 0.03368616 3.38185024 -0.06935835
v 0.01021686 1.31591449 -0.03648056
v 0.01073065 4.36945472 -0.03752022
v 0.01299960 4.07110516 -0.04170540
v 0.01490010 3.95795504 -0.04498006
v 0.00933815 0.69651101 -0.03465144
v -0.23821050 5.34100697 -0.03057762
v -0.21107531 5.34175617 -0.03678489
v -0.25897746 5.34025777 -0.03707022
v -0.04805724 5.30823056 -0.03654352
v 0.01438648 0.29555317 -0.03576584
v -0.26351951 5.34044507 -0.04539486
v -0.28461425 0.02559983 -0.03722972
v -0.29589914 0.13723106 -0.03729703
v 0.00865400 1.49527402 -0.03490717
v -0.05430605 5.30822935 -0.03850866
v -0.29540906 0.13302129 -0.03769491
v -0.29499190 0.12599301 -0.03700291
v -0.30662211 5.66316421 -0.03782674
v 0.08107013 0.36592524 -0.05244685
v 0.33083843 0.20362916 -0.04447856
v -0.30271221 5.66428801 -0.03803160
v 0.50104210 5.56483133 -0.04852640
v 0.31671478 0.20297361 -0.03808436
v -0.27994618 0.00238000 -0.05144069
v 0.44489871 0.20540852 -0.03812827
v 0.29295100 0.20250536 -0.03207024
v 0.25866324 0.20278631 -0.04424040
v 0.28485022 0.20241171 -0.03005090
v 0.23727584 0.20372281 -0.03827750
v 0.24014974 0.20358234 -0.03525947
v -0.01076375 0.00125073 -0.03833307
v 0.36472815 0.20358234 -0.02709215
v -0.22354622 0.20663105 -0.03987178
v -0.11073680 0.20382469 -0.04150622
v -0.02948821 5.31118618 -0.05722614
v -0.23085894 0.20690692 -0.03845303
v -0.26008956 0.20763271 -0.03745946
v -0.24663903 0.20746883 -0.03849400
v -0.10221846 5.26084226 -0.03857889
v -0.19918171 5.36282751 -0.02459424
v 0.11424267 3.24991149 -0.03871647
v 0.48373468 5.55582433 -0.08268303
v 0.11668343 3.24191609 -0.03393006
v 0.12444463 3.61652953 -0.00695374
v 0.11431289 2.49867171 -0.03904717
v 0.11466409 2.48469440 -0.03833748
v 0.12468197 3.75547379 -0.01259770
v -0.24769801 5.34090309 -0.03261861
v 0.11388730 0.72857119 -0.04024983
v 0.11435972 0.80065021 -0.03915546
v 0.11435972 0.79652959 -0.03915546
v 0.11435972 0.76880908 -0.03919643
v -0.28395870 0.02541253 -0.03922857
v 0.11428948 2.70858314 -0.03975394
v 0.11445337 4.01313851 -0.03932227
v 0.11442996 1.21627051 -0.03935739
v -0.28737694 5.33894666 -0.03763066
v 0.15978723 0.29579985 -0.03945887
v -0.01829564 0.29403299 -0.03345548
v -0.28337338 0.00237454 -0.03873690
v 0.11488650 1.37603802 -0.03964712
v 0.11480456 1.37191740 -0.03965005
v -0.25090012 5.27339141 -0.04020897
v 0.11627579 1.35479682 -0.03640126
v -0.30397649 5.66484992 -0.04019141
v -0.30774591 5.56839005 -0.04021482
v -0.17620811 5.36619892 -0.03789406
v 0.00857285 0.69454435 -0.03246529
v -0.25483344 5.27339141 -0.04046651
v 0.01277614 4.37851539 -0.04158304
v 0.01215059 4.37247495 -0.04047826
v 0.01214474 4.38052888 -0.04047826
v 0.01216083 4.38446219 -0.04048118
v 0.01366363 0.38896322 -0.03800823
v 0.02733722 1.49693186 -0.05902597
v 0.10483263 4.57090467 -0.05850924
v 0.11313056 3.56961041 -0.04070654
v 0.10101747 5.00091569 -0.05529551
v 0.11318909 3.66546155 -0.04078848
v -0.28443860 5.35601955 -0.04987526
v 0.11069565 3.65709740 -0.04432891
v 0.11024496 3.63565147 -0.04500531
v 0.11641232 0.59415121 -0.03571246
v 0.11283205 0.63547438 -0.04134636
v 0.11344955 2.50566037 -0.04046876
v -0.28332656 5.33932126 -0.04080307
v 0.12274878 2.52834925 -0.01008788
v -0.21307708 5.34156887 -0.04106793
v 0.11433045 2.20311118 -0.03922862
v 0.11027276 1.33618979 -0.04567367
v 0.11321250 0.93250991 -0.04106943
v 0.11324762 0.80065021 -0.04107236
v 0.11264266 1.92204830 -0.04192278
v -0.21105189 5.34156887 -0.04109866
v 0.11079515 0.93063691 -0.04464132
v 0.11324762 0.76880908 -0.04111333
v 0.11318909 2.19913104 -0.04112504
v 0.11249549 4.00068302 -0.04214276
v 0.11329445 4.00911155 -0.04118942
v 0.33617064 5.55153298 -0.04119531
v 0.33879285 5.54628856 -0.03918036
v 0.12272388 4.23921301 -0.01306279
v 0.33780952 5.54834887 -0.04121872
v 0.11341151 2.71397389 -0.04124210
v 0.11331786 1.21627051 -0.04124503
v 0.11331786 4.01707183 -0.04124796
v 0.11524355 0.80252321 -0.03744634
v 0.11334127 4.02512576 -0.04130941
v 0.11390903 2.71587031 -0.04048119
v 0.11535988 4.01857609 -0.03768010
v 0.11329445 1.34007628 -0.04133283
v 0.11446508 1.24221166 -0.03945397
v -0.30627092 5.25391214 -0.04657719
v -0.29258041 0.11939066 -0.04333674
v -0.29278527 0.12692952 -0.04501440
v -0.25387134 5.28925344 -0.03863603
v -0.33441141 5.61798962 -0.09414426
v -0.29260019 5.33889352 -0.03798139
v 0.31671478 0.20316091 -0.04202353
v -0.11388964 5.26121686 -0.05450823
v -0.17748482 5.34236490 -0.02527650
v 0.44480506 0.20559582 -0.04214939
v 0.19688912 0.20877993 -0.02138238
v -0.21934580 0.00237454 -0.04020532
v -0.14532482 0.20409270 -0.03740721
v -0.00259816 0.00125073 -0.04430036
v -0.00673094 0.00125073 -0.04231907
v -0.00874863 0.00125073 -0.04032753
v -0.32618918 5.35613150 -0.04849702
v -0.18388013 0.20557241 -0.05175889
v -0.26760006 5.25535180 -0.03723590
v -0.30641140 5.56913925 -0.04243902
v -0.26024899 0.20766178 -0.04213221
v -0.19995725 0.20611090 -0.05302298
v -0.25164932 0.20779660 -0.04828339
v -0.28260904 5.33952829 -0.03739500
v 0.11427778 1.37613167 -0.04071532
v -0.17408488 5.34231808 -0.03822568
v -0.39674723 5.39931310 -0.03841467
v -0.30989987 5.57082496 -0.04262632
v -0.04948745 5.26308987 -0.03439975
v 0.01336841 4.05083278 -0.04263368
v 0.01112263 4.06282003 -0.03850574
v 0.01255770 4.05819458 -0.04137715
v 0.19444835 0.24270477 -0.04217916
v -0.15247360 5.34259903 -0.04646893
v 0.01205840 3.96298875 -0.04047240
v 0.01338268 3.96097526 -0.04275513
v 0.01338268 3.96500223 -0.04276098
v 0.49986562 5.57060254 -0.04819314
v -0.00518497 0.29512556 -0.04264392
v -0.26032954 5.27339141 -0.04253267
v 0.11157362 3.66550838 -0.04317657
v 0.11144485 3.56965723 -0.04320291
v 0.11201846 2.71069613 -0.04324388
v 0.11179604 3.97314981 -0.04330534
v 0.11172873 3.94020830 -0.04336167
v 0.10920858 2.20147815 -0.04660574
v 0.03247649 2.47801382 -0.06414032
v 0.11172580 0.93250991 -0.04334338
v -0.27253335 5.25522324 -0.04335504
v 0.11318909 2.19510407 -0.04113089
v 0.11067224 0.64500331 -0.04463986
v 0.10906847 0.65090328 -0.04682016
v 0.11214138 4.17728418 -0.04273210
v 0.11084637 0.60850308 -0.04422867
v 0.11234038 0.64490966 -0.04214349
v 0.10906847 0.62908275 -0.04682893
v 0.11222625 1.36302062 -0.04356580
v 0.11193652 1.34026358 -0.04342533
v 0.11245672 4.72015191 -0.04144971
v 0.09248275 0.40388046 -0.06446485
v -0.49288302 5.73646626 -0.03836543
v -0.29250432 0.12093589 -0.04408668
v 0.09273545 5.16212308 -0.07073867
v -0.27548334 5.25503594 -0.04426228
v 0.01486664 4.34873341 -0.04572309
v 0.01340463 4.37247495 -0.04267611
v 0.01151342 4.37996697 -0.03906765
v 0.01176986 0.72160930 -0.03983477
v -0.27126907 5.25522324 -0.04489734
v -0.26800302 5.25522324 -0.03994777
v -0.00428871 0.29512556 -0.04517248
v 0.46124070 0.20578312 -0.04558226
v -0.21102848 5.34156887 -0.04549437
v 0.10528734 3.62772046 -0.05112807
v -0.19759551 5.34170935 -0.05222695
v 0.10932706 3.65400989 -0.04630595
v -0.28557417 0.00256184 -0.03420071
v 0.10043022 2.91694008 -0.06693118
v 0.11121658 4.90052250 -0.04387968
v 0.10979426 0.64893662 -0.04588658
v 0.10980597 0.63301606 -0.04589828
v 0.11315397 1.92745134 -0.04105773
v 0.10982938 1.92351803 -0.04592170
v 0.10993474 3.97314981 -0.04593340
v 0.10841292 3.95320228 -0.04784738
v 0.11362808 1.91486707 -0.04041022
v 0.11033970 1.01744786 -0.04589700
v 0.11174922 0.93663053 -0.04335216
v 0.10987474 1.91294724 -0.04596047
v 0.10981768 4.28079124 -0.04600949
v 0.10981768 4.28481821 -0.04600949
v 0.11146717 4.27948892 -0.04358007
v -0.29297257 0.13273584 -0.04605626
v 0.11260085 4.01215518 -0.04227153
v 0.11332957 4.02109879 -0.04128015
v 0.11056688 4.03615309 -0.04545198
v -0.14613757 0.20423789 -0.04470274
v 0.10524732 4.05058268 -0.05263163
v 0.26003288 0.20259901 -0.04621437
v -0.21025586 0.20634502 -0.04625528
v -0.20641620 0.20615772 -0.04626113
v -0.21884829 0.20643867 -0.04028178
v -0.20448466 0.20606407 -0.04436764
v -0.26919121 5.27385966 -0.03531428
v -0.12458920 0.20372281 -0.05177408
v -0.24347760 0.20746074 -0.04234878
v -0.23301445 0.20707322 -0.04387944
v 0.30482118 0.20278631 -0.04637241
v 0.10596898 0.99923558 -0.05166310
v 0.10821830 1.47759013 -0.04990623
v -0.29212972 0.12486921 -0.04671767
v 0.00502115 0.29512576 -0.04201884
v -0.19615271 5.69097837 0.00588971
v 0.17423743 0.29540651 -0.03959079
v 0.11007832 3.69518566 -0.04512901
v 0.10006500 4.70924491 -0.05900382
v 0.10775152 3.64167436 -0.04826881
v 0.10827245 3.63362043 -0.04766594
v 0.10863534 4.90403439 -0.04767179
v 0.10827245 2.99434185 -0.04768349
v 0.10828415 2.99835236 -0.04768935
v -0.00796741 0.29512556 -0.05035251
v -0.01636330 0.29477437 -0.05507088
v 0.11496427 4.71219492 -0.00307800
v 0.10899238 3.98187685 -0.04711135
v 0.10690372 0.71792475 -0.04945563
v 0.10909774 4.29131520 -0.04694453
v -0.00336423 0.29512556 -0.04687282
v 0.10256029 1.20126966 -0.05541810
v 0.10415790 0.73933915 -0.05376939
v 0.12123380 4.11533519 -0.03182665
v -0.30684955 5.27035835 -0.05317069
v -0.29367495 0.13802708 -0.04525438
v 0.50054824 5.56605845 -0.04872083
v -0.28338509 0.04292514 -0.04435739
v -0.11892335 5.26121686 -0.04868435
v -0.22673833 0.20671962 -0.04250634
v 0.10721888 1.49591048 -0.05091443
v 0.02687092 3.92033834 -0.05825088
v 0.33419813 5.55570042 -0.05258553
v -0.29238725 0.13105013 -0.04764247
v -0.28063704 0.01351893 -0.04949426
v 0.01847053 0.73640606 -0.04956819
v 0.01846321 0.73247275 -0.04957404
v -0.29520562 0.19820387 -0.05068349
v -0.10851645 5.26102956 -0.04213907
v -0.27560040 5.34007047 -0.04972619
v 0.10678575 4.92407557 -0.04977307
v -0.30266538 5.27826123 -0.04982569
v 0.43860072 0.20578312 -0.04813715
v 0.10865875 4.90796771 -0.04763082
v -0.20576065 5.34156887 -0.05523108
v 0.10839280 3.54856542 -0.04733157
v -0.11401548 5.34367601 -0.03942833
v 0.30479777 0.20297361 -0.05004819
v 0.30170731 0.20278631 -0.05417466
v 0.06590801 2.99179361 -0.02465466
v 0.10623058 3.64069978 -0.05009428
v 0.27903219 0.20241171 -0.05211435
v 0.10661015 4.90403439 -0.05014182
v 0.26741662 0.20252877 -0.05119760
v 0.10438596 0.72086010 -0.05228406
v -0.13871870 0.20391011 -0.05014178
v 0.00287655 5.41072482 -0.03082957
v 0.10636432 0.72498072 -0.05019449
v 0.25741067 0.20278631 -0.05020037
v 0.25333688 0.20297361 -0.05022378
v -0.03522882 5.36804851 -0.05494247
v -0.22026658 0.00237454 -0.05034526
v 0.35628208 0.20326203 -0.02204330
v -0.15848479 5.34250538 -0.04835364
v -0.42319632 5.47032056 -0.00266617
v -0.16268588 5.34241173 -0.04504661
v -0.11679281 5.34362918 -0.04815171
v 0.02542607 1.64866351 -0.06844987
v -0.11801026 5.26121686 -0.05050468
v 0.48322512 0.09527569 -0.05075644
v -0.40613732 5.64438731 -0.05555737
v 0.03038074 0.48511538 -0.05965451
v 0.01255885 0.29512556 -0.03589231
v -0.41284503 5.64405954 -0.05903853
v 0.51743382 0.20516854 -0.16011118
v 0.01728819 0.93853696 -0.05986822
v 0.02262041 4.02456386 -0.05367711
v -0.00390963 0.29512556 -0.05661831
v 0.00492837 1.89003142 -0.03582741
v -0.29913264 5.84721936 -0.02207452
v 0.10911823 4.92604223 -0.04692405
v 0.12368700 3.28990836 -0.02036867
v 0.10464349 4.92407557 -0.05220212
v 0.11192622 4.33886545 -0.05121995
v 0.01789934 0.46147297 -0.04919321
v -0.28665408 5.37191159 -0.04889705
v 0.10519369 1.49197717 -0.05294547
v -0.46635490 5.61992547 -0.04842666
v 0.03695300 0.29606883 -0.09994134
v -0.11693328 5.26168512 -0.06132715
v -0.11519488 5.38680200 -0.00611440
v -0.14676093 5.26009306 -0.05774502
v 0.02645239 3.21457897 -0.05626712
v 0.02567118 4.04617368 -0.05607982
v -0.20365351 5.25831370 -0.05560276
v 0.46572314 5.67883717 -0.12924902
v -0.20746977 5.25822005 -0.05387023
v 0.45510660 0.20629820 -0.05690664
v -0.21431795 5.34146352 -0.05085915
v -0.23568194 5.34119427 -0.05861127
v -0.21087337 5.25793910 -0.04696863
v 0.30108061 0.20277381 -0.05405425
v 0.10332068 3.67161906 -0.05315911
v -0.27567064 5.34025777 -0.05418629
v 0.42326103 0.20560439 -0.04954471
v 0.10429231 3.64970488 -0.05218749
v -0.27176074 5.34025777 -0.05420970
v -0.25119374 0.20786575 -0.06596647
v -0.13268483 0.20390426 -0.04467302
v -0.22218067 0.20690991 -0.06155958
v -0.26251277 0.20765613 -0.04634307
v -0.27050087 0.20526512 -0.10604271
v -0.26782742 5.34044507 -0.05425067
v -0.30671576 5.27957233 -0.05977019
v 0.26170102 0.20283313 -0.07111952
v -0.13062965 0.20372281 -0.05426240
v 0.10499066 0.73706161 -0.05053416
v 0.00571949 0.00118049 -0.04653864
v 0.02289093 0.00106343 -0.05480676
v 0.36311853 0.20518610 -0.05973625
v 0.39893980 0.20671962 -0.07822233
v 0.38574680 0.20522122 -0.05335816
v -0.11806001 5.26121686 -0.05355124
v -0.01570934 0.00127251 -0.03901514
v 0.48561394 0.08548045 -0.05838364
v 0.48465329 0.09733600 -0.05473073
v 0.48507325 0.10932325 -0.05518215
v -0.35567112 5.26512677 -0.05816281
v -0.26586066 5.38244264 -0.03519840
v -0.00422725 0.29512556 -0.05491797
v 0.09922348 5.01191961 -0.05700170
v -0.02268808 0.29465731 -0.05560571
v -0.30624751 5.27844853 -0.05505255
v 0.02487679 3.21352833 -0.05519892
v 0.02265479 3.21255378 -0.05316276
v 0.02458999 4.02456386 -0.05534525
v 0.04249773 4.77162090 -0.06822606
v 0.01927906 3.98625543 -0.05072910
v 0.49930957 5.56970115 -0.05573748
v -0.39818875 5.64855475 -0.06113981
v 0.08472524 5.32433721 -0.05627591
v -0.29100591 0.19772919 -0.05961215
v 0.09755831 4.96780106 -0.05862927
v 0.09924689 5.00967200 -0.05691390
v 0.09920007 5.01154500 -0.05699585
v -0.03373846 0.29456366 -0.05801830
v 0.02741706 3.21357515 -0.05722997
v 0.08262396 5.32433721 -0.05725338
v 0.02330695 3.01011997 -0.05823406
v 0.02547501 2.97450555 -0.06893446
v 0.02543682 4.73461796 -0.05492243
v 0.02722976 4.22057406 -0.05742897
v 0.02613581 0.70969285 -0.05968543
v 0.02736164 3.99075608 -0.05754165
v 0.02721513 3.98082914 -0.05746409
v 0.03103138 3.97881566 -0.05996485
v -0.15669299 5.25963651 -0.04753822
v -0.21135626 5.25803275 -0.05396388
v -0.29593426 0.20419106 -0.03985046
v 0.39834179 5.49854920 -0.04287676
v -0.15056548 5.25990576 -0.05762210
v 0.09816991 3.34594993 -0.05768652
v 0.10049246 3.69343523 -0.05859064
v 0.09814650 2.99444538 -0.05772749
v 0.09814650 2.99847052 -0.05773334
v 0.46104676 0.20653263 -0.06190088
v 0.09536040 3.99712430 -0.05975853
v 0.09893009 4.14236430 -0.05734960
v 0.09703338 0.78193903 -0.05888295
v -0.01218409 0.29493936 -0.05787319
v 0.09646372 1.04643558 -0.05913810
v -0.34010575 5.27470961 -0.04851899
v 0.09345081 5.01168548 -0.06086624
v 0.49942663 5.56904560 -0.05655399
v -0.13014237 5.26079544 -0.05670243
v 0.32305959 0.20381646 -0.06010976
v -0.23201399 0.00248868 -0.06262852
v 0.31263514 0.20333650 -0.05735109
v 0.28198803 0.20241171 -0.05311670
v 0.32507308 0.20391011 -0.05816066
v 0.14883476 0.27864310 -0.13845997
v -0.11106257 5.26145099 -0.06020481
v -0.20242259 0.20634490 -0.06212798
v 0.33204125 0.20407400 -0.05617425
v -0.22767483 0.20709422 -0.05824838
v 0.01760426 0.00106343 -0.05829523
v -0.41017599 5.64443414 -0.05830103
v -0.23160815 0.20723470 -0.05728407
v -0.22539210 5.34119427 -0.06061305
v -0.22751094 5.34119427 -0.05845909
v 0.08206206 5.28701754 -0.05953026
v 0.07948082 5.32827052 -0.05852937
v -0.24254183 5.34100697 -0.06187147
v -0.07818690 0.20395694 -0.05661683
v 0.03133940 0.48584452 -0.05984193
v -0.07237911 0.20409741 -0.05874591
v 0.05640234 3.46352312 -0.07237077
v 0.02788824 4.02161387 -0.05775163
v 0.02826869 4.20954673 -0.05810648
v 0.02925495 4.22057406 -0.05882202
v 0.03186533 4.22861082 -0.06054376
v -0.26622366 5.34037483 -0.05481843
v 0.03045192 3.99478304 -0.05957708
v 0.02924910 3.98485610 -0.05885129
v 0.02926080 3.98878942 -0.05885129
v 0.02924617 3.98082914 -0.05885714
v 0.02771411 3.96982522 -0.05781821
v 0.03468667 4.24454855 -0.06209393
v 0.03386065 4.26601205 -0.06134144
v 0.02640447 4.25600902 -0.05689780
v 0.02917593 4.25250883 -0.05887470
v -0.09504909 5.26751485 -0.06827228
v 0.09708123 5.07148123 -0.05912639
v 0.02948688 1.83831961 -0.05965610
v -0.18242530 5.34492239 -0.08187750
v 0.10461243 4.84773614 -0.05246022
v 0.09815821 3.36196415 -0.05766311
v -0.02921434 0.29456366 -0.05932977
v 0.09540723 3.35395704 -0.05961806
v 0.09539552 3.34592652 -0.05963562
v 0.11519087 3.00410737 -0.03736293
v 0.11379639 4.48999693 -0.05186320
v 0.09543064 3.82536954 -0.05976439
v 0.09493020 3.83241673 -0.06010679
v 0.09985562 3.82433939 -0.05652613
v 0.09545405 4.14499822 -0.05979950
v 0.11649723 3.82406526 -0.04067032
v 0.09547747 0.77292970 -0.05980536
v 0.09348301 0.76590592 -0.06105939
v 0.10367462 3.09809631 -0.05573136
v 0.09419416 1.03351183 -0.06075210
v -0.42441686 5.45061147 -0.08178625
v -0.33484131 5.66574469 -0.05758012
v 0.13662690 1.71621836 -0.01995857
v 0.03911810 3.00181807 -0.06340915
v 0.03159913 4.21261378 -0.06024434
v 0.03041972 4.22460103 -0.05955952
v 0.03478032 4.00087032 -0.06205881
v 0.02944920 4.23457479 -0.05885348
v 0.03162840 3.97286886 -0.06033799
v 0.03211540 3.97269912 -0.06061162
v 0.03160206 4.25653580 -0.06037896
v 0.03396091 4.26447031 -0.06173153
v -0.02340217 0.29462805 -0.06333881
v -0.00733214 5.30890831 -0.05024642
v 0.03454619 4.37247495 -0.06211734
v 0.02979953 4.39592118 -0.05980784
v -0.11389038 5.26145044 -0.06038253
v 0.06292288 5.17247876 -0.00391895
v 0.09479850 5.07466535 -0.06070089
v -0.41186170 5.52437438 -0.12502692
v 0.09354593 1.20447056 -0.06092916
v 0.09190485 3.35641829 -0.06179616
v 0.09338789 3.34993008 -0.06094087
v 0.09066435 3.33272036 -0.06179323
v 0.03345605 1.84630330 -0.06202808
v 0.06226154 0.57292902 -0.07735502
v 0.10081829 3.99484659 -0.05612846
v 0.09444146 3.82335606 -0.06038775
v 0.09365714 1.04039513 -0.06101696
v 0.09260064 4.00405443 -0.06148814
v 0.03164596 1.83932635 -0.06103451
v 0.09340545 4.00602109 -0.06104037
v 0.09342301 4.00911155 -0.06104622
v 0.09544235 4.14902519 -0.05979950
v 0.09448243 4.14303156 -0.06042286
v -0.22514042 0.20709422 -0.06197976
v 0.03164011 1.83539304 -0.06106378
v 0.09262204 3.23280494 -0.06155417
v 0.09349325 0.77292970 -0.06109305
v 0.09637592 0.77489636 -0.05914395
v 0.09457608 3.21217040 -0.06049018
v -0.32221489 5.27208031 -0.05212304
v -0.29065472 0.19285937 -0.06120421
v -0.03226054 5.35309957 -0.05669183
v -0.15058889 5.26009306 -0.06147932
v 0.03492080 0.48486119 -0.06196516
v 0.08806153 4.94186914 -0.06391719
v 0.03501006 4.19765314 -0.06206759
v 0.03483592 4.20465350 -0.06203540
v 0.03481544 4.01276391 -0.06204125
v -0.37695353 5.29642940 -0.06426539
v 0.34394362 0.20477638 -0.06308315
v 0.32104611 0.20391011 -0.06207056
v 0.03196394 4.27487769 -0.06083475
v 0.03520713 4.24752007 -0.06237728
v 0.44471141 0.20643867 -0.06013903
v 0.35491242 0.20484662 -0.05824553
v 0.09152074 1.20447056 -0.06211735
v 0.29205839 0.20278631 -0.06565634
v 0.03522582 4.37863342 -0.06248643
v 0.12270316 3.46737072 -0.03646651
v 0.03453449 4.38455584 -0.06213490
v 0.09151488 1.20840388 -0.06213491
v -0.20629914 0.20653232 -0.06214072
v -0.21917899 0.20683669 -0.05773038
v -0.19036688 0.20597042 -0.06214073
v -0.42408733 5.51301827 -0.03019913
v 0.09297067 3.59386491 -0.06320425
v -0.17894007 0.20573629 -0.07623146
v 0.06925202 4.07714765 -0.07509612
v -0.03137489 5.37172429 -0.06221098
v -0.13517023 0.20386329 -0.05772527
v 0.09406686 5.08307047 -0.06106744
v -0.23060141 0.20728152 -0.06221681
v 0.01020981 0.00106343 -0.06052053
v 0.08049655 4.89772304 -0.06789608
v 0.09139197 1.04039513 -0.06228124
v 0.26434535 0.20261529 -0.06545692
v 0.09138026 3.25016903 -0.06239245
v -0.11295899 0.20344186 -0.06038772
v 0.08979113 3.22014238 -0.06326749
v 0.09135685 3.21814061 -0.06244513
v -0.03516773 5.38464804 -0.06277874
v -0.03350836 5.38314963 -0.06253876
v -0.20662691 5.34138157 -0.06272018
v -0.43252331 5.41686376 -0.07010829
v -0.06842238 0.20409741 -0.05868153
v 0.12517402 5.27166120 -0.03907912
v -0.03512529 5.37472110 -0.06293092
v 0.03694306 0.48092788 -0.06293093
v 0.08804397 5.22806464 -0.06296020
v 0.08978528 5.22422497 -0.06210857
v 0.00756528 4.18901361 -0.04380414
v 0.03717133 0.49085482 -0.06316798
v 0.03535521 4.20086364 -0.06230479
v 0.03536152 4.20693375 -0.06231744
v 0.02439677 4.05968701 -0.05634917
v 0.03675283 4.21664075 -0.06302458
v 0.03677039 4.00883060 -0.06303044
v 0.03673820 4.00087032 -0.06303629
v 0.03813564 4.00681711 -0.06367721
v 0.03808589 4.23860176 -0.06371818
v 0.03565113 4.24183197 -0.06259902
v 0.03750240 4.39200105 -0.06359673
v 0.03672325 0.36739330 -0.06307232
v -0.03744314 5.38314963 -0.06322650
v 0.00998603 5.40488587 -0.06278320
v -0.32823573 5.27233808 -0.06448381
v -0.00171585 0.29494412 -0.07010177
v -0.35162516 5.27082986 -0.07083542
v 0.09104427 1.15825105 -0.06357586
v 0.09221490 3.32487480 -0.06196957
v 0.08977065 1.20241025 -0.06303922
v 0.08974138 0.74698855 -0.06312995
v 0.08298100 0.74993854 -0.06603603
v 0.06370804 0.73544614 -0.06936209
v 0.08803811 0.74895521 -0.06403133
v 0.08815518 3.25419599 -0.06408401
v 0.08669839 0.75976438 -0.06470601
v -0.38462993 5.53423108 -0.00836829
v 0.08533396 5.22806464 -0.06413669
v -0.35942921 5.27165888 -0.06028818
v -0.04329190 5.38539724 -0.06421861
v -0.13339072 5.26080817 -0.06114996
v 0.03800614 4.17454198 -0.06350198
v 0.04047690 4.19674004 -0.06464590
v 0.08723623 4.94786276 -0.06427131
v -0.04281194 5.38034012 -0.06427129
v 0.03507956 4.21212212 -0.06211442
v 0.03811076 4.21865423 -0.06366258
v 0.08722453 4.94392944 -0.06430057
v 0.03822270 3.99941874 -0.06367428
v 0.03387744 3.18140544 -0.06162346
v 0.03637750 4.25758937 -0.06291776
v 0.03949211 4.24866917 -0.06439422
v 0.03946943 4.31555894 -0.06438544
v 0.03651578 4.37247495 -0.06310653
v 0.02240187 4.86041381 -0.04326444
v 0.08464475 5.01173230 -0.06548730
v 0.01358680 5.40468922 -0.06679108
v 0.08518429 1.01256013 -0.06515759
v -0.04428693 5.37387825 -0.06460492
v 0.08605390 0.74895521 -0.06493857
v 0.08704601 0.75288852 -0.06449373
v 0.08762327 3.24610987 -0.06430789
v 0.08475157 3.54172601 -0.06549462
v 0.08617389 3.25620948 -0.06498832
v 0.08603634 3.53570898 -0.06498832
v 0.08141528 3.53367208 -0.06671500
v 0.06036302 0.44071207 -0.07112929
v -0.28939044 0.18855145 -0.06531312
v 0.08557687 4.94589610 -0.06490638
v 0.10662351 5.25155332 -0.04488184
v 0.09843762 3.89702992 -0.05834500
v 0.46813863 0.20621625 -0.06161659
v 0.06512636 3.24454570 -0.07122224
v 0.05370569 4.33179301 -0.06909883
v 0.08344339 3.53767563 -0.06602140
v 0.33699008 0.20465931 -0.06603314
v -0.02054949 0.29456366 -0.06603895
v -0.19641903 0.20623966 -0.06788961
v -0.20629914 0.20653232 -0.06604477
v 0.44193492 0.20640833 -0.06347515
v 0.35101423 0.20531487 -0.07023570
v 0.47834053 0.20563433 -0.05339160
v 0.09209874 3.26873229 -0.06184591
v 0.35295747 0.20522122 -0.06608582
v 0.08605975 3.21709289 -0.06504831
v -0.14956752 0.20433154 -0.06712761
v 0.04519600 3.52156777 -0.06681742
v -0.23057799 0.20728152 -0.06614428
v -0.22102566 0.20700057 -0.06684665
v 0.04325275 3.52554791 -0.06615602
v -0.11939719 0.20352274 -0.05767031
v -0.32617162 5.25409944 -0.07056924
v -0.00155363 0.00126162 -0.06600004
v -0.00788221 0.00125073 -0.05357888
v 0.01818332 5.11254732 -0.05517193
v -0.10690057 5.38481483 -0.06985988
v -0.11103331 0.20334821 -0.06633744
v 0.04521063 3.51754081 -0.06680572
v 0.04518137 3.52554791 -0.06682913
v -0.33749161 5.27226761 -0.06773046
v -0.32139545 5.27301681 -0.04253852
v 0.04671233 3.53105573 -0.06727324
v -0.14776840 5.26033889 -0.06351842
v 0.16473869 0.26837435 -0.12312773
v -0.24708723 5.34111402 -0.06746995
v -0.25436518 5.34084308 -0.06442564
v -0.27216607 5.34031630 -0.05888600
v 0.08636737 5.01084018 -0.06481547
v -0.24300423 5.34119427 -0.07013466
v 0.08663487 4.22466328 -0.06928111
v -0.21293661 5.34138157 -0.06272604
v 0.04378759 3.51251295 -0.06629283
v 0.04728850 3.51754081 -0.06741444
v 0.07622944 1.81431641 -0.07657979
v 0.02032963 0.37980890 -0.04802809
v 0.08429649 1.49222593 -0.06391445
v 0.02603626 3.68408770 -0.06504597
v 0.05345975 1.35713442 -0.07594156
v 0.07536678 4.40732459 -0.06860484
v 0.05659969 0.75300995 -0.07155492
v 0.07362767 0.94449716 -0.06837437
v 0.06923670 0.95643758 -0.06903980
v 0.07374473 1.71177456 -0.06845632
v 0.07090741 1.75368310 -0.06892457
v 0.07062097 4.91636112 -0.06911187
v 0.06991530 1.48186293 -0.06867434
v 0.08814132 0.88039904 -0.06517287
v 0.06750307 0.86238921 -0.06943562
v 0.07420127 0.84073256 -0.06859094
v 0.07100692 0.83281911 -0.06910309
v 0.07405495 3.64556085 -0.06860264
v 0.08939784 0.73292499 -0.06454021
v 0.07273506 0.71496013 -0.06889823
v 0.03187887 3.60027066 -0.06655495
v 0.07435492 4.38078642 -0.06866118
v 0.07199610 3.52465823 -0.06908699
v 0.04041539 4.49596164 -0.07189367
v 0.07125129 0.93250991 -0.06877239
v 0.07126885 0.94449716 -0.06877239
v 0.06928170 1.71369439 -0.06909138
v 0.07129811 1.71177456 -0.06886018
v 0.05527804 4.89616776 -0.06888359
v 0.26988519 0.20265754 -0.06683465
v 0.05430349 4.90103758 -0.06871824
v 0.28433991 0.20277355 -0.07124187
v 0.07031906 1.48938980 -0.06867216
v 0.07119276 2.99831010 -0.06904163
v 0.07254483 2.99630632 -0.06881628
v 0.07269116 1.11451939 -0.06879433
v 0.07128055 1.12055984 -0.06907675
v 0.07122202 3.64556085 -0.06908845
v 0.07124543 0.84073256 -0.06909431
v 0.07126885 1.14434703 -0.06913528
v 0.07121032 0.71299347 -0.06915869
v 0.07121032 0.70906015 -0.06915869
v 0.06334368 1.49169622 -0.06916455
v 0.07289602 4.79427617 -0.06888945
v 0.07132153 4.79633648 -0.06917040
v 0.06873077 4.38282331 -0.06946598
v 0.07672758 3.52775328 -0.06827779
v 0.07123958 3.52564156 -0.06921722
v 0.07125714 4.38886376 -0.06924649
v 0.07124543 4.54872492 -0.06926405
v 0.07196169 4.00361445 -0.07056378
v 0.07174259 1.70205834 -0.06874970
v 0.07126299 4.40085101 -0.06932258
v 0.07151687 4.82471254 -0.06899919
v 0.05933720 4.89813442 -0.06933721
v 0.05527073 4.88109005 -0.06890115
v 0.07126299 4.40487797 -0.06935185
v 0.06926560 4.41241682 -0.06957353
v 0.02361966 1.02612947 -0.02763844
v 0.05725933 4.85711556 -0.06917478
v 0.05925818 4.84803148 -0.06941623
v -0.21752598 5.38211331 -0.08274958
v 0.07683354 3.00083958 -0.06706363
v 0.05852166 3.52183816 -0.06978355
v 0.06726529 1.12055984 -0.06950988
v 0.06922610 3.64257574 -0.06930502
v 0.06991677 3.65057114 -0.06917772
v 0.03645339 1.96240914 -0.07715597
v 0.06731797 4.79633648 -0.06957427
v 0.09631447 5.06548761 -0.06241586
v 0.07296919 4.55059793 -0.06896261
v 0.06330856 4.84016484 -0.06965036
v 0.06523913 3.52613729 -0.06975090
v 0.06723602 3.53374232 -0.06963280
v 0.06723602 3.53374232 -0.06963280
v 0.06724188 4.54666462 -0.06964450
v 0.06330856 4.84409816 -0.06963865
v 0.07125129 4.54460431 -0.06927576
v 0.10872022 4.50749535 -0.04456669
v 0.07126299 4.39279707 -0.06926990
v 0.31930354 5.58496112 -0.06211534
v 0.05082638 5.40752726 -0.06366396
v -0.23273703 5.69642350 -0.09319157
v -0.22266454 5.25822005 -0.07011857
v -0.38390708 5.29192248 -0.12491791
v -0.21550475 0.20691219 -0.07038661
v -0.21750206 0.20700057 -0.07121603
v -0.13866016 0.20391011 -0.06613843
v -0.17816831 0.20557014 -0.06815081
v 0.26895307 0.20278631 -0.07020058
v 0.34101705 0.20484662 -0.07021229
v 0.33109743 0.20454225 -0.07149633
v -0.11670501 0.20334821 -0.06632135
v -0.12283179 0.20337162 -0.07788900
v 0.35703126 0.20559582 -0.07029424
v -0.11479103 0.20334821 -0.07030003
v -0.09012001 5.27208031 -0.07175747
v 0.49754777 5.57510946 -0.06487717
v -0.37470007 5.30467063 -0.07688625
v -0.27304996 5.30408834 -0.09378369
v -0.10358810 5.36479416 -0.07212036
v -0.10598790 5.36854018 -0.07242473
v -0.10640932 5.36498146 -0.07250082
v 0.27019394 0.20278631 -0.07351346
v -0.32607797 5.25428674 -0.07355435
v 0.46001154 0.20662597 -0.06696235
v 0.26513682 0.20278631 -0.07417486
v -0.14321716 0.20412528 -0.06984793
v -0.15054207 0.20447201 -0.07826616
v -0.15667031 0.20465931 -0.07220815
v -0.14459526 0.20419106 -0.07625853
v 0.43821442 0.20671962 -0.07173924
v -0.11015700 0.20296568 -0.07717039
v -0.10913689 0.20316091 -0.06833922
v -0.07621586 0.20362916 -0.06309627
v -0.02026195 0.29437636 -0.07056051
v 0.27096656 0.20278631 -0.07462556
v -0.22502921 5.25840735 -0.07475426
v -0.22257089 5.25840735 -0.07483621
v -0.11454008 5.35965510 -0.07360230
v -0.11846681 5.28388025 -0.07531618
v -0.32910990 5.25419309 -0.07541565
v -0.11846681 5.28388025 -0.07531618
v -0.12048029 5.28388025 -0.07561469
v 0.00204586 0.29526604 -0.05031593
v 0.28248555 0.20278631 -0.07590155
v -0.38441674 5.77461817 -0.06418194
v 0.45606652 0.20714105 -0.08105966
v 0.27173917 0.20278631 -0.07625858
v 0.28108080 0.20278631 -0.07440314
v 0.02219565 5.39776800 -0.06734988
v -0.29140831 0.18681892 -0.05909598
v -0.31994095 5.25461451 -0.07490570
v 0.26386668 0.20306726 -0.08154837
v -0.01943886 0.29437636 -0.07811985
v 0.38807636 0.20676645 -0.08326628
v 0.43760569 0.20700057 -0.08020802
v 0.28688782 0.20288888 -0.07897133
v -0.00465383 0.00118049 -0.08274311
v -0.18029947 0.20587677 -0.09220250
v -0.16262833 0.20502556 -0.07426749
v -0.14656193 0.20428471 -0.07826031
v 0.38715815 0.20665041 -0.07976595
v 0.46393315 0.20695375 -0.07946614
v -0.18035778 5.37623520 -0.07661785
v -0.43264850 5.42012345 -0.07303110
v 0.47355572 0.20671962 -0.08033826
v 0.39484799 5.66904349 0.00568750
v -0.33815265 5.77604490 -0.07271183
v -0.42648286 5.43067719 -0.07075800
v -0.41969907 5.45866694 -0.09723325
v -0.43297986 5.42192088 -0.08042008
v 0.33094961 5.66503722 -0.08188347
v 0.46100657 0.20709422 -0.08196543
v 0.27223057 0.20282419 -0.08266287
v 0.29741839 0.20351210 -0.09292506
v -0.43279256 5.41742567 -0.08212920
v 0.33958010 0.20508074 -0.07668880
v -0.21287517 0.20702399 -0.08986709
v -0.20800387 0.20669621 -0.07249824
v 0.00881820 0.00106343 -0.07838402
v 0.10657503 0.29510215 -0.08186442
v -0.36285117 5.29770312 -0.06269923
v -0.13778084 5.30003903 -0.07268956
v -0.43252331 5.41330505 -0.08193897
v 0.47542873 0.20671962 -0.08298973
v -0.09729392 5.35022502 -0.06953797
v -0.02174939 0.29437636 -0.08164783
v -0.01345840 0.29432953 -0.08168369
v -0.38801296 5.64618328 -0.07238201
v 0.11568706 0.29217066 -0.08389498
v -0.18331969 5.36441956 -0.08463438
v -0.18673793 5.36086085 -0.08526652
v -0.43274573 5.41798757 -0.08466947
v -0.18482029 5.34567778 -0.07705126
v -0.18674964 5.36423226 -0.08524896
v -0.03001476 5.38155758 -0.06185687
v -0.41986881 5.40918443 -0.06099348
v 0.33200318 5.66765943 -0.08548316
v 0.33399325 5.66990704 -0.08552998
v 0.47755927 0.20662597 -0.08481299
v -0.27945753 0.03733192 -0.05472164
v 0.10590777 0.29512556 -0.08601576
v 0.46321440 0.20741714 -0.09455705
v 0.44401993 0.20725025 -0.08618328
v 0.28981955 0.20316091 -0.08568984
v 0.27102507 0.20306726 -0.08817852
v 0.42684760 0.20709422 -0.08820488
v 0.34362168 0.20545534 -0.08569460
v 0.34331088 0.20532414 -0.08035736
v 0.00575382 0.00106343 -0.08622646
v 0.00165049 0.00106343 -0.08821507
v -0.17064177 0.20540852 -0.08624985
v -0.16871024 0.20531487 -0.08421003
v -0.17831484 0.20595939 -0.09381266
v -0.09951431 0.20269266 -0.08606841
v -0.08895889 0.20269266 -0.08488388
v -0.07185819 0.20278631 -0.08633180
v -0.18999814 5.30176747 -0.08328523
v -0.18742860 5.30523253 -0.07526349
v -0.19745460 5.28489132 -0.08791285
v 0.31321605 5.62297650 -0.08275412
v -0.19154337 5.27030095 -0.08870817
v -0.21434088 5.30004399 -0.08916170
v -0.41065303 5.31312258 -0.08487030
v -0.14457770 0.20428471 -0.09218202
v 0.29120192 0.20323700 -0.09222677
v -0.03427531 0.00129756 -0.09810615
v -0.19589226 0.20657915 -0.09165523
v 0.27298002 0.20297361 -0.09023005
v -0.18223101 0.20597042 -0.09024170
v 0.28300940 0.20292678 -0.08321140
v -0.18224271 0.20597042 -0.08621473
v -0.17065348 0.20540852 -0.09025926
v 0.44376613 0.20735176 -0.09295178
v -0.09536443 0.20259901 -0.08633180
v -0.08169733 0.20259901 -0.09244249
v 0.07786754 0.29516068 -0.09680421
v 0.10077749 0.29521921 -0.08644304
v -0.21891855 5.28706436 -0.09197422
v -0.24951515 5.28470408 -0.09340769
v -0.21880148 5.28369295 -0.09236052
v -0.41265773 5.34269268 -0.09273510
v -0.21674118 5.28210089 -0.09215274
v -0.41340693 5.35767674 -0.09305117
v -0.28130307 0.12130424 -0.08285083
v -0.37011708 5.38745755 -0.09392916
v 0.47017260 0.20707081 -0.09092880
v 0.31286839 5.72515364 -0.21512864
v 0.39029470 0.20725811 -0.09898930
v 0.34517667 0.20572967 -0.09659052
v 0.42490436 0.20728152 -0.09413997
v 0.37000620 0.20659085 -0.09283398
v 0.26009724 0.20405059 -0.10515557
v 0.00211406 0.00106343 -0.09920216
v 0.33098473 5.66700388 -0.08695522
v 0.43675113 0.20765613 -0.10226414
v 0.27693674 0.20316091 -0.09422189
v 0.27896193 0.20334821 -0.10428931
v -0.12451311 0.20334821 -0.08627619
v -0.10441925 0.20278631 -0.09435062
v -0.08075863 0.20257559 -0.09500763
v 0.08622364 0.29512556 -0.09444429
v -0.34254290 5.30132263 -0.09605092
v 0.37977770 0.20703928 -0.09862359
v 0.09563550 0.29512556 -0.09578466
v -0.20429738 0.20690692 -0.10126610
v -0.21631682 0.20712934 -0.08711135
v 0.08482474 0.29512556 -0.09581393
v -0.41248213 5.33875936 -0.09948524
v -0.41289771 5.34709424 -0.09995057
v -0.41284503 5.34662599 -0.09653965
v -0.41309086 5.35116804 -0.09200931
v -0.41336011 5.35786404 -0.09668012
v -0.20606405 0.20690615 -0.09576360
v 0.08501204 0.29512556 -0.09690554
v -0.41316331 5.46912334 -0.12635473
v -0.34588504 5.30148652 -0.09775711
v 0.42488095 0.20737518 -0.09611248
v -0.21025589 0.20709422 -0.09813174
v -0.18919016 0.20629927 -0.09612891
v 0.27495838 0.20316091 -0.09617684
v -0.37032779 5.39270197 -0.09816683
v 0.38310117 0.20709422 -0.10026821
v 0.00978152 0.00106343 -0.09817859
v 0.28913473 0.20334821 -0.09819033
v 0.00169265 0.00106343 -0.09819029
v 0.01176171 0.00106343 -0.09618266
v -0.01991315 0.00125073 -0.10548258
v -0.00969876 0.00113367 -0.10374200
v -0.14262860 0.20428471 -0.09824880
v -0.22914690 5.54137972 -0.14368859
v -0.14754964 0.20449543 -0.09470838
v -0.12656756 0.20353551 -0.09830734
v -0.10468850 0.20259901 -0.10242796
v -0.10417342 0.20259901 -0.09838929
v 0.37836596 0.20690692 -0.09884589
v -0.07210988 0.20259901 -0.10273232
v -0.33764381 5.30167382 -0.09882239
v -0.33025129 5.30181430 -0.10135680
v -0.34375450 5.30148652 -0.09950135
v 0.12445055 0.29175415 -0.08147372
v -0.41203144 5.32988599 -0.10161286
v -0.41139345 5.31984199 -0.10041443
v -0.28906488 0.20208359 -0.06668820
v -0.42586243 5.39832099 -0.11695543
v -0.26888687 0.06217029 -0.10224064
v -0.26842447 0.05697270 -0.10185433
v 0.30997193 5.61296762 -0.09892784
v -0.41883865 5.48373012 -0.10126899
v -0.42344508 5.44097873 -0.08363053
v -0.45333070 5.66270522 -0.13125563
v -0.33952853 5.30148652 -0.10246890
v -0.26806157 0.06048459 -0.10459360
v -0.22200169 0.00248575 -0.10771676
v 0.00978957 0.00106343 -0.10218214
v -0.02565051 0.00125073 -0.10424245
v 0.44897250 0.20765613 -0.10225243
v -0.18624627 0.20625137 -0.09614167
v 0.29115992 0.20353551 -0.10022137
v -0.19233940 0.20653232 -0.10228747
v -0.19966169 0.20681327 -0.10433608
v -0.20147617 0.20690692 -0.10232259
v -0.13605492 0.20397295 -0.10340850
v -0.13871870 0.20409741 -0.10634956
v -0.20667464 0.20710465 -0.10373349
v 0.38510296 0.20728152 -0.10235779
v 0.36812295 0.20676645 -0.10238705
v 0.35926714 0.20634502 -0.10021553
v -0.31561283 5.44061803 -0.09295747
v -0.11474420 0.20297361 -0.10241625
v -0.07209890 0.20264583 -0.11009705
v -0.06445395 0.20297361 -0.09888095
v -0.34303456 5.30139287 -0.10660122
v 0.30998364 5.61596443 -0.10397325
v -0.26829570 0.05950126 -0.10330591
v -0.40892927 5.52964221 -0.13947615
v 0.30993718 5.61441605 -0.10095943
v -0.25604563 5.42099138 -0.08582235
v -0.41204961 5.32938426 -0.10519567
v 0.30999534 5.61596443 -0.09923220
v -0.41738707 5.49356341 -0.10684119
v -0.43054622 5.44508295 -0.11821019
v -0.33963388 5.30148652 -0.10476919
v 0.49001477 0.20517439 -0.07895947
v -0.04408683 0.00136780 -0.11225394
v -0.00667205 0.00106343 -0.10823429
v -0.17305766 0.20575971 -0.10318008
v -0.18038141 0.20606407 -0.10820501
v -0.10336568 0.20259901 -0.10630274
v -0.19034347 0.20653232 -0.10631444
v 0.29718866 0.20372281 -0.10631451
v 0.43903179 0.20765613 -0.10631629
v -0.19438215 0.20671962 -0.10632615
v -0.19843253 0.20671962 -0.10634956
v 0.28096371 0.20353551 -0.11032976
v -0.15106739 0.20482320 -0.10727143
v 0.28098712 0.20334821 -0.10636132
v 0.28503750 0.20353551 -0.10637303
v 0.28911131 0.20353551 -0.10637303
v 0.36124550 0.20653232 -0.10643157
v -0.11723691 0.20311408 -0.09938844
v -0.09388718 0.20241173 -0.10644313
v 0.38510296 0.20728152 -0.10646670
v -0.11088113 0.20278631 -0.10242796
v -0.27911139 5.26097618 -0.10807277
v -0.10291060 0.20259901 -0.11239002
v 0.35662294 5.52735460 -0.09642974
v -0.41729578 5.48578028 -0.10771932
v -0.36243418 5.30274344 -0.11624518
v -0.41710612 5.48766344 -0.10856201
v -0.41701247 5.49159675 -0.10856201
v 0.36510273 5.71556159 -0.13725864
v -0.18632236 0.20634502 -0.11015996
v -0.19878372 0.20690692 -0.11011898
v -0.17841475 0.20597042 -0.11011898
v -0.17452826 0.20597042 -0.11014240
v 0.00580943 0.00106343 -0.11421621
v 0.46931365 0.20752150 -0.10629989
v -0.13821240 0.20414424 -0.10925857
v 0.39709020 0.20746883 -0.11021272
v 0.01274376 0.00106343 -0.10218360
v -0.20466028 0.20700057 -0.10828110
v -0.02367050 0.00125073 -0.11377722
v -0.01072060 0.00106343 -0.11024778
v 0.36515541 0.20671962 -0.11025953
v 0.36317704 0.20662597 -0.11222033
v 0.26907011 0.20391011 -0.11415771
v -0.13217634 0.20379305 -0.10383124
v -0.09994416 0.20250536 -0.11938599
v 0.27693674 0.20353551 -0.11031805
v -0.41710612 5.48766344 -0.10856201
v -0.26314769 0.10904395 -0.13489520
v -0.41314939 5.34971645 -0.11143591
v -0.28671921 5.41912308 -0.02447424
v -0.41429661 5.48522853 -0.12076583
v -0.26509988 0.05875205 -0.11470199
v -0.41472974 5.47675317 -0.11892794
v -0.26459246 0.05529897 -0.11532436
v -0.41209583 5.32677212 -0.11296358
v -0.41230138 5.33351653 -0.12375724
v -0.17842646 0.20615772 -0.11405230
v -0.20041534 0.20692569 -0.11280787
v -0.17061836 0.20578312 -0.11406401
v -0.15866623 0.20522122 -0.11408742
v -0.15459244 0.20503392 -0.11409913
v 0.39298715 0.20769125 -0.11938313
v -0.20123619 0.20702399 -0.12138922
v 0.40102352 0.20765613 -0.11412262
v 0.27298002 0.20372281 -0.11413430
v 0.27497009 0.20353551 -0.11222032
v 0.29261442 0.20365257 -0.11271199
v 0.26511339 0.20409741 -0.11415771
v 0.28096371 0.20353551 -0.11415771
v -0.12662609 0.20353551 -0.11416937
v 0.34094679 0.20578312 -0.11820810
v 0.32823375 0.20517439 -0.11621218
v -0.10795089 0.20278631 -0.10644797
v -0.11077577 0.20278631 -0.11421620
v -0.02264785 0.00125073 -0.11930260
v -0.08642997 0.20241171 -0.11826841
v -0.07479940 0.20250536 -0.11942550
v 0.49811787 0.20018281 -0.09386543
v 0.50399209 0.07907418 -0.11669801
v -0.28507119 5.29977740 -0.10308312
v -0.41012917 5.39476228 -0.12262127
v -0.41352399 5.36011164 -0.11659253
v -0.41372300 5.36718225 -0.12184573
v -0.41351814 5.35446921 -0.12211790
v -0.41370929 5.38168318 -0.11991275
v -0.41554918 5.48485392 -0.11545117
v -0.41504581 5.48017141 -0.11773975
v 0.46309322 0.20787855 -0.12598841
v -0.17060665 0.20578312 -0.11805585
v 0.26706834 0.20409741 -0.12013378
v 0.28297719 0.20353551 -0.11613608
v 0.44897574 0.20789499 -0.11743001
v 0.28164173 0.20365312 -0.12195410
v 0.44399733 0.20784343 -0.11612439
v 0.39332224 0.20777319 -0.13778068
v 0.35607132 0.20639185 -0.11421918
v 0.37017741 0.20709422 -0.12406710
v 0.37484968 0.20708837 -0.11091325
v 0.33701347 0.20559582 -0.11823152
v -0.11074065 0.20278631 -0.11824316
v 0.01078497 0.00087613 -0.11722180
v -0.04454448 0.00134438 -0.12028007
v -0.00250488 0.00106343 -0.11729204
v 0.14327424 0.00050153 -0.35948656
v 0.50441352 0.07317421 -0.11866467
v 0.50455399 0.07710752 -0.11867638
v -0.39028408 5.40755726 -0.13159343
v -0.38721556 5.39679332 -0.11969836
v -0.37352980 5.45614127 -0.13583207
v -0.41368788 5.36235925 -0.12070144
v -0.41359423 5.35842594 -0.12077168
v -0.41354741 5.35467992 -0.12084192
v -0.41162172 5.32566002 -0.12327500
v -0.26431556 0.05200923 -0.11514097
v 0.50472157 0.20677747 -0.13148358
v -0.17599301 0.20601725 -0.11905235
v -0.16667334 0.20559582 -0.12204770
v -0.12257572 0.20334821 -0.11818463
v 0.27845564 0.20362916 -0.11911533
v -0.10510115 0.20259901 -0.13050697
v 0.27295660 0.20391011 -0.12216482
v 0.43703208 0.20803073 -0.13010171
v 0.50635676 0.07898053 -0.12454708
v 0.32919367 0.20522122 -0.12218824
v 0.43893925 0.20803073 -0.12223424
v -0.04260709 0.00125073 -0.11829000
v -0.07940290 0.20241171 -0.12425435
v -0.00667973 0.00106343 -0.12229355
v -0.01469891 0.00111026 -0.11529026
v -0.40996528 5.39916384 -0.12381532
v -0.39667887 5.28597028 -0.06444529
v -0.26822546 0.19229747 -0.12334709
v -0.36549602 5.30383948 -0.12125750
v -0.37357043 5.60622479 -0.15332106
v 0.49042918 0.00102983 -0.07944538
v -0.26745285 0.19248477 -0.12536057
v -0.23527809 0.00256184 -0.12662778
v 0.13088168 0.21940925 -0.14904686
v 0.30861620 0.20434910 -0.12056875
v -0.10286233 0.20259901 -0.12804719
v -0.15710052 0.20510415 -0.12107900
v -0.09486107 0.20241171 -0.12607468
v -0.11766493 0.20311408 -0.12119315
v 0.38927040 0.20765613 -0.12612157
v 0.36506176 0.20690692 -0.13004317
v 0.33990493 0.20578312 -0.12514701
v 0.33308015 0.20559582 -0.12614499
v -0.28121945 0.20503392 -0.08448803
v 0.42802409 0.20789025 -0.12175366
v -0.03320547 0.00125073 -0.12277790
v -0.02666018 0.00125073 -0.12131315
v -0.07177770 0.20259901 -0.12558554
v -0.39611284 5.38650666 -0.11988318
v 0.11886810 0.28926071 -0.11298633
v -0.26473113 0.18094236 -0.13366472
v -0.26597785 0.19248477 -0.12929388
v -0.22945421 0.00256184 -0.12960995
v -0.19581371 0.20671762 -0.13655300
v 0.45712008 0.20803073 -0.12996123
v 0.45318677 0.20803073 -0.12997294
v 0.45117329 0.20803073 -0.13200398
v 0.45510660 0.20793708 -0.12408467
v -0.21451698 0.20746883 -0.12605124
v 0.39073673 0.20765676 -0.12868322
v -0.21454039 0.20746883 -0.13003138
v 0.36819904 0.20709422 -0.13005487
v -0.22266739 0.20744102 -0.09400825
v -0.21859077 0.20765613 -0.13006650
v -0.09480839 0.20241171 -0.13007823
v 0.34384995 0.20611090 -0.13209470
v -0.02665872 0.00125073 -0.13224976
v -0.03069008 0.00125073 -0.13026554
v -0.06784586 0.20259901 -0.12842764
v 0.52142846 0.19749864 -0.17006764
v -0.26270009 0.05673857 -0.12260666
v 0.12065769 0.27939230 -0.13213856
v 0.11866762 0.27939230 -0.13240780
v -0.26560325 0.19477920 -0.12991432
v -0.22746414 0.00256184 -0.13560943
v -0.21358633 0.20737518 -0.13711662
v -0.15555237 0.20498709 -0.12800913
v 0.44915980 0.20803073 -0.13405844
v 0.36997840 0.20709422 -0.13203324
v 0.34485669 0.20615772 -0.13410525
v 0.31996607 0.20480369 -0.11431195
v -0.07641341 0.20245853 -0.13322430
v 0.33303333 0.20559582 -0.13414037
v -0.12271620 0.20334821 -0.13419885
v -0.03519334 0.00125073 -0.13273118
v -0.41684858 5.42524547 -0.16139546
v 0.13799256 0.27905589 -0.14524158
v -0.26710192 0.00267462 -0.09130104
v -0.25824621 0.13966450 -0.15014171
v -0.10431391 0.20259901 -0.13829605
v -0.34897531 5.62076662 -0.17524144
v -0.41901297 5.40083419 -0.10641098
v 0.18162409 0.21926877 -0.13726593
v 0.29890363 0.20419106 -0.14446826
v 0.30489140 0.20447201 -0.13802686
v -0.14432970 0.20431227 -0.14318548
v 0.34089996 0.20597042 -0.13810880
v 0.32619100 0.20522122 -0.12513530
v 0.35450853 0.20653232 -0.13507688
v 0.34893048 0.20634502 -0.13812051
v 0.34744671 0.20636843 -0.14512674
v -0.21903296 0.20747465 -0.14125020
v 0.22271040 0.21342948 -0.13587926
v 0.37292839 0.20728152 -0.13816734
v -0.03354477 0.00118049 -0.17697367
v -0.01869551 0.00115708 -0.12678877
v -0.10233554 0.20259901 -0.13828434
v -0.12070857 0.20325456 -0.13626501
v 0.17922430 0.21926877 -0.13662208
v -0.20607674 0.20700057 -0.14099434
v -0.24806207 5.63100475 -0.19110941
v -0.26581165 0.20324721 -0.12849213
v 0.50510892 0.20700643 -0.16099190
v 0.27746045 0.20390060 -0.14112741
v 0.27681968 0.20391011 -0.13806197
v 0.34489181 0.20615772 -0.14010473
v -0.08326036 0.20234987 -0.14433965
v -0.00976754 0.00106343 -0.14720164
v -0.10107126 0.20259901 -0.14221182
v -0.12668464 0.20353551 -0.14221767
v -0.11273073 0.20297361 -0.14164552
v -0.10674882 0.20278631 -0.14222937
v 0.18560423 0.21908147 -0.14012226
v -0.41623388 5.41230315 -0.11157661
v -0.39421446 5.57412613 -0.15602959
v -0.42113131 5.42373260 -0.14991095
v -0.40392488 5.49094120 -0.16915381
v -0.37478325 5.60260748 -0.14508730
v -0.10378712 0.20259901 -0.14534325
v -0.25850924 0.18424354 -0.14935849
v 0.30538688 0.20449500 -0.14553579
v -0.09873000 0.20259901 -0.14603392
v 0.31205565 0.20484662 -0.15407035
v -0.07906928 0.20241171 -0.14608075
v -0.26135567 0.17054080 -0.14288560
v -0.02264749 0.00115708 -0.14713140
v -0.03066959 0.00125073 -0.14611588
v -0.03670273 0.00125073 -0.14713725
v 0.34895389 0.20634502 -0.14613933
v -0.21429456 0.20700057 -0.15057594
v 0.33312698 0.20578312 -0.14616275
v 0.33651010 0.20587677 -0.14210798
v -0.01476220 0.00106343 -0.14617441
v 0.37695535 0.20746883 -0.14619787
v 0.37297521 0.20728152 -0.14619787
v 0.17760883 0.21851957 -0.14642026
v -0.10631568 0.20278631 -0.14643193
v -0.37732815 5.60116767 -0.15145390
v 0.13237570 0.27883040 -0.14841033
v -0.37852473 5.59895528 -0.14523510
v 0.36503834 5.72010363 -0.14828159
v 0.12686203 0.22985126 -0.14926489
v 0.12932035 0.22938301 -0.14804744
v -0.21223822 0.20709220 -0.14840813
v 0.12771659 0.22769730 -0.14890200
v -0.25205681 0.14997372 -0.16663247
v 0.48919533 0.20746883 -0.14973319
v 0.36700500 5.72010363 -0.14815282
v 0.28708758 0.20382817 -0.13700767
v -0.17050131 0.20522122 -0.15000234
v -0.17444633 0.20522122 -0.15000234
v -0.16662653 0.20531487 -0.13899257
v 0.28480337 0.20391011 -0.15000240
v 0.36405501 5.72085283 -0.15003753
v 0.33124227 0.20578312 -0.15217978
v -0.07903416 0.20259901 -0.15013112
v 0.35302769 0.20653232 -0.15015459
v -0.12038392 0.20324167 -0.14647866
v -0.00256662 0.00106343 -0.15022479
v 0.40057039 0.20802919 -0.14802330
v 0.36901848 0.20709422 -0.15425180
v -0.37342996 5.39562854 -0.11265630
v -0.27577895 5.45725048 -0.15535650
v -0.26876395 5.46144133 -0.15329180
v -0.23770828 5.50162806 -0.19760904
v 0.51294541 0.00062096 -0.14859099
v -0.21649573 0.20693472 -0.15195334
v 0.12793901 0.21851957 -0.15274166
v 0.13200109 0.21851957 -0.15289384
v -0.37523805 5.60432613 -0.15072453
v -0.25717764 0.16408530 -0.15360641
v -0.37423769 5.60247878 -0.14500373
v -0.37461229 5.60659939 -0.15349080
v -0.37444840 5.60678669 -0.15351421
v -0.25331239 0.20366159 -0.15965214
v -0.22068620 0.20718787 -0.15147733
v 0.48512154 0.20746883 -0.15379527
v 0.34682335 5.76337010 -0.24328988
v -0.20276386 0.20634502 -0.15398248
v -0.20490611 0.20688351 -0.14413749
v -0.03068423 0.00125073 -0.15411128
v -0.03271527 0.00125073 -0.15212706
v -0.09567905 0.20255218 -0.15714612
v -0.08183050 0.20255218 -0.15316891
v -0.11065972 0.20272339 -0.16246965
v 0.00478555 0.00094637 -0.14959521
v -0.01205951 0.00106343 -0.15616573
v -0.07706311 0.20259901 -0.15822310
v 0.37295180 0.20728152 -0.15426350
v -0.23472790 0.20718787 -0.14951945
v 0.04478804 0.24974430 -0.17361120
v -0.25658228 0.16500079 -0.15513582
v -0.37444840 5.60716129 -0.15570329
v -0.27076349 5.46132972 -0.15727553
v -0.39231149 5.43342917 -0.14023869
v -0.40703871 5.48260632 -0.15106758
v -0.25684694 0.17244359 -0.15419904
v -0.25399646 0.15914524 -0.16166765
v -0.37959129 5.59850333 -0.15284904
v -0.22784752 0.00244477 -0.14564466
v -0.18516088 0.20605236 -0.14088185
v 0.32603103 0.20563961 -0.15449304
v -0.02657229 0.00109403 -0.16147533
v 0.35306280 0.20671962 -0.16009909
v -0.08660814 0.20259901 -0.15818505
v 0.06758720 0.00078317 -0.13771193
v 0.00367613 0.00096978 -0.16021026
v 0.25414506 0.20660996 -0.18115188
v -0.26989361 5.46330264 -0.16032143
v 0.41010428 5.75274784 -0.25226212
v 0.14157684 0.21814497 -0.15901624
v 0.14268602 0.21791084 -0.16506546
v -0.07202208 0.20264583 -0.14753525
v 0.45276534 5.59948197 -0.16179066
v 0.46451846 0.20765613 -0.16189602
v 0.47423908 0.20761515 -0.15398367
v 0.46456526 0.20765613 -0.16817645
v -0.24083256 0.00259431 -0.18385289
v 0.31099038 0.20494027 -0.17225023
v -0.21077096 0.20653232 -0.15792751
v 0.29062873 0.20408571 -0.15679791
v -0.12668464 0.20348869 -0.15166465
v 0.28075300 0.20409741 -0.16207159
v -0.16230206 0.20453640 -0.15924163
v -0.03070764 0.00125073 -0.15812653
v 0.00137186 0.00100603 -0.16117600
v -0.21852128 0.19908127 -0.25087989
v 0.45464887 5.57368609 -0.17470134
v 0.18361416 0.21936242 -0.13615968
v 0.13552469 0.21805132 -0.16163845
v -0.39070460 5.46761450 -0.20701405
v -0.25291363 0.16457696 -0.16426060
v -0.40472332 5.49973567 -0.16680985
v 0.45234391 5.59948197 -0.16513866
v -0.36270794 5.47767570 -0.18805502
v -0.02867075 0.00115708 -0.16819395
v 0.38252756 0.20758589 -0.16103121
v -0.00045281 0.00096978 -0.17218580
v 0.38354285 0.20747366 -0.16912610
v 0.00573625 0.00087613 -0.16622729
v 0.30493823 0.20465931 -0.16413776
v -0.25245708 0.16851028 -0.16521466
v -0.24729461 0.16762060 -0.17802720
v 0.00771078 0.00087613 -0.16522348
v -0.19159313 0.20501050 -0.17168387
v 0.35310802 0.20672097 -0.16410633
v 0.34897731 0.20653232 -0.17041819
v 0.33526046 0.20605822 -0.15880225
v 0.33033503 0.20592359 -0.17122007
v 0.41887942 5.68291858 -0.26369086
v 0.13380386 0.21795767 -0.16683604
v 0.13790107 0.21795767 -0.16692969
v 0.52307550 0.11200106 -0.17399046
v 0.15557978 0.21780214 -0.16553824
v -0.37423096 5.60975000 -0.16570736
v -0.10365664 0.20249661 -0.17664474
v 0.11173896 0.21837909 -0.17062887
v 0.10175203 0.21851957 -0.17457389
v -0.25073626 0.16457696 -0.16962208
v -0.24921444 0.13685645 -0.17355540
v -0.40073438 5.39943297 -0.12862959
v 0.52183244 0.14528499 -0.16982119
v 0.45171175 5.60107402 -0.16751504
v 0.28077641 0.20428471 -0.17009040
v 0.27178597 0.20465931 -0.17311063
v 0.45619675 0.20794293 -0.15338737
v -0.08716061 0.00170282 -0.11509845
v 0.27110774 0.20437836 -0.15761478
v -0.03076517 0.00109489 -0.17355069
v -0.00565983 0.00096978 -0.17823502
v -0.08083254 0.20259901 -0.16916556
v 0.31536440 0.20515360 -0.17271777
v 0.34097020 0.20634502 -0.17044160
v 0.33324405 0.20597042 -0.17044160
v 0.33708371 0.20615772 -0.17045331
v 0.45299947 5.59737483 -0.16286179
v 0.13579393 0.21805132 -0.17895791
v -0.37416745 5.60865970 -0.16153887
v 0.52248799 0.14528499 -0.17176444
v -0.40016716 5.54822010 -0.17656682
v -0.24919102 0.16457696 -0.17346175
v -0.25028556 0.15966032 -0.17097416
v 0.27677286 0.20447201 -0.17401201
v 0.28477996 0.20409741 -0.17012552
v 0.36036168 0.20693034 -0.17315307
v 0.34490352 0.20653232 -0.17404714
v 0.32132704 0.20559582 -0.17411738
v -0.01868528 0.00106343 -0.17418757
v -0.02461049 0.00106343 -0.17621861
v 0.10066847 0.21849814 -0.17793081
v 0.52327231 0.16641485 -0.17413862
v 0.13778400 0.21795767 -0.17903400
v -0.37365238 5.61184381 -0.17424606
v -0.24807893 0.13882311 -0.17658733
v -0.24846523 0.14078977 -0.17559229
v -0.24846523 0.14472308 -0.17563912
v -0.40119388 5.53200377 -0.17740037
v -0.25502954 0.09909195 -0.15581012
v 0.36551977 0.20686010 -0.18455500
v 0.36980483 0.20715978 -0.17627327
v 0.27978723 0.20433154 -0.17697078
v -0.16597556 0.20381690 -0.17557626
v -0.07500720 0.20259901 -0.17800381
v 0.27276930 0.20465931 -0.17803898
v 0.33511120 0.20604066 -0.18061291
v -0.19056590 0.20447201 -0.17808575
v 0.32933414 0.20578312 -0.17812093
v -0.01475050 0.00106343 -0.17823795
v -0.39861022 5.50405225 -0.19282395
v 0.16350348 0.21811863 -0.16851736
v -0.23291927 5.60135497 -0.18027481
v -0.38950272 5.58346775 -0.19805666
v -0.24127757 0.01717129 -0.18738639
v 0.28244350 0.20440340 -0.18416808
v -0.07400850 0.20266924 -0.17855255
v -0.15631506 0.20339536 -0.18096402
v -0.26513461 0.20688240 -0.11528142
v -0.05502455 0.20334821 -0.18214784
v 0.27076753 0.20503392 -0.18413796
v 0.32527797 0.20559429 -0.18607631
v -0.14641947 0.00197970 -0.16636657
v -0.01769609 0.00106343 -0.18127573
v -0.02661922 0.00106343 -0.18228833
v -0.23352800 5.60435178 -0.18237024
v -0.36257822 5.46818416 -0.21854268
v 0.52161587 0.20571288 -0.17402375
v -0.25211614 0.20477638 -0.16002585
v 0.37463751 0.20718787 -0.18186109
v -0.24704619 0.08265282 -0.17765192
v -0.24446268 0.18268902 -0.18354501
v -0.39688299 5.57113291 -0.17956621
v -0.24077859 0.02605637 -0.19167090
v 0.38971520 0.20746883 -0.18998819
v -0.16444330 0.20334821 -0.18400328
v 0.36883118 0.20690692 -0.18598756
v 0.38074819 0.20728152 -0.18599927
v 0.36492128 0.20671962 -0.18599927
v -0.18403379 0.20417936 -0.17978535
v 0.39480890 0.20765613 -0.17531436
v -0.05716699 0.20334236 -0.19786172
v 0.31865950 0.20518380 -0.18835298
v 0.28186509 0.20456566 -0.18902242
v -0.05109708 0.20353551 -0.18609286
v -0.05495431 0.20334821 -0.18609286
v 0.27272248 0.20484662 -0.18610461
v 0.31203809 0.20475297 -0.19400637
v -0.02071838 0.00096978 -0.22138004
v -0.01473879 0.00106343 -0.18629188
v 0.14006819 0.21802790 -0.18630654
v 0.20153653 0.21751632 -0.18724706
v 0.10479859 0.21837909 -0.17925056
v 0.44901198 5.60974651 -0.17566207
v -0.29070157 5.64068812 -0.18822337
v 0.52155149 0.20728152 -0.20309048
v -0.37034689 5.44710760 -0.19038110
v 0.36484225 0.20662811 -0.19172574
v 0.39405035 0.20762344 -0.18940497
v 0.39727746 0.20765613 -0.18993258
v 0.32919367 0.20559582 -0.19000282
v 0.27667921 0.20465931 -0.19002623
v 0.29184254 0.20436666 -0.17331183
v 0.30306522 0.20456566 -0.19597303
v -0.37053850 5.44683188 -0.19016662
v -0.29063133 5.64218653 -0.19056463
v -0.29484560 5.64218653 -0.19058805
v -0.23291927 5.60135497 -0.18027481
v 0.55032764 0.19538782 -0.25095076
v 0.12942864 0.21954972 -0.14919173
v -0.38260882 5.57271439 -0.30363511
v 0.31666036 5.65880893 -0.11600659
v -0.24152863 0.13236080 -0.19470207
v 0.38234025 0.20718787 -0.19582085
v 0.37913148 0.20709009 -0.19001083
v 0.35985831 0.20643867 -0.19375469
v -0.23905337 0.02185381 -0.19740113
v -0.24132439 0.00471580 -0.18378671
v -0.08171399 0.20249365 -0.18768858
v -0.13445762 0.20241171 -0.19391266
v -0.23994305 0.02204111 -0.19391266
v 0.27267565 0.20484662 -0.19009647
v 0.29716525 0.20447201 -0.19402979
v 0.27260542 0.20503392 -0.19407661
v 0.05174602 0.00075413 -0.18624231
v -0.03294940 0.20456566 -0.19439264
v -0.39645626 5.54741237 -0.19452136
v 0.14364594 0.21799278 -0.20051359
v 0.13368095 0.21814497 -0.19694463
v -0.39782681 5.50590681 -0.19527461
v -0.28320989 5.64800163 -0.20022416
v -0.30671036 5.42988122 -0.14700332
v -0.23804663 0.15071671 -0.20364059
v -0.39934917 5.50153539 -0.18606081
v -0.39594119 5.54741237 -0.19690944
v 0.51719674 0.20728152 -0.19728416
v -0.24635085 0.04715503 -0.17542541
v -0.36983612 5.44907949 -0.19194598
v 0.30898860 0.20465931 -0.19789286
v 0.32323516 0.20540852 -0.18805372
v 0.37847717 0.20718787 -0.18874440
v 0.34536699 0.20557228 -0.20669417
v 0.33396984 0.20554899 -0.19595547
v 0.28180656 0.20470614 -0.19899911
v -0.08561164 0.20245853 -0.20503950
v -0.09470304 0.20241171 -0.19793962
v 0.27658556 0.20484662 -0.19800993
v -0.08269824 0.20259901 -0.19800988
v -0.13046577 0.20241171 -0.19388924
v -0.13451615 0.20222441 -0.19800986
v 0.36680599 0.20643867 -0.20216566
v -0.15448710 0.20203710 -0.20582966
v 0.40690003 0.20784343 -0.20390990
v 0.40111712 0.20765613 -0.19817382
v -0.14482410 0.20265754 -0.19077793
v -0.01077548 0.00106343 -0.19030714
v -0.00872926 0.00096978 -0.20420251
v -0.00673442 0.00087611 -0.18232155
v -0.03707587 0.20419106 -0.20045650
v -0.03499507 0.20428471 -0.19843131
v -0.39580071 5.51107603 -0.20330108
v 0.13759858 0.21814497 -0.19499722
v -0.39065872 5.57788385 -0.19637534
v -0.36802165 5.45783580 -0.19737184
v -0.23840367 0.10946372 -0.20440735
v 0.38039700 0.20709422 -0.19793969
v 0.38407276 0.20718787 -0.19701489
v 0.40889010 0.20784343 -0.20199007
v -0.12705699 0.20222440 -0.20202797
v 0.37293315 0.20673071 -0.19782172
v 0.40107030 0.20765613 -0.20206031
v -0.12447800 0.20203710 -0.20587649
v 0.38341720 0.20709422 -0.20280951
v -0.39519198 5.51407284 -0.20360545
v -0.39327215 5.55902501 -0.20484631
v -0.39364675 5.55509169 -0.20486973
v 0.52837449 0.09880321 -0.18883298
v -0.23668870 0.15994127 -0.20659643
v -0.23797639 0.11681528 -0.20561895
v -0.23799981 0.11288196 -0.20561895
v -0.13077600 0.20196687 -0.23190690
v -0.15048355 0.20203710 -0.20580625
v -0.11853705 0.20203710 -0.20585308
v 0.29462205 0.20447201 -0.20096577
v -0.08123422 0.20257559 -0.20653792
v -0.01470368 0.00106343 -0.20618088
v -0.01074036 0.00106343 -0.20618088
v -0.00226731 0.00087613 -0.20916598
v -0.03445933 0.20436666 -0.20316651
v 0.14128419 0.21814497 -0.20648526
v 0.53563416 0.06315362 -0.21088102
v 0.53417965 0.20245853 -0.25371143
v -0.39270878 5.55985616 -0.20688979
v -0.23638434 0.15877064 -0.20758561
v 0.53419428 0.04545370 -0.20796030
v -0.23696965 0.11288196 -0.20880306
v 0.53022816 0.20708902 -0.20313492
v 0.39505034 0.20770295 -0.21884274
v -0.12852839 0.20203710 -0.20988004
v -0.16466573 0.20147520 -0.22791944
v 0.21463893 0.21722905 -0.21227095
v 0.40711131 0.20804454 -0.21303900
v 0.31289851 0.20447201 -0.20990352
v -0.12340172 0.20194327 -0.22899471
v 0.27506081 0.20496368 -0.20052093
v 0.31496467 0.20456566 -0.20495761
v 0.34482743 0.20536169 -0.21096294
v 0.21391005 0.21720846 -0.20694766
v 0.18575900 0.00057899 -0.34963071
v -0.05856571 0.20334821 -0.22608158
v 0.38498585 0.20728152 -0.20744520
v 0.53707403 0.13704375 -0.21217457
v 0.53765935 0.12917712 -0.21404757
v 0.53613753 0.05725365 -0.21264282
v 0.53604388 0.05313303 -0.21265453
v 0.53522444 0.04919972 -0.21065275
v -0.23544783 0.10894865 -0.21350899
v -0.23263832 0.11091530 -0.22192582
v -0.23663853 0.16670345 -0.20610238
v -0.23577561 0.16026904 -0.20915425
v 0.28845687 0.20447450 -0.21670323
v 0.31377364 0.20420928 -0.21826063
v 0.31490028 0.20428471 -0.21393049
v -0.18645700 0.20184980 -0.21393042
v -0.19050738 0.20184980 -0.21393042
v 0.17682304 0.21777037 -0.20035409
v -0.17453998 0.20222441 -0.20589990
v 0.53765935 0.13311044 -0.21395392
v 0.38044821 0.20713520 -0.22170127
v -0.07512939 0.20280972 -0.21655851
v -0.08655546 0.20241171 -0.21402407
v -0.15505048 0.20166250 -0.21742768
v -0.11169473 0.20217758 -0.20394495
v 0.00570991 0.00087613 -0.21414116
v 0.20020930 0.21771183 -0.20390110
v -0.01071695 0.00087613 -0.21016102
v 0.44503914 0.20821803 -0.21004402
v 0.13412285 0.21821520 -0.22543775
v 0.53826807 0.10501533 -0.21645907
v 0.12038599 0.21813889 -0.20785362
v 0.53691014 0.06118696 -0.21463289
v 0.53592682 0.04723306 -0.21265453
v 0.53836173 0.13704375 -0.21589717
v 0.53822125 0.10108202 -0.21652931
v 0.53776324 0.09418408 -0.21543550
v -0.23268515 0.15652303 -0.21828516
v -0.23413788 0.11066330 -0.21741408
v 0.35469802 0.20567719 -0.21639500
v 0.34034277 0.20496569 -0.21848546
v 0.53806321 0.03679104 -0.21944125
v -0.19644246 0.20110060 -0.23232101
v -0.23264317 0.19736415 -0.21291651
v -0.02356937 0.00106343 -0.22008210
v 0.53860756 0.09298126 -0.21786968
v 0.53789347 0.06118696 -0.21730192
v -0.36042426 5.47160240 -0.22506894
v 0.53833831 0.04339339 -0.21978366
v -0.07485557 0.20278525 -0.22245178
v -0.36185761 5.46841331 -0.22053751
v 0.36920286 0.20643867 -0.21301301
v 0.54115599 0.20531528 -0.25119036
v -0.07193722 0.20297361 -0.22080204
v -0.15051868 0.20166250 -0.22170340
v -0.18845878 0.20138155 -0.22802480
v 0.44370337 0.20821823 -0.21808168
v 0.14130759 0.21814497 -0.22596454
v 0.48939429 0.20738103 -0.25152820
v -0.01860041 0.00106343 -0.22207802
v 0.00214299 0.00087613 -0.21861003
v 0.02731168 0.00087613 -0.21815642
v -0.04189594 0.20381646 -0.22716441
v -0.02423974 0.20402717 -0.24422926
v -0.05463385 0.20339504 -0.21716138
v -0.05071520 0.20353551 -0.22608158
v -0.00251358 0.00087613 -0.22210144
v 0.53952405 0.04526981 -0.22297898
v 0.54021132 0.04723306 -0.22479395
v -0.23135063 0.12074859 -0.22547283
v -0.23260320 0.11681528 -0.22184388
v 0.52418833 0.20735176 -0.23730213
v 0.38373995 0.20734954 -0.22222740
v 0.33574919 0.20465931 -0.22378134
v -0.15054209 0.20166250 -0.22580060
v -0.15846094 0.20147667 -0.22207094
v -0.14655609 0.20166250 -0.22282135
v 0.30687854 0.20426130 -0.21642978
v -0.07075196 0.20297361 -0.22601134
v -0.00862791 0.20426130 -0.22991100
v -0.01563982 0.00101661 -0.22410321
v 0.21297438 0.21758259 -0.22381419
v -0.13506709 0.00164875 -0.22042010
v 0.20214079 0.21806343 -0.22764790
v 0.53888851 0.02562324 -0.22250537
v -0.22943080 0.14078977 -0.22952321
v -0.22942495 0.12374540 -0.23113867
v 0.36981890 0.20690692 -0.24315525
v -0.08052324 0.20289283 -0.23002431
v -0.15459247 0.20147520 -0.22999146
v -0.08562189 0.20255218 -0.21791057
v -0.16662769 0.20128801 -0.23010360
v 0.01288111 0.00077642 -0.24209798
v 0.45593287 0.20821615 -0.21581385
v -0.00093877 0.00087613 -0.22659080
v -0.18043411 0.20128790 -0.23216883
v -0.18644530 0.20128790 -0.23017876
v 0.42925906 0.20877993 -0.23017885
v -0.05456801 0.20353551 -0.23825612
v -0.05857741 0.20334821 -0.23020219
v -0.03478729 0.20391011 -0.23236786
v -0.22230269 0.00165279 -0.25695966
v -0.22842406 0.14884370 -0.23177081
v -0.22849430 0.14472308 -0.23195811
v -0.22857548 0.13534474 -0.23263610
v -0.22684371 0.13488980 -0.23797515
v -0.22893913 0.11681528 -0.23312874
v -0.19032922 0.00193848 -0.22391461
v -0.15056550 0.20166250 -0.23392477
v 0.20711162 0.21795767 -0.23019344
v -0.16149333 0.00171898 -0.23701523
v 0.38511170 0.20764442 -0.23215573
v 0.18123558 0.21819179 -0.22765902
v -0.15353305 0.00176581 -0.23107429
v -0.10201546 0.20262242 -0.23608897
v -0.17752071 0.20122937 -0.23453057
v -0.15053038 0.00162533 -0.23408866
v 0.40126930 0.20859263 -0.23810984
v -0.14264033 0.00162533 -0.23415890
v -0.07899781 0.00124189 -0.23537049
v -0.07079294 0.20316091 -0.23420575
v -0.06872677 0.20316091 -0.22808335
v -0.06874141 0.20316091 -0.23216885
v -0.18642188 0.20128790 -0.23425255
v -0.22798507 0.14226476 -0.23379015
v -0.06060260 0.20334821 -0.23225080
v -0.19305934 0.20287996 -0.20044770
v 0.51099241 0.20765613 -0.23635977
v -0.22811969 0.12880252 -0.23462715
v -0.22826017 0.12056129 -0.23497834
v 0.54805420 0.00091114 -0.25180620
v -0.22639887 0.12262160 -0.24045689
v 0.55039879 0.12287056 -0.25255119
v -0.24085614 0.11700258 -0.19684508
v -0.20316951 5.66597551 -0.31578076
v -0.22761530 0.02672151 -0.24145491
v -0.08590577 0.20280972 -0.23149280
v -0.22706613 0.13292314 -0.23750690
v 0.38938536 0.20841868 -0.24594176
v 0.35068643 0.20540852 -0.21965487
v 0.13392393 0.21833227 -0.23778926
v -0.16875416 0.20138155 -0.24484089
v 0.13740939 0.21833227 -0.23785813
v 0.32095244 0.20428471 -0.23785816
v 0.31685523 0.20409741 -0.23785816
v 0.30290133 0.20428471 -0.23593832
v 0.39264176 0.20863946 -0.25010879
v 0.26834808 0.21120989 -0.25417344
v 0.42662807 0.20902576 -0.24239144
v 0.41722498 0.20877993 -0.23806887
v 0.41113771 0.20877993 -0.23611392
v 0.40514409 0.20859263 -0.23809228
v -0.14657658 0.00162533 -0.23711474
v -0.06876189 0.20325456 -0.24016425
v -0.07752625 0.20285655 -0.22743365
v -0.07875908 0.20297361 -0.23818589
v -0.06671915 0.20334821 -0.23820930
v -0.08266313 0.20297361 -0.23820930
v -0.09086188 0.20279280 -0.23820398
v -0.06262194 0.20334821 -0.23823271
v -0.00932464 0.20409741 -0.25212808
v -0.19438215 0.20091330 -0.23825610
v 0.51331025 0.20746883 -0.23842008
v -0.31462926 5.55340599 -0.35824563
v -0.23424940 0.19916906 -0.20776267
v 0.32092902 0.20428471 -0.24179147
v -0.16669678 0.20128790 -0.23404184
v -0.16679287 0.20128788 -0.24179015
v 0.23374052 0.21758306 -0.24181486
v 0.31075625 0.20419106 -0.23887660
v -0.17469217 0.20128790 -0.24181482
v 0.30479775 0.20428471 -0.24188512
v 0.29941431 0.20452469 -0.24590001
v -0.14260521 0.20184980 -0.24200212
v -0.13836647 0.20212906 -0.24564439
v 0.41727181 0.20896723 -0.24207242
v 0.00061049 0.20414424 -0.24702414
v 0.40624448 0.20892041 -0.24538969
v 0.45066987 0.20817120 -0.21509821
v -0.11055337 0.20259901 -0.24211918
v -0.11052996 0.20259901 -0.24605249
v 0.44258666 0.20823968 -0.28727891
v -0.10352813 0.20299702 -0.25181784
v -0.03026774 0.20406780 -0.23892170
v -0.03271821 0.20391011 -0.24428487
v 0.38521997 5.60032482 -0.24550237
v 0.23762701 0.21720846 -0.23760059
v 0.36089139 0.20620455 -0.24056231
v 0.31265335 0.20424770 -0.24589479
v 0.32490916 0.20447201 -0.24588867
v 0.31992814 0.20437836 -0.24790216
v 0.08313023 0.21833227 -0.25421182
v 0.33668570 0.20470614 -0.23893514
v 0.36496811 0.20671962 -0.24593550
v -0.16475938 0.20147520 -0.24592372
v 0.06930409 0.21841128 -0.19365588
v 0.41319802 0.20896723 -0.24614621
v -0.14064440 0.00162533 -0.24415607
v -0.05061128 0.20372281 -0.24619299
v -0.19150826 0.20100695 -0.24376099
v 0.50270435 0.20765613 -0.24025797
v 0.50701227 0.20728152 -0.24657937
v 0.51359120 0.20728152 -0.24677838
v 0.38053884 5.60165886 -0.24857311
v 0.51901122 0.20704740 -0.24795486
v -0.32515078 5.55630348 -0.33291782
v -0.33639853 5.61057368 -0.15326773
v -0.10603474 0.20278631 -0.24812451
v 0.19086620 0.21884734 -0.24977514
v 0.14706681 0.21868544 -0.24879507
v 0.38441224 5.60378988 -0.25207545
v -0.18972306 0.00181263 -0.24954097
v -0.11168303 0.20278631 -0.25081696
v -0.16384300 0.20158932 -0.25096893
v 0.33334219 0.20466101 -0.24708466
v 0.33231340 0.20463590 -0.24738708
v 0.36313022 0.20662597 -0.24999758
v -0.18485108 0.20110270 -0.25227024
v -0.09457428 0.20297361 -0.24998581
v -0.08873412 0.20300873 -0.24496821
v 0.10505319 0.21875369 -0.25929236
v -0.17420692 0.00164700 -0.25574194
v -0.00740700 0.20409741 -0.25012631
v -0.05448021 0.20372281 -0.25014972
v 0.07727996 0.21833227 -0.25018199
v 0.07347546 0.21814497 -0.25017313
v 0.41227322 0.20924818 -0.25316999
v 0.37753625 0.20813608 -0.26187362
v -0.04871047 0.20367599 -0.23732547
v -0.05054983 0.20381646 -0.25217491
v 0.22439777 0.21806266 -0.24722567
v 0.50113571 0.20728152 -0.25045415
v 0.16428011 0.21905220 -0.25946649
v -0.10986270 0.20278631 -0.25092231
v -0.21461063 5.55996151 -0.25101596
v 0.14033743 0.21826203 -0.23148406
v -0.11469707 0.20278604 -0.25106447
v -0.19267011 0.00181263 -0.24849911
v -0.11267221 0.20297361 -0.25573360
v 0.35154455 0.20637316 -0.26430406
v -0.18581316 0.00162533 -0.24963462
v -0.22257091 0.19697999 -0.24052712
v -0.13624357 0.20215417 -0.24800598
v -0.24448804 5.70364458 -0.36416903
v -0.10625716 0.20278631 -0.24975168
v -0.13100587 0.20248357 -0.25305916
v -0.09861881 0.20306726 -0.25195247
v -0.07870640 0.20334821 -0.25396597
v -0.00338333 0.20409741 -0.25398938
v 0.38049063 5.60472639 -0.25401284
v 0.40528456 0.20915453 -0.25412991
v 0.38561067 0.20891455 -0.27974182
v 0.09109343 0.21870687 -0.26252330
v 0.39825786 5.65050971 -0.31339451
v 0.31425641 5.64930396 -0.29346308
v 0.23171533 0.21795767 -0.24807773
v -0.21393167 5.56347340 -0.25127643
v 0.49734287 0.20709422 -0.25457477
v -0.21531303 5.55977421 -0.25462150
v 0.19384544 0.21889417 -0.25464496
v 0.14357862 0.21870687 -0.24822991
v 0.42216123 5.64177605 -0.27761272
v 0.37240744 5.60329822 -0.25173451
v 0.11686895 0.21870201 -0.25268260
v 0.50967875 0.00034190 -0.26851132
v -0.12325909 0.20273948 -0.25553459
v 0.34059560 0.20503392 -0.24984540
v 0.32886587 0.20484662 -0.25782910
v 0.31268777 0.20465931 -0.25787592
v 0.36903505 0.20723208 -0.25343107
v -0.15467441 0.20203710 -0.25792268
v -0.00074665 0.20419106 -0.26240621
v -0.11052996 0.20297361 -0.25794609
v -0.07868298 0.20353551 -0.25796953
v -0.11834977 0.20297361 -0.25796950
v -0.03118615 0.20391011 -0.25885335
v -0.06060407 0.20367599 -0.25276827
v 0.08094993 0.21851957 -0.25839095
v 0.20791641 0.21870687 -0.25869534
v 0.12659936 0.21867175 -0.24709147
v 0.50132301 0.20690692 -0.25469183
v -0.21660072 5.55818216 -0.25833240
v -0.21773397 5.55934641 -0.26512563
v 0.30868422 0.20484662 -0.26183265
v 0.31068599 0.20475297 -0.25985428
v 0.32419800 0.20457737 -0.25312609
v -0.09459038 0.20325456 -0.25696861
v -0.08261630 0.20353551 -0.25796953
v -0.14764770 0.20222441 -0.25995957
v -0.11527759 0.20309067 -0.26294175
v -0.15871016 0.20180298 -0.25486441
v -0.07667536 0.20353551 -0.26000642
v -0.02665142 0.20391011 -0.26209014
v -0.04273880 0.20391011 -0.26209014
v -0.01640658 0.20391011 -0.26009129
v -0.03475364 0.20391011 -0.26413874
v 0.39362509 0.20915453 -0.26216042
v 0.38732510 0.20882826 -0.26399086
v 0.08446767 0.21889417 -0.27056552
v 0.20424805 0.21878678 -0.25632745
v 0.42090222 5.72394329 -0.26304718
v 0.19454782 0.21903465 -0.26059176
v 0.11154433 0.21912830 -0.26377002
v 0.09029888 0.21889424 -0.26541312
v -0.21502623 0.09468160 -0.27341450
v 0.37342058 5.68687219 -0.30232831
v 0.31268777 0.20484662 -0.26574255
v 0.32412941 0.20484551 -0.26183227
v -0.17662774 0.20158641 -0.26213841
v -0.19970998 0.20064406 -0.24347418
v 0.21312681 0.21870603 -0.25935883
v 0.36135004 0.20734212 -0.26961476
v -0.02841450 0.20391011 -0.26690143
v -0.05848962 0.20409741 -0.27012066
v 0.23910198 0.21827374 -0.26475335
v 0.08284928 0.21851957 -0.26139948
v 0.15856283 0.21937365 -0.27158343
v 0.18705580 0.21926877 -0.27261412
v 0.22208324 0.21736064 -0.22571212
v 0.20806173 0.21892002 -0.27024391
v 0.10157824 0.21908112 -0.26677571
v 0.36224344 0.20767954 -0.28064906
v 0.09938149 0.21889417 -0.26364710
v 0.38623149 5.73310700 -0.26833934
v 0.22679963 0.21870761 -0.26901963
v 0.31932524 0.20517439 -0.26973147
v 0.30799355 0.20520951 -0.27048360
v -0.15724541 0.20217758 -0.26392508
v 0.33279918 0.20559582 -0.26983975
v -0.14672381 0.20260486 -0.26916455
v 0.35268818 0.20664939 -0.26848768
v 0.38084182 5.72478615 -0.27150205
v -0.01010896 0.20395694 -0.26804279
v -0.02264494 0.20391011 -0.27012066
v -0.02662509 0.20391011 -0.27012066
v -0.05611435 0.20414424 -0.28211669
v 0.42781040 0.20563094 -0.29747030
v 0.41957722 0.20919550 -0.26932761
v 0.19093396 0.21909903 -0.26766323
v 0.11099193 0.22016430 -0.30813763
v 0.10353723 0.21926877 -0.27090500
v -0.14639952 0.20332480 -0.28238884
v 0.54465971 0.20175615 -0.24903769
v 0.49846667 0.05842428 -0.27400136
v 0.50361744 0.04742036 -0.27185326
v 0.49373733 0.00106343 -0.27461595
v -0.15363840 0.20245853 -0.26990407
v 0.23320200 0.21870687 -0.27248535
v 0.50033968 0.05332033 -0.27321119
v 0.32289859 0.20592359 -0.28639247
v 0.32891269 0.20559582 -0.27379648
v 0.32493255 0.20484662 -0.26183265
v -0.01109449 0.20391011 -0.27393691
v -0.17720793 0.20173387 -0.27325710
v -0.02973091 0.20391011 -0.28393410
v 0.22697425 0.21880052 -0.27089330
v 0.22079333 0.21889417 -0.27438177
v 0.21759385 0.21880637 -0.26754969
v 0.49837302 0.05135368 -0.27391357
v 0.11752040 0.21926877 -0.27084647
v 0.11343490 0.21945607 -0.27487344
v 0.11536936 0.21973702 -0.28367658
v 0.09738557 0.21926877 -0.27496709
v 0.49331590 0.01005387 -0.27496713
v -0.15166589 0.20278631 -0.27684005
v 0.49139607 0.01005387 -0.27569292
v 0.23459627 0.21890439 -0.27484687
v 0.47686308 0.00017174 -0.28080557
v -0.19144974 0.00157851 -0.26857541
v 0.30861398 0.20559582 -0.27772980
v 0.30666195 0.20618113 -0.28779723
v 0.32493255 0.20559582 -0.27780003
v 0.33279918 0.20578312 -0.27381989
v 0.33847235 0.20640941 -0.28751627
v 0.34658428 0.20689048 -0.28663848
v 0.35473678 0.20709422 -0.27796392
v -0.16082461 0.20273948 -0.28059192
v -0.16195764 0.20240979 -0.27298104
v -0.27218221 5.68779426 -0.27913446
v -0.12043349 0.20391011 -0.28385213
v -0.12248800 0.20355028 -0.27842608
v -0.15516433 0.20292018 -0.28004336
v -0.17072374 0.20222441 -0.27812774
v 0.22482030 0.21908147 -0.27817461
v -0.04964625 0.20395694 -0.26909051
v -0.25495186 5.54087325 -0.34410214
v -0.05405803 0.20408867 -0.27070007
v 0.17287948 0.21945607 -0.27838533
v 0.18074123 0.21926883 -0.27809771
v 0.16593764 0.21945607 -0.27750735
v 0.14408199 0.21954972 -0.27568117
v 0.13782729 0.21998631 -0.29345495
v 0.09730362 0.21945607 -0.27887699
v 0.09057250 0.21928048 -0.27873066
v -0.21848919 0.08550697 -0.26432929
v -0.27066039 5.68826251 -0.28011779
v -0.26703144 5.68826251 -0.28039874
v -0.21030274 0.13311044 -0.28524519
v -0.21173090 0.13704375 -0.28121820
v -0.21182455 0.13311044 -0.28121820
v -0.21280788 0.13105013 -0.27879500
v -0.01308712 0.20391011 -0.28183866
v -0.01601662 0.20400376 -0.29181830
v -0.11160401 0.20414424 -0.28674945
v 0.35429194 0.20728152 -0.28208454
v 0.23701826 0.21889417 -0.27673474
v 0.19850454 0.21954972 -0.28839423
v 0.17078405 0.21945607 -0.28222499
v 0.17742445 0.21936242 -0.27648598
v 0.20136673 0.21915171 -0.27368379
v 0.15151465 0.21959611 -0.28099500
v 0.39774571 0.20934183 -0.27831511
v 0.37332638 0.20840533 -0.28234208
v 0.38548379 0.20877865 -0.28658114
v -0.27059016 5.68957361 -0.28252929
v -0.17274893 0.20269266 -0.28923704
v 0.10026239 0.21973702 -0.28496428
v 0.07355594 0.21823862 -0.26399827
v 0.47120658 0.10816201 -0.28402473
v 0.46537005 0.17108566 -0.28453777
v 0.37177529 5.72462226 -0.26805454
v -0.15461003 0.20334821 -0.28752792
v -0.17589500 0.00157851 -0.27866038
v 0.20447476 0.21945607 -0.28634563
v 0.20647653 0.21936242 -0.28215475
v 0.18064075 0.21964337 -0.28636904
v 0.21694549 0.21963340 -0.29037739
v 0.23392194 0.21972532 -0.29152274
v 0.45915693 0.17403565 -0.28691928
v 0.09910639 0.21973702 -0.28909661
v 0.46660214 0.06924089 -0.28605302
v 0.46475254 0.07317421 -0.28683734
v 0.45309307 0.16396823 -0.28969368
v 0.46021050 0.08928207 -0.28875717
v 0.45757509 0.16986651 -0.28770501
v 0.45659325 0.07427460 -0.29017656
v 0.45728393 0.16298490 -0.28806650
v 0.46262415 0.08443466 -0.28775979
v 0.45488999 0.19136096 -0.28783238
v 0.47202800 0.09453820 -0.28384344
v -0.20943409 0.11887611 -0.28832256
v -0.20910702 0.16776160 -0.28583433
v -0.35978480 5.55930669 -0.34472559
v -0.15055379 0.20372281 -0.28964676
v -0.14458943 0.20405059 -0.29177731
v -0.12240433 0.20428471 -0.28971713
v -0.00316709 0.20433154 -0.28404238
v -0.13812415 0.20436001 -0.29261471
v -0.01312553 0.20409741 -0.29181245
v -0.01505049 0.20391011 -0.28981067
v 0.45210974 0.16888488 -0.28990439
v 0.32893611 0.20615772 -0.28999802
v 0.15376017 0.21973702 -0.28735822
v 0.17662841 0.21980726 -0.29291286
v 0.14105883 0.21966679 -0.28106022
v 0.20049462 0.21964337 -0.29048966
v 0.22578607 0.21917512 -0.28018810
v 0.38135690 0.20859263 -0.29058333
v 0.47967221 0.20463590 -0.27739034
v -0.20757517 0.11484862 -0.29328742
v 0.10498712 0.22007182 -0.29960712
v 0.45428711 0.17469120 -0.28883912
v 0.09698755 0.21983067 -0.29116862
v 0.44949924 0.16396823 -0.29113355
v 0.44997920 0.09508839 -0.29280755
v 0.52578454 0.18439913 -0.26320871
v 0.45178197 0.08928207 -0.29215200
v 0.44958704 0.08872017 -0.29302704
v 0.45365497 0.09696140 -0.29128573
v 0.44830812 0.07314045 -0.29354092
v 0.44827008 0.08516146 -0.29358017
v -0.09881782 0.00115708 -0.29592133
v 0.32095241 0.20615772 -0.29397816
v -0.13253780 0.20456566 -0.29499068
v 0.20866118 0.21946241 -0.28674978
v 0.22449252 0.21983067 -0.29437615
v 0.35000451 0.20709422 -0.29133838
v 0.44437774 0.05130685 -0.29467763
v 0.25111995 0.21991262 -0.29619575
v 0.14877620 0.22001797 -0.29656523
v 0.44471136 0.10108202 -0.29482103
v 0.44466454 0.06137426 -0.29484445
v 0.44658437 0.06905359 -0.29421231
v 0.44189600 0.09181063 -0.29612629
v 0.43931476 0.06277902 -0.29700426
v 0.44113227 0.05684634 -0.29613648
v 0.43623601 0.06530758 -0.29830951
v -0.20621285 0.10721612 -0.29680516
v -0.20599482 0.10501533 -0.29737291
v 0.31468369 0.20582994 -0.28584227
v -0.20629918 0.09902171 -0.29636617
v 0.11638802 0.21550714 -0.42616344
v 0.43820266 0.04938702 -0.29706864
v -0.10278040 0.00125073 -0.29791140
v -0.10474706 0.00125073 -0.29592133
v -0.13922513 0.00130046 -0.29623333
v 0.39594157 0.00036772 -0.31108899
v -0.12646223 0.20465931 -0.29400150
v -0.05448315 0.20447201 -0.30010050
v 0.33251823 0.20655573 -0.29623455
v 0.21641518 0.21983067 -0.29437615
v 0.21241162 0.21964337 -0.29058331
v -0.10665519 0.20484662 -0.29816894
v 0.44269788 0.10108202 -0.29564047
v -0.10268675 0.20484662 -0.29819235
v -0.36604328 5.45975563 -0.20787824
v 0.43458542 0.07120755 -0.29904701
v 0.36560022 0.20803073 -0.29847337
v 0.15816793 0.21993452 -0.29707546
v 0.45324754 0.00051797 -0.28962327
v 0.42834596 0.09518204 -0.30159898
v 0.43295824 0.09518204 -0.29971426
v 0.43380110 0.06530758 -0.29926943
v 0.43584632 0.09037240 -0.29860873
v 0.43623601 0.08122814 -0.29847340
v -0.19764257 0.00133245 -0.31524186
v 0.43208613 0.06479250 -0.29995717
v 0.43399194 0.07327588 -0.29931639
v 0.42840702 0.08533660 -0.30159117
v 0.42424876 0.03365376 -0.30191503
v -0.20488341 0.11694659 -0.30042153
v -0.21236619 0.19230998 -0.27308357
v -0.20124289 0.15466171 -0.30870169
v 0.42783089 0.01998080 -0.29994839
v 0.42424876 0.02972044 -0.30175114
v -0.10667860 0.00125073 -0.30191496
v -0.10067327 0.20475297 -0.29610863
v -0.20169276 0.13577947 -0.30827733
v -0.10267505 0.20503392 -0.30203202
v -0.05050008 0.20428471 -0.30605901
v 0.19951129 0.22006480 -0.30018247
v 0.31676156 0.20653232 -0.30216086
v 0.23062662 0.22029893 -0.30021759
v -0.20326725 0.12018669 -0.30461911
v 0.22044214 0.22039258 -0.30224278
v 0.21489628 0.22022869 -0.30121848
v 0.33317379 0.20653232 -0.30224280
v 0.18796595 0.22022869 -0.30774474
v 0.34664980 0.20704071 -0.30270245
v 0.24078768 0.22039258 -0.30231302
v 0.17659036 0.22001797 -0.30238325
v 0.36564705 0.20784343 -0.30240669
v 0.36958036 0.20784343 -0.30243010
v 0.17364915 0.21997115 -0.30337244
v 0.35756385 0.20718787 -0.30869004
v 0.41622556 0.08215879 -0.30644903
v 0.09541744 0.21985409 -0.29759245
v 0.42509161 0.09696140 -0.30287496
v 0.42102953 0.03468391 -0.30320857
v 0.43359477 0.11544857 -0.29896176
v -0.19078139 0.19203993 -0.33329222
v -0.20302142 0.11288196 -0.30526296
v -0.10471194 0.00106343 -0.30391673
v -0.12989365 0.00132097 -0.30238614
v -0.05445095 0.20447201 -0.30605901
v 0.32734405 0.20653232 -0.30618782
v 0.20058240 0.22020610 -0.30624571
v 0.33521068 0.20662597 -0.30425628
v 0.23673730 0.22076718 -0.30638681
v 0.24177101 0.22123543 -0.31439977
v -0.20145278 0.12468191 -0.30926651
v -0.20147619 0.10876135 -0.30926651
v -0.02686214 0.20391011 -0.30980502
v -0.05886257 0.20467849 -0.31388726
v -0.05247552 0.20437836 -0.30807249
v 0.20154818 0.22043940 -0.30922558
v 0.31327308 0.20653232 -0.32279906
v 0.23671389 0.22095448 -0.31034353
v 0.22453935 0.22123543 -0.31634886
v 0.14874108 0.22020527 -0.31846770
v 0.15275414 0.22020527 -0.31039972
v -0.19831549 0.12468191 -0.31748433
v -0.19905621 0.12929474 -0.31540625
v -0.02489768 0.20409741 -0.31179509
v -0.03092423 0.20391011 -0.31385540
v -0.03486340 0.20391011 -0.31392564
v -0.07196943 0.20510415 -0.31153463
v 0.23470317 0.22114179 -0.31435894
v 0.24477923 0.22114178 -0.31441729
v 0.25100728 0.22104813 -0.31243896
v 0.14432635 0.22018186 -0.31043719
v -0.19162649 0.12438757 -0.33536077
v -0.19764823 0.13486638 -0.31897103
v -0.03891963 0.20409741 -0.32570217
v -0.11338297 0.00117189 -0.30823454
v 0.19246410 0.22057988 -0.31821017
v 0.24074086 0.22151638 -0.31839747
v 0.15325240 0.22015845 -0.30739355
v 0.15677892 0.22036916 -0.32795566
v 0.32116313 0.20634502 -0.31865503
v 0.10723245 0.22022012 -0.31841125
v 0.30596358 0.21149166 -0.33108862
v 0.10080380 0.22001797 -0.31874865
v 0.38109350 0.11225568 -0.32069924
v -0.20281071 0.10688834 -0.30574292
v 0.37545692 0.10707564 -0.32320878
v 0.40230364 0.06667662 -0.31191005
v -0.05848378 0.20465931 -0.31987244
v -0.04170792 0.20409741 -0.31791748
v -0.13415937 0.20560027 -0.30904660
v -0.10628251 0.20560112 -0.30973367
v -0.11392333 0.20604066 -0.31503479
v 0.27803566 0.20925989 -0.36066892
v 0.20389529 0.22161003 -0.33448192
v 0.16276523 0.22039258 -0.32448474
v 0.25703602 0.22151638 -0.32263517
v 0.32434724 0.20615772 -0.31964421
v 0.37585397 0.11185636 -0.32296262
v -0.12231821 0.20671962 -0.32542120
v 0.16481383 0.22039258 -0.32649822
v 0.23562082 0.22203731 -0.32918921
v 0.25501083 0.22189098 -0.32683772
v 0.26113322 0.22151638 -0.32265858
v 0.36940623 0.11870584 -0.32558662
v -0.11899059 0.20690695 -0.32787057
v -0.16555326 0.20754281 -0.37018121
v 0.35886910 0.17768801 -0.32845320
v -0.31432759 5.72552192 -0.39319566
v -0.19313253 0.20128790 -0.32142935
v 0.42171541 0.20415476 -0.30113840
v -0.03302697 0.20409741 -0.32168691
v 0.35818062 0.10187225 -0.33071585
v -0.03698956 0.20428471 -0.33269083
v -0.03099154 0.20428471 -0.32977596
v -0.04672481 0.20428471 -0.32982279
v 0.16682731 0.22039258 -0.32748740
v 0.21343929 0.22127539 -0.31929674
v 0.25300905 0.22207828 -0.33087638
v 0.34930799 0.17899912 -0.33247431
v 0.35300425 0.17675151 -0.33099346
v 0.35896275 0.09911536 -0.33040815
v 0.35316814 0.17300549 -0.33104029
v 0.35391149 0.10412565 -0.33248601
v -0.19178338 0.17263089 -0.33335807
v -0.04677531 0.20428473 -0.33368618
v -0.02631597 0.20435495 -0.33181578
v -0.11132015 0.20686010 -0.33126264
v 0.17190394 0.22089953 -0.35584078
v 0.22619652 0.22232411 -0.33881544
v 0.22475006 0.22226558 -0.33548866
v 0.34019756 0.17693881 -0.33642518
v 0.32663143 0.16345316 -0.34250660
v -0.18494884 0.20262381 -0.34860277
v -0.19259696 0.16869758 -0.33136214
v -0.05166194 0.20479979 -0.35164917
v -0.05266868 0.20456566 -0.33971461
v -0.09774816 0.20653232 -0.34085595
v -0.03127286 0.20454225 -0.34281092
v -0.01422044 0.20494027 -0.34242754
v 0.04014555 0.00072654 -0.33538029
v 0.18203708 0.22070865 -0.32829733
v 0.15286170 0.22039258 -0.33836841
v 0.40478266 0.20667280 -0.30594419
v 0.35351078 0.13697902 -0.33184831
v -0.05072836 0.20447201 -0.34173980
v -0.04287636 0.20447201 -0.34178662
v -0.04086983 0.20447201 -0.34099937
v -0.13329872 0.20780831 -0.34166953
v -0.14885054 0.20840533 -0.36000159
v -0.10564907 0.20689476 -0.33857945
v -0.10268675 0.20540852 -0.30589510
v 0.19645478 0.22151324 -0.34365054
v 0.12184110 0.22045519 -0.31613994
v 0.21154536 0.22217193 -0.34589555
v 0.32559981 0.17689198 -0.34262952
v 0.30782130 0.14303621 -0.35089773
v 0.32027345 0.17693881 -0.34490054
v -0.04683016 0.20447201 -0.34176321
v -0.19018400 0.15338574 -0.33896026
v -0.04087166 0.20447201 -0.34582529
v -0.02311788 0.20483933 -0.34724328
v -0.12647395 0.20784343 -0.34595404
v -0.12244698 0.20765613 -0.34595404
v -0.11120637 0.20731059 -0.34598410
v 0.14983855 0.22057988 -0.33935173
v 0.31981690 0.18920701 -0.34446741
v 0.24541396 0.22073897 -0.37461860
v 0.30553975 0.06183476 -0.35294686
v 0.21612837 0.22226558 -0.34439129
v -0.18571366 0.05912666 -0.34945422
v -0.32070483 5.54825522 -0.34430343
v -0.11599535 0.20746883 -0.34539799
v 0.15684184 0.22057988 -0.33836841
v 0.15292316 0.22057988 -0.35331734
v 0.14913910 0.22057988 -0.37032659
v 0.30645869 0.19588990 -0.35021913
v -0.31746218 5.55059648 -0.35190081
v -0.18433927 0.17243774 -0.35499057
v -0.18302414 0.02239230 -0.35615315
v -0.18616326 0.16088675 -0.35052407
v -0.06269804 0.20503392 -0.35351633
v 0.26022013 0.22190269 -0.33916591
v -0.06169130 0.20494027 -0.34952448
v -0.06685378 0.20522122 -0.35353974
v -0.11856049 0.20784343 -0.35386749
v -0.12855181 0.20812438 -0.35595121
v -0.02549471 0.20484662 -0.35595124
v -0.17928215 0.02181869 -0.36654834
v -0.18203075 0.15951399 -0.36265636
v 0.15492201 0.22057988 -0.35431238
v -0.31612767 5.55078378 -0.35456985
v -0.18136770 0.18817685 -0.36234285
v 0.24025154 0.22272755 -0.34459819
v 0.23701826 0.22245288 -0.35515523
v 0.30037275 0.14884370 -0.35412510
v 0.29583070 0.15689763 -0.35604493
v 0.29587753 0.15277702 -0.35609176
v 0.29418012 0.15081036 -0.35686437
v -0.18298682 0.17306092 -0.35910627
v -0.08023628 0.20580653 -0.36274674
v -0.10354607 0.20694204 -0.35317243
v -0.11467400 0.20765613 -0.35794128
v -0.18570196 0.20297361 -0.34549749
v 0.16524696 0.22076718 -0.36648693
v 0.15707011 0.22057988 -0.36835993
v 0.18319856 0.22123543 -0.36467245
v 0.18503060 0.22132908 -0.35855006
v 0.18916292 0.22151638 -0.36267067
v 0.23595884 0.22245288 -0.35759014
v -0.31368113 5.55295329 -0.35992038
v -0.32539941 5.58002318 -0.35020230
v -0.06366747 0.20512757 -0.36013916
v -0.05650249 0.20505733 -0.35817836
v -0.13053603 0.20840533 -0.36201508
v -0.11860732 0.20784343 -0.36199166
v -0.09868320 0.20671962 -0.36199166
v -0.11069971 0.20737518 -0.35181889
v -0.00847252 0.20518610 -0.35572004
v -0.01665060 0.20512757 -0.36994026
v -0.01657597 0.20503392 -0.35799984
v -0.02244302 0.20503392 -0.36210875
v 0.15697061 0.22057988 -0.36236631
v 0.18514766 0.22132908 -0.36264726
v -0.31462926 5.55340599 -0.35824563
v -0.18037036 0.02497367 -0.36349961
v 0.21820039 0.22221876 -0.36002505
v 0.14134269 0.00050153 -0.36531630
v -0.06673672 0.20540852 -0.36557381
v -0.05296317 0.20511586 -0.36551382
v -0.10237068 0.20709422 -0.36576109
v -0.11652945 0.20774978 -0.37781857
v -0.04864897 0.20484807 -0.35999081
v -0.12903323 0.20833509 -0.36737949
v -0.11762399 0.20789025 -0.36395832
v 0.17316042 0.22095448 -0.36049330
v 0.17333601 0.22095448 -0.36660399
v 0.17731615 0.22114178 -0.36667423
v -0.18206320 0.10497936 -0.36225018
v 0.14030084 0.00050153 -0.37115188
v -0.17969955 0.02883076 -0.36550940
v -0.06666648 0.20540852 -0.36957736
v -0.06349408 0.20545534 -0.37664210
v -0.05835501 0.20522122 -0.36962419
v -0.10188487 0.20700057 -0.36832477
v -0.11460444 0.20765697 -0.37101627
v -0.10223606 0.20700057 -0.37374478
v -0.13623407 0.20840533 -0.36590742
v -0.14293533 0.20866516 -0.36847849
v 0.16020740 0.22062670 -0.37239860
v 0.17741301 0.22095488 -0.37128174
v 0.16945098 0.22081400 -0.37204742
v 0.13606608 0.00050153 -0.36853553
v 0.05776339 0.20707081 -0.39234606
v -0.03928253 0.20489344 -0.36391737
v -0.03867088 0.20503392 -0.37777177
v 0.01703500 0.20550217 -0.38671534
v 0.00723097 0.20540852 -0.37381504
v -0.01085233 0.20522122 -0.37386187
v -0.02453040 0.20503392 -0.37592218
v 0.14917422 0.22039258 -0.37430673
v 0.16542256 0.22057988 -0.37451744
v 0.16951976 0.22076718 -0.37458768
v -0.16747819 0.20522122 -0.39773682
v 0.26094668 0.11514708 -0.37210746
v 0.23750260 0.05072154 -0.37988187
v -0.16744600 0.20184980 -0.40219106
v 0.24434640 0.04564100 -0.37678847
v 0.14899862 0.00050153 -0.37692894
v -0.30565178 5.56734367 -0.37746034
v 0.24520388 0.05053423 -0.37676213
v 0.04589833 0.20690692 -0.37588706
v -0.09939729 0.20690692 -0.37869069
v 0.00814827 0.20540852 -0.37969158
v 0.00919031 0.20540852 -0.37770153
v -0.10136394 0.20690692 -0.37772492
v -0.00494888 0.20512757 -0.38168163
v 0.15119355 0.22048623 -0.37629680
v 0.24434640 0.04152039 -0.37653093
v 0.16953731 0.22057988 -0.37962135
v 0.04690438 0.20679478 -0.38151494
v -0.30624755 5.56998210 -0.37773661
v 0.14895179 0.00031423 -0.38088560
v 0.14510042 0.00050153 -0.38097925
v 0.12217729 0.00053665 -0.41141415
v -0.17733196 0.12702317 -0.37653088
v 0.23832860 0.00064472 -0.37643582
v 0.04120008 0.20650891 -0.38173139
v -0.07369758 0.20587677 -0.38360146
v 0.01383808 0.20560935 -0.37239415
v 0.00814251 0.20531487 -0.38368926
v -0.13052434 0.20821803 -0.38177528
v -0.12254064 0.20803073 -0.38177528
v -0.10090741 0.20690692 -0.38463161
v -0.01283655 0.20503392 -0.37779518
v -0.13468007 0.20821803 -0.38182210
v -0.30482524 5.56984163 -0.38010713
v -0.30425748 5.57438367 -0.38289908
v -0.16803737 0.20307345 -0.40128748
v -0.17511362 0.14383341 -0.38325027
v -0.17435272 0.13685645 -0.38524034
v -0.17253092 0.13128426 -0.39027405
v -0.17343605 0.12100384 -0.38738457
v -0.17432747 0.09531081 -0.38414727
v 0.16168238 0.21514816 -0.40788032
v -0.07071101 0.20578312 -0.38561494
v -0.06248148 0.20559582 -0.38561494
v -0.00032771 0.20508818 -0.38755805
v 0.04883076 0.20681327 -0.38568518
v -0.09467380 0.20671962 -0.38968873
v -0.04956226 0.20526942 -0.38229810
v -0.05739510 0.20550217 -0.38865858
v -0.00892664 0.20512757 -0.37973841
v -0.01485296 0.20503392 -0.38968873
v 0.02916126 0.20578312 -0.38575542
v -0.12753045 0.20812438 -0.38580224
v -0.10135175 0.20698184 -0.38534734
v -0.30223677 5.59238948 -0.39751654
v 0.21778189 0.02974385 -0.38640521
v 0.21035278 0.03263531 -0.38973565
v -0.17456050 0.11498909 -0.38398777
v 0.21515090 0.02552959 -0.38716027
v 0.28118026 0.21132020 -0.35735677
v 0.05039648 0.20671962 -0.38847128
v -0.30391800 5.57663128 -0.38477209
v 0.21348162 0.02930756 -0.38818068
v 0.09523792 0.00055290 -0.40869036
v -0.06661381 0.20559582 -0.38561494
v 0.01957515 0.20580653 -0.36848611
v 0.00915227 0.20522122 -0.38973556
v -0.02270569 0.20503392 -0.39373911
v -0.03038044 0.20503392 -0.38901562
v 0.03330821 0.20597042 -0.38978238
v -0.02659583 0.20503392 -0.38978238
v -0.13871874 0.20803073 -0.39385618
v -0.11063534 0.20746883 -0.38992286
v -0.10072016 0.20691097 -0.38931210
v -0.32159744 5.60647062 -0.42807953
v -0.17565320 0.20520366 -0.37465201
v -0.06962818 0.20592359 -0.39464050
v -0.06451399 0.20571288 -0.39313624
v 0.00514506 0.20503392 -0.39366887
v -0.00591566 0.20498709 -0.39467562
v 0.01312217 0.20522122 -0.39376252
v -0.01489539 0.20484662 -0.39371570
v -0.05045327 0.20540852 -0.39376252
v 0.03737688 0.20601725 -0.39280261
v 0.03330162 0.20582994 -0.39478097
v -0.04655507 0.20522122 -0.38973556
v -0.03870307 0.20522122 -0.39380935
v -0.04862636 0.20545534 -0.41365152
v -0.13469178 0.20784343 -0.39783632
v 0.05143541 0.20671962 -0.39249824
v -0.11067046 0.20746883 -0.39390300
v -0.11264297 0.20746883 -0.39579942
v -0.15084646 0.20840533 -0.37781857
v 0.13417222 0.22018186 -0.38510939
v -0.30210352 5.59124073 -0.39816409
v -0.17338002 0.00104951 -0.38250401
v 0.04020084 0.00059518 -0.40291832
v -0.12288305 0.20756248 -0.40620632
v -0.12230505 0.20778490 -0.39362790
v -0.06242295 0.20578312 -0.39769584
v -0.06651430 0.20578312 -0.39769584
v 0.01019486 0.20508074 -0.39871429
v -0.12559831 0.20775723 -0.39923862
v -0.13870704 0.20784343 -0.39788314
v -0.16461715 0.20013759 -0.41286885
v 0.20016396 0.19834127 -0.39931688
v 0.15183446 0.00036105 -0.38374194
v -0.06445107 0.20578312 -0.40172281
v 0.01748097 0.20527809 -0.39806223
v -0.02269887 0.20484661 -0.39773333
v -0.24615359 5.61205998 -0.44315680
v 0.17735393 0.00040721 -0.40072013
v -0.03464391 0.20503392 -0.38575542
v -0.04346811 0.20525061 -0.41161874
v -0.00286224 0.20484662 -0.40574977
v 0.00730669 0.20494027 -0.40778667
v 0.16039199 0.06207993 -0.40979895
v 0.16652586 0.21702116 -0.40471964
v 0.15875142 0.03236606 -0.40867049
v 0.16282082 0.10927642 -0.40981771
v -0.30903365 5.59386294 -0.39643156
v 0.15283828 0.06156156 -0.41201264
v -0.03973177 0.20522122 -0.39975615
v -0.02460284 0.20494027 -0.41352275
v 0.14882302 0.00050153 -0.40963626
v -0.01622607 0.20484662 -0.41417245
v 0.16235515 0.17960343 -0.41045077
v 0.02234014 0.20532657 -0.39977663
v 0.00934176 0.20484662 -0.40977674
v -0.00080175 0.20484662 -0.40776325
v 0.16468944 0.12376882 -0.40946069
v -0.11662311 0.20756248 -0.40577318
v 0.13921818 0.04716575 -0.41590206
v 0.15120525 0.03580772 -0.41127514
v 0.16007277 0.11681528 -0.41085372
v 0.15949916 0.18208958 -0.41145074
v 0.14882302 0.00050153 -0.40963626
v 0.15040337 0.03121885 -0.41127514
v 0.15798027 0.11466132 -0.41147415
v 0.14877619 0.02990774 -0.41169657
v -0.01866043 0.20484662 -0.41356958
v -0.11927295 0.20750287 -0.40908889
v -0.12165389 0.20742200 -0.41599278
v 0.14247523 0.00132620 -0.41180400
v 0.13229372 0.00068883 -0.41512651
v -0.04870025 0.20559582 -0.41970367
v -0.03272628 0.20517439 -0.41657809
v -0.02256156 0.20503392 -0.41754972
v -0.00956226 0.20484662 -0.41187509
v -0.10113861 0.20695375 -0.39288455
v -0.15284282 0.08736822 -0.43849255
v -0.34200019 5.57880538 -0.39860708
v 0.15584387 0.21617831 -0.40864123
v -0.15847620 0.00071686 -0.42080723
v 0.11821690 0.00068883 -0.41966856
v -0.03479317 0.20522122 -0.42167033
v -0.04286467 0.20540852 -0.42171716
v -0.02456407 0.20503392 -0.41963344
v -0.02658121 0.20503392 -0.42171716
v -0.01661256 0.20484662 -0.42174057
v -0.04858301 0.20568947 -0.43471700
v -0.09147689 0.20680157 -0.41952808
v 0.01528929 0.20494027 -0.41382711
v -0.14712533 0.20746883 -0.40065753
v 0.12255483 0.00119120 -0.41834034
v 0.10894279 0.00101501 -0.42287991
v 0.02476554 0.00068883 -0.42490127
v 0.02083661 0.00068883 -0.42499492
v 0.13227422 0.05724907 -0.41900411
v -0.05058789 0.00050153 -0.42551000
v -0.05651713 0.00050153 -0.42752348
v -0.07284156 0.00061859 -0.42816733
v -0.03272482 0.20522122 -0.42474909
v -0.07856594 0.20653232 -0.42588460
v -0.07462678 0.20634502 -0.42588460
v -0.07164020 0.20620455 -0.42486615
v 0.09829612 0.00108248 -0.42652501
v 0.10306895 0.00068883 -0.42497151
v 0.09117243 0.00059518 -0.42890482
v 0.02083076 0.00068883 -0.42883458
v 0.01700133 0.00050153 -0.42888141
v -0.05061131 0.00050153 -0.42939649
v -0.05851891 0.00050153 -0.42949014
v 0.09048322 0.06334092 -0.43306056
v -0.12074958 0.20700057 -0.43206552
v 0.00092420 0.20479979 -0.42301070
v 0.08648698 0.00106343 -0.43052029
v 0.03355257 0.00068883 -0.44983568
v 0.08436815 0.00087613 -0.43122267
v 0.08698743 0.00490310 -0.43062565
v -0.13517612 0.20655573 -0.43241671
v 0.02281278 0.00059518 -0.43068418
v -0.16022937 0.12009681 -0.42287310
v -0.03888745 0.20522122 -0.42167033
v -0.01950548 0.20501050 -0.42934966
v 0.08704889 0.07926148 -0.43445361
v -0.16114286 0.20614096 -0.40947844
v 0.08566754 0.08516146 -0.43501551
v 0.08416475 0.08422495 -0.43549547
v 0.06688040 0.05382900 -0.44068695
v -0.29179480 5.62900305 -0.35884594
v -0.15236244 0.15170004 -0.44096231
v -0.15414207 0.14744397 -0.43703102
v -0.15458225 0.14423142 -0.43600469
v -0.14859301 0.18063800 -0.44921524
v -0.05957760 0.00050153 -0.43540182
v -0.11930398 0.20720027 -0.43126876
v 0.07188557 0.16709381 -0.44135154
v -0.12206505 0.20679229 -0.43895623
v -0.15365891 0.15572700 -0.43824645
v 0.08694755 0.09939338 -0.43485382
v 0.01712718 0.00050153 -0.44040040
v -0.13547538 0.20229464 -0.47198399
v -0.04398042 0.00050153 -0.43416534
v -0.10334957 0.00063695 -0.43093176
v -0.07466628 0.20642697 -0.43143046
v 0.06613387 0.16210711 -0.44310490
v 0.03479938 0.20079102 -0.45366121
v 0.06507616 0.16935313 -0.44361964
v 0.06485667 0.15521192 -0.44332698
v 0.02791745 0.00068883 -0.44887576
v -0.14911687 0.13634138 -0.44741247
v -0.14854546 0.12286743 -0.44821728
v -0.05454045 0.20597042 -0.44325531
v -0.05857159 0.20597042 -0.44578530
v -0.02730883 0.20475297 -0.46348522
v 0.06060289 0.06942819 -0.44328015
v 0.05149393 0.09930266 -0.44676863
v 0.03036924 0.01543551 -0.45255356
v 0.05038476 0.09733600 -0.44714323
v -0.15912722 0.20416765 -0.42080992
v 0.04844151 0.09733600 -0.44784561
v 0.01001779 0.00050153 -0.45173210
v 0.01427669 0.00045470 -0.45371046
v -0.14813061 0.13292314 -0.44939084
v -0.07477603 0.20636843 -0.44603699
v -0.05446268 0.20597042 -0.45402653
v 0.07768531 0.00792332 -0.43416680
v -0.03469367 0.20522122 -0.45824080
v 0.03040094 0.00043841 -0.45057167
v 0.02188578 0.00050153 -0.45400312
v 0.02314779 0.07134217 -0.45718094
v -0.00717656 0.00036105 -0.45993821
v 0.00473793 0.00040788 -0.45077218
v -0.14563132 0.16083095 -0.45540787
v -0.09084000 0.20653232 -0.45402653
v -0.09287397 0.20662597 -0.45191940
v 0.02387566 0.11994611 -0.45711744
v -0.12890886 0.19708588 -0.48903671
v -0.04310655 0.00049524 -0.44866158
v -0.08926843 0.20662597 -0.44831386
v -0.07669414 0.20637144 -0.45751917
v 0.02053078 0.08909477 -0.45833445
v 0.01836266 0.08799637 -0.45919928
v -0.01842220 0.00050153 -0.46556309
v 0.02268172 0.11527590 -0.45764670
v -0.09161042 0.20628649 -0.46523824
v -0.06354091 0.20608748 -0.46004942
v -0.04342511 0.20533828 -0.46723123
v -0.03465563 0.20503392 -0.46222094
v 0.01540927 0.08122814 -0.46034793
v -0.07156420 0.20616705 -0.46577334
v -0.01187298 0.00031423 -0.46711417
v -0.00949880 0.00125073 -0.46648203
v -0.01261606 0.00031768 -0.46351535
v -0.01100964 0.00059518 -0.46685663
v -0.00952514 0.00480945 -0.46671616
v -0.13659479 0.15683910 -0.47338289
v 0.00043180 0.00036105 -0.46292332
v -0.10632816 0.20597627 -0.46614547
v -0.13676380 0.09302809 -0.47055582
v -0.03174772 0.03826604 -0.47624508
v -0.02648093 0.00136277 -0.47218397
v -0.13772372 0.08909477 -0.46854234
v -0.13662333 0.08497415 -0.47036852
v -0.04166478 0.00050153 -0.47565976
v -0.02001069 0.00045470 -0.46988856
v -0.07618847 0.20632161 -0.46426661
v -0.03822898 0.00050153 -0.47448914
v -0.03896940 0.00068883 -0.47537881
v -0.03914207 0.00068883 -0.47636214
v -0.13425865 0.10501533 -0.47587048
v -0.13434060 0.13685645 -0.47701769
v -0.13467130 0.12683587 -0.47611631
v -0.12206564 0.00121248 -0.49404718
v -0.06019877 0.00068883 -0.48085736
v -0.05567008 0.20534413 -0.47643531
v -0.04664849 0.00111106 -0.47894129
v -0.04717552 0.00752531 -0.47954625
v -0.04039465 0.00068883 -0.47676016
v -0.13300608 0.13685645 -0.47949943
v -0.04532519 0.02283714 -0.47986232
v -0.04415822 0.02578713 -0.47963991
v -0.05011798 0.00068267 -0.47861232
v -0.05344424 0.00050153 -0.47748595
v -0.05126101 0.00068883 -0.48067006
v -0.05846099 0.00110974 -0.48309739
v -0.05050596 0.00087613 -0.48034228
v -0.05529383 0.02372682 -0.48333909
v -0.05741679 0.01770401 -0.48365331
v -0.06824685 0.02515499 -0.48793967
v -0.00593755 0.09464941 -0.46900620
v -0.07061591 0.00054835 -0.48689781
v -0.06251987 0.00068888 -0.48332613
v -0.11682505 0.19997680 -0.49620431
v -0.06134891 0.00068883 -0.48397123
v -0.06348239 0.01810780 -0.48582083
v -0.11581770 0.00709599 -0.50030550
v -0.11824444 0.00031423 -0.49551364
v -0.08012557 0.09317047 -0.49777434
v -0.11347998 0.00031423 -0.49652038
v -0.11904632 0.19962561 -0.49479370
v -0.08383759 0.20567011 -0.50626426
vt 0.14379883 0.61816406
vt 0.62744141 0.04052734
vt 0.63354492 0.03735352
vt 0.22314453 0.17602539
vt 0.22558594 0.17285156
vt 0.21997070 0.18286133
vt 0.95166016 0.86889648
vt 0.70166016 0.97460938
vt 0.37890625 0.85449219
vt 0.18847656 0.70703125
vt 0.19287109 0.61279297
vt 0.63500977 0.03930664
vt 0.67919922 0.74926758
vt 0.62182617 0.05737305
vt 0.62451172 0.05932617
vt 0.96215820 0.09765625
vt 0.67944336 0.58813477
vt 0.50390625 0.88818359
vt 0.51879883 0.42114258
vt 0.95385742 0.86499023
vt 0.86572266 0.30859375
vt 0.67578125 0.58520508
vt 0.66918945 0.58398438
vt 0.54882812 0.29345703
vt 0.98120117 0.65917969
vt 0.66748047 0.07299805
vt 0.65869141 0.57666016
vt 0.66455078 0.57495117
vt 0.11718750 0.75366211
vt 0.66015625 0.57177734
vt 0.61596680 0.03735352
vt 0.96264648 0.09277344
vt 0.10986328 0.38085938
vt 0.61718750 0.03564453
vt 0.11279297 0.38085938
vt 0.11328125 0.38183594
vt 0.96240234 0.08471680
vt 0.07080078 0.80834961
vt 0.97558594 0.05883789
vt 0.06958008 0.80712891
vt 0.07031250 0.80712891
vt 0.06689453 0.80273438
vt 0.11645508 0.61743164
vt 0.52392578 0.41992188
vt 0.95678711 0.07177734
vt 0.52685547 0.41748047
vt 0.52319336 0.41748047
vt 0.20556641 0.18432617
vt 0.95605469 0.07348633
vt 0.92211914 0.94458008
vt 0.95727539 0.07495117
vt 0.92285156 0.94458008
vt 0.54321289 0.29248047
vt 0.92382812 0.94311523
vt 0.91455078 0.04467773
vt 0.44482422 0.21655273
vt 0.52294922 0.81323242
vt 0.09814453 0.88452148
vt 0.56689453 0.42114258
vt 0.78002930 0.12329102
vt 0.16845703 0.60424805
vt 0.14111328 0.65258789
vt 0.16796875 0.60229492
vt 0.66870117 0.07177734
vt 0.17041016 0.72192383
vt 0.14184570 0.65893555
vt 0.17602539 0.67529297
vt 0.52124023 0.41967773
vt 0.05786133 0.20166016
vt 0.56591797 0.41528320
vt 0.25292969 0.18115234
vt 0.19165039 0.61010742
vt 0.95336914 0.88500977
vt 0.11743164 0.61865234
vt 0.54516602 0.29125977
vt 0.96459961 0.08935547
vt 0.71508789 0.30834961
vt 0.04541016 0.20361328
vt 0.11474609 0.15185547
vt 0.62182617 0.03466797
vt 0.07373047 0.83007812
vt 0.95117188 0.05761719
vt 0.90698242 0.05273438
vt 0.07446289 0.83032227
vt 0.93969727 0.86010742
vt 0.13745117 0.05078125
vt 0.22583008 0.17504883
vt 0.91699219 0.04711914
vt 0.61694336 0.03198242
vt 0.67236328 0.58740234
vt 0.60986328 0.03369141
vt 0.47045898 0.18701172
vt 0.61206055 0.03222656
vt 0.61669922 0.03320312
vt 0.61132812 0.03198242
vt 0.60351562 0.84521484
vt 0.47338867 0.78540039
vt 0.65820312 0.56787109
vt 0.65869141 0.56860352
vt 0.65747070 0.56958008
vt 0.96508789 0.10009766
vt 0.52465820 0.83105469
vt 0.70263672 0.10766602
vt 0.69335938 0.74218750
vt 0.62524414 0.06323242
vt 0.96118164 0.10034180
vt 0.77539062 0.62133789
vt 0.06665039 0.80859375
vt 0.79394531 0.62548828
vt 0.96240234 0.10156250
vt 0.49829102 0.04174805
vt 0.17016602 0.62280273
vt 0.80590820 0.12597656
vt 0.11572266 0.59521484
vt 0.16943359 0.72314453
vt 0.18994141 0.64453125
vt 0.16918945 0.71362305
vt 0.16918945 0.71044922
vt 0.17016602 0.71093750
vt 0.17016602 0.65527344
vt 0.95434570 0.07397461
vt 0.51977539 0.82958984
vt 0.89111328 0.34765625
vt 0.92382812 0.94531250
vt 0.52709961 0.82861328
vt 0.91650391 0.03540039
vt 0.74389648 0.14965820
vt 0.93139648 0.83740234
vt 0.65039062 0.07983398
vt 0.22216797 0.17382812
vt 0.22314453 0.17456055
vt 0.22656250 0.17358398
vt 0.11572266 0.70605469
vt 0.63354492 0.03637695
vt 0.09838867 0.67626953
vt 0.69360352 0.76879883
vt 0.14916992 0.66357422
vt 0.14331055 0.65771484
vt 0.14208984 0.65869141
vt 0.17211914 0.74389648
vt 0.50390625 0.85986328
vt 0.96020508 0.08740234
vt 0.07348633 0.35571289
vt 0.62011719 0.03417969
vt 0.54321289 0.29003906
vt 0.90771484 0.05102539
vt 0.14208984 0.82568359
vt 0.73144531 0.09863281
vt 0.53930664 0.82910156
vt 0.53173828 0.03417969
vt 0.52416992 0.42553711
vt 0.66357422 0.42260742
vt 0.67553711 0.57983398
vt 0.67480469 0.57934570
vt 0.18334961 0.76318359
vt 0.48364258 0.80444336
vt 0.11352539 0.37524414
vt 0.47875977 0.80004883
vt 0.96093750 0.10595703
vt 0.66650391 0.58056641
vt 0.71899414 0.32470703
vt 0.72143555 0.31616211
vt 0.19604492 0.67895508
vt 0.54711914 0.28295898
vt 0.43408203 0.21655273
vt 0.65551758 0.56372070
vt 0.66308594 0.57397461
vt 0.95214844 0.06420898
vt 0.72314453 0.31494141
vt 0.19604492 0.67944336
vt 0.52929688 0.43066406
vt 0.39794922 0.71484375
vt 0.95507812 0.07958984
vt 0.65258789 0.05908203
vt 0.37548828 0.97412109
vt 0.12744141 0.44409180
vt 0.12963867 0.44213867
vt 0.38061523 0.80517578
vt 0.55346680 0.28051758
vt 0.69921875 0.36059570
vt 0.37182617 0.97290039
vt 0.61914062 0.06298828
vt 0.52587891 0.83007812
vt 0.12646484 0.40771484
vt 0.52636719 0.82934570
vt 0.17041016 0.72290039
vt 0.79736328 0.05615234
vt 0.14404297 0.62133789
vt 0.93334961 0.46655273
vt 0.03540039 0.19287109
vt 0.23779297 0.18139648
vt 0.04418945 0.20239258
vt 0.09130859 0.14770508
vt 0.02221680 0.44042969
vt 0.19824219 0.76220703
vt 0.19653320 0.67822266
vt 0.57299805 0.81201172
vt 0.43652344 0.21948242
vt 0.36840820 0.84228516
vt 0.96215820 0.99829102
vt 0.65234375 0.05859375
vt 0.95971680 0.06713867
vt 0.37792969 0.79882812
vt 0.95019531 0.06640625
vt 0.91015625 0.04516602
vt 0.98681641 0.13427734
vt 0.14819336 0.62231445
vt 0.95727539 0.09497070
vt 0.43652344 0.21948242
vt 0.47583008 0.79809570
vt 0.47656250 0.79785156
vt 0.87011719 0.30932617
vt 0.86083984 0.31201172
vt 0.48291016 0.80371094
vt 0.95678711 0.09619141
vt 0.06689453 0.81127930
vt 0.12231445 0.38574219
vt 0.11767578 0.38110352
vt 0.09643555 0.39453125
vt 0.88549805 0.12573242
vt 0.72167969 0.32519531
vt 0.87304688 0.30224609
vt 0.06713867 0.81372070
vt 0.12158203 0.39355469
vt 0.67700195 0.58105469
vt 0.04052734 0.20117188
vt 0.66064453 0.56567383
vt 0.94921875 0.05908203
vt 0.11376953 0.37622070
vt 0.65869141 0.56640625
vt 0.12792969 0.44287109
vt 0.52880859 0.42480469
vt 0.50976562 0.02416992
vt 0.38476562 0.97192383
vt 0.92749023 0.88842773
vt 0.42211914 0.77026367
vt 0.12622070 0.44848633
vt 0.65356445 0.08129883
vt 0.58764648 0.81298828
vt 0.07934570 0.14013672
vt 0.95117188 0.06372070
vt 0.93920898 0.04907227
vt 0.37670898 0.97216797
vt 0.78222656 0.61328125
vt 0.37915039 0.70800781
vt 0.78295898 0.61132812
vt 0.04418945 0.21728516
vt 0.79663086 0.61743164
vt 0.38525391 0.72949219
vt 0.89379883 0.35058594
vt 0.94970703 0.07177734
vt 0.19384766 0.67773438
vt 0.94970703 0.07177734
vt 0.70922852 0.39648438
vt 0.80517578 0.12695312
vt 0.14868164 0.66625977
vt 0.80102539 0.12817383
vt 0.06616211 0.80810547
vt 0.69799805 0.73681641
vt 0.69873047 0.76196289
vt 0.11279297 0.70922852
vt 0.52758789 0.83227539
vt 0.37695312 0.79736328
vt 0.12329102 0.71459961
vt 0.19799805 0.60498047
vt 0.19531250 0.59082031
vt 0.19921875 0.66894531
vt 0.62988281 0.03442383
vt 0.63452148 0.03393555
vt 0.93188477 0.02661133
vt 0.63037109 0.04370117
vt 0.62304688 0.03247070
vt 0.11254883 0.75268555
vt 0.77514648 0.14428711
vt 0.19628906 0.64233398
vt 0.38671875 0.71923828
vt 0.19897461 0.75878906
vt 0.66699219 0.75122070
vt 0.97363281 0.02465820
vt 0.52465820 0.83105469
vt 0.56738281 0.42333984
vt 0.56396484 0.42382812
vt 0.96313477 0.86596680
vt 0.95532227 0.08740234
vt 0.06494141 0.18408203
vt 0.12866211 0.44238281
vt 0.88159180 0.05957031
vt 0.47998047 0.80566406
vt 0.16723633 0.70996094
vt 0.68115234 0.57324219
vt 0.47656250 0.79882812
vt 0.66748047 0.57128906
vt 0.67504883 0.57836914
vt 0.62573242 0.03222656
vt 0.86547852 0.29980469
vt 0.13037109 0.44165039
vt 0.80737305 0.12890625
vt 0.11889648 0.37963867
vt 0.87524414 0.30395508
vt 0.37060547 0.80371094
vt 0.12890625 0.43994141
vt 0.11669922 0.37597656
vt 0.66113281 0.56494141
vt 0.72753906 0.34790039
vt 0.11328125 0.36889648
vt 0.95751953 0.09301758
vt 0.19873047 0.64184570
vt 0.73730469 0.60815430
vt 0.36767578 0.96411133
vt 0.19726562 0.66113281
vt 0.95800781 0.09448242
vt 0.19726562 0.64892578
vt 0.26391602 0.13696289
vt 0.30200195 0.17822266
vt 0.77612305 0.02294922
vt 0.58520508 0.81298828
vt 0.58691406 0.81298828
vt 0.58447266 0.81176758
vt 0.07519531 0.86450195
vt 0.61376953 0.05932617
vt 0.95800781 0.09887695
vt 0.19946289 0.67895508
vt 0.06469727 0.35717773
vt 0.62133789 0.05786133
vt 0.52832031 0.29248047
vt 0.90722656 0.08520508
vt 0.04541016 0.14965820
vt 0.17700195 0.76025391
vt 0.16796875 0.74829102
vt 0.17846680 0.73876953
vt 0.65454102 0.56030273
vt 0.06762695 0.35546875
vt 0.79614258 0.13574219
vt 0.63159180 0.03295898
vt 0.63378906 0.03393555
vt 0.14477539 0.61035156
vt 0.62890625 0.03271484
vt 0.67578125 0.73413086
vt 0.19702148 0.65844727
vt 0.63549805 0.03320312
vt 0.19873047 0.64331055
vt 0.38085938 0.97509766
vt 0.43261719 0.83911133
vt 0.58129883 0.81176758
vt 0.58691406 0.81250000
vt 0.58227539 0.81201172
vt 0.59204102 0.81176758
vt 0.67602539 0.73315430
vt 0.97729492 0.98925781
vt 0.89843750 0.08056641
vt 0.88940430 0.36303711
vt 0.96166992 0.86767578
vt 0.51831055 0.83154297
vt 0.89379883 0.05273438
vt 0.94409180 0.46972656
vt 0.91699219 0.96142578
vt 0.39477539 0.97241211
vt 0.12915039 0.44140625
vt 0.67407227 0.73559570
vt 0.67529297 0.73291016
vt 0.67089844 0.57421875
vt 0.67065430 0.57275391
vt 0.70312500 0.74194336
vt 0.95019531 0.08105469
vt 0.66845703 0.57104492
vt 0.65795898 0.56005859
vt 0.67333984 0.57495117
vt 0.67919922 0.72436523
vt 0.47827148 0.80126953
vt 0.66821289 0.57177734
vt 0.90209961 0.09204102
vt 0.37670898 0.97753906
vt 0.90380859 0.05834961
vt 0.11669922 0.37377930
vt 0.11352539 0.36962891
vt 0.41235352 0.93139648
vt 0.17651367 0.59130859
vt 0.65478516 0.55541992
vt 0.14135742 0.70898438
vt 0.94628906 0.06811523
vt 0.19726562 0.64965820
vt 0.19848633 0.73144531
vt 0.12329102 0.63110352
vt 0.11206055 0.62060547
vt 0.37768555 0.73144531
vt 0.58862305 0.81201172
vt 0.78784180 0.14404297
vt 0.70214844 0.60620117
vt 0.73071289 0.09863281
vt 0.60278320 0.04931641
vt 0.06054688 0.35351562
vt 0.66796875 0.74438477
vt 0.96166992 0.86572266
vt 0.22680664 0.16674805
vt 0.12792969 0.04711914
vt 0.70117188 0.77099609
vt 0.92382812 0.04467773
vt 0.61328125 0.06079102
vt 0.72045898 0.36352539
vt 0.27758789 0.15502930
vt 0.06787109 0.85400391
vt 0.19360352 0.65429688
vt 0.16235352 0.71557617
vt 0.18823242 0.71484375
vt 0.37304688 0.78588867
vt 0.16455078 0.61132812
vt 0.95996094 0.10400391
vt 0.16503906 0.61010742
vt 0.16577148 0.65380859
vt 0.16479492 0.60913086
vt 0.77441406 0.61157227
vt 0.55590820 0.29418945
vt 0.48803711 0.90039062
vt 0.39428711 0.97509766
vt 0.78784180 0.14355469
vt 0.67871094 0.72338867
vt 0.59350586 0.81201172
vt 0.79028320 0.14208984
vt 0.68115234 0.78881836
vt 0.94018555 0.33447266
vt 0.75244141 0.14233398
vt 0.61669922 0.06274414
vt 0.57763672 0.42211914
vt 0.95385742 0.08593750
vt 0.51098633 0.88378906
vt 0.57446289 0.42309570
vt 0.91455078 0.92456055
vt 0.56640625 0.42358398
vt 0.56567383 0.42407227
vt 0.92700195 0.93798828
vt 0.03881836 0.22485352
vt 0.90332031 0.08129883
vt 0.03906250 0.21997070
vt 0.16699219 0.74707031
vt 0.36962891 0.78808594
vt 0.97827148 0.98828125
vt 0.80932617 0.13696289
vt 0.52050781 0.83178711
vt 0.43212891 0.22216797
vt 0.14135742 0.02856445
vt 0.35424805 0.96923828
vt 0.94702148 0.06616211
vt 0.95874023 0.10107422
vt 0.16479492 0.61010742
vt 0.16552734 0.65332031
vt 0.16503906 0.65332031
vt 0.39526367 0.97314453
vt 0.39428711 0.97509766
vt 0.50512695 0.90380859
vt 0.73657227 0.60498047
vt 0.94775391 0.00073242
vt 0.73510742 0.59765625
vt 0.89526367 0.04736328
vt 0.71777344 0.34863281
vt 0.86938477 0.28808594
vt 0.89526367 0.04736328
vt 0.11743164 0.37792969
vt 0.73583984 0.59838867
vt 0.94653320 0.05712891
vt 0.65478516 0.55761719
vt 0.89599609 0.04565430
vt 0.12011719 0.36938477
vt 0.12695312 0.68115234
vt 0.11645508 0.36962891
vt 0.12011719 0.69067383
vt 0.66918945 0.57153320
vt 0.67553711 0.57446289
vt 0.95019531 0.07397461
vt 0.65356445 0.55737305
vt 0.96093750 0.86523438
vt 0.95043945 0.07495117
vt 0.89770508 0.04467773
vt 0.61132812 0.81176758
vt 0.66772461 0.57031250
vt 0.11303711 0.62011719
vt 0.11206055 0.61791992
vt 0.11230469 0.62011719
vt 0.41772461 0.19970703
vt 0.19995117 0.76147461
vt 0.75170898 0.14062500
vt 0.74707031 0.13769531
vt 0.90820312 0.02832031
vt 0.90820312 0.04492188
vt 0.95385742 0.08959961
vt 0.40283203 0.98217773
vt 0.11254883 0.75048828
vt 0.11254883 0.74951172
vt 0.57104492 0.08129883
vt 0.58081055 0.42382812
vt 0.95385742 0.09204102
vt 0.89916992 0.04150391
vt 0.70190430 0.59521484
vt 0.06762695 0.85351562
vt 0.61791992 0.06298828
vt 0.16650391 0.74609375
vt 0.57324219 0.42260742
vt 0.57275391 0.42431641
vt 0.16455078 0.74536133
vt 0.91625977 0.91992188
vt 0.61523438 0.06127930
vt 0.56469727 0.42382812
vt 0.19189453 0.60913086
vt 0.91870117 0.05249023
vt 0.64355469 0.84741211
vt 0.96411133 0.16918945
vt 0.70385742 0.75976562
vt 0.17944336 0.64648438
vt 0.11254883 0.71386719
vt 0.11254883 0.71289062
vt 0.11279297 0.62890625
vt 0.61328125 0.05981445
vt 0.06982422 0.85253906
vt 0.88769531 0.08618164
vt 0.13940430 0.59936523
vt 0.61279297 0.06127930
vt 0.57617188 0.42236328
vt 0.16503906 0.65332031
vt 0.19262695 0.70190430
vt 0.71411133 0.38452148
vt 0.89697266 0.08618164
vt 0.89794922 0.08593750
vt 0.80126953 0.04638672
vt 0.19921875 0.67578125
vt 0.14208984 0.71337891
vt 0.74780273 0.14111328
vt 0.19995117 0.76123047
vt 0.20019531 0.76074219
vt 0.19970703 0.76074219
vt 0.11791992 0.61425781
vt 0.19970703 0.75976562
vt 0.60180664 0.86132812
vt 0.11254883 0.72705078
vt 0.73779297 0.59497070
vt 0.92626953 0.05712891
vt 0.53198242 0.41625977
vt 0.89282227 0.71166992
vt 0.85717773 0.28637695
vt 0.70385742 0.77026367
vt 0.03466797 0.16284180
vt 0.94482422 0.05151367
vt 0.16601562 0.74658203
vt 0.73022461 0.98999023
vt 0.78247070 0.60766602
vt 0.16235352 0.60546875
vt 0.40966797 0.93188477
vt 0.41137695 0.93188477
vt 0.90600586 0.24072266
vt 0.94458008 0.05566406
vt 0.78930664 0.04443359
vt 0.71972656 0.34716797
vt 0.57666016 0.42553711
vt 0.95507812 0.00659180
vt 0.43383789 0.94506836
vt 0.19995117 0.72363281
vt 0.12280273 0.58691406
vt 0.98730469 0.00732422
vt 0.11206055 0.60888672
vt 0.11254883 0.69409180
vt 0.88452148 0.05761719
vt 0.20043945 0.71582031
vt 0.53393555 0.03857422
vt 0.19970703 0.71826172
vt 0.24584961 0.16528320
vt 0.11254883 0.62890625
vt 0.11279297 0.71289062
vt 0.70678711 0.72998047
vt 0.88793945 0.05688477
vt 0.88842773 0.05615234
vt 0.62280273 0.81298828
vt 0.61328125 0.81201172
vt 0.61328125 0.81152344
vt 0.78613281 0.98852539
vt 0.66577148 0.80957031
vt 0.87890625 0.05395508
vt 0.78735352 0.13769531
vt 0.94824219 0.06860352
vt 0.89038086 0.05566406
vt 0.45971680 0.24121094
vt 0.91577148 0.92309570
vt 0.20068359 0.75830078
vt 0.78369141 0.13085938
vt 0.94921875 0.00073242
vt 0.74584961 0.12915039
vt 0.22045898 0.16723633
vt 0.94189453 0.02465820
vt 0.91406250 0.92138672
vt 0.11254883 0.72851562
vt 0.60034180 0.86010742
vt 0.65429688 0.55859375
vt 0.16577148 0.73461914
vt 0.11279297 0.72900391
vt 0.16552734 0.74023438
vt 0.16479492 0.73974609
vt 0.91455078 0.91967773
vt 0.93554688 0.01220703
vt 0.95678711 0.82885742
vt 0.59179688 0.85888672
vt 0.11254883 0.75000000
vt 0.11279297 0.75097656
vt 0.03637695 0.35888672
vt 0.08154297 0.38745117
vt 0.11547852 0.36694336
vt 0.11450195 0.36718750
vt 0.12231445 0.38037109
vt 0.66064453 0.56225586
vt 0.12011719 0.38012695
vt 0.88842773 0.05444336
vt 0.52319336 0.81225586
vt 0.11694336 0.37158203
vt 0.94946289 0.07421875
vt 0.41064453 0.93334961
vt 0.66723633 0.56909180
vt 0.51123047 0.24926758
vt 0.66845703 0.56811523
vt 0.67626953 0.57519531
vt 0.13232422 0.44018555
vt 0.53002930 0.42944336
vt 0.15161133 0.60253906
vt 0.43652344 0.94409180
vt 0.43554688 0.94555664
vt 0.15136719 0.72656250
vt 0.15820312 0.60058594
vt 0.15795898 0.61596680
vt 0.15747070 0.60131836
vt 0.15771484 0.60205078
vt 0.19995117 0.72314453
vt 0.19995117 0.72143555
vt 0.15283203 0.65454102
vt 0.15747070 0.60644531
vt 0.15771484 0.60595703
vt 0.19873047 0.62915039
vt 0.15869141 0.59960938
vt 0.19995117 0.71508789
vt 0.19897461 0.66479492
vt 0.21948242 0.15527344
vt 0.33813477 0.94335938
vt 0.15185547 0.69946289
vt 0.11254883 0.68994141
vt 0.19921875 0.67431641
vt 0.20068359 0.75415039
vt 0.21826172 0.14208984
vt 0.19921875 0.67480469
vt 0.20092773 0.76025391
vt 0.19921875 0.67529297
vt 0.61401367 0.81176758
vt 0.15161133 0.62451172
vt 0.61474609 0.81176758
vt 0.20117188 0.75756836
vt 0.47436523 0.94653320
vt 0.35986328 0.83789062
vt 0.11254883 0.75878906
vt 0.38256836 0.70874023
vt 0.88867188 0.08715820
vt 0.11230469 0.72607422
vt 0.11230469 0.72656250
vt 0.11254883 0.75781250
vt 0.47167969 0.94580078
vt 0.15283203 0.73071289
vt 0.11254883 0.72900391
vt 0.15283203 0.73437500
vt 0.15283203 0.74023438
vt 0.11254883 0.73168945
vt 0.79614258 0.59912109
vt 0.13769531 0.75952148
vt 0.66967773 0.73608398
vt 0.95410156 0.09057617
vt 0.80297852 0.59570312
vt 0.04638672 0.14331055
vt 0.00292969 0.85595703
vt 0.67236328 0.73071289
vt 0.91406250 0.92431641
vt 0.16040039 0.59838867
vt 0.87670898 0.05615234
vt 0.16503906 0.73510742
vt 0.91503906 0.92382812
vt 0.16503906 0.72924805
vt 0.16552734 0.74072266
vt 0.08593750 0.12792969
vt 0.44042969 0.93872070
vt 0.16479492 0.74243164
vt 0.15258789 0.60302734
vt 0.61083984 0.06030273
vt 0.15771484 0.60644531
vt 0.15234375 0.65722656
vt 0.89160156 0.08642578
vt 0.80175781 0.04541016
vt 0.20043945 0.71582031
vt 0.87524414 0.05712891
vt 0.16308594 0.63110352
vt 0.14843750 0.59716797
vt 0.16455078 0.68505859
vt 0.14746094 0.71826172
vt 0.16357422 0.68261719
vt 0.14746094 0.71923828
vt 0.21411133 0.16625977
vt 0.36743164 0.78417969
vt 0.20068359 0.75561523
vt 0.04638672 0.14965820
vt 0.14111328 0.68334961
vt 0.14428711 0.03442383
vt 0.47363281 0.94580078
vt 0.15332031 0.73657227
vt 0.93603516 0.01196289
vt 0.95825195 0.00439453
vt 0.35888672 0.84204102
vt 0.88647461 0.37548828
vt 0.16479492 0.73071289
vt 0.16503906 0.73120117
vt 0.35937500 0.82690430
vt 0.16503906 0.72973633
vt 0.16455078 0.72387695
vt 0.49707031 0.32592773
vt 0.92700195 0.05761719
vt 0.16503906 0.74291992
vt 0.94458008 0.90576172
vt 0.26977539 0.15136719
vt 0.14843750 0.60156250
vt 0.16308594 0.62207031
vt 0.16430664 0.68505859
vt 0.16357422 0.68725586
vt 0.57568359 0.42480469
vt 0.08032227 0.38745117
vt 0.88793945 0.06542969
vt 0.72680664 0.33251953
vt 0.15844727 0.62158203
vt 0.93701172 0.03125000
vt 0.15820312 0.60644531
vt 0.20117188 0.75463867
vt 0.20068359 0.72363281
vt 0.19921875 0.64184570
vt 0.20068359 0.72241211
vt 0.96362305 0.85913086
vt 0.19995117 0.67260742
vt 0.73144531 0.99023438
vt 0.16064453 0.73339844
vt 0.16040039 0.69824219
vt 0.94067383 0.97094727
vt 0.90673828 0.33911133
vt 0.90673828 0.33911133
vt 0.66625977 0.73950195
vt 0.15942383 0.64160156
vt 0.15942383 0.64892578
vt 0.94555664 0.05639648
vt 0.06591797 0.85205078
vt 0.16064453 0.73388672
vt 0.57104492 0.42456055
vt 0.87597656 0.05664062
vt 0.58081055 0.85595703
vt 0.16088867 0.75390625
vt 0.55712891 0.41650391
vt 0.16430664 0.73120117
vt 0.16479492 0.73510742
vt 0.16381836 0.72387695
vt 0.16381836 0.72436523
vt 0.16455078 0.72241211
vt 0.70776367 0.75219727
vt 0.16503906 0.75903320
vt 0.94409180 0.06103516
vt 0.15966797 0.66943359
vt 0.16162109 0.75683594
vt 0.16406250 0.74438477
vt 0.16455078 0.75341797
vt 0.19995117 0.67382812
vt 0.89331055 0.36303711
vt 0.14892578 0.72729492
vt 0.36499023 0.77221680
vt 0.14819336 0.72656250
vt 0.95312500 0.00122070
vt 0.15991211 0.69091797
vt 0.95336914 0.00341797
vt 0.19995117 0.67724609
vt 0.95654297 0.82934570
vt 0.15258789 0.72778320
vt 0.94482422 0.05151367
vt 0.14892578 0.71923828
vt 0.74096680 0.60498047
vt 0.16284180 0.62792969
vt 0.95117188 0.00146484
vt 0.95043945 0.07812500
vt 0.36938477 0.76904297
vt 0.16308594 0.64379883
vt 0.14770508 0.65039062
vt 0.16357422 0.64892578
vt 0.14770508 0.61718750
vt 0.58056641 0.42529297
vt 0.20019531 0.68774414
vt 0.87890625 0.05737305
vt 0.11474609 0.36499023
vt 0.51000977 0.42211914
vt 0.94287109 0.04833984
vt 0.97827148 0.98461914
vt 0.65283203 0.55615234
vt 0.35717773 0.97021484
vt 0.63793945 0.81445312
vt 0.16113281 0.63842773
vt 0.15869141 0.59960938
vt 0.36621094 0.78393555
vt 0.04541016 0.14916992
vt 0.15942383 0.64892578
vt 0.16430664 0.73022461
vt 0.88500977 0.05883789
vt 0.16430664 0.72460938
vt 0.56103516 0.26513672
vt 0.16015625 0.69042969
vt 0.01611328 0.86035156
vt 0.16406250 0.74169922
vt 0.16455078 0.74169922
vt 0.16455078 0.74218750
vt 0.58081055 0.85522461
vt 0.00390625 0.86889648
vt 0.16479492 0.75903320
vt 0.87890625 0.05493164
vt 0.61206055 0.06079102
vt 0.15209961 0.72875977
vt 0.52075195 0.84106445
vt 0.15258789 0.75488281
vt 0.95654297 0.82983398
vt 0.14843750 0.72656250
vt 0.14892578 0.72558594
vt 0.16210938 0.59130859
vt 0.16210938 0.59179688
vt 0.16040039 0.59106445
vt 0.16210938 0.59375000
vt 0.16186523 0.59741211
vt 0.95166016 0.08398438
vt 0.15161133 0.60815430
vt 0.16284180 0.62792969
vt 0.16284180 0.62890625
vt 0.00512695 0.87304688
vt 0.16284180 0.63745117
vt 0.16284180 0.63793945
vt 0.91625977 0.97143555
vt 0.37670898 0.71118164
vt 0.15966797 0.65454102
vt 0.16113281 0.70703125
vt 0.15185547 0.70410156
vt 0.14965820 0.67333984
vt 0.16259766 0.64892578
vt 0.14990234 0.62329102
vt 0.96142578 0.02539062
vt 0.14086914 0.40454102
vt 0.94604492 0.06152344
vt 0.16308594 0.64843750
vt 0.16040039 0.69775391
vt 0.16113281 0.75122070
vt 0.16113281 0.75219727
vt 0.88793945 0.05517578
vt 0.58276367 0.85522461
vt 0.07836914 0.38671875
vt 0.93579102 0.01123047
vt 0.16210938 0.68237305
vt 0.16357422 0.68505859
vt 0.16284180 0.68310547
vt 0.16357422 0.68261719
vt 0.15991211 0.67822266
vt 0.70971680 0.73388672
vt 0.80273438 0.04614258
vt 0.78808594 0.13769531
vt 0.79443359 0.13720703
vt 0.88159180 0.05444336
vt 0.78808594 0.13598633
vt 0.79125977 0.13793945
vt 0.61108398 0.06079102
vt 0.70825195 0.75732422
vt 0.16333008 0.72558594
vt 0.95092773 0.08422852
vt 0.16381836 0.72241211
vt 0.16333008 0.72021484
vt 0.68994141 0.83984375
vt 0.16186523 0.74975586
vt 0.16357422 0.74389648
vt 0.16137695 0.75073242
vt 0.16137695 0.75122070
vt 0.16186523 0.75268555
vt 0.71923828 0.98876953
vt 0.16406250 0.74389648
vt 0.16430664 0.75903320
vt 0.58178711 0.85498047
vt 0.16357422 0.74438477
vt 0.16430664 0.75439453
vt 0.80859375 0.13696289
vt 0.52734375 0.28540039
vt 0.15039062 0.71923828
vt 0.14892578 0.72607422
vt 0.58618164 0.85449219
vt 0.96484375 0.03417969
vt 0.98974609 0.00195312
vt 0.14843750 0.59790039
vt 0.16235352 0.63842773
vt 0.14990234 0.59423828
vt 0.14868164 0.65258789
vt 0.14892578 0.70727539
vt 0.16259766 0.64843750
vt 0.14892578 0.71142578
vt 0.14868164 0.65039062
vt 0.16259766 0.65039062
vt 0.16259766 0.64990234
vt 0.01147461 0.86743164
vt 0.78881836 0.13769531
vt 0.79199219 0.13793945
vt 0.36987305 0.76782227
vt 0.67285156 0.72558594
vt 0.01074219 0.86499023
vt 0.16113281 0.69873047
vt 0.16162109 0.69653320
vt 0.58398438 0.85473633
vt 0.65332031 0.55590820
vt 0.08715820 0.10351562
vt 0.95166016 0.08837891
vt 0.15039062 0.71997070
vt 0.58081055 0.85302734
vt 0.16137695 0.61743164
vt 0.05737305 0.75415039
vt 0.14965820 0.05249023
vt 0.78735352 0.13696289
vt 0.78808594 0.13696289
vt 0.16113281 0.64990234
vt 0.79443359 0.13623047
vt 0.01147461 0.86474609
vt 0.15014648 0.58691406
vt 0.90893555 0.94335938
vt 0.16113281 0.61694336
vt 0.16137695 0.61694336
vt 0.61059570 0.82788086
vt 0.89282227 0.36572266
vt 0.36669922 0.77685547
vt 0.16113281 0.61694336
vt 0.16284180 0.68041992
vt 0.16210938 0.68041992
vt 0.91162109 0.91796875
vt 0.36889648 0.77148438
vt 0.37036133 0.76025391
vt 0.56518555 0.42822266
vt 0.94628906 0.06738281
vt 0.75805664 0.12036133
vt 0.16162109 0.67138672
vt 0.36889648 0.76782227
vt 0.05981445 0.36474609
vt 0.07055664 0.13134766
vt 0.16259766 0.68041992
vt 0.16259766 0.68139648
vt 0.71264648 0.98657227
vt 0.72436523 0.98754883
vt 0.72436523 0.98754883
vt 0.16210938 0.68090820
vt 0.95800781 0.00268555
vt 0.67504883 0.57324219
vt 0.67041016 0.56738281
vt 0.66772461 0.56738281
vt 0.71752930 0.98657227
vt 0.43676758 0.02783203
vt 0.66552734 0.56445312
vt 0.65478516 0.55541992
vt 0.11889648 0.37426758
vt 0.11547852 0.36474609
vt 0.12255859 0.38134766
vt 0.12036133 0.37573242
vt 0.11840820 0.35595703
vt 0.87719727 0.76318359
vt 0.11816406 0.37231445
vt 0.89404297 0.29785156
vt 0.11865234 0.36572266
vt 0.66528320 0.56079102
vt 0.12353516 0.38647461
vt 0.12451172 0.38623047
vt 0.12329102 0.38549805
vt 0.89770508 0.05859375
vt 0.67675781 0.56738281
vt 0.88232422 0.08666992
vt 0.95751953 0.82934570
vt 0.00292969 0.85864258
vt 0.94726562 0.07568359
vt 0.00390625 0.86523438
vt 0.00317383 0.86035156
vt 0.94775391 0.07543945
vt 0.00244141 0.86840820
vt 0.94897461 0.07958984
vt 0.77490234 0.60302734
vt 0.77563477 0.60107422
vt 0.01586914 0.85791016
vt 0.22509766 0.13427734
vt 0.57055664 0.42749023
vt 0.57299805 0.42553711
vt 0.37890625 0.70922852
vt 0.95922852 0.00415039
vt 0.87768555 0.06103516
vt 0.52587891 0.84399414
vt 0.36352539 0.99780273
vt 0.76440430 0.96508789
vt 0.48730469 0.02783203
vt 0.07983398 0.03271484
vt 0.90820312 0.94042969
vt 0.46264648 0.05419922
vt 0.96142578 0.48217773
vt 0.22875977 0.12866211
vt 0.94311523 0.05688477
vt 0.94091797 0.09057617
vt 0.74023438 0.97973633
vt 0.57934570 0.42724609
vt 0.56274414 0.42846680
vt 0.92114258 0.50195312
vt 0.11083984 0.12915039
vt 0.94482422 0.06835938
vt 0.67504883 0.71386719
vt 0.97875977 0.94360352
vt 0.90771484 0.94555664
vt 0.71899414 0.98754883
vt 0.43627930 0.02905273
vt 0.11987305 0.37475586
vt 0.74755859 0.96728516
vt 0.01586914 0.85791016
vt 0.66357422 0.55712891
vt 0.67382812 0.57104492
vt 0.67041016 0.56518555
vt 0.65576172 0.55517578
vt 0.67651367 0.57128906
vt 0.93359375 0.01123047
vt 0.43652344 0.03198242
vt 0.94262695 0.05371094
vt 0.75488281 0.96679688
vt 0.71508789 0.98754883
vt 0.00268555 0.86743164
vt 0.71728516 0.67382812
vt 0.78491211 0.59985352
vt 0.53149414 0.43359375
vt 0.50781250 0.01904297
vt 0.99560547 0.17211914
vt 0.67919922 0.76098633
vt 0.48608398 0.02783203
vt 0.74584961 0.58447266
vt 0.40087891 0.70825195
vt 0.37719727 0.70874023
vt 0.04492188 0.14575195
vt 0.67675781 0.71313477
vt 0.49414062 0.98315430
vt 0.65576172 0.38720703
vt 0.11572266 0.42358398
vt 0.51977539 0.28955078
vt 0.71337891 0.73535156
vt 0.52441406 0.84545898
vt 0.01635742 0.85961914
vt 0.11694336 0.03491211
vt 0.06762695 0.86035156
vt 0.49755859 0.98144531
vt 0.05371094 0.75903320
vt 0.70361328 0.98144531
vt 0.68701172 0.69580078
vt 0.01708984 0.86303711
vt 0.80615234 0.04663086
vt 0.99023438 0.07250977
vt 0.72192383 0.98144531
vt 0.09057617 0.35180664
vt 0.60913086 0.08837891
vt 0.99462891 0.17089844
vt 0.01684570 0.86206055
vt 0.00341797 0.86279297
vt 0.52343750 0.85034180
vt 0.70483398 0.97509766
vt 0.09033203 0.02539062
vt 0.01708984 0.86767578
vt 0.93627930 0.04833984
vt 0.06445312 0.75268555
vt 0.55810547 0.42871094
vt 0.08642578 0.02221680
vt 0.93408203 0.01342773
vt 0.66333008 0.55908203
vt 0.12109375 0.37548828
vt 0.12084961 0.37451172
vt 0.66406250 0.56201172
vt 0.97631836 0.34838867
vt 0.00244141 0.87011719
vt 0.52368164 0.42968750
vt 0.58398438 0.41455078
vt 0.94482422 0.06835938
vt 0.22314453 0.13696289
vt 0.05078125 0.75537109
vt 0.67456055 0.56860352
vt 0.70703125 0.98510742
vt 0.94580078 0.07250977
vt 0.93750000 0.02807617
vt 0.89282227 0.06225586
vt 0.89282227 0.06225586
vt 0.10766602 0.86938477
vt 0.05834961 0.75341797
vt 0.53417969 0.42871094
vt 0.00317383 0.86279297
vt 0.89208984 0.06274414
vt 0.74853516 0.97973633
vt 0.95605469 0.99487305
vt 0.87646484 0.06298828
vt 0.00292969 0.86450195
vt 0.08129883 0.85717773
vt 0.07055664 0.75537109
vt 0.66308594 0.55224609
vt 0.36206055 0.76660156
vt 0.10278320 0.02832031
vt 0.95581055 0.98925781
vt 0.57836914 0.42846680
vt 0.55444336 0.43237305
vt 0.46142578 0.26220703
vt 0.71777344 0.97924805
vt 0.56030273 0.42993164
vt 0.70996094 0.98559570
vt 0.71362305 0.98413086
vt 0.55761719 0.43066406
vt 0.66210938 0.84570312
vt 0.71582031 0.94995117
vt 0.55786133 0.43139648
vt 0.52856445 0.27856445
vt 0.00292969 0.87182617
vt 0.91088867 0.24511719
vt 0.72998047 0.96777344
vt 0.23681641 0.14843750
vt 0.92944336 0.05786133
vt 0.99926758 0.06518555
vt 0.01831055 0.88061523
vt 0.13012695 0.39038086
vt 0.66625977 0.56274414
vt 0.12719727 0.37866211
vt 0.65722656 0.55200195
vt 0.09741211 0.02392578
vt 0.91503906 0.37255859
vt 0.90942383 0.34936523
vt 0.49536133 0.98217773
vt 0.52246094 0.84350586
vt 0.13500977 0.39746094
vt 0.52124023 0.84545898
vt 0.85986328 0.69458008
vt 0.98803711 0.99877930
vt 0.84814453 0.26293945
vt 0.04589844 0.46899414
vt 0.55688477 0.43164062
vt 0.99877930 0.05664062
vt 0.01733398 0.87622070
vt 0.54248047 0.43286133
vt 0.40136719 0.17431641
vt 0.49682617 0.98071289
vt 0.06103516 0.75537109
vt 0.00244141 0.87207031
vt 0.04418945 0.46997070
vt 0.51538086 0.44458008
vt 0.01831055 0.88061523
vt 0.44921875 0.04565430
vt 0.14160156 0.44555664
vt 0.22949219 0.12792969
vt 0.73120117 0.98339844
vt 0.93994141 0.05322266
vt 0.72045898 0.98266602
vt 0.04028320 0.08569336
vt 0.71655273 0.98144531
vt 0.91650391 0.61572266
vt 0.08471680 0.02441406
vt 0.71508789 0.98291016
vt 0.26538086 0.14990234
vt 0.93237305 0.01245117
vt 0.93359375 0.01538086
vt 0.79272461 0.04736328
vt 0.81030273 0.04711914
vt 0.93798828 0.04785156
vt 0.43896484 0.03491211
vt 0.66503906 0.55932617
vt 0.12377930 0.37231445
vt 0.66406250 0.55541992
vt 0.44018555 0.03686523
vt 0.12524414 0.38061523
vt 0.48779297 0.97509766
vt 0.05761719 0.75927734
vt 0.52758789 0.43066406
vt 0.52124023 0.84399414
vt 0.65893555 0.55541992
vt 0.65454102 0.55078125
vt 0.94335938 0.06640625
vt 0.94335938 0.06640625
vt 0.09765625 0.02465820
vt 0.01757812 0.87744141
vt 0.94335938 0.06591797
vt 0.67602539 0.04516602
vt 0.06738281 0.75732422
vt 0.51489258 0.84301758
vt 0.71435547 0.71044922
vt 0.50683594 0.95410156
vt 0.04125977 0.46997070
vt 0.77490234 0.59912109
vt 0.09057617 0.02514648
vt 0.99853516 0.05688477
vt 0.80932617 0.04736328
vt 0.27124023 0.37866211
vt 0.72729492 0.98193359
vt 0.04199219 0.47045898
vt 0.08325195 0.75634766
vt 0.34960938 0.79736328
vt 0.96459961 0.01342773
vt 0.71606445 0.95947266
vt 0.71264648 0.98193359
vt 0.56933594 0.43481445
vt 0.71777344 0.98144531
vt 0.55371094 0.43237305
vt 0.71606445 0.58691406
vt 0.71264648 0.98193359
vt 0.71264648 0.98193359
vt 0.72729492 0.96557617
vt 0.11718750 0.03491211
vt 0.86987305 0.89697266
vt 0.51269531 0.43676758
vt 0.11938477 0.35668945
vt 0.12573242 0.37475586
vt 0.66235352 0.55737305
vt 0.64843750 0.75341797
vt 0.93945312 0.05419922
vt 0.65698242 0.54931641
vt 0.72973633 0.96484375
vt 0.52905273 0.43115234
vt 0.28515625 0.36694336
vt 0.08129883 0.75756836
vt 0.67968750 0.04736328
vt 0.51391602 0.43945312
vt 0.15747070 0.03784180
vt 0.51806641 0.84277344
vt 0.95727539 0.52954102
vt 0.52172852 0.84741211
vt 0.52368164 0.85180664
vt 0.51342773 0.85327148
vt 0.52343750 0.85131836
vt 0.71801758 0.96240234
vt 0.76953125 0.56542969
vt 0.93847656 0.05346680
vt 0.34619141 0.71264648
vt 0.91455078 0.37573242
vt 0.14233398 0.42358398
vt 0.72998047 0.98120117
vt 0.44384766 0.03955078
vt 0.95068359 0.02026367
vt 0.70825195 0.97656250
vt 0.51171875 0.44262695
vt 0.34350586 0.82958984
vt 0.73266602 0.58593750
vt 0.71166992 0.59033203
vt 0.04003906 0.47094727
vt 0.12500000 0.37304688
vt 0.12792969 0.38037109
vt 0.13623047 0.39355469
vt 0.10815430 0.03027344
vt 0.13012695 0.38305664
vt 0.27368164 0.36401367
vt 0.66015625 0.55444336
vt 0.68115234 0.57104492
vt 0.65869141 0.55078125
vt 0.10742188 0.03002930
vt 0.52832031 0.43212891
vt 0.67968750 0.56982422
vt 0.87744141 0.00415039
vt 0.27197266 0.36279297
vt 0.71093750 0.95922852
vt 0.72045898 0.94799805
vt 0.94091797 0.29101562
vt 0.52148438 0.85034180
vt 0.13842773 0.42407227
vt 0.77587891 0.59423828
vt 0.71899414 0.96557617
vt 0.72583008 0.95874023
vt 0.77832031 0.02587891
vt 0.72631836 0.58544922
vt 0.93676758 0.04882812
vt 0.73315430 0.59033203
vt 0.72851562 0.97998047
vt 0.25292969 0.14794922
vt 0.72045898 0.97924805
vt 0.50634766 0.43261719
vt 0.35034180 0.78027344
vt 0.04663086 0.13159180
vt 0.51342773 0.28125000
vt 0.69433594 0.57568359
vt 0.56250000 0.43798828
vt 0.08862305 0.75781250
vt 0.13110352 0.38793945
vt 0.13061523 0.38696289
vt 0.12890625 0.38232422
vt 0.67675781 0.04931641
vt 0.69824219 0.95800781
vt 0.12548828 0.37402344
vt 0.12304688 0.35864258
vt 0.83569336 0.28466797
vt 0.68652344 0.56103516
vt 0.66284180 0.55444336
vt 0.66064453 0.55029297
vt 0.65454102 0.54394531
vt 0.27612305 0.37182617
vt 0.65625000 0.54907227
vt 0.67822266 0.56860352
vt 0.67846680 0.56787109
vt 0.51806641 0.84912109
vt 0.53393555 0.05029297
vt 0.73779297 0.97973633
vt 0.51953125 0.85327148
vt 0.93432617 0.52661133
vt 0.85937500 0.61352539
vt 0.12109375 0.35278320
vt 0.11157227 0.03149414
vt 0.73437500 0.59008789
vt 0.10791016 0.03076172
vt 0.79907227 0.61328125
vt 0.70996094 0.96728516
vt 0.06689453 0.39208984
vt 0.53515625 0.03906250
vt 0.51855469 0.84570312
vt 0.53442383 0.03833008
vt 0.71826172 0.59057617
vt 0.15112305 0.43627930
vt 0.49267578 0.97460938
vt 0.29467773 0.32568359
vt 0.70092773 0.96069336
vt 0.70800781 0.57910156
vt 0.04150391 0.47192383
vt 0.71582031 0.97778320
vt 0.14306641 0.44262695
vt 0.13916016 0.42480469
vt 0.06469727 0.03344727
vt 0.99707031 0.41796875
vt 0.91992188 0.50146484
vt 0.34204102 0.81958008
vt 0.28100586 0.40185547
vt 0.50781250 0.43627930
vt 0.50732422 0.95312500
vt 0.54248047 0.43579102
vt 0.96093750 0.49267578
vt 0.41625977 0.14062500
vt 0.56542969 0.43383789
vt 0.56396484 0.43530273
vt 0.58422852 0.45117188
vt 0.88256836 0.31396484
vt 0.65966797 0.54760742
vt 0.34472656 0.80371094
vt 0.12133789 0.35937500
vt 0.12084961 0.35839844
vt 0.03979492 0.47216797
vt 0.86010742 0.62231445
vt 0.12084961 0.35498047
vt 0.13403320 0.39013672
vt 0.70800781 0.97778320
vt 0.13842773 0.39404297
vt 0.92382812 0.46630859
vt 0.11791992 0.43237305
vt 0.23315430 0.14477539
vt 0.74047852 0.58325195
vt 0.51782227 0.84667969
vt 0.70825195 0.96704102
vt 0.70263672 0.58471680
vt 0.51220703 0.27392578
vt 0.14208984 0.40014648
vt 0.06298828 0.02856445
vt 0.72607422 0.71899414
vt 0.50878906 0.84033203
vt 0.68212891 0.57006836
vt 0.57470703 0.43481445
vt 0.53564453 0.30444336
vt 0.27832031 0.37329102
vt 0.72607422 0.72021484
vt 0.05810547 0.12377930
vt 0.25439453 0.14990234
vt 0.50415039 0.43066406
vt 0.13354492 0.37963867
vt 0.89257812 0.29223633
vt 0.88183594 0.31542969
vt 0.12988281 0.37329102
vt 0.88256836 0.31762695
vt 0.13378906 0.38500977
vt 0.12304688 0.36181641
vt 0.73803711 0.58569336
vt 0.28564453 0.39672852
vt 0.27978516 0.37646484
vt 0.81958008 0.01684570
vt 0.82250977 0.02148438
vt 0.80249023 0.57324219
vt 0.01025391 0.47778320
vt 0.56567383 0.43505859
vt 0.80517578 0.57519531
vt 0.13745117 0.39868164
vt 0.89111328 0.97680664
vt 0.13867188 0.40136719
vt 0.72509766 0.71362305
vt 0.77563477 0.59106445
vt 0.12084961 0.34960938
vt 0.71582031 0.96118164
vt 0.81079102 0.57373047
vt 0.98535156 0.41772461
vt 0.86181641 0.61352539
vt 0.50976562 0.84057617
vt 0.13964844 0.40405273
vt 0.94311523 0.09106445
vt 0.06811523 0.02709961
vt 0.71069336 0.97802734
vt 0.27929688 0.05493164
vt 0.50268555 0.42895508
vt 0.69946289 0.57861328
vt 0.96923828 0.01342773
vt 0.66235352 0.55029297
vt 0.51196289 0.85180664
vt 0.51416016 0.47265625
vt 0.34643555 0.76831055
vt 0.80932617 0.57177734
vt 0.95458984 0.49291992
vt 0.65771484 0.71850586
vt 0.80834961 0.57348633
vt 0.13134766 0.38159180
vt 0.89331055 0.29467773
vt 0.13378906 0.38281250
vt 0.43847656 0.04565430
vt 0.88281250 0.31494141
vt 0.12329102 0.35961914
vt 0.12426758 0.35717773
vt 0.12768555 0.35913086
vt 0.28149414 0.37939453
vt 0.12231445 0.35449219
vt 0.06298828 0.02758789
vt 0.00048828 0.07641602
vt 0.65942383 0.54809570
vt 0.88012695 0.92382812
vt 0.14086914 0.39306641
vt 0.40722656 0.06274414
vt 0.29296875 0.37377930
vt 0.28955078 0.04028320
vt 0.70092773 0.58081055
vt 0.74316406 0.58349609
vt 0.01123047 0.47924805
vt 0.13989258 0.40185547
vt 0.71630859 0.58740234
vt 0.51782227 0.85107422
vt 0.28320312 0.39111328
vt 0.25146484 0.13305664
vt 0.34130859 0.70141602
vt 0.71044922 0.97753906
vt 0.71069336 0.97753906
vt 0.11767578 0.09887695
vt 0.65942383 0.54541016
vt 0.10913086 0.07470703
vt 0.70922852 0.97729492
vt 0.34399414 0.77050781
vt 0.80834961 0.57153320
vt 0.72656250 0.70800781
vt 0.90771484 0.86840820
vt 0.89331055 0.29272461
vt 0.25122070 0.13452148
vt 0.12622070 0.35400391
vt 0.33813477 0.81445312
vt 0.65869141 0.53759766
vt 0.94970703 0.31542969
vt 0.28393555 0.39257812
vt 0.74316406 0.58300781
vt 0.29321289 0.04711914
vt 0.32617188 0.72851562
vt 0.02954102 0.07763672
vt 0.56054688 0.45043945
vt 0.28198242 0.37890625
vt 0.14477539 0.40454102
vt 0.49707031 0.42504883
vt 0.34619141 0.09667969
vt 0.86547852 0.62597656
vt 0.28173828 0.05688477
vt 0.14160156 0.40234375
vt 0.80615234 0.56982422
vt 0.88525391 0.31616211
vt 0.88452148 0.31567383
vt 0.33666992 0.81250000
vt 0.88452148 0.31762695
vt 0.13696289 0.38818359
vt 0.66406250 0.54711914
vt 0.88647461 0.97924805
vt 0.56738281 0.43945312
vt 0.88745117 0.92871094
vt 0.86499023 0.62475586
vt 0.52636719 0.25366211
vt 0.80249023 0.57324219
vt 0.70532227 0.58276367
vt 0.70776367 0.58374023
vt 0.35888672 0.68920898
vt 0.91577148 0.37866211
vt 0.02001953 0.89404297
vt 0.28759766 0.05810547
vt 0.88647461 0.92187500
vt 0.44726562 0.43920898
vt 0.14306641 0.40283203
vt 0.52709961 0.25170898
vt 0.01977539 0.05712891
vt 0.69995117 0.57812500
vt 0.55957031 0.44067383
vt 0.95019531 0.74365234
vt 0.28784180 0.40332031
vt 0.89794922 0.29956055
vt 0.44433594 0.11743164
vt 0.13452148 0.37939453
vt 0.13598633 0.38305664
vt 0.33813477 0.79028320
vt 0.65893555 0.54370117
vt 0.86572266 0.62280273
vt 0.66162109 0.54711914
vt 0.66088867 0.54296875
vt 0.14062500 0.38037109
vt 0.28906250 0.06274414
vt 0.12451172 0.35473633
vt 0.98828125 0.42504883
vt 0.89404297 0.93652344
vt 0.28295898 0.36059570
vt 0.28247070 0.35278320
vt 0.14111328 0.39843750
vt 0.28564453 0.05273438
vt 0.10278320 0.44653320
vt 0.50854492 0.85180664
vt 0.35351562 0.69433594
vt 0.74169922 0.58105469
vt 0.50781250 0.85327148
vt 0.48535156 0.85327148
vt 0.84692383 0.26733398
vt 0.15405273 0.43432617
vt 0.86767578 0.61279297
vt 0.06469727 0.08374023
vt 0.88769531 0.31713867
vt 0.89868164 0.29125977
vt 0.28906250 0.39013672
vt 0.88769531 0.24023438
vt 0.12963867 0.36157227
vt 0.49731445 0.44702148
vt 0.66406250 0.54199219
vt 0.89550781 0.77441406
vt 0.64428711 0.19335938
vt 0.33374023 0.83203125
vt 0.14282227 0.39794922
vt 0.13916016 0.38403320
vt 0.72900391 0.57421875
vt 0.35717773 0.68896484
vt 0.99218750 0.43823242
vt 0.33886719 0.77685547
vt 0.74047852 0.58251953
vt 0.01806641 0.08129883
vt 0.35449219 0.69165039
vt 0.14453125 0.39941406
vt 0.86914062 0.61425781
vt 0.14160156 0.39501953
vt 0.48730469 0.29541016
vt 0.28735352 0.37500000
vt 0.14721680 0.39208984
vt 0.24536133 0.15576172
vt 0.28588867 0.36914062
vt 0.02026367 0.05664062
vt 0.71313477 0.57763672
vt 0.35156250 0.69506836
vt 0.88647461 0.31762695
vt 0.90356445 0.29321289
vt 0.88061523 0.92480469
vt 0.87011719 0.62402344
vt 0.58227539 0.44580078
vt 0.72485352 0.58349609
vt 0.91406250 0.83813477
vt 0.35668945 0.69067383
vt 0.43676758 0.74658203
vt 0.34863281 0.68872070
vt 0.52270508 0.24072266
vt 0.14477539 0.40258789
vt 0.36791992 0.36401367
vt 0.28857422 0.37133789
vt 0.72241211 0.58325195
vt 0.39550781 0.13549805
vt 0.34008789 0.05444336
vt 0.36254883 0.32910156
vt 0.01928711 0.05590820
vt 0.05151367 0.01733398
vt 0.74877930 0.56591797
vt 0.87158203 0.62524414
vt 0.89965820 0.29541016
vt 0.88818359 0.31640625
vt 0.89355469 0.31494141
vt 0.13720703 0.38159180
vt 0.49804688 0.96411133
vt 0.28833008 0.36791992
vt 0.13647461 0.37963867
vt 0.12841797 0.35766602
vt 0.48559570 0.83374023
vt 0.12792969 0.35668945
vt 0.66186523 0.54150391
vt 0.02270508 0.08007812
vt 0.88281250 0.96630859
vt 0.71997070 0.58227539
vt 0.87695312 0.65307617
vt 0.15063477 0.39892578
vt 0.24511719 0.15600586
vt 0.09594727 0.44506836
vt 0.69628906 0.55761719
vt 0.06079102 0.40185547
vt 0.33203125 0.34960938
vt 0.70336914 0.57763672
vt 0.70410156 0.57836914
vt 0.51147461 0.50439453
vt 0.69799805 0.57031250
vt 0.81152344 0.20947266
vt 0.87304688 0.62133789
vt 0.89062500 0.31933594
vt 0.89672852 0.31152344
vt 0.86987305 0.89404297
vt 0.66674805 0.42578125
vt 0.29565430 0.84545898
vt 0.02734375 0.07641602
vt 0.14160156 0.38525391
vt 0.12915039 0.35742188
vt 0.14331055 0.39233398
vt 0.68798828 0.56518555
vt 0.12890625 0.35644531
vt 0.68603516 0.56469727
vt 0.13037109 0.35571289
vt 0.03100586 0.07592773
vt 0.17626953 0.70092773
vt 0.03491211 0.07568359
vt 0.72314453 0.58056641
vt 0.08251953 0.42480469
vt 0.09545898 0.44458008
vt 0.28955078 0.35375977
vt 0.50146484 0.79956055
vt 0.31152344 0.76708984
vt 0.99658203 0.43627930
vt 0.99487305 0.43896484
vt 0.30468750 0.26269531
vt 0.88867188 0.92871094
vt 0.88427734 0.92285156
vt 0.90039062 0.29858398
vt 0.75683594 0.06518555
vt 0.13281250 0.36572266
vt 0.89575195 0.30517578
vt 0.89404297 0.30932617
vt 0.89135742 0.31567383
vt 0.57666016 0.44262695
vt 0.13500977 0.37133789
vt 0.13549805 0.37231445
vt 0.14355469 0.38793945
vt 0.87329102 0.62255859
vt 0.13769531 0.37817383
vt 0.66357422 0.54028320
vt 0.88476562 0.94213867
vt 0.68774414 0.56298828
vt 0.68505859 0.56274414
vt 0.14843750 0.39062500
vt 0.01782227 0.07934570
vt 0.66308594 0.52636719
vt 0.48388672 0.84204102
vt 0.80346680 0.15136719
vt 0.45507812 0.07324219
vt 0.09204102 0.36450195
vt 0.48583984 0.84155273
vt 0.50903320 0.50292969
vt 0.94702148 0.21118164
vt 0.31835938 0.25244141
vt 0.75537109 0.06542969
vt 0.57885742 0.44409180
vt 0.50561523 0.50317383
vt 0.57983398 0.44531250
vt 0.30346680 0.18725586
vt 0.57543945 0.44580078
vt 0.45385742 0.07470703
vt 0.29248047 0.36401367
vt 0.44946289 0.07373047
vt 0.13793945 0.36914062
vt 0.66601562 0.49707031
vt 0.90039062 0.29394531
vt 0.89941406 0.29638672
vt 0.89135742 0.31762695
vt 0.90502930 0.30810547
vt 0.32470703 0.81250000
vt 0.43359375 0.06079102
vt 0.13061523 0.35327148
vt 0.29174805 0.35278320
vt 0.33911133 0.72241211
vt 0.48413086 0.83984375
vt 0.71264648 0.03881836
vt 0.33300781 0.75927734
vt 0.70092773 0.57446289
vt 0.50805664 0.50268555
vt 0.34716797 0.12133789
vt 0.45629883 0.07568359
vt 0.88500977 0.68090820
vt 0.80737305 0.54760742
vt 0.01831055 0.57666016
vt 0.46337891 0.26293945
vt 0.29443359 0.07446289
vt 0.96386719 0.75781250
vt 0.02929688 0.07519531
vt 0.88598633 0.92846680
vt 0.88256836 0.88476562
vt 0.48242188 0.83886719
vt 0.90844727 0.83789062
vt 0.13427734 0.36401367
vt 0.13574219 0.36254883
vt 0.87670898 0.62744141
vt 0.13647461 0.35986328
vt 0.90209961 0.29443359
vt 0.90136719 0.29809570
vt 0.89160156 0.31689453
vt 0.13232422 0.35839844
vt 0.89746094 0.30322266
vt 0.89965820 0.30224609
vt 0.89599609 0.30639648
vt 0.88110352 0.64794922
vt 0.66186523 0.53784180
vt 0.47851562 0.84399414
vt 0.13305664 0.35473633
vt 0.88134766 0.65161133
vt 0.66455078 0.53759766
vt 0.66406250 0.53833008
vt 0.14599609 0.37500000
vt 0.15014648 0.39916992
vt 0.14819336 0.39721680
vt 0.79394531 0.56274414
vt 0.79492188 0.56054688
vt 0.48437500 0.84057617
vt 0.73681641 0.57250977
vt 0.10253906 0.45288086
vt 0.10546875 0.46020508
vt 0.47729492 0.53710938
vt 0.03149414 0.07470703
vt 0.29663086 0.37451172
vt 0.57788086 0.44506836
vt 0.60986328 0.00610352
vt 0.50170898 0.49755859
vt 0.54614258 0.80004883
vt 0.49047852 0.53198242
vt 0.96777344 0.44018555
vt 0.09667969 0.19116211
vt 0.99194336 0.44482422
vt 0.59155273 0.10571289
vt 0.88256836 0.88476562
vt 0.47558594 0.82958984
vt 0.90209961 0.29638672
vt 0.89892578 0.30175781
vt 0.47607422 0.83007812
vt 0.80371094 0.55615234
vt 0.14599609 0.38916016
vt 0.71362305 0.57006836
vt 0.13720703 0.36718750
vt 0.66259766 0.53808594
vt 0.14941406 0.39013672
vt 0.15380859 0.39184570
vt 0.57641602 0.44580078
vt 0.66674805 0.53930664
vt 0.68920898 0.55761719
vt 0.79663086 0.54663086
vt 0.13964844 0.36865234
vt 0.16503906 0.42846680
vt 0.84106445 0.79492188
vt 0.34619141 0.68872070
vt 0.44140625 0.07177734
vt 0.48168945 0.84594727
vt 0.45507812 0.07324219
vt 0.48559570 0.84814453
vt 0.48608398 0.84960938
vt 0.48437500 0.85375977
vt 0.59497070 0.00341797
vt 0.92041016 0.23046875
vt 0.13452148 0.34326172
vt 0.17504883 0.17285156
vt 0.97167969 0.38476562
vt 0.92041016 0.23046875
vt 0.33544922 0.72045898
vt 0.90283203 0.29492188
vt 0.89453125 0.31909180
vt 0.90112305 0.30371094
vt 0.90234375 0.30053711
vt 0.79663086 0.55639648
vt 0.78076172 0.56640625
vt 0.66308594 0.53735352
vt 0.79956055 0.55493164
vt 0.66674805 0.53808594
vt 0.13256836 0.35375977
vt 0.78247070 0.55200195
vt 0.43798828 0.07202148
vt 0.79418945 0.55932617
vt 0.13452148 0.35644531
vt 0.16381836 0.39965820
vt 0.14038086 0.35961914
vt 0.77294922 0.57202148
vt 0.99365234 0.84838867
vt 0.78613281 0.55517578
vt 0.21533203 0.29858398
vt 0.49609375 0.48974609
vt 0.77783203 0.56787109
vt 0.16015625 0.14428711
vt 0.16552734 0.42822266
vt 0.55078125 0.02783203
vt 0.73413086 0.57324219
vt 0.13330078 0.32739258
vt 0.32739258 0.75854492
vt 0.16162109 0.17187500
vt 0.99047852 0.44238281
vt 0.59130859 0.02124023
vt 0.59130859 0.02124023
vt 0.99829102 0.88232422
vt 0.47998047 0.83935547
vt 0.32788086 0.75927734
vt 0.69946289 0.55053711
vt 0.60375977 0.08886719
vt 0.14794922 0.38940430
vt 0.80029297 0.55615234
vt 0.90185547 0.29931641
vt 0.90063477 0.30444336
vt 0.09619141 0.45361328
vt 0.13574219 0.35693359
vt 0.48144531 0.84521484
vt 0.14453125 0.38085938
vt 0.14428711 0.37573242
vt 0.14086914 0.37158203
vt 0.79565430 0.55859375
vt 0.79174805 0.55883789
vt 0.68261719 0.55371094
vt 0.79418945 0.55932617
vt 0.68481445 0.55688477
vt 0.44042969 0.07177734
vt 0.15234375 0.39770508
vt 0.47558594 0.43505859
vt 0.17700195 0.40332031
vt 0.25830078 0.06372070
vt 0.73486328 0.57421875
vt 0.91625977 0.62084961
vt 0.48364258 0.84838867
vt 0.53417969 0.98364258
vt 0.14794922 0.07421875
vt 0.04638672 0.40185547
vt 0.95629883 0.19384766
vt 0.47460938 0.98266602
vt 0.48266602 0.85620117
vt 0.57104492 0.45263672
vt 0.16748047 0.42822266
vt 0.16723633 0.42529297
vt 0.03051758 0.07421875
vt 0.99438477 0.44604492
vt 0.17968750 0.17480469
vt 0.18798828 0.17626953
vt 0.32910156 0.72094727
vt 0.25781250 0.06250000
vt 0.92504883 0.42895508
vt 0.77563477 0.41381836
vt 0.71875000 0.57446289
vt 0.30517578 0.07177734
vt 0.18286133 0.19116211
vt 0.66943359 0.53662109
vt 0.48120117 0.84448242
vt 0.90600586 0.29443359
vt 0.14526367 0.38281250
vt 0.90161133 0.30200195
vt 0.14111328 0.37255859
vt 0.14819336 0.38720703
vt 0.40283203 0.22460938
vt 0.79589844 0.55664062
vt 0.79492188 0.55737305
vt 0.68212891 0.54833984
vt 0.66894531 0.53881836
vt 0.86962891 0.85107422
vt 0.44848633 0.97998047
vt 0.77709961 0.56665039
vt 0.48242188 0.85302734
vt 0.30346680 0.32592773
vt 0.08813477 0.45019531
vt 0.63159180 0.09106445
vt 0.31567383 0.83593750
vt 0.48193359 0.85009766
vt 0.72656250 0.57421875
vt 0.33129883 0.71826172
vt 0.96997070 0.32568359
vt 0.62963867 0.09643555
vt 0.11425781 0.09960938
vt 0.08984375 0.45385742
vt 0.78833008 0.55737305
vt 0.74926758 0.34619141
vt 0.97827148 0.23339844
vt 0.25854492 0.06518555
vt 0.21630859 0.25390625
vt 0.13256836 0.34228516
vt 0.13256836 0.34033203
vt 0.91699219 0.65332031
vt 0.47387695 0.84033203
vt 0.47851562 0.84130859
vt 0.47875977 0.84204102
vt 0.16699219 0.18530273
vt 0.98925781 0.44873047
vt 0.78955078 0.55200195
vt 0.78271484 0.55688477
vt 0.72753906 0.57324219
vt 0.77856445 0.55908203
vt 0.40332031 0.22338867
vt 0.14697266 0.38012695
vt 0.90502930 0.29687500
vt 0.90478516 0.30151367
vt 0.14770508 0.38623047
vt 0.90209961 0.30322266
vt 0.40429688 0.22314453
vt 0.14941406 0.38793945
vt 0.14428711 0.36572266
vt 0.95751953 0.20532227
vt 0.47729492 0.85693359
vt 0.15356445 0.38867188
vt 0.15502930 0.39233398
vt 0.53198242 0.98315430
vt 0.18847656 0.19189453
vt 0.58911133 0.04394531
vt 0.48120117 0.85766602
vt 0.72021484 0.56811523
vt 0.47119141 0.97900391
vt 0.32958984 0.71801758
vt 0.89331055 0.23168945
vt 0.10522461 0.50634766
vt 0.27099609 0.06835938
vt 0.31347656 0.80566406
vt 0.97949219 0.23364258
vt 0.73437500 0.57250977
vt 0.57836914 0.45214844
vt 0.47485352 0.83984375
vt 0.79492188 0.55395508
vt 0.48046875 0.84912109
vt 0.63232422 0.01928711
vt 0.79272461 0.55004883
vt 0.79174805 0.55566406
vt 0.63134766 0.01953125
vt 0.47631836 0.85888672
vt 0.31176758 0.80541992
vt 0.16821289 0.42675781
vt 0.31445312 0.79443359
vt 0.16967773 0.42578125
vt 0.90625000 0.29833984
vt 0.91455078 0.31225586
vt 0.91186523 0.32348633
vt 0.68408203 0.55273438
vt 0.14404297 0.37255859
vt 0.15307617 0.38989258
vt 0.77368164 0.55664062
vt 0.19042969 0.18603516
vt 0.14111328 0.35375977
vt 0.72021484 0.56811523
vt 0.33154297 0.71679688
vt 0.32910156 0.72094727
vt 0.59228516 0.09033203
vt 0.78320312 0.55957031
vt 0.13452148 0.34326172
vt 0.31542969 0.77441406
vt 0.57763672 0.45214844
vt 0.79736328 0.55126953
vt 0.15161133 0.30444336
vt 0.58935547 0.08618164
vt 0.93627930 0.37304688
vt 0.92773438 0.22290039
vt 0.46044922 0.69213867
vt 0.56909180 0.45239258
vt 0.90112305 0.21508789
vt 0.47924805 0.85449219
vt 0.47753906 0.84814453
vt 0.47680664 0.84326172
vt 0.57666016 0.45214844
vt 0.57470703 0.45141602
vt 0.47729492 0.85693359
vt 0.78271484 0.55688477
vt 0.47558594 0.84667969
vt 0.47631836 0.84790039
vt 0.62524414 0.08911133
vt 0.66943359 0.53393555
vt 0.66601562 0.53247070
vt 0.15014648 0.37573242
vt 0.31176758 0.80688477
vt 0.68554688 0.55200195
vt 0.15478516 0.39672852
vt 0.90087891 0.31127930
vt 0.67944336 0.54418945
vt 0.96215820 0.20288086
vt 0.81127930 0.15942383
vt 0.97314453 0.33520508
vt 0.90747070 0.79638672
vt 0.13867188 0.34887695
vt 0.96606445 0.66503906
vt 0.47192383 0.98022461
vt 0.09448242 0.45996094
vt 0.87133789 0.88354492
vt 0.89013672 0.84912109
vt 0.02001953 0.58154297
vt 0.60302734 0.09448242
vt 0.44506836 0.99243164
vt 0.72265625 0.57055664
vt 0.83618164 0.64794922
vt 0.92285156 0.36938477
vt 0.18920898 0.13452148
vt 0.86328125 0.87890625
vt 0.56494141 0.45214844
vt 0.17333984 0.42456055
vt 0.57104492 0.45263672
vt 0.56054688 0.45117188
vt 0.56298828 0.45068359
vt 0.56811523 0.45166016
vt 0.57788086 0.45703125
vt 0.77661133 0.55859375
vt 0.77465820 0.55444336
vt 0.48461914 0.53784180
vt 0.47338867 0.27416992
vt 0.90185547 0.18652344
vt 0.66821289 0.53198242
vt 0.15014648 0.38549805
vt 0.90307617 0.31030273
vt 0.53857422 0.77392578
vt 0.15063477 0.38647461
vt 0.64355469 0.02172852
vt 0.15625000 0.39819336
vt 0.76684570 0.56005859
vt 0.89428711 0.68164062
vt 0.14013672 0.35668945
vt 0.14550781 0.35864258
vt 0.14111328 0.35937500
vt 0.93554688 0.75830078
vt 0.16992188 0.42285156
vt 0.62329102 0.02465820
vt 0.88964844 0.85009766
vt 0.64160156 0.00146484
vt 0.61572266 0.09179688
vt 0.21606445 0.29663086
vt 0.44140625 0.97778320
vt 0.92919922 0.17993164
vt 0.10205078 0.06127930
vt 0.56591797 0.45214844
vt 0.26806641 0.11401367
vt 0.08886719 0.07958984
vt 0.78784180 0.55273438
vt 0.44116211 0.97241211
vt 0.44189453 0.41357422
vt 0.47167969 0.84350586
vt 0.47729492 0.85839844
vt 0.30859375 0.82031250
vt 0.16748047 0.41918945
vt 0.59545898 0.21313477
vt 0.14282227 0.35302734
vt 0.77246094 0.56079102
vt 0.90332031 0.30957031
vt 0.90332031 0.31225586
vt 0.16748047 0.42114258
vt 0.15722656 0.40039062
vt 0.88549805 0.85522461
vt 0.79589844 0.19775391
vt 0.31250000 0.78027344
vt 0.15332031 0.39062500
vt 0.63793945 0.02172852
vt 0.63916016 0.02050781
vt 0.31323242 0.77709961
vt 0.30859375 0.77392578
vt 0.71069336 0.56860352
vt 0.87792969 0.78540039
vt 0.87744141 0.78759766
vt 0.61083984 0.00610352
vt 0.56933594 0.45263672
vt 0.04321289 0.41088867
vt 0.34521484 0.06811523
vt 0.62597656 0.09472656
vt 0.60473633 0.12597656
vt 0.31323242 0.77514648
vt 0.62939453 0.10253906
vt 0.60864258 0.09472656
vt 0.78295898 0.39868164
vt 0.70654297 0.56640625
vt 0.61157227 0.09130859
vt 0.61840820 0.09350586
vt 0.88745117 0.20849609
vt 0.62451172 0.02514648
vt 0.14477539 0.35668945
vt 0.61035156 0.11645508
vt 0.08666992 0.07617188
vt 0.77587891 0.55712891
vt 0.77978516 0.40087891
vt 0.08300781 0.07470703
vt 0.87744141 0.86572266
vt 0.62109375 0.19506836
vt 0.47509766 0.85717773
vt 0.14160156 0.35693359
vt 0.88989258 0.23193359
vt 0.91015625 0.29809570
vt 0.91040039 0.29711914
vt 0.30175781 0.81176758
vt 0.68603516 0.54833984
vt 0.90527344 0.30932617
vt 0.30590820 0.79614258
vt 0.15649414 0.39599609
vt 0.75976562 0.53295898
vt 0.67211914 0.53247070
vt 0.68774414 0.54345703
vt 0.72583008 0.40209961
vt 0.30615234 0.79443359
vt 0.76586914 0.55712891
vt 0.68017578 0.54077148
vt 0.13940430 0.35107422
vt 0.44042969 0.97900391
vt 0.71240234 0.56787109
vt 0.10595703 0.06176758
vt 0.10717773 0.47387695
vt 0.79516602 0.33984375
vt 0.75708008 0.39624023
vt 0.89038086 0.23046875
vt 0.89111328 0.22998047
vt 0.09033203 0.08374023
vt 0.61352539 0.09741211
vt 0.37451172 0.05273438
vt 0.10400391 0.19213867
vt 0.61694336 0.09448242
vt 0.61938477 0.09497070
vt 0.16333008 0.38696289
vt 0.56542969 0.45312500
vt 0.79760742 0.36059570
vt 0.46020508 0.84350586
vt 0.97949219 0.35009766
vt 0.08789062 0.08081055
vt 0.47094727 0.84497070
vt 0.47338867 0.84692383
vt 0.47290039 0.84887695
vt 0.47241211 0.85546875
vt 0.90991211 0.29882812
vt 0.17456055 0.42504883
vt 0.60620117 0.02124023
vt 0.68530273 0.54785156
vt 0.15405273 0.38061523
vt 0.17285156 0.42407227
vt 0.68286133 0.54492188
vt 0.82177734 0.88940430
vt 0.79467773 0.34252930
vt 0.14599609 0.35961914
vt 0.31103516 0.77319336
vt 0.68237305 0.54174805
vt 0.67895508 0.53662109
vt 0.67895508 0.53222656
vt 0.67968750 0.53588867
vt 0.30615234 0.84252930
vt 0.14746094 0.35009766
vt 0.56225586 0.79809570
vt 0.45947266 0.15820312
vt 0.32275391 0.71899414
vt 0.07421875 0.04052734
vt 0.72338867 0.56591797
vt 0.15917969 0.39306641
vt 0.83520508 0.60107422
vt 0.60375977 0.02514648
vt 0.35009766 0.08813477
vt 0.60742188 0.09472656
vt 0.89135742 0.21142578
vt 0.49389648 0.52172852
vt 0.08544922 0.07983398
vt 0.64306641 0.01879883
vt 0.47070312 0.85327148
vt 0.88476562 0.84692383
vt 0.47192383 0.85937500
vt 0.14892578 0.37060547
vt 0.14355469 0.35815430
vt 0.91455078 0.29882812
vt 0.90576172 0.31054688
vt 0.16308594 0.40698242
vt 0.17285156 0.42407227
vt 0.91088867 0.29833984
vt 0.15234375 0.38134766
vt 0.68286133 0.54370117
vt 0.16430664 0.38208008
vt 0.67749023 0.51538086
vt 0.68334961 0.53833008
vt 0.59277344 0.09155273
vt 0.77661133 0.40356445
vt 0.68237305 0.54028320
vt 0.00146484 0.06762695
vt 0.84765625 0.68603516
vt 0.89624023 0.18798828
vt 0.62744141 0.10253906
vt 0.00097656 0.06640625
vt 0.19824219 0.02343750
vt 0.78979492 0.32470703
vt 0.78491211 0.32666016
vt 0.62670898 0.09887695
vt 0.41528320 0.55102539
vt 0.44287109 0.84887695
vt 0.47021484 0.84619141
vt 0.59985352 0.47875977
vt 0.17309570 0.42285156
vt 0.17553711 0.41967773
vt 0.17651367 0.42309570
vt 0.47290039 0.85278320
vt 0.47192383 0.85351562
vt 0.47290039 0.85888672
vt 0.46875000 0.85180664
vt 0.14794922 0.36328125
vt 0.59375000 0.09521484
vt 0.67114258 0.52758789
vt 0.90747070 0.31127930
vt 0.14477539 0.35351562
vt 0.15209961 0.37817383
vt 0.68823242 0.54809570
vt 0.29663086 0.22119141
vt 0.68920898 0.54199219
vt 0.77734375 0.39892578
vt 0.68408203 0.54223633
vt 0.78955078 0.33325195
vt 0.59814453 0.21069336
vt 0.96435547 0.75683594
vt 0.98925781 0.56225586
vt 0.86889648 0.84936523
vt 0.79003906 0.31762695
vt 0.96508789 0.79125977
vt 0.43212891 0.99023438
vt 0.03149414 0.40625000
vt 0.11279297 0.13012695
vt 0.28881836 0.09252930
vt 0.53295898 0.77221680
vt 0.34326172 0.03662109
vt 0.53002930 0.79663086
vt 0.46704102 0.85034180
vt 0.46630859 0.84912109
vt 0.67260742 0.53002930
vt 0.15356445 0.36987305
vt 0.29931641 0.83300781
vt 0.90673828 0.31762695
vt 0.15209961 0.37597656
vt 0.15185547 0.37280273
vt 0.30957031 0.76049805
vt 0.36132812 0.22338867
vt 0.15722656 0.38378906
vt 0.15576172 0.38452148
vt 0.67724609 0.53198242
vt 0.96557617 0.79248047
vt 0.68090820 0.53881836
vt 0.68188477 0.53979492
vt 0.84472656 0.68310547
vt 0.83203125 0.37939453
vt 0.89550781 0.18945312
vt 0.33813477 0.05444336
vt 0.78710938 0.32690430
vt 0.44506836 0.43994141
vt 0.44604492 0.16015625
vt 0.06738281 0.07299805
vt 0.29370117 0.21386719
vt 0.17382812 0.41845703
vt 0.17504883 0.42089844
vt 0.95019531 0.76757812
vt 0.46606445 0.84838867
vt 0.78662109 0.31372070
vt 0.47167969 0.85815430
vt 0.46752930 0.86181641
vt 0.36376953 0.22119141
vt 0.14794922 0.35766602
vt 0.16235352 0.39379883
vt 0.29858398 0.84619141
vt 0.14843750 0.35620117
vt 0.38525391 0.36206055
vt 0.68212891 0.53857422
vt 0.14648438 0.35595703
vt 0.72900391 0.03955078
vt 0.66723633 0.52441406
vt 0.96679688 0.66430664
vt 0.66723633 0.52319336
vt 0.82958984 0.94311523
vt 0.43237305 0.97778320
vt 0.71582031 0.02270508
vt 0.36572266 0.02734375
vt 0.29223633 0.21313477
vt 0.60815430 0.00854492
vt 0.93261719 0.81665039
vt 0.67846680 0.52075195
vt 0.90942383 0.31298828
vt 0.40185547 0.34033203
vt 0.54882812 0.79443359
vt 0.70166016 0.53710938
vt 0.15429688 0.37182617
vt 0.78540039 0.32250977
vt 0.78662109 0.32250977
vt 0.67749023 0.52514648
vt 0.68432617 0.53955078
vt 0.26049805 0.80395508
vt 0.95849609 0.59912109
vt 0.78710938 0.34667969
vt 0.16430664 0.39843750
vt 0.42260742 0.32202148
vt 0.57666016 0.77246094
vt 0.78344727 0.31762695
vt 0.78466797 0.32226562
vt 0.54003906 0.77392578
vt 0.83105469 0.87133789
vt 0.83203125 0.87036133
vt 0.83398438 0.87133789
vt 0.83496094 0.88037109
vt 0.54248047 0.79687500
vt 0.83325195 0.86962891
vt 0.40698242 0.33447266
vt 0.78564453 0.32373047
vt 0.15039062 0.30249023
vt 0.78540039 0.34179688
vt 0.78442383 0.32104492
vt 0.17553711 0.12500000
vt 0.17578125 0.12744141
vt 0.15209961 0.30908203
vt 0.17871094 0.42480469
vt 0.15185547 0.30249023
vt 0.60937500 0.01684570
vt 0.36694336 0.21777344
vt 0.91064453 0.31738281
vt 0.29467773 0.84521484
vt 0.90844727 0.31542969
vt 0.91088867 0.32128906
vt 0.78515625 0.33984375
vt 0.38159180 0.38403320
vt 0.68798828 0.53637695
vt 0.96020508 0.59667969
vt 0.14672852 0.35375977
vt 0.30664062 0.74658203
vt 0.68432617 0.53808594
vt 0.67846680 0.53173828
vt 0.15991211 0.36938477
vt 0.68530273 0.53710938
vt 0.54541016 0.79882812
vt 0.95971680 0.65136719
vt 0.78344727 0.20971680
vt 0.43896484 0.68310547
vt 0.95898438 0.65258789
vt 0.75976562 0.53930664
vt 0.17529297 0.12573242
vt 0.72924805 0.55957031
vt 0.19921875 0.02490234
vt 0.72827148 0.03637695
vt 0.92993164 0.42236328
vt 0.46752930 0.48730469
vt 0.05346680 0.28759766
vt 0.54443359 0.77197266
vt 0.94628906 0.79858398
vt 0.17895508 0.12768555
vt 0.46264648 0.84960938
vt 0.21582031 0.40332031
vt 0.45971680 0.85522461
vt 0.91259766 0.31250000
vt 0.90966797 0.31494141
vt 0.69018555 0.54345703
vt 0.98071289 0.60327148
vt 0.16845703 0.39648438
vt 0.15161133 0.36279297
vt 0.15356445 0.36547852
vt 0.55224609 0.79809570
vt 0.55151367 0.79980469
vt 0.14990234 0.35473633
vt 0.14746094 0.35327148
vt 0.14721680 0.35229492
vt 0.78100586 0.20922852
vt 0.15527344 0.30200195
vt 0.10620117 0.48706055
vt 0.15234375 0.30175781
vt 0.40991211 0.34301758
vt 0.17749023 0.41943359
vt 0.55517578 0.79809570
vt 0.68774414 0.53320312
vt 0.15527344 0.30200195
vt 0.15332031 0.30615234
vt 0.46362305 0.85937500
vt 0.45800781 0.84643555
vt 0.18139648 0.42163086
vt 0.87207031 0.99755859
vt 0.10400391 0.61499023
vt 0.46606445 0.85473633
vt 0.91357422 0.31274414
vt 0.69091797 0.54272461
vt 0.46459961 0.85107422
vt 0.68139648 0.53051758
vt 0.67871094 0.52783203
vt 0.36938477 0.39868164
vt 0.22705078 0.82348633
vt 0.56127930 0.79907227
vt 0.55859375 0.79956055
vt 0.26953125 0.23730469
vt 0.98632812 0.60473633
vt 0.69067383 0.53369141
vt 0.54858398 0.77221680
vt 0.86401367 0.84375000
vt 0.57080078 0.77172852
vt 0.41113281 0.33447266
vt 0.46606445 0.86108398
vt 0.41748047 0.40258789
vt 0.17895508 0.12573242
vt 0.15283203 0.30468750
vt 0.55590820 0.77246094
vt 0.33691406 0.38183594
vt 0.91796875 0.81420898
vt 0.14648438 0.33398438
vt 0.44091797 0.67285156
vt 0.15478516 0.36816406
vt 0.17797852 0.41821289
vt 0.91186523 0.32080078
vt 0.69042969 0.54077148
vt 0.15112305 0.35864258
vt 0.16772461 0.39965820
vt 0.16748047 0.39892578
vt 0.46533203 0.85620117
vt 0.69262695 0.53613281
vt 0.69140625 0.54199219
vt 0.16967773 0.39477539
vt 0.41650391 0.40185547
vt 0.62524414 0.79541016
vt 0.15234375 0.35375977
vt 0.46337891 0.86376953
vt 0.83715820 0.87158203
vt 0.59057617 0.77246094
vt 0.56005859 0.79956055
vt 0.45996094 0.85253906
vt 0.83593750 0.86669922
vt 0.83886719 0.87109375
vt 0.15405273 0.30468750
vt 0.29345703 0.02758789
vt 0.59375000 0.16918945
vt 0.14916992 0.31787109
vt 0.30200195 0.23364258
vt 0.86596680 0.99121094
vt 0.75317383 0.54760742
vt 0.37182617 0.67333984
vt 0.42211914 0.37255859
vt 0.29248047 0.02612305
vt 0.15576172 0.36108398
vt 0.91186523 0.31884766
vt 0.28686523 0.81054688
vt 0.16064453 0.38037109
vt 0.16186523 0.38085938
vt 0.42333984 0.37084961
vt 0.16870117 0.39941406
vt 0.46435547 0.85864258
vt 0.67846680 0.52612305
vt 0.16918945 0.39819336
vt 0.15112305 0.35522461
vt 0.16870117 0.38574219
vt 0.16381836 0.38793945
vt 0.18041992 0.42016602
vt 0.68237305 0.53027344
vt 0.15795898 0.32739258
vt 0.14843750 0.32373047
vt 0.14794922 0.33618164
vt 0.14794922 0.32641602
vt 0.29248047 0.02612305
vt 0.29248047 0.02612305
vt 0.29248047 0.02636719
vt 0.42553711 0.35595703
vt 0.29248047 0.02709961
vt 0.71655273 0.55297852
vt 0.41650391 0.17797852
vt 0.84033203 0.86962891
vt 0.10375977 0.60058594
vt 0.83984375 0.86621094
vt 0.59570312 0.16674805
vt 0.45800781 0.16284180
vt 0.33764648 0.38281250
vt 0.09130859 0.56420898
vt 0.33789062 0.38354492
vt 0.33764648 0.38354492
vt 0.42236328 0.34521484
vt 0.42285156 0.18945312
vt 0.60449219 0.77368164
vt 0.59790039 0.16235352
vt 0.59301758 0.16552734
vt 0.18994141 0.13476562
vt 0.43579102 0.85473633
vt 0.87109375 0.99389648
vt 0.91821289 0.65356445
vt 0.16259766 0.34619141
vt 0.87255859 0.91918945
vt 0.42480469 0.32592773
vt 0.91528320 0.32226562
vt 0.15747070 0.36816406
vt 0.15600586 0.36450195
vt 0.46044922 0.85400391
vt 0.16455078 0.38745117
vt 0.90942383 0.32421875
vt 0.17358398 0.38354492
vt 0.45996094 0.86450195
vt 0.17968750 0.40014648
vt 0.46289062 0.85668945
vt 0.45849609 0.85888672
vt 0.46337891 0.85791016
vt 0.15209961 0.35595703
vt 0.67895508 0.52124023
vt 0.18286133 0.41674805
vt 0.30493164 0.70385742
vt 0.34936523 0.35961914
vt 0.03491211 0.65869141
vt 0.59545898 0.16381836
vt 0.56079102 0.19116211
vt 0.42480469 0.33520508
vt 0.75610352 0.39599609
vt 0.59350586 0.16113281
vt 0.06811523 0.29687500
vt 0.15625000 0.30395508
vt 0.26220703 0.21411133
vt 0.45532227 0.84667969
vt 0.15527344 0.30932617
vt 0.85644531 0.99121094
vt 0.72314453 0.55322266
vt 0.72387695 0.55224609
vt 0.15795898 0.30932617
vt 0.47729492 0.53027344
vt 0.74853516 0.54101562
vt 0.47631836 0.52807617
vt 0.73046875 0.29736328
vt 0.16406250 0.37670898
vt 0.16503906 0.38623047
vt 0.15747070 0.36816406
vt 0.16259766 0.38061523
vt 0.91455078 0.32373047
vt 0.46191406 0.85766602
vt 0.73535156 0.55273438
vt 0.72778320 0.55029297
vt 0.15307617 0.35327148
vt 0.15209961 0.35034180
vt 0.42211914 0.18823242
vt 0.91943359 0.81420898
vt 0.72363281 0.55004883
vt 0.85693359 0.99145508
vt 0.85693359 0.99145508
vt 0.84570312 0.86669922
vt 0.42529297 0.34204102
vt 0.55004883 0.02709961
vt 0.72656250 0.55224609
vt 0.59106445 0.16284180
vt 0.73535156 0.55200195
vt 0.73461914 0.55053711
vt 0.73535156 0.55053711
vt 0.92041016 0.81347656
vt 0.55297852 0.20043945
vt 0.42431641 0.33349609
vt 0.46166992 0.86230469
vt 0.86083984 0.98876953
vt 0.71557617 0.55224609
vt 0.36523438 0.20898438
vt 0.77099609 0.50415039
vt 0.44116211 0.87182617
vt 0.16015625 0.30224609
vt 0.25756836 0.21435547
vt 0.45458984 0.84765625
vt 0.73388672 0.33959961
vt 0.55786133 0.19189453
vt 0.47509766 0.52246094
vt 0.62255859 0.77368164
vt 0.15551758 0.30859375
vt 0.15673828 0.30786133
vt 0.15795898 0.30493164
vt 0.92260742 0.31372070
vt 0.28564453 0.78466797
vt 0.16381836 0.36230469
vt 0.18457031 0.41992188
vt 0.69140625 0.53149414
vt 0.68139648 0.52368164
vt 0.46069336 0.85766602
vt 0.68554688 0.52783203
vt 0.17138672 0.39404297
vt 0.19506836 0.02539062
vt 0.55639648 0.19262695
vt 0.74609375 0.53613281
vt 0.55541992 0.19360352
vt 0.72436523 0.54663086
vt 0.51171875 0.18676758
vt 0.53833008 0.15576172
vt 0.54638672 0.19091797
vt 0.60351562 0.77319336
vt 0.57104492 0.17333984
vt 0.92333984 0.81127930
vt 0.19506836 0.02636719
vt 0.29223633 0.22875977
vt 0.92260742 0.81103516
vt 0.92260742 0.81103516
vt 0.76464844 0.36914062
vt 0.16088867 0.30224609
vt 0.86572266 0.99023438
vt 0.15722656 0.30712891
vt 0.00781250 0.24584961
vt 0.91748047 0.31445312
vt 0.18603516 0.42260742
vt 0.27148438 0.78613281
vt 0.45898438 0.86523438
vt 0.16479492 0.37402344
vt 0.91479492 0.32104492
vt 0.16894531 0.39086914
vt 0.16284180 0.36718750
vt 0.17504883 0.39721680
vt 0.16137695 0.36328125
vt 0.86474609 0.98974609
vt 0.17138672 0.39599609
vt 0.17187500 0.39477539
vt 0.45996094 0.85937500
vt 0.15820312 0.35693359
vt 0.45581055 0.86181641
vt 0.15405273 0.35302734
vt 0.46484375 0.17285156
vt 0.18676758 0.41601562
vt 0.86352539 0.98999023
vt 0.86303711 0.99023438
vt 0.25244141 0.74707031
vt 0.91870117 0.81298828
vt 0.36791992 0.36865234
vt 0.28564453 0.78100586
vt 0.73803711 0.19165039
vt 0.28491211 0.78295898
vt 0.28442383 0.78222656
vt 0.46533203 0.17382812
vt 0.57421875 0.14379883
vt 0.62524414 0.77368164
vt 0.58813477 0.15600586
vt 0.28491211 0.77905273
vt 0.44775391 0.86010742
vt 0.89038086 0.25219727
vt 0.93066406 0.31640625
vt 0.91601562 0.31762695
vt 0.91552734 0.31933594
vt 0.17016602 0.39135742
vt 0.17065430 0.39013672
vt 0.91357422 0.32348633
vt 0.91333008 0.32421875
vt 0.91308594 0.32495117
vt 0.18579102 0.42016602
vt 0.16040039 0.36596680
vt 0.17065430 0.38354492
vt 0.17187500 0.39282227
vt 0.17260742 0.39648438
vt 0.45922852 0.86059570
vt 0.68066406 0.52148438
vt 0.68017578 0.52099609
vt 0.86523438 0.98974609
vt 0.86523438 0.98974609
vt 0.86572266 0.98950195
vt 0.29785156 0.24755859
vt 0.36840820 0.01855469
vt 0.99169922 0.02661133
vt 0.29882812 0.23559570
vt 0.42260742 0.64453125
vt 0.23339844 0.23779297
vt 0.45068359 0.85205078
vt 0.16333008 0.30419922
vt 0.16259766 0.36621094
vt 0.91796875 0.31762695
vt 0.68383789 0.52319336
vt 0.17187500 0.39062500
vt 0.17138672 0.39184570
vt 0.45581055 0.85791016
vt 0.17504883 0.39941406
vt 0.68774414 0.51977539
vt 0.17456055 0.39843750
vt 0.17260742 0.39453125
vt 0.15649414 0.35522461
vt 0.17309570 0.39526367
vt 0.17871094 0.38964844
vt 0.45874023 0.86450195
vt 0.68090820 0.52001953
vt 0.18896484 0.41967773
vt 0.18676758 0.41601562
vt 0.08398438 0.54125977
vt 0.28198242 0.78540039
vt 0.70922852 0.54394531
vt 0.76953125 0.50439453
vt 0.92333984 0.37109375
vt 0.16259766 0.30419922
vt 0.16137695 0.30493164
vt 0.74414062 0.54174805
vt 0.92480469 0.30126953
vt 0.92553711 0.29980469
vt 0.92675781 0.29931641
vt 0.76538086 0.29980469
vt 0.16918945 0.37988281
vt 0.16650391 0.37548828
vt 0.17724609 0.38696289
vt 0.68579102 0.52075195
vt 0.17871094 0.40039062
vt 0.21118164 0.01513672
vt 0.45776367 0.86547852
vt 0.46411133 0.51806641
vt 0.19165039 0.41552734
vt 0.08178711 0.56396484
vt 0.69311523 0.51538086
vt 0.34155273 0.17211914
vt 0.86987305 0.91796875
vt 0.75366211 0.36694336
vt 0.71215820 0.53955078
vt 0.21044922 0.01733398
vt 0.29394531 0.97778320
vt 0.23779297 0.10595703
vt 0.19140625 0.42041016
vt 0.73095703 0.53759766
vt 0.29443359 0.98339844
vt 0.16333008 0.30419922
vt 0.43725586 0.47167969
vt 0.35229492 0.19555664
vt 0.86987305 0.98583984
vt 0.45068359 0.85253906
vt 0.93017578 0.30249023
vt 0.16479492 0.30249023
vt 0.45312500 0.85791016
vt 0.92187500 0.31542969
vt 0.92138672 0.31909180
vt 0.18969727 0.42114258
vt 0.45654297 0.86621094
vt 0.16577148 0.37158203
vt 0.16992188 0.37182617
vt 0.71044922 0.02905273
vt 0.18994141 0.41943359
vt 0.16674805 0.37646484
vt 0.91845703 0.32348633
vt 0.08056641 0.56689453
vt 0.17382812 0.39282227
vt 0.17553711 0.39599609
vt 0.68725586 0.51806641
vt 0.29467773 0.98291016
vt 0.44946289 0.84985352
vt 0.29492188 0.98242188
vt 0.28735352 0.71240234
vt 0.44824219 0.85498047
vt 0.34985352 0.20483398
vt 0.07446289 0.63793945
vt 0.18969727 0.42041016
vt 0.70507812 0.53735352
vt 0.58447266 0.14233398
vt 0.70874023 0.53881836
vt 0.29492188 0.97851562
vt 0.58422852 0.13769531
vt 0.70776367 0.53906250
vt 0.24877930 0.22241211
vt 0.70043945 0.53051758
vt 0.55224609 0.16503906
vt 0.58227539 0.14282227
vt 0.44775391 0.85253906
vt 0.41210938 0.43945312
vt 0.92724609 0.30029297
vt 0.16064453 0.31176758
vt 0.16333008 0.31176758
vt 0.24536133 0.23852539
vt 0.92260742 0.31372070
vt 0.16992188 0.37963867
vt 0.68774414 0.49609375
vt 0.45532227 0.86474609
vt 0.92016602 0.32153320
vt 0.45385742 0.85986328
vt 0.16650391 0.37109375
vt 0.91943359 0.32568359
vt 0.29638672 0.98242188
vt 0.15844727 0.32153320
vt 0.17919922 0.40136719
vt 0.18017578 0.39086914
vt 0.15625000 0.32983398
vt 0.68774414 0.51977539
vt 0.68530273 0.52026367
vt 0.16284180 0.35693359
vt 0.17016602 0.34106445
vt 0.16625977 0.32641602
vt 0.75268555 0.36328125
vt 0.53857422 0.18237305
vt 0.86401367 0.92431641
vt 0.34765625 0.20556641
vt 0.44677734 0.84985352
vt 0.07080078 0.54052734
vt 0.58129883 0.14160156
vt 0.74804688 0.53491211
vt 0.71313477 0.53588867
vt 0.20849609 0.01635742
vt 0.29638672 0.98046875
vt 0.52783203 0.19262695
vt 0.58227539 0.14013672
vt 0.73974609 0.19409180
vt 0.20800781 0.01708984
vt 0.19042969 0.41894531
vt 0.27465820 0.79589844
vt 0.38061523 0.58251953
vt 0.55615234 0.14355469
vt 0.46850586 0.53662109
vt 0.52563477 0.19458008
vt 0.74316406 0.53173828
vt 0.74414062 0.53222656
vt 0.44848633 0.85375977
vt 0.93261719 0.29614258
vt 0.93041992 0.29711914
vt 0.56494141 0.15136719
vt 0.33886719 0.20727539
vt 0.45068359 0.85791016
vt 0.17163086 0.38330078
vt 0.45117188 0.85913086
vt 0.16821289 0.30273438
vt 0.17382812 0.35034180
vt 0.92285156 0.31958008
vt 0.16894531 0.37451172
vt 0.52514648 0.18896484
vt 0.91992188 0.32226562
vt 0.92285156 0.32641602
vt 0.44531250 0.86767578
vt 0.44555664 0.86425781
vt 0.18823242 0.41528320
vt 0.20019531 0.25341797
vt 0.16113281 0.35766602
vt 0.17846680 0.39770508
vt 0.17846680 0.39575195
vt 0.34887695 0.20507812
vt 0.73779297 0.39208984
vt 0.58520508 0.13623047
vt 0.57958984 0.13842773
vt 0.74145508 0.53247070
vt 0.74511719 0.53320312
vt 0.74584961 0.53027344
vt 0.86425781 0.95214844
vt 0.73681641 0.53125000
vt 0.73876953 0.38696289
vt 0.30566406 0.18505859
vt 0.16699219 0.30737305
vt 0.19116211 0.41723633
vt 0.06542969 0.48632812
vt 0.34838867 0.20288086
vt 0.34838867 0.20288086
vt 0.92309570 0.31494141
vt 0.44995117 0.86816406
vt 0.19604492 0.41723633
vt 0.17211914 0.37963867
vt 0.16918945 0.37548828
vt 0.16894531 0.37451172
vt 0.75463867 0.33178711
vt 0.66406250 0.48632812
vt 0.45239258 0.86279297
vt 0.18945312 0.41552734
vt 0.16552734 0.36376953
vt 0.16552734 0.36376953
vt 0.18212891 0.40087891
vt 0.18090820 0.39843750
vt 0.16235352 0.35839844
vt 0.54541016 0.16552734
vt 0.27001953 0.23803711
vt 0.15942383 0.34960938
vt 0.65454102 0.18115234
vt 0.16259766 0.32397461
vt 0.16259766 0.31494141
vt 0.54931641 0.15014648
vt 0.54467773 0.14306641
vt 0.16113281 0.32226562
vt 0.53686523 0.14794922
vt 0.71508789 0.51098633
vt 0.73608398 0.35644531
vt 0.98657227 0.93627930
vt 0.23510742 0.10620117
vt 0.74218750 0.52783203
vt 0.55566406 0.15136719
vt 0.01025391 0.02026367
vt 0.25561523 0.23315430
vt 0.93237305 0.29687500
vt 0.28784180 0.70947266
vt 0.86425781 0.95190430
vt 0.43286133 0.47314453
vt 0.44726562 0.85375977
vt 0.92871094 0.30395508
vt 0.92993164 0.30541992
vt 0.16357422 0.31250000
vt 0.92138672 0.32299805
vt 0.92407227 0.32592773
vt 0.17211914 0.37744141
vt 0.17504883 0.38403320
vt 0.16162109 0.31811523
vt 0.30590820 0.18457031
vt 0.16967773 0.37402344
vt 0.18334961 0.39916992
vt 0.17456055 0.38525391
vt 0.18164062 0.38500977
vt 0.17968750 0.39208984
vt 0.18139648 0.39306641
vt 0.15893555 0.32812500
vt 0.44262695 0.85156250
vt 0.86572266 0.94824219
vt 0.30615234 0.18432617
vt 0.55395508 0.14868164
vt 0.54638672 0.15112305
vt 0.74267578 0.52514648
vt 0.70336914 0.52587891
vt 0.73925781 0.51855469
vt 0.55053711 0.14916992
vt 0.72314453 0.52539062
vt 0.30810547 0.18237305
vt 0.86547852 0.94873047
vt 0.69531250 0.15405273
vt 0.17089844 0.30297852
vt 0.70849609 0.52758789
vt 0.43115234 0.85888672
vt 0.94091797 0.29565430
vt 0.55102539 0.14770508
vt 0.16162109 0.32055664
vt 0.16357422 0.31811523
vt 0.16381836 0.31738281
vt 0.16333008 0.31884766
vt 0.16552734 0.31347656
vt 0.44335938 0.85668945
vt 0.86596680 0.94750977
vt 0.44921875 0.86083984
vt 0.92382812 0.31713867
vt 0.92407227 0.31909180
vt 0.44873047 0.86254883
vt 0.19433594 0.41625977
vt 0.18383789 0.40185547
vt 0.69946289 0.52978516
vt 0.18334961 0.40112305
vt 0.18261719 0.39965820
vt 0.16772461 0.36499023
vt 0.69995117 0.52978516
vt 0.71655273 0.06445312
vt 0.08496094 0.62915039
vt 0.69946289 0.52954102
vt 0.69946289 0.52954102
vt 0.98974609 0.56079102
vt 0.69970703 0.52807617
vt 0.31054688 0.18066406
vt 0.75781250 0.15673828
vt 0.44189453 0.85083008
vt 0.44042969 0.85278320
vt 0.93505859 0.30175781
vt 0.16625977 0.31274414
vt 0.16308594 0.32397461
vt 0.44995117 0.86816406
vt 0.92309570 0.32373047
vt 0.92114258 0.32641602
vt 0.66357422 0.48901367
vt 0.16748047 0.36401367
vt 0.16796875 0.36059570
vt 0.17333984 0.37817383
vt 0.16674805 0.36206055
vt 0.17309570 0.37255859
vt 0.31274414 0.17968750
vt 0.18457031 0.39941406
vt 0.17822266 0.38256836
vt 0.18261719 0.39550781
vt 0.16918945 0.30615234
vt 0.75781250 0.15600586
vt 0.82128906 0.11035156
vt 0.87500000 0.92407227
vt 0.17187500 0.30688477
vt 0.17138672 0.30541992
vt 0.49462891 0.16479492
vt 0.17114258 0.30297852
vt 0.07031250 0.53930664
vt 0.75756836 0.15576172
vt 0.52636719 0.16772461
vt 0.52026367 0.16406250
vt 0.74877930 0.16894531
vt 0.16210938 0.32543945
vt 0.16235352 0.32470703
vt 0.31225586 0.17895508
vt 0.52978516 0.16186523
vt 0.17236328 0.36206055
vt 0.34130859 0.19824219
vt 0.43701172 0.85424805
vt 0.52685547 0.16577148
vt 0.16918945 0.30981445
vt 0.93066406 0.30566406
vt 0.44116211 0.85180664
vt 0.93041992 0.30639648
vt 0.92309570 0.32568359
vt 0.43774414 0.85327148
vt 0.16699219 0.31274414
vt 0.44384766 0.85791016
vt 0.92260742 0.32446289
vt 0.24096680 0.23242188
vt 0.92407227 0.32592773
vt 0.17187500 0.30297852
vt 0.24511719 0.23315430
vt 0.17626953 0.37109375
vt 0.17382812 0.37695312
vt 0.17407227 0.37768555
vt 0.17211914 0.37304688
vt 0.18457031 0.39746094
vt 0.16748047 0.36181641
vt 0.18505859 0.40039062
vt 0.19433594 0.38964844
vt 0.71337891 0.09008789
vt 0.18188477 0.39404297
vt 0.18090820 0.39233398
vt 0.17993164 0.38989258
vt 0.65258789 0.18115234
vt 0.17895508 0.38842773
vt 0.16674805 0.31591797
vt 0.16406250 0.32299805
vt 0.16479492 0.32714844
vt 0.01757812 0.02197266
vt 0.16723633 0.35302734
vt 0.51879883 0.17285156
vt 0.51611328 0.17407227
vt 0.66943359 0.17407227
vt 0.52514648 0.16308594
vt 0.52514648 0.16308594
vt 0.63012695 0.14501953
vt 0.03979492 0.62744141
vt 0.74536133 0.51757812
vt 0.52539062 0.16088867
vt 0.52294922 0.16284180
vt 0.24755859 0.24438477
vt 0.31372070 0.17797852
vt 0.17358398 0.30493164
vt 0.31469727 0.17626953
vt 0.93505859 0.30566406
vt 0.73046875 0.51635742
vt 0.52612305 0.15917969
vt 0.07812500 0.58642578
vt 0.72631836 0.51635742
vt 0.16455078 0.32812500
vt 0.16796875 0.31274414
vt 0.16333008 0.32983398
vt 0.17089844 0.30932617
vt 0.20507812 0.21801758
vt 0.92773438 0.31689453
vt 0.61962891 0.51879883
vt 0.44580078 0.86181641
vt 0.92651367 0.32421875
vt 0.44409180 0.86132812
vt 0.44335938 0.85668945
vt 0.18383789 0.39599609
vt 0.18798828 0.39379883
vt 0.52075195 0.16479492
vt 0.20605469 0.21704102
vt 0.17138672 0.36669922
vt 0.17041016 0.36621094
vt 0.17871094 0.38110352
vt 0.74707031 0.51879883
vt 0.22485352 0.09204102
vt 0.74633789 0.51757812
vt 0.24462891 0.23486328
vt 0.52832031 0.15698242
vt 0.52612305 0.15917969
vt 0.74243164 0.51733398
vt 0.52563477 0.15844727
vt 0.73217773 0.51464844
vt 0.52343750 0.15600586
vt 0.73950195 0.51171875
vt 0.34667969 0.16870117
vt 0.53051758 0.14916992
vt 0.73120117 0.51489258
vt 0.72802734 0.51440430
vt 0.52221680 0.16137695
vt 0.66235352 0.17211914
vt 0.72558594 0.51342773
vt 0.72656250 0.51342773
vt 0.39453125 0.43505859
vt 0.34179688 0.19750977
vt 0.20751953 0.63012695
vt 0.40380859 0.64672852
vt 0.16748047 0.31835938
vt 0.20239258 0.21752930
vt 0.16406250 0.32714844
vt 0.69311523 0.06616211
vt 0.32177734 0.16894531
vt 0.92675781 0.31933594
vt 0.92602539 0.32104492
vt 0.40820312 0.65112305
vt 0.44458008 0.86181641
vt 0.44018555 0.85644531
vt 0.92358398 0.32666016
vt 0.72119141 0.51269531
vt 0.43725586 0.86352539
vt 0.73266602 0.51245117
vt 0.17114258 0.36596680
vt 0.17187500 0.36328125
vt 0.18798828 0.39770508
vt 0.24121094 0.23535156
vt 0.24072266 0.23339844
vt 0.18359375 0.39111328
vt 0.17504883 0.37524414
vt 0.18261719 0.39160156
vt 0.18237305 0.39086914
vt 0.17578125 0.37475586
vt 0.72460938 0.51342773
vt 0.24145508 0.23388672
vt 0.18115234 0.38842773
vt 0.17749023 0.37622070
vt 0.17993164 0.38574219
vt 0.53002930 0.14843750
vt 0.73779297 0.33862305
vt 0.82641602 0.10107422
vt 0.17529297 0.30322266
vt 0.44360352 0.86181641
vt 0.51806641 0.15820312
vt 0.49169922 0.15966797
vt 0.71533203 0.16772461
vt 0.73828125 0.51025391
vt 0.16455078 0.32812500
vt 0.02001953 0.02099609
vt 0.16406250 0.34106445
vt 0.74633789 0.51464844
vt 0.64624023 0.16284180
vt 0.93115234 0.31933594
vt 0.74707031 0.48925781
vt 0.17431641 0.30493164
vt 0.92749023 0.32836914
vt 0.92944336 0.31762695
vt 0.17138672 0.31201172
vt 0.43774414 0.85327148
vt 0.17529297 0.36621094
vt 0.17309570 0.36840820
vt 0.16845703 0.31762695
vt 0.17626953 0.37353516
vt 0.16796875 0.31835938
vt 0.17675781 0.37670898
vt 0.16625977 0.32641602
vt 0.18286133 0.38549805
vt 0.19433594 0.21411133
vt 0.73437500 0.51049805
vt 0.08618164 0.51464844
vt 0.20825195 0.22387695
vt 0.43627930 0.86474609
vt 0.21313477 0.23706055
vt 0.72265625 0.50952148
vt 0.70288086 0.51464844
vt 0.19580078 0.22192383
vt 0.93994141 0.29711914
vt 0.74414062 0.50366211
vt 0.24121094 0.24047852
vt 0.74682617 0.48999023
vt 0.16748047 0.32226562
vt 0.25317383 0.24023438
vt 0.40942383 0.64892578
vt 0.70141602 0.51025391
vt 0.10913086 0.01196289
vt 0.19140625 0.21166992
vt 0.44165039 0.86132812
vt 0.43579102 0.85668945
vt 0.17285156 0.36523438
vt 0.17285156 0.36523438
vt 0.08325195 0.51416016
vt 0.17358398 0.36694336
vt 0.16967773 0.34814453
vt 0.17749023 0.37402344
vt 0.18798828 0.39575195
vt 0.18725586 0.39624023
vt 0.18530273 0.38427734
vt 0.18041992 0.38256836
vt 0.17871094 0.37890625
vt 0.22241211 0.24194336
vt 0.69335938 0.50366211
vt 0.70190430 0.51269531
vt 0.70385742 0.50732422
vt 0.44262695 0.86474609
vt 0.94116211 0.29101562
vt 0.34692383 0.16796875
vt 0.70166016 0.51147461
vt 0.17675781 0.30590820
vt 0.32299805 0.16821289
vt 0.17626953 0.30493164
vt 0.69946289 0.51098633
vt 0.69653320 0.51293945
vt 0.71142578 0.15600586
vt 0.40673828 0.64746094
vt 0.40747070 0.64941406
vt 0.40551758 0.64990234
vt 0.75000000 0.48535156
vt 0.75000000 0.48437500
vt 0.93945312 0.29589844
vt 0.07104492 0.58520508
vt 0.66918945 0.50024414
vt 0.94116211 0.29394531
vt 0.43652344 0.85571289
vt 0.18847656 0.39257812
vt 0.43505859 0.85595703
vt 0.17773438 0.37182617
vt 0.18237305 0.38256836
vt 0.18090820 0.38134766
vt 0.17968750 0.37646484
vt 0.18090820 0.37915039
vt 0.70385742 0.16284180
vt 0.67138672 0.11791992
vt 0.43994141 0.86352539
vt 0.69873047 0.51220703
vt 0.94091797 0.29687500
vt 0.94042969 0.29443359
vt 0.71044922 0.15649414
vt 0.17871094 0.30761719
vt 0.40917969 0.46582031
vt 0.69848633 0.51123047
vt 0.17822266 0.30346680
vt 0.18164062 0.30712891
vt 0.74755859 0.49291992
vt 0.74780273 0.49194336
vt 0.72949219 0.48461914
vt 0.43969727 0.86596680
vt 0.44213867 0.87011719
vt 0.17871094 0.32202148
vt 0.43750000 0.86132812
vt 0.19116211 0.39331055
vt 0.16967773 0.33691406
vt 0.93164062 0.31860352
vt 0.43676758 0.86035156
vt 0.17089844 0.34204102
vt 0.19726562 0.23486328
vt 0.18164062 0.37646484
vt 0.70874023 0.15502930
vt 0.17822266 0.35937500
vt 0.30712891 0.66479492
vt 0.43237305 0.85668945
vt 0.50659180 0.15698242
vt 0.48364258 0.15307617
vt 0.38378906 0.65234375
vt 0.74536133 0.49243164
vt 0.45312500 0.55419922
vt 0.08056641 0.61425781
vt 0.16918945 0.32812500
vt 0.74902344 0.48266602
vt 0.74853516 0.48144531
vt 0.40161133 0.64526367
vt 0.93017578 0.32202148
vt 0.63623047 0.15820312
vt 0.30883789 0.66406250
vt 0.43457031 0.86718750
vt 0.66308594 0.49755859
vt 0.63159180 0.15917969
vt 0.43701172 0.86303711
vt 0.18139648 0.37133789
vt 0.18041992 0.37597656
vt 0.17187500 0.34960938
vt 0.21777344 0.11157227
vt 0.40356445 0.46459961
vt 0.17163086 0.34912109
vt 0.60205078 0.51757812
vt 0.18164062 0.30371094
vt 0.18188477 0.30468750
vt 0.74584961 0.48608398
vt 0.18823242 0.30468750
vt 0.74877930 0.47534180
vt 0.74438477 0.07128906
vt 0.16967773 0.33618164
vt 0.66845703 0.49829102
vt 0.66918945 0.49951172
vt 0.65673828 0.50122070
vt 0.18945312 0.39013672
vt 0.19067383 0.38037109
vt 0.19262695 0.39038086
vt 0.20385742 0.41357422
vt 0.17895508 0.34765625
vt 0.43579102 0.86083984
vt 0.71582031 0.50097656
vt 0.17065430 0.34936523
vt 0.17602539 0.34521484
vt 0.42871094 0.86596680
vt 0.18554688 0.30419922
vt 0.17431641 0.33251953
vt 0.72631836 0.49853516
vt 0.74462891 0.49218750
vt 0.74536133 0.49316406
vt 0.74682617 0.48120117
vt 0.74902344 0.47436523
vt 0.06323242 0.57177734
vt 0.20336914 0.41284180
vt 0.18969727 0.37353516
vt 0.42895508 0.50659180
vt 0.43627930 0.86474609
vt 0.43383789 0.86523438
vt 0.42431641 0.49487305
vt 0.18286133 0.37695312
vt 0.71508789 0.49853516
vt 0.43530273 0.86254883
vt 0.98632812 0.23559570
vt 0.72021484 0.07153320
vt 0.43261719 0.86328125
vt 0.65527344 0.14868164
vt 0.20385742 0.39501953
vt 0.74487305 0.49121094
vt 0.74414062 0.48559570
vt 0.18481445 0.30590820
vt 0.36572266 0.16918945
vt 0.17651367 0.34082031
vt 0.74731445 0.47851562
vt 0.18237305 0.30786133
vt 0.74707031 0.47583008
vt 0.17309570 0.33618164
vt 0.74780273 0.47216797
vt 0.66821289 0.50024414
vt 0.50708008 0.14990234
vt 0.19018555 0.38769531
vt 0.19311523 0.38525391
vt 0.19067383 0.38842773
vt 0.18481445 0.37915039
vt 0.18530273 0.37573242
vt 0.07348633 0.60766602
vt 0.19531250 0.39501953
vt 0.48974609 0.14916992
vt 0.51196289 0.14477539
vt 0.71362305 0.07666016
vt 0.70678711 0.13745117
vt 0.70581055 0.49072266
vt 0.74365234 0.48828125
vt 0.74291992 0.48999023
vt 0.74560547 0.46972656
vt 0.66894531 0.50122070
vt 0.49316406 0.15893555
vt 0.19360352 0.38793945
vt 0.00537109 0.94799805
vt 0.22729492 0.82397461
vt 0.43505859 0.86767578
vt 0.43188477 0.86718750
vt 0.43188477 0.86425781
vt 0.74218750 0.49169922
vt 0.18627930 0.30517578
vt 0.18554688 0.30517578
vt 0.81250000 0.08666992
vt 0.74633789 0.47460938
vt 0.74267578 0.47534180
vt 0.74291992 0.47363281
vt 0.74096680 0.48559570
vt 0.74609375 0.47167969
vt 0.74707031 0.47119141
vt 0.66943359 0.51220703
vt 0.66162109 0.50097656
vt 0.19897461 0.24316406
vt 0.72924805 0.49267578
vt 0.17333984 0.33325195
vt 0.17480469 0.33618164
vt 0.18627930 0.37744141
vt 0.71093750 0.48999023
vt 0.00561523 0.78320312
vt 0.43286133 0.86938477
vt 0.43359375 0.86767578
vt 0.74096680 0.49121094
vt 0.71142578 0.07739258
vt 0.43261719 0.86596680
vt 0.74121094 0.48901367
vt 0.99243164 0.22607422
vt 0.26318359 0.54736328
vt 0.68725586 0.47241211
vt 0.26123047 0.54565430
vt 0.69360352 0.49267578
vt 0.00732422 0.80957031
vt 0.74023438 0.48022461
vt 0.74438477 0.47680664
vt 0.74438477 0.47119141
vt 0.65991211 0.50537109
vt 0.66137695 0.50195312
vt 0.18139648 0.31347656
vt 0.17504883 0.33422852
vt 0.36694336 0.16821289
vt 0.43896484 0.55175781
vt 0.17724609 0.04638672
vt 0.98657227 0.22460938
vt 0.43090820 0.87158203
vt 0.71118164 0.49096680
vt 0.71215820 0.07592773
vt 0.43139648 0.86938477
vt 0.26049805 0.72656250
vt 0.69604492 0.48950195
vt 0.68750000 0.48413086
vt 0.18896484 0.30493164
vt 0.74169922 0.47875977
vt 0.66137695 0.51391602
vt 0.69677734 0.48925781
vt 0.69531250 0.49096680
vt 0.18994141 0.30493164
vt 0.27612305 0.63232422
vt 0.65820312 0.50415039
vt 0.90283203 0.60742188
vt 0.65454102 0.50268555
vt 0.42749023 0.87695312
vt 0.70336914 0.48852539
vt 0.19555664 0.38793945
vt 0.19775391 0.38574219
vt 0.19824219 0.39257812
vt 0.19311523 0.38720703
vt 0.19409180 0.38671875
vt 0.37768555 0.44726562
vt 0.71118164 0.48413086
vt 0.19531250 0.37280273
vt 0.64746094 0.11352539
vt 0.00561523 0.94873047
vt 0.20825195 0.41333008
vt 0.69702148 0.49096680
vt 0.70361328 0.48950195
vt 0.42993164 0.86889648
vt 0.43237305 0.52978516
vt 0.17797852 0.06005859
vt 0.69018555 0.48925781
vt 0.19042969 0.30493164
vt 0.19799805 0.24389648
vt 0.99731445 0.20581055
vt 0.25732422 0.56445312
vt 0.69335938 0.49072266
vt 0.69921875 0.48535156
vt 0.42968750 0.53100586
vt 0.64624023 0.28662109
vt 0.98803711 0.21264648
vt 0.65698242 0.50585938
vt 0.65551758 0.50292969
vt 0.20971680 0.41333008
vt 0.98828125 0.22216797
vt 0.98730469 0.21313477
vt 0.69604492 0.48828125
vt 0.00781250 0.79858398
vt 0.19750977 0.39111328
vt 0.69775391 0.48828125
vt 0.19433594 0.38745117
vt 0.19799805 0.39282227
vt 0.19287109 0.36791992
vt 0.20874023 0.41235352
vt 0.70947266 0.48681641
vt 0.43994141 0.55004883
vt 0.73974609 0.48413086
vt 0.30468750 0.62475586
vt 0.89770508 0.60522461
vt 0.74365234 0.47021484
vt 0.73876953 0.47192383
vt 0.74194336 0.47338867
vt 0.74194336 0.47338867
vt 0.73950195 0.47387695
vt 0.19750977 0.24462891
vt 0.17749023 0.04785156
vt 0.19653320 0.38549805
vt 0.19189453 0.30517578
vt 0.74218750 0.47705078
vt 0.20019531 0.38452148
vt 0.01489258 0.80566406
vt 0.67773438 0.24365234
vt 0.24414062 0.73266602
vt 0.70800781 0.48461914
vt 0.30102539 0.98974609
vt 0.19750977 0.30590820
vt 0.21093750 0.41235352
vt 0.89697266 0.60620117
vt 0.26489258 0.55004883
vt 0.37304688 0.44824219
vt 0.42553711 0.52734375
vt 0.25219727 0.40527344
vt 0.74267578 0.46997070
vt 0.74047852 0.47045898
vt 0.74218750 0.47241211
vt 0.66625977 0.50634766
vt 0.23706055 0.80322266
vt 0.35205078 0.44775391
vt 0.65893555 0.50512695
vt 0.90039062 0.60644531
vt 0.18627930 0.36450195
vt 0.27709961 0.54931641
vt 0.22705078 0.77050781
vt 0.22680664 0.77050781
vt 0.72045898 0.48266602
vt 0.64965820 0.51123047
vt 0.19531250 0.38500977
vt 0.71191406 0.48291016
vt 0.64257812 0.26025391
vt 0.36621094 0.55908203
vt 0.69165039 0.05834961
vt 0.86718750 0.23657227
vt 0.26708984 0.55224609
vt 0.72680664 0.48144531
vt 0.49194336 0.14624023
vt 0.69067383 0.48364258
vt 0.41015625 0.97167969
vt 0.27246094 0.61010742
vt 0.73925781 0.47851562
vt 0.19604492 0.32446289
vt 0.22509766 0.71997070
vt 0.26855469 0.54492188
vt 0.41015625 0.97241211
vt 0.66064453 0.50732422
vt 0.27246094 0.63330078
vt 0.40966797 0.97436523
vt 0.65209961 0.50781250
vt 0.72753906 0.48022461
vt 0.26953125 0.54345703
vt 0.18676758 0.36547852
vt 0.19018555 0.37133789
vt 0.20434570 0.39770508
vt 0.18603516 0.36157227
vt 0.68823242 0.48144531
vt 0.18237305 0.35522461
vt 0.69116211 0.07373047
vt 0.18798828 0.34570312
vt 0.72290039 0.47924805
vt 0.24096680 0.76635742
vt 0.41259766 0.97314453
vt 0.37304688 0.55297852
vt 0.66601562 0.50903320
vt 0.27709961 0.60644531
vt 0.40942383 0.97827148
vt 0.73168945 0.47656250
vt 0.65869141 0.50781250
vt 0.65673828 0.50756836
vt 0.18945312 0.36962891
vt 0.19067383 0.37207031
vt 0.19311523 0.37084961
vt 0.18896484 0.36865234
vt 0.18798828 0.36376953
vt 0.71435547 0.47802734
vt 0.72778320 0.47680664
vt 0.18554688 0.35595703
vt 0.68798828 0.47290039
vt 0.86230469 0.21752930
vt 0.27856445 0.63208008
vt 0.03637695 0.62597656
vt 0.67114258 0.11767578
vt 0.66430664 0.51342773
vt 0.65966797 0.50805664
vt 0.30175781 0.59863281
vt 0.65478516 0.50830078
vt 0.70898438 0.47631836
vt 0.73754883 0.46948242
vt 0.33862305 0.42626953
vt 0.19726562 0.38305664
vt 0.19140625 0.37158203
vt 0.18872070 0.36572266
vt 0.19238281 0.36279297
vt 0.18798828 0.35937500
vt 0.20605469 0.39672852
vt 0.70483398 0.47583008
vt 0.19995117 0.30615234
vt 0.42651367 0.87792969
vt 0.72509766 0.47436523
vt 0.24096680 0.06225586
vt 0.23339844 0.77148438
vt 0.63842773 0.28662109
vt 0.65356445 0.51220703
vt 0.64599609 0.50903320
vt 0.64404297 0.51049805
vt 0.19433594 0.31445312
vt 0.37011719 0.45581055
vt 0.19970703 0.38378906
vt 0.19555664 0.37768555
vt 0.19897461 0.38403320
vt 0.20483398 0.38330078
vt 0.19311523 0.37280273
vt 0.19360352 0.37158203
vt 0.29077148 0.60668945
vt 0.62329102 0.27587891
vt 0.72070312 0.47192383
vt 0.20654297 0.39550781
vt 0.72167969 0.47265625
vt 0.72290039 0.47241211
vt 0.64721680 0.24731445
vt 0.69604492 0.47338867
vt 0.66772461 0.51196289
vt 0.73730469 0.46923828
vt 0.64306641 0.27709961
vt 0.65136719 0.11547852
vt 0.69433594 0.47241211
vt 0.69238281 0.47167969
vt 0.69775391 0.47265625
vt 0.71313477 0.46997070
vt 0.73046875 0.46923828
vt 0.69116211 0.47290039
vt 0.65258789 0.51538086
vt 0.86840820 0.23852539
vt 0.86865234 0.23754883
vt 0.86694336 0.23828125
vt 0.72558594 0.47045898
vt 0.72949219 0.47021484
vt 0.73242188 0.46899414
vt 0.73339844 0.46997070
vt 0.69262695 0.06372070
vt 0.19775391 0.37768555
vt 0.20117188 0.38623047
vt 0.27490234 0.63281250
vt 0.19702148 0.36791992
vt 0.24194336 0.05957031
vt 0.70751953 0.47119141
vt 0.69604492 0.47143555
vt 0.19165039 0.36743164
vt 0.19287109 0.36596680
vt 0.18847656 0.36035156
vt 0.64306641 0.27514648
vt 0.27587891 0.63281250
vt 0.27587891 0.63281250
vt 0.24218750 0.05883789
vt 0.18847656 0.35815430
vt 0.18676758 0.35644531
vt 0.18798828 0.35498047
vt 0.20849609 0.38549805
vt 0.26660156 0.40454102
vt 0.72753906 0.46899414
vt 0.25610352 0.40527344
vt 0.87402344 0.21435547
vt 0.26342773 0.40405273
vt 0.27661133 0.63256836
vt 0.73315430 0.46899414
vt 0.73437500 0.46899414
vt 0.21777344 0.41137695
vt 0.62597656 0.28808594
vt 0.23657227 0.40820312
vt 0.23657227 0.40820312
vt 0.99707031 0.20776367
vt 0.72338867 0.46923828
vt 0.25537109 0.40356445
vt 0.26074219 0.40478516
vt 0.25903320 0.40502930
vt 0.72534180 0.46899414
vt 0.20068359 0.30639648
vt 0.25415039 0.40502930
vt 0.64184570 0.27343750
vt 0.24169922 0.05908203
vt 0.64135742 0.27294922
vt 0.25439453 0.40551758
vt 0.64135742 0.25463867
vt 0.26538086 0.40283203
vt 0.42968750 0.31860352
vt 0.24536133 0.40527344
vt 0.26000977 0.40039062
vt 0.25561523 0.40405273
vt 0.85888672 0.22167969
vt 0.23339844 0.40747070
vt 0.26416016 0.40283203
vt 0.19970703 0.37963867
vt 0.19848633 0.37939453
vt 0.23364258 0.40307617
vt 0.20190430 0.38159180
vt 0.19799805 0.37841797
vt 0.20141602 0.30664062
vt 0.86840820 0.21777344
vt 0.19238281 0.36718750
vt 0.66308594 0.51171875
vt 0.18920898 0.36010742
vt 0.19360352 0.35913086
vt 0.30224609 0.98950195
vt 0.86328125 0.21044922
vt 0.18774414 0.35620117
vt 0.18676758 0.35424805
vt 0.18652344 0.35351562
vt 0.18774414 0.35180664
vt 0.21093750 0.38940430
vt 0.26440430 0.40258789
vt 0.26367188 0.40258789
vt 0.23315430 0.40673828
vt 0.24633789 0.40502930
vt 0.64062500 0.26562500
vt 0.25927734 0.40039062
vt 0.26464844 0.40112305
vt 0.43261719 0.31909180
vt 0.24731445 0.40307617
vt 0.64624023 0.24902344
vt 0.61938477 0.27172852
vt 0.64282227 0.25488281
vt 0.24780273 0.40380859
vt 0.25903320 0.40258789
vt 0.20458984 0.30688477
vt 0.25317383 0.40283203
vt 0.25317383 0.40283203
vt 0.26171875 0.40185547
vt 0.22851562 0.40502930
vt 0.86083984 0.22753906
vt 0.18627930 0.33471680
vt 0.25927734 0.40087891
vt 0.22631836 0.40454102
vt 0.26147461 0.40112305
vt 0.63940430 0.24682617
vt 0.63330078 0.27539062
vt 0.64355469 0.24877930
vt 0.18847656 0.35571289
vt 0.18725586 0.35302734
vt 0.26342773 0.40014648
vt 0.23046875 0.39990234
vt 0.22387695 0.40576172
vt 0.22583008 0.40551758
vt 0.63574219 0.24902344
vt 0.64306641 0.24731445
vt 0.63720703 0.25585938
vt 0.22290039 0.40551758
vt 0.21850586 0.40258789
vt 0.22509766 0.40380859
vt 0.42480469 0.55126953
vt 0.59692383 0.50390625
vt 0.23925781 0.40209961
vt 0.86572266 0.22851562
vt 0.87500000 0.18994141
vt 0.20336914 0.30859375
vt 0.38232422 0.61474609
vt 0.18627930 0.33544922
vt 0.19335938 0.36035156
vt 0.19482422 0.36791992
vt 0.19702148 0.36596680
vt 0.19458008 0.36499023
vt 0.19458008 0.36499023
vt 0.19409180 0.36425781
vt 0.19970703 0.37353516
vt 0.20068359 0.37719727
vt 0.19042969 0.35595703
vt 0.19091797 0.35473633
vt 0.19189453 0.35205078
vt 0.87597656 0.18945312
vt 0.35083008 0.44311523
vt 0.87109375 0.20312500
vt 0.60302734 0.26953125
vt 0.96142578 0.71166992
vt 0.62329102 0.28833008
vt 0.25244141 0.39746094
vt 0.23486328 0.40161133
vt 0.63793945 0.24926758
vt 0.84350586 0.24072266
vt 0.34716797 0.44067383
vt 0.21386719 0.30883789
vt 0.25708008 0.39843750
vt 0.25146484 0.39746094
vt 0.23315430 0.40161133
vt 0.20483398 0.30810547
vt 0.86450195 0.22680664
vt 0.24438477 0.40014648
vt 0.24902344 0.39941406
vt 0.35034180 0.44555664
vt 0.61645508 0.25366211
vt 0.26171875 0.39550781
vt 0.95825195 0.72363281
vt 0.20581055 0.31640625
vt 0.24804688 0.39648438
vt 0.86450195 0.21997070
vt 0.85180664 0.17480469
vt 0.20825195 0.30859375
vt 0.19580078 0.36743164
vt 0.19531250 0.36669922
vt 0.19360352 0.36328125
vt 0.20312500 0.38012695
vt 0.34887695 0.44311523
vt 0.87744141 0.18554688
vt 0.20751953 0.36987305
vt 0.87280273 0.19628906
vt 0.86987305 0.19677734
vt 0.25122070 0.39672852
vt 0.25048828 0.39770508
vt 0.25683594 0.39648438
vt 0.26049805 0.39575195
vt 0.97216797 0.71533203
vt 0.24829102 0.39721680
vt 0.24804688 0.39648438
vt 0.25488281 0.38232422
vt 0.60668945 0.25805664
vt 0.44482422 0.32666016
vt 0.61254883 0.26464844
vt 0.18847656 0.33471680
vt 0.18945312 0.33471680
vt 0.24145508 0.39697266
vt 0.86694336 0.20288086
vt 0.20483398 0.37500000
vt 0.20532227 0.37377930
vt 0.19604492 0.36621094
vt 0.86865234 0.19506836
vt 0.64453125 0.51586914
vt 0.84570312 0.15478516
vt 0.23901367 0.38989258
vt 0.20874023 0.30810547
vt 0.20654297 0.30932617
vt 0.18920898 0.33544922
vt 0.22680664 0.39697266
vt 0.86840820 0.19628906
vt 0.03955078 0.58886719
vt 0.20605469 0.37133789
vt 0.62182617 0.25854492
vt 0.19335938 0.35351562
vt 0.23046875 0.39550781
vt 0.61938477 0.26000977
vt 0.60986328 0.26318359
vt 0.21533203 0.38305664
vt 0.19042969 0.33813477
vt 0.69116211 0.05883789
vt 0.86743164 0.18725586
vt 0.64721680 0.51586914
vt 0.20605469 0.37963867
vt 0.63037109 0.51953125
vt 0.95654297 0.71337891
vt 0.85742188 0.21313477
vt 0.96020508 0.71752930
vt 0.61059570 0.26416016
vt 0.19262695 0.33813477
vt 0.63159180 0.51879883
vt 0.86181641 0.20312500
vt 0.25268555 0.38598633
vt 0.86059570 0.16015625
vt 0.19677734 0.35424805
vt 0.19287109 0.35253906
vt 0.95874023 0.71606445
vt 0.61132812 0.25659180
vt 0.95776367 0.71704102
vt 0.95605469 0.71313477
vt 0.22827148 0.36987305
vt 0.57421875 0.24975586
vt 0.36816406 0.54272461
vt 0.24926758 0.38208008
vt 0.20971680 0.31494141
vt 0.45166016 0.37988281
vt 0.03662109 0.62524414
vt 0.20117188 0.35961914
vt 0.20654297 0.37841797
vt 0.23779297 0.38647461
vt 0.25463867 0.38159180
vt 0.25854492 0.38208008
vt 0.24389648 0.38427734
vt 0.24316406 0.38452148
vt 0.23291016 0.38671875
vt 0.23486328 0.38598633
vt 0.23486328 0.38647461
vt 0.24023438 0.38330078
vt 0.25268555 0.37939453
vt 0.24316406 0.38500977
vt 0.23583984 0.38574219
vt 0.25927734 0.38012695
vt 0.25439453 0.37963867
vt 0.25927734 0.38012695
vt 0.36694336 0.56127930
vt 0.21142578 0.32617188
vt 0.23632812 0.38354492
vt 0.23657227 0.38476562
vt 0.23828125 0.38378906
vt 0.24023438 0.38330078
vt 0.19995117 0.35913086
vt 0.25366211 0.38110352
vt 0.25463867 0.38061523
vt 0.07031250 0.90332031
vt 0.19531250 0.35375977
vt 0.60473633 0.24682617
vt 0.46313477 0.34082031
vt 0.25000000 0.38110352
vt 0.25366211 0.38037109
vt 0.25439453 0.38012695
vt 0.51635742 0.34887695
vt 0.23852539 0.37866211
vt 0.25317383 0.37060547
vt 0.24438477 0.38037109
vt 0.25146484 0.37866211
vt 0.04907227 0.97436523
vt 0.23876953 0.38085938
vt 0.19873047 0.35668945
vt 0.25830078 0.37109375
vt 0.25146484 0.37792969
vt 0.24707031 0.37890625
vt 0.33959961 0.57202148
vt 0.25048828 0.37695312
vt 0.24340820 0.37939453
vt 0.24316406 0.37768555
vt 0.24609375 0.37866211
vt 0.21533203 0.31103516
vt 0.21337891 0.31640625
vt 0.34033203 0.57104492
vt 0.34106445 0.56982422
vt 0.34033203 0.57104492
vt 0.34375000 0.53857422
vt 0.23852539 0.37866211
vt 0.24218750 0.37719727
vt 0.86035156 0.18945312
vt 0.57592773 0.24340820
vt 0.21533203 0.31518555
vt 0.20581055 0.36865234
vt 0.20239258 0.36425781
vt 0.19897461 0.35742188
vt 0.23852539 0.37866211
vt 0.24121094 0.37817383
vt 0.24389648 0.37744141
vt 0.24584961 0.37719727
vt 0.19799805 0.35009766
vt 0.99853516 0.91162109
vt 0.37719727 0.51269531
vt 0.25170898 0.37451172
vt 0.24658203 0.37573242
vt 0.25097656 0.37475586
vt 0.24462891 0.37548828
vt 0.25854492 0.37133789
vt 0.25073242 0.37426758
vt 0.25317383 0.36865234
vt 0.24267578 0.37475586
vt 0.24560547 0.37597656
vt 0.24829102 0.37524414
vt 0.25732422 0.37011719
vt 0.24462891 0.37548828
vt 0.19604492 0.34057617
vt 0.25805664 0.36889648
vt 0.03808594 0.90551758
vt 0.20458984 0.36621094
vt 0.20751953 0.36987305
vt 0.24438477 0.37451172
vt 0.25048828 0.37231445
vt 0.25781250 0.36865234
vt 0.25585938 0.36938477
vt 0.25439453 0.37011719
vt 0.25561523 0.36743164
vt 0.34741211 0.54858398
vt 0.21240234 0.34252930
vt 0.25366211 0.36669922
vt 0.24121094 0.37158203
vt 0.24560547 0.36938477
vt 0.23657227 0.34814453
vt 0.25659180 0.36669922
vt 0.21997070 0.31079102
vt 0.21337891 0.31640625
vt 0.21435547 0.31518555
vt 0.21655273 0.31420898
vt 0.24047852 0.37231445
vt 0.20214844 0.35717773
vt 0.20581055 0.36450195
vt 0.22045898 0.37744141
vt 0.24560547 0.37011719
vt 0.25634766 0.36157227
vt 0.25708008 0.36499023
vt 0.25683594 0.36401367
vt 0.24462891 0.36987305
vt 0.21655273 0.31494141
vt 0.21826172 0.31298828
vt 0.24072266 0.36816406
vt 0.20166016 0.33251953
vt 0.60253906 0.52661133
vt 0.22021484 0.31127930
vt 0.19946289 0.33593750
vt 0.21948242 0.31201172
vt 0.22143555 0.31298828
vt 0.20629883 0.36132812
vt 0.22119141 0.31054688
vt 0.20117188 0.33325195
vt 0.20043945 0.35351562
vt 0.20092773 0.35229492
vt 0.20068359 0.33544922
vt 0.20092773 0.33691406
vt 0.25610352 0.36132812
vt 0.24853516 0.36303711
vt 0.25317383 0.36157227
vt 0.19824219 0.34082031
vt 0.21923828 0.37377930
vt 0.31396484 0.43066406
vt 0.25024414 0.36401367
vt 0.24511719 0.36328125
vt 0.24951172 0.36376953
vt 0.24414062 0.36645508
vt 0.21923828 0.37377930
vt 0.22143555 0.31298828
vt 0.22705078 0.31152344
vt 0.20532227 0.32934570
vt 0.22021484 0.31542969
vt 0.20214844 0.33325195
vt 0.04223633 0.96411133
vt 0.23950195 0.36596680
vt 0.24536133 0.35058594
vt 0.84594727 0.15600586
vt 0.24829102 0.35864258
vt 0.20092773 0.34106445
vt 0.20385742 0.33276367
vt 0.21948242 0.31542969
vt 0.37255859 0.55395508
vt 0.47631836 0.36157227
vt 0.57299805 0.99438477
vt 0.25463867 0.35498047
vt 0.38305664 0.57910156
vt 0.20312500 0.35229492
vt 0.39013672 0.56884766
vt 0.38378906 0.57861328
vt 0.38378906 0.57861328
vt 0.22070312 0.31494141
vt 0.38427734 0.57739258
vt 0.61499023 0.52270508
vt 0.38671875 0.57495117
vt 0.21313477 0.32568359
vt 0.03417969 0.62573242
vt 0.38598633 0.57470703
vt 0.38598633 0.57470703
vt 0.08251953 0.97802734
vt 0.21899414 0.36718750
vt 0.07104492 0.90356445
vt 0.24975586 0.35131836
vt 0.20214844 0.33935547
vt 0.09692383 0.93261719
vt 0.25317383 0.35009766
vt 0.22680664 0.31518555
vt 0.22729492 0.31982422
vt 0.22802734 0.31787109
vt 0.10156250 0.91528320
vt 0.07055664 0.90429688
vt 0.60595703 0.52514648
vt 0.25097656 0.34326172
vt 0.23828125 0.31713867
vt 0.60083008 0.52001953
vt 0.22631836 0.35961914
vt 0.21801758 0.32226562
vt 0.21386719 0.32812500
vt 0.24462891 0.33959961
vt 0.22436523 0.31738281
vt 0.22290039 0.31909180
vt 0.56372070 0.99658203
vt 0.24291992 0.34472656
vt 0.24829102 0.34106445
vt 0.25073242 0.34179688
vt 0.24511719 0.33447266
vt 0.23608398 0.34375000
vt 0.22607422 0.32885742
vt 0.24023438 0.34643555
vt 0.24316406 0.34228516
vt 0.50732422 0.38989258
vt 0.24121094 0.34106445
vt 0.24169922 0.34326172
vt 0.85375977 0.16162109
vt 0.22485352 0.31909180
vt 0.24316406 0.34228516
vt 0.85351562 0.16308594
vt 0.57641602 0.98168945
vt 0.85302734 0.16137695
vt 0.22802734 0.35107422
vt 0.24218750 0.33959961
vt 0.31250000 0.46069336
vt 0.24096680 0.34033203
vt 0.22363281 0.34179688
vt 0.24707031 0.33422852
vt 0.57495117 0.98266602
vt 0.23266602 0.32104492
vt 0.54541016 0.36181641
vt 0.24462891 0.33032227
vt 0.23901367 0.33447266
vt 0.57543945 0.24291992
vt 0.11254883 0.91357422
vt 0.46704102 0.39746094
vt 0.23681641 0.33178711
vt 0.23608398 0.33569336
vt 0.23632812 0.33422852
vt 0.23681641 0.33178711
vt 0.00317383 0.05249023
vt 0.00317383 0.05419922
vt 0.23242188 0.32299805
vt 0.00415039 0.05517578
vt 0.31250000 0.47216797
vt 0.56347656 0.23730469
vt 0.23535156 0.32788086
vt 0.09106445 0.96801758
vt 0.54370117 0.34350586
vt 0.52172852 0.35620117
vt 0.52099609 0.35668945
vt 0.52099609 0.35668945
vt 0.54467773 0.36328125
vt 0.54418945 0.36425781
vt 0.54418945 0.36425781
vt 0.23583984 0.32006836
vt 0.52075195 0.35766602
vt 0.32739258 0.48730469
vt 0.11352539 0.91015625
vt 0.54321289 0.36450195
vt 0.53808594 0.37207031
vt 0.54467773 0.35620117
vt 0.50854492 0.39404297
vt 0.50463867 0.39843750
vt 0.56469727 0.23779297
vt 0.11596680 0.94799805
vt 0.10620117 0.91748047
vt 0.11376953 0.94775391
vt 0.34985352 0.52539062
vt 0.00781250 0.04125977
vt 0.50610352 0.39697266
vt 0.09667969 0.95288086
vt 0.09716797 0.95263672
vt 0.36523438 0.53979492
vt 0.36621094 0.54077148
vt 0.36474609 0.53930664
vt 0.36450195 0.53930664
vt 0.10424805 0.95166016
vt 0.36352539 0.53857422
vt 0.35742188 0.53076172
vt 0.11425781 0.94848633
vt 0.11767578 0.73168945
vt 0.52441406 0.82250977
vt 0.17871094 0.70629883
vt 0.17016602 0.71362305
vt 0.17114258 0.70678711
vt 0.16845703 0.60058594
vt 0.16845703 0.60229492
vt 0.16918945 0.62109375
vt 0.60351562 0.84521484
vt 0.78173828 0.12133789
vt 0.24316406 0.18115234
vt 0.06005859 0.20166016
vt 0.12402344 0.46215820
vt 0.48461914 0.89941406
vt 0.05932617 0.20068359
vt 0.12988281 0.74975586
vt 0.37768555 0.84423828
vt 0.10131836 0.38867188
vt 0.06347656 0.19262695
vt 0.70629883 0.41040039
vt 0.78100586 0.62280273
vt 0.96655273 0.10058594
vt 0.11206055 0.38110352
vt 0.95166016 0.87915039
vt 0.95214844 0.87988281
vt 0.66503906 0.57641602
vt 0.12402344 0.44580078
vt 0.09423828 0.38330078
vt 0.47656250 0.78759766
vt 0.88208008 0.76733398
vt 0.47778320 0.79272461
vt 0.95703125 0.87817383
vt 0.95288086 0.87963867
vt 0.48168945 0.79516602
vt 0.67602539 0.58422852
vt 0.51684570 0.42065430
vt 0.91113281 0.05566406
vt 0.07177734 0.80688477
vt 0.62573242 0.05541992
vt 0.57666016 0.41259766
vt 0.60986328 0.03417969
vt 0.08056641 0.84448242
vt 0.91577148 0.04394531
vt 0.94238281 0.88110352
vt 0.78613281 0.04541016
vt 0.55468750 0.31542969
vt 0.05273438 0.71093750
vt 0.07666016 0.83007812
vt 0.17553711 0.75341797
vt 0.70141602 0.30908203
vt 0.95190430 0.87402344
vt 0.54833984 0.29711914
vt 0.19458008 0.72338867
vt 0.16992188 0.66845703
vt 0.55395508 0.29052734
vt 0.66308594 0.06909180
vt 0.13842773 0.72045898
vt 0.67602539 0.06787109
vt 0.43457031 0.91406250
vt 0.14111328 0.64428711
vt 0.17065430 0.61816406
vt 0.35864258 0.96899414
vt 0.17749023 0.60131836
vt 0.54833984 0.29467773
vt 0.55151367 0.30029297
vt 0.89208984 0.70556641
vt 0.16967773 0.62109375
vt 0.16918945 0.62060547
vt 0.10253906 0.38818359
vt 0.10180664 0.38916016
vt 0.16943359 0.62158203
vt 0.79833984 0.61425781
vt 0.79833984 0.61425781
vt 0.89184570 0.70751953
vt 0.05688477 0.69921875
vt 0.89062500 0.70141602
vt 0.52929688 0.41577148
vt 0.55517578 0.29052734
vt 0.07934570 0.84985352
vt 0.08593750 0.36352539
vt 0.47241211 0.21997070
vt 0.11694336 0.39868164
vt 0.65649414 0.57495117
vt 0.11083984 0.38574219
vt 0.62744141 0.05957031
vt 0.66552734 0.58081055
vt 0.11181641 0.38671875
vt 0.11401367 0.38891602
vt 0.96411133 0.09643555
vt 0.11279297 0.39062500
vt 0.96508789 0.10205078
vt 0.39550781 0.75903320
vt 0.91137695 0.05761719
vt 0.48022461 0.79272461
vt 0.46972656 0.78588867
vt 0.47192383 0.78662109
vt 0.87597656 0.76562500
vt 0.95019531 0.88110352
vt 0.94067383 0.88452148
vt 0.47119141 0.78588867
vt 0.66918945 0.58593750
vt 0.51586914 0.41918945
vt 0.51904297 0.42016602
vt 0.91308594 0.05249023
vt 0.96435547 0.09375000
vt 0.95629883 0.88110352
vt 0.57202148 0.41406250
vt 0.95678711 0.87988281
vt 0.04541016 0.72680664
vt 0.12109375 0.45166016
vt 0.94409180 0.90795898
vt 0.60058594 0.82958984
vt 0.96630859 0.05590820
vt 0.96411133 0.05517578
vt 0.79760742 0.61621094
vt 0.38281250 0.85424805
vt 0.66455078 0.06665039
vt 0.89282227 0.76025391
vt 0.88769531 0.75708008
vt 0.88452148 0.77026367
vt 0.14038086 0.70727539
vt 0.17041016 0.66943359
vt 0.17187500 0.70361328
vt 0.14038086 0.70996094
vt 0.14135742 0.71093750
vt 0.14013672 0.63012695
vt 0.32177734 0.90332031
vt 0.14086914 0.60351562
vt 0.13989258 0.60205078
vt 0.87866211 0.76293945
vt 0.14062500 0.62817383
vt 0.17016602 0.62109375
vt 0.16967773 0.62158203
vt 0.55175781 0.82934570
vt 0.88110352 0.75952148
vt 0.96191406 0.08227539
vt 0.05981445 0.19433594
vt 0.14111328 0.45605469
vt 0.96728516 0.06225586
vt 0.09960938 0.38354492
vt 0.07470703 0.81030273
vt 0.96508789 0.05566406
vt 0.94213867 0.87646484
vt 0.95312500 0.88037109
vt 0.10522461 0.69458008
vt 0.11743164 0.40258789
vt 0.05883789 0.67749023
vt 0.11914062 0.40698242
vt 0.96655273 0.09985352
vt 0.06420898 0.70800781
vt 0.10351562 0.69995117
vt 0.78344727 0.62988281
vt 0.95971680 0.06567383
vt 0.65625000 0.57080078
vt 0.11694336 0.40380859
vt 0.95947266 0.05834961
vt 0.51049805 0.42089844
vt 0.94921875 0.15649414
vt 0.91137695 0.05761719
vt 0.47045898 0.78637695
vt 0.50854492 0.42041016
vt 0.66503906 0.57958984
vt 0.47998047 0.79418945
vt 0.48193359 0.79394531
vt 0.97753906 0.12573242
vt 0.61938477 0.03808594
vt 0.08789062 0.84448242
vt 0.10839844 0.37939453
vt 0.62231445 0.05664062
vt 0.61962891 0.05493164
vt 0.91528320 0.04956055
vt 0.62231445 0.05541992
vt 0.62158203 0.05371094
vt 0.08642578 0.34716797
vt 0.67114258 0.58837891
vt 0.91723633 0.04443359
vt 0.78100586 0.63159180
vt 0.55322266 0.41552734
vt 0.10913086 0.38330078
vt 0.55126953 0.41479492
vt 0.25537109 0.01440430
vt 0.00073242 0.93945312
vt 0.28100586 0.48486328
vt 0.38330078 0.85375977
vt 0.96484375 0.88159180
vt 0.95751953 0.88183594
vt 0.66503906 0.06005859
vt 0.30102539 0.17749023
vt 0.89111328 0.75903320
vt 0.88891602 0.75634766
vt 0.46899414 0.96606445
vt 0.66796875 0.06689453
vt 0.14038086 0.70678711
vt 0.14086914 0.70678711
vt 0.14038086 0.70678711
vt 0.14086914 0.71044922
vt 0.13989258 0.60400391
vt 0.14038086 0.60400391
vt 0.65063477 0.85156250
vt 0.17016602 0.62158203
vt 0.13989258 0.61547852
vt 0.14062500 0.62963867
vt 0.49975586 0.90307617
vt 0.66333008 0.06469727
vt 0.88842773 0.70483398
vt 0.18041992 0.43334961
vt 0.12207031 0.61547852
vt 0.06152344 0.19726562
vt 0.06567383 0.20141602
vt 0.96533203 0.09448242
vt 0.93969727 0.88500977
vt 0.87329102 0.71020508
vt 0.65405273 0.08349609
vt 0.95336914 0.88403320
vt 0.97802734 0.05566406
vt 0.96752930 0.09545898
vt 0.06420898 0.19848633
vt 0.79174805 0.63110352
vt 0.52905273 0.41674805
vt 0.50415039 0.90502930
vt 0.94995117 0.88403320
vt 0.27636719 0.97631836
vt 0.66992188 0.58227539
vt 0.97583008 0.12353516
vt 0.86694336 0.70214844
vt 0.27246094 0.98803711
vt 0.97607422 0.12524414
vt 0.97436523 0.12670898
vt 0.00146484 0.92187500
vt 0.52807617 0.82080078
vt 0.11621094 0.40405273
vt 0.50659180 0.42089844
vt 0.95581055 0.88330078
vt 0.23803711 0.98315430
vt 0.06689453 0.67773438
vt 0.46875000 0.77661133
vt 0.99072266 0.10961914
vt 0.11206055 0.39086914
vt 0.47094727 0.78466797
vt 0.54956055 0.41503906
vt 0.47265625 0.78466797
vt 0.86352539 0.30273438
vt 0.11376953 0.39770508
vt 0.63208008 0.04199219
vt 0.47851562 0.78759766
vt 0.48364258 0.78833008
vt 0.97460938 0.05883789
vt 0.20166016 0.01855469
vt 0.97509766 0.05957031
vt 0.64086914 0.73242188
vt 0.66015625 0.42114258
vt 0.04223633 0.17895508
vt 0.70678711 0.33154297
vt 0.05004883 0.71313477
vt 0.26440430 0.20263672
vt 0.18505859 0.43481445
vt 0.97241211 0.06323242
vt 0.97485352 0.05932617
vt 0.96435547 0.07080078
vt 0.69775391 0.40258789
vt 0.69824219 0.40454102
vt 0.66064453 0.06469727
vt 0.49951172 0.90502930
vt 0.89086914 0.75756836
vt 0.20361328 0.18505859
vt 0.22705078 0.18334961
vt 0.22705078 0.18041992
vt 0.22094727 0.18286133
vt 0.96557617 0.09228516
vt 0.87622070 0.75903320
vt 0.62939453 0.75512695
vt 0.97436523 0.06201172
vt 0.49633789 0.18994141
vt 0.96679688 0.10107422
vt 0.62573242 0.75659180
vt 0.14038086 0.71044922
vt 0.13842773 0.69848633
vt 0.62646484 0.05712891
vt 0.14013672 0.62963867
vt 0.04589844 0.69189453
vt 0.62304688 0.82568359
vt 0.11206055 0.39086914
vt 0.97094727 0.06201172
vt 0.66870117 0.01464844
vt 0.96264648 0.06518555
vt 0.53955078 0.98779297
vt 0.87841797 0.70434570
vt 0.54248047 0.82812500
vt 0.60229492 0.03955078
vt 0.87426758 0.76684570
vt 0.60522461 0.76513672
vt 0.98657227 0.13623047
vt 0.67431641 0.06640625
vt 0.08203125 0.65649414
vt 0.99072266 0.11035156
vt 0.97241211 0.06323242
vt 0.08911133 0.67089844
vt 0.86230469 0.70263672
vt 0.94091797 0.88549805
vt 0.27734375 0.98681641
vt 0.52856445 0.41601562
vt 0.96899414 0.06591797
vt 0.96777344 0.10180664
vt 0.53906250 0.97998047
vt 0.60229492 0.04272461
vt 0.07421875 0.78320312
vt 0.50781250 0.42041016
vt 0.77783203 0.63183594
vt 0.97363281 0.06225586
vt 0.90112305 0.71264648
vt 0.17993164 0.43627930
vt 0.63452148 0.04321289
vt 0.23437500 0.97998047
vt 0.96850586 0.10205078
vt 0.94799805 0.88452148
vt 0.06445312 0.19458008
vt 0.08007812 0.70874023
vt 0.08227539 0.84179688
vt 0.19360352 0.76000977
vt 0.97070312 0.06542969
vt 0.19848633 0.01293945
vt 0.55371094 0.30004883
vt 0.47192383 0.78149414
vt 0.96484375 0.09106445
vt 0.00463867 0.93750000
vt 0.06079102 0.67626953
vt 0.05786133 0.67578125
vt 0.71997070 0.60815430
vt 0.55737305 0.30932617
vt 0.48046875 0.78881836
vt 0.97558594 0.13061523
vt 0.97412109 0.06298828
vt 0.62768555 0.82714844
vt 0.50292969 0.10473633
vt 0.97192383 0.06591797
vt 0.60937500 0.75048828
vt 0.60498047 0.04077148
vt 0.07934570 0.67089844
vt 0.98559570 0.12988281
vt 0.62719727 0.82666016
vt 0.87402344 0.76733398
vt 0.18090820 0.43750000
vt 0.96630859 0.09252930
vt 0.96948242 0.06616211
vt 0.07543945 0.80151367
vt 0.87255859 0.76660156
vt 0.85693359 0.38574219
vt 0.98559570 0.13476562
vt 0.85791016 0.38110352
vt 0.40332031 0.74145508
vt 0.86059570 0.70385742
vt 0.66625977 0.06201172
vt 0.40356445 0.75073242
vt 0.25366211 0.17919922
vt 0.96630859 0.06909180
vt 0.22705078 0.18139648
vt 0.08520508 0.85205078
vt 0.58081055 0.29223633
vt 0.87744141 0.75732422
vt 0.28149414 0.17968750
vt 0.54052734 0.82763672
vt 0.60522461 0.04248047
vt 0.29565430 0.20263672
vt 0.96557617 0.06933594
vt 0.52978516 0.81762695
vt 0.25463867 0.03979492
vt 0.08300781 0.65844727
vt 0.86181641 0.70678711
vt 0.88720703 0.70849609
vt 0.07177734 0.65844727
vt 0.95483398 0.88720703
vt 0.94165039 0.88720703
vt 0.66186523 0.57812500
vt 0.95312500 0.88305664
vt 0.11083984 0.39013672
vt 0.22314453 0.98413086
vt 0.22802734 0.98437500
vt 0.66577148 0.58300781
vt 0.97583008 0.14135742
vt 0.47412109 0.78588867
vt 0.11206055 0.39379883
vt 0.19628906 0.98071289
vt 0.25756836 0.97875977
vt 0.47656250 0.78344727
vt 0.94311523 0.87500000
vt 0.86499023 0.29858398
vt 0.87207031 0.35571289
vt 0.85937500 0.31127930
vt 0.66381836 0.42163086
vt 0.07861328 0.70922852
vt 0.97021484 0.07031250
vt 0.06250000 0.71459961
vt 0.07763672 0.67700195
vt 0.11694336 0.44091797
vt 0.96533203 0.07275391
vt 0.96484375 0.07348633
vt 0.62695312 0.82714844
vt 0.62695312 0.82714844
vt 0.60742188 0.04443359
vt 0.63110352 0.04370117
vt 0.85498047 0.75000000
vt 0.53979492 0.82568359
vt 0.25292969 0.18188477
vt 0.24414062 0.18164062
vt 0.25390625 0.18017578
vt 0.25561523 0.18090820
vt 0.25561523 0.18017578
vt 0.26098633 0.18041992
vt 0.25732422 0.17993164
vt 0.26098633 0.17968750
vt 0.23242188 0.18188477
vt 0.23339844 0.18188477
vt 0.23413086 0.18188477
vt 0.22631836 0.18334961
vt 0.22265625 0.18359375
vt 0.97070312 0.07128906
vt 0.27978516 0.17993164
vt 0.29785156 0.20239258
vt 0.19921875 0.98266602
vt 0.07470703 0.66088867
vt 0.07519531 0.65942383
vt 0.09375000 0.66137695
vt 0.09790039 0.65893555
vt 0.10693359 0.74194336
vt 0.08496094 0.84399414
vt 0.95727539 0.88476562
vt 0.08764648 0.65942383
vt 0.84619141 0.69824219
vt 0.08715820 0.84204102
vt 0.20776367 0.98095703
vt 0.21679688 0.97363281
vt 0.06665039 0.19531250
vt 0.19628906 0.98071289
vt 0.06860352 0.19628906
vt 0.18823242 0.98193359
vt 0.47705078 0.78515625
vt 0.06982422 0.19482422
vt 0.08203125 0.67675781
vt 0.25146484 0.98339844
vt 0.86328125 0.30102539
vt 0.86547852 0.29785156
vt 0.88720703 0.23974609
vt 0.89990234 0.71118164
vt 0.87280273 0.35424805
vt 0.90014648 0.70971680
vt 0.89697266 0.71093750
vt 0.66674805 0.58642578
vt 0.95263672 0.88598633
vt 0.95092773 0.88818359
vt 0.89306641 0.70922852
vt 0.46386719 0.21215820
vt 0.13940430 0.75585938
vt 0.13452148 0.98022461
vt 0.13916016 0.75683594
vt 0.41284180 0.75732422
vt 0.09619141 0.66967773
vt 0.43383789 0.00073242
vt 0.96752930 0.09301758
vt 0.86254883 0.37036133
vt 0.96728516 0.09423828
vt 0.66821289 0.05883789
vt 0.83862305 0.36157227
vt 0.88525391 0.71289062
vt 0.41845703 0.77050781
vt 0.66503906 0.06005859
vt 0.07983398 0.81030273
vt 0.88500977 0.57641602
vt 0.24780273 0.18164062
vt 0.87377930 0.75512695
vt 0.23242188 0.18286133
vt 0.70483398 0.32080078
vt 0.67626953 0.86547852
vt 0.43798828 0.24804688
vt 0.26196289 0.18041992
vt 0.25659180 0.18090820
vt 0.25659180 0.18164062
vt 0.25463867 0.18090820
vt 0.91357422 0.45678711
vt 0.21826172 0.18383789
vt 0.09179688 0.35571289
vt 0.26367188 0.18090820
vt 0.26538086 0.18017578
vt 0.28149414 0.17895508
vt 0.27954102 0.17895508
vt 0.28857422 0.17822266
vt 0.29858398 0.20166016
vt 0.30004883 0.17749023
vt 0.29907227 0.17749023
vt 0.29565430 0.17773438
vt 0.29199219 0.17797852
vt 0.29394531 0.17797852
vt 0.24658203 0.18237305
vt 0.89208984 0.71142578
vt 0.07934570 0.80224609
vt 0.29711914 0.20166016
vt 0.84838867 0.70581055
vt 0.96752930 0.09301758
vt 0.13769531 0.62231445
vt 0.86035156 0.70654297
vt 0.92626953 0.14038086
vt 0.24414062 0.18261719
vt 0.13598633 0.46655273
vt 0.92187500 0.14550781
vt 0.41186523 0.76391602
vt 0.10131836 0.65502930
vt 0.67602539 0.86596680
vt 0.59204102 0.92700195
vt 0.87182617 0.71020508
vt 0.87915039 0.71240234
vt 0.66259766 0.58154297
vt 0.65869141 0.57958984
vt 0.19091797 0.97753906
vt 0.26489258 0.98193359
vt 0.19677734 0.97314453
vt 0.18237305 0.43994141
vt 0.19165039 0.97167969
vt 0.90112305 0.71264648
vt 0.98486328 0.13574219
vt 0.66699219 0.58496094
vt 0.76977539 0.68017578
vt 0.86474609 0.29785156
vt 0.86401367 0.29931641
vt 0.69091797 0.40039062
vt 0.74414062 0.70288086
vt 0.76855469 0.69897461
vt 0.89965820 0.71240234
vt 0.69287109 0.37133789
vt 0.91845703 0.14208984
vt 0.94482422 0.88818359
vt 0.48535156 0.78955078
vt 0.42163086 0.75732422
vt 0.25781250 0.20092773
vt 0.19360352 0.97460938
vt 0.28857422 0.17895508
vt 0.88793945 0.75073242
vt 0.91235352 0.48388672
vt 0.88671875 0.75244141
vt 0.25830078 0.18139648
vt 0.26562500 0.18090820
vt 0.07934570 0.79809570
vt 0.88110352 0.75219727
vt 0.40136719 0.84497070
vt 0.91430664 0.45849609
vt 0.29394531 0.17871094
vt 0.25488281 0.18164062
vt 0.91381836 0.45849609
vt 0.08618164 0.83691406
vt 0.29565430 0.17871094
vt 0.91064453 0.50756836
vt 0.41674805 0.75634766
vt 0.08789062 0.84765625
vt 0.63305664 0.83715820
vt 0.87670898 0.75439453
vt 0.28149414 0.17968750
vt 0.84301758 0.75903320
vt 0.30102539 0.17822266
vt 0.27880859 0.17993164
vt 0.67578125 0.90454102
vt 0.27978516 0.17993164
vt 0.92236328 0.14648438
vt 0.18847656 0.59326172
vt 0.31909180 0.89697266
vt 0.68334961 0.89575195
vt 0.33569336 0.26464844
vt 0.69042969 0.87744141
vt 0.88354492 0.42773438
vt 0.88037109 0.46533203
vt 0.08227539 0.81469727
vt 0.13818359 0.75537109
vt 0.84814453 0.70751953
vt 0.84960938 0.70776367
vt 0.08349609 0.69360352
vt 0.10546875 0.76660156
vt 0.28955078 0.19873047
vt 0.68872070 0.38867188
vt 0.68530273 0.87109375
vt 0.13256836 0.47143555
vt 0.60498047 0.83959961
vt 0.88793945 0.71435547
vt 0.97192383 0.08862305
vt 0.12670898 0.66406250
vt 0.65942383 0.58007812
vt 0.09033203 0.82812500
vt 0.28784180 0.97314453
vt 0.21215820 0.97656250
vt 0.09765625 0.66284180
vt 0.08471680 0.81445312
vt 0.19824219 0.97167969
vt 0.36474609 0.25927734
vt 0.03759766 0.72436523
vt 0.72949219 0.74462891
vt 0.97290039 0.08911133
vt 0.47216797 0.78051758
vt 0.46728516 0.77661133
vt 0.47045898 0.77783203
vt 0.68139648 0.95800781
vt 0.56640625 0.09863281
vt 0.73291016 0.74584961
vt 0.07788086 0.65527344
vt 0.88061523 0.71386719
vt 0.48193359 0.78710938
vt 0.88964844 0.71313477
vt 0.88232422 0.71118164
vt 0.19042969 0.72583008
vt 0.08959961 0.84643555
vt 0.19042969 0.72485352
vt 0.18701172 0.60522461
vt 0.41577148 0.76831055
vt 0.10498047 0.71069336
vt 0.41381836 0.75268555
vt 0.86499023 0.35839844
vt 0.66699219 0.05737305
vt 0.08984375 0.84790039
vt 0.41503906 0.75512695
vt 0.79272461 0.63452148
vt 0.97460938 0.09130859
vt 0.54418945 0.10205078
vt 0.12060547 0.98046875
vt 0.41479492 0.73437500
vt 0.41748047 0.77124023
vt 0.18896484 0.61987305
vt 0.33398438 0.26904297
vt 0.11572266 0.14990234
vt 0.18847656 0.59423828
vt 0.93139648 0.95410156
vt 0.88208008 0.48461914
vt 0.13769531 0.62866211
vt 0.13769531 0.62500000
vt 0.38525391 0.28613281
vt 0.12231445 0.64257812
vt 0.88037109 0.49340820
vt 0.87963867 0.49975586
vt 0.18481445 0.62036133
vt 0.88574219 0.47290039
vt 0.88354492 0.45288086
vt 0.88110352 0.46533203
vt 0.37353516 0.25244141
vt 0.84082031 0.69458008
vt 0.97216797 0.09301758
vt 0.06787109 0.18310547
vt 0.72241211 0.76269531
vt 0.85058594 0.71289062
vt 0.94091797 0.89843750
vt 0.97656250 0.09741211
vt 0.25219727 0.97265625
vt 0.79223633 0.63330078
vt 0.06958008 0.18432617
vt 0.07299805 0.18774414
vt 0.66674805 0.58642578
vt 0.93774414 0.89184570
vt 0.56323242 0.07934570
vt 0.68090820 0.97827148
vt 0.66674805 0.58593750
vt 0.75024414 0.69360352
vt 0.74340820 0.69946289
vt 0.68066406 0.95117188
vt 0.67236328 0.59057617
vt 0.67553711 0.94482422
vt 0.08471680 0.82104492
vt 0.07739258 0.65234375
vt 0.56469727 0.07958984
vt 0.86279297 0.71191406
vt 0.45068359 0.91479492
vt 0.36108398 0.25390625
vt 0.05224609 0.72314453
vt 0.44873047 0.25244141
vt 0.09643555 0.66015625
vt 0.66894531 0.05737305
vt 0.88061523 0.49438477
vt 0.56591797 0.08178711
vt 0.85327148 0.33105469
vt 0.05395508 0.72436523
vt 0.67749023 0.59570312
vt 0.73046875 0.74804688
vt 0.41674805 0.75634766
vt 0.41357422 0.73388672
vt 0.97631836 0.09765625
vt 0.85253906 0.37866211
vt 0.13452148 0.62109375
vt 0.09204102 0.85107422
vt 0.18750000 0.44360352
vt 0.89526367 0.71411133
vt 0.12060547 0.98266602
vt 0.24975586 0.20068359
vt 0.68920898 0.87695312
vt 0.25390625 0.20092773
vt 0.41479492 0.73437500
vt 0.12182617 0.64428711
vt 0.25537109 0.20166016
vt 0.25537109 0.20166016
vt 0.25634766 0.20166016
vt 0.90991211 0.48754883
vt 0.18847656 0.59301758
vt 0.18798828 0.59375000
vt 0.18750000 0.59375000
vt 0.69067383 0.87451172
vt 0.32421875 0.96386719
vt 0.19042969 0.72607422
vt 0.18969727 0.72534180
vt 0.43994141 0.96533203
vt 0.41552734 0.96533203
vt 0.45532227 0.96557617
vt 0.46264648 0.96484375
vt 0.57470703 0.30688477
vt 0.84155273 0.69213867
vt 0.78320312 0.10571289
vt 0.43432617 0.24853516
vt 0.18139648 0.62768555
vt 0.44995117 0.91430664
vt 0.17602539 0.74780273
vt 0.17700195 0.71313477
vt 0.17626953 0.70092773
vt 0.88061523 0.49633789
vt 0.37207031 0.25781250
vt 0.08471680 0.81323242
vt 0.37670898 0.27392578
vt 0.44262695 0.19287109
vt 0.67700195 0.89379883
vt 0.37280273 0.27319336
vt 0.36621094 0.27539062
vt 0.43847656 0.27734375
vt 0.91967773 0.14135742
vt 0.05444336 0.72631836
vt 0.92065430 0.14086914
vt 0.56274414 0.10107422
vt 0.56713867 0.10229492
vt 0.88330078 0.12500000
vt 0.22167969 0.97070312
vt 0.08374023 0.80957031
vt 0.69702148 0.30981445
vt 0.91430664 0.13476562
vt 0.72875977 0.75927734
vt 0.88623047 0.71728516
vt 0.20971680 0.97045898
vt 0.19360352 0.97314453
vt 0.20483398 0.97192383
vt 0.85424805 0.33105469
vt 0.07397461 0.19018555
vt 0.08081055 0.65625000
vt 0.89160156 0.74609375
vt 0.68432617 0.97387695
vt 0.67651367 0.94555664
vt 0.08081055 0.73535156
vt 0.66088867 0.83520508
vt 0.68798828 0.98461914
vt 0.69677734 0.32397461
vt 0.88574219 0.74707031
vt 0.35058594 0.26269531
vt 0.44311523 0.19165039
vt 0.19531250 0.52612305
vt 0.18823242 0.62402344
vt 0.18774414 0.66235352
vt 0.12207031 0.59985352
vt 0.12280273 0.64672852
vt 0.89648438 0.71655273
vt 0.35766602 0.26855469
vt 0.90698242 0.49658203
vt 0.33227539 0.96337891
vt 0.56250000 0.08276367
vt 0.18896484 0.67700195
vt 0.12255859 0.67919922
vt 0.12255859 0.62060547
vt 0.18579102 0.44506836
vt 0.56933594 0.30664062
vt 0.36767578 0.28613281
vt 0.12133789 0.98144531
vt 0.67968750 0.90258789
vt 0.05786133 0.72241211
vt 0.46264648 0.96582031
vt 0.46166992 0.96582031
vt 0.92065430 0.11645508
vt 0.45727539 0.96582031
vt 0.08471680 0.80981445
vt 0.69775391 0.93286133
vt 0.84057617 0.69165039
vt 0.88159180 0.49804688
vt 0.54541016 0.07861328
vt 0.17626953 0.74926758
vt 0.17602539 0.74829102
vt 0.17602539 0.74926758
vt 0.17602539 0.74975586
vt 0.42065430 0.75219727
vt 0.13037109 0.75634766
vt 0.29565430 0.18774414
vt 0.18872070 0.65673828
vt 0.19873047 0.19702148
vt 0.55761719 0.08886719
vt 0.35034180 0.29296875
vt 0.18798828 0.66699219
vt 0.18798828 0.66455078
vt 0.90844727 0.47387695
vt 0.90942383 0.48388672
vt 0.36547852 0.27880859
vt 0.37622070 0.28442383
vt 0.12280273 0.64990234
vt 0.37280273 0.24829102
vt 0.18969727 0.74169922
vt 0.45410156 0.88818359
vt 0.36352539 0.88427734
vt 0.36914062 0.27026367
vt 0.54321289 0.09985352
vt 0.12255859 0.69482422
vt 0.36352539 0.88549805
vt 0.32519531 0.96386719
vt 0.12255859 0.67846680
vt 0.18847656 0.70751953
vt 0.18945312 0.70654297
vt 0.13159180 0.47216797
vt 0.13354492 0.47241211
vt 0.18896484 0.73120117
vt 0.13354492 0.47241211
vt 0.12231445 0.61914062
vt 0.42651367 0.96557617
vt 0.18945312 0.70751953
vt 0.37670898 0.96484375
vt 0.18945312 0.70849609
vt 0.12304688 0.61914062
vt 0.18945312 0.70898438
vt 0.45678711 0.88574219
vt 0.43554688 0.96582031
vt 0.53564453 0.10351562
vt 0.72485352 0.78662109
vt 0.72265625 0.78930664
vt 0.85766602 0.14257812
vt 0.92553711 0.88964844
vt 0.88476562 0.71728516
vt 0.22021484 0.97363281
vt 0.08203125 0.64868164
vt 0.84545898 0.71826172
vt 0.27270508 0.97607422
vt 0.88769531 0.71752930
vt 0.43041992 0.00122070
vt 0.07861328 0.65258789
vt 0.74511719 0.70019531
vt 0.86987305 0.71557617
vt 0.90795898 0.58374023
vt 0.35009766 0.29418945
vt 0.67846680 0.96533203
vt 0.53930664 0.08789062
vt 0.88281250 0.74609375
vt 0.91699219 0.14282227
vt 0.67895508 0.97045898
vt 0.68310547 0.97998047
vt 0.41772461 0.82006836
vt 0.85131836 0.33496094
vt 0.84741211 0.71386719
vt 0.55468750 0.31640625
vt 0.41748047 0.73120117
vt 0.94750977 0.89111328
vt 0.17602539 0.71166992
vt 0.19653320 0.43920898
vt 0.17578125 0.71215820
vt 0.15258789 0.96215820
vt 0.85522461 0.71508789
vt 0.17553711 0.70092773
vt 0.10986328 0.76562500
vt 0.95239258 0.89013672
vt 0.69458008 0.31250000
vt 0.90161133 0.71923828
vt 0.85742188 0.36230469
vt 0.85498047 0.36669922
vt 0.34838867 0.27954102
vt 0.85620117 0.36401367
vt 0.18798828 0.63671875
vt 0.18774414 0.69604492
vt 0.12451172 0.67797852
vt 0.89941406 0.57885742
vt 0.55932617 0.08203125
vt 0.18872070 0.69750977
vt 0.12280273 0.67919922
vt 0.90869141 0.48657227
vt 0.90820312 0.48486328
vt 0.18896484 0.72436523
vt 0.90844727 0.47851562
vt 0.90869141 0.48583984
vt 0.90820312 0.48291016
vt 0.46215820 0.88623047
vt 0.90063477 0.71899414
vt 0.43090820 0.00097656
vt 0.89819336 0.43652344
vt 0.43017578 0.73168945
vt 0.42309570 0.76318359
vt 0.66235352 0.84594727
vt 0.74780273 0.93261719
vt 0.17797852 0.75195312
vt 0.17651367 0.74877930
vt 0.17700195 0.74829102
vt 0.88330078 0.50463867
vt 0.85913086 0.36083984
vt 0.54003906 0.09887695
vt 0.96435547 0.12670898
vt 0.37011719 0.27612305
vt 0.08837891 0.81103516
vt 0.18652344 0.66064453
vt 0.38476562 0.24145508
vt 0.93896484 0.89379883
vt 0.55590820 0.10302734
vt 0.12939453 0.61132812
vt 0.60595703 0.83154297
vt 0.12329102 0.61035156
vt 0.90869141 0.48388672
vt 0.12304688 0.61035156
vt 0.70556641 0.93261719
vt 0.18847656 0.69799805
vt 0.18798828 0.69921875
vt 0.40625000 0.88671875
vt 0.36987305 0.88769531
vt 0.18847656 0.70581055
vt 0.08813477 0.81420898
vt 0.18920898 0.73754883
vt 0.07910156 0.65112305
vt 0.18896484 0.73901367
vt 0.89575195 0.74414062
vt 0.18847656 0.70751953
vt 0.52661133 0.09790039
vt 0.91455078 0.11791992
vt 0.67675781 0.95458984
vt 0.42016602 0.83935547
vt 0.88989258 0.74316406
vt 0.68164062 0.96997070
vt 0.68237305 0.96997070
vt 0.68310547 0.97290039
vt 0.68164062 0.38525391
vt 0.53247070 0.07958984
vt 0.67553711 0.94946289
vt 0.87719727 0.71826172
vt 0.68310547 0.97607422
vt 0.68676758 0.41235352
vt 0.51440430 0.09741211
vt 0.48559570 0.89184570
vt 0.72387695 0.78735352
vt 0.91625977 0.14135742
vt 0.83203125 0.36230469
vt 0.11987305 0.97924805
vt 0.18701172 0.67114258
vt 0.38574219 0.25268555
vt 0.18725586 0.66552734
vt 0.18798828 0.66381836
vt 0.12329102 0.59155273
vt 0.12329102 0.58691406
vt 0.12329102 0.58666992
vt 0.67700195 0.89819336
vt 0.67651367 0.90039062
vt 0.60156250 0.83056641
vt 0.18847656 0.70483398
vt 0.90551758 0.50366211
vt 0.55859375 0.11230469
vt 0.67846680 0.89697266
vt 0.44750977 0.89453125
vt 0.32031250 0.89013672
vt 0.18579102 0.71997070
vt 0.37524414 0.28735352
vt 0.68066406 0.38574219
vt 0.69653320 0.31005859
vt 0.72558594 0.79028320
vt 0.08398438 0.65234375
vt 0.68090820 0.97119141
vt 0.49121094 0.88867188
vt 0.18212891 0.68530273
vt 0.13354492 0.47656250
vt 0.52416992 0.09643555
vt 0.72875977 0.76098633
vt 0.88378906 0.50634766
vt 0.37182617 0.26708984
vt 0.72827148 0.78857422
vt 0.07910156 0.65112305
vt 0.37158203 0.27856445
vt 0.90771484 0.57324219
vt 0.90869141 0.57690430
vt 0.27416992 0.97167969
vt 0.60864258 0.83178711
vt 0.38525391 0.24682617
vt 0.86230469 0.71801758
vt 0.18652344 0.61938477
vt 0.21313477 0.97216797
vt 0.21289062 0.96899414
vt 0.12915039 0.58691406
vt 0.86083984 0.71752930
vt 0.20312500 0.97045898
vt 0.60717773 0.83178711
vt 0.19775391 0.96875000
vt 0.90551758 0.50292969
vt 0.67724609 0.95239258
vt 0.82788086 0.35717773
vt 0.68164062 0.97412109
vt 0.19335938 0.97167969
vt 0.19165039 0.97167969
vt 0.89453125 0.73193359
vt 0.73120117 0.74829102
vt 0.24194336 0.97094727
vt 0.74877930 0.69482422
vt 0.53979492 0.32568359
vt 0.85009766 0.71728516
vt 0.84179688 0.71435547
vt 0.13037109 0.74951172
vt 0.91284180 0.11523438
vt 0.62915039 0.72534180
vt 0.09765625 0.83911133
vt 0.89184570 0.45336914
vt 0.42065430 0.71679688
vt 0.09936523 0.84375000
vt 0.52905273 0.74902344
vt 0.95947266 0.15014648
vt 0.17724609 0.70849609
vt 0.67578125 0.89648438
vt 0.13305664 0.71923828
vt 0.40942383 0.85693359
vt 0.61328125 0.83300781
vt 0.18530273 0.62182617
vt 0.42211914 0.71655273
vt 0.18359375 0.74829102
vt 0.89233398 0.43872070
vt 0.18823242 0.74682617
vt 0.09936523 0.85253906
vt 0.10546875 0.85815430
vt 0.64453125 0.90673828
vt 0.08349609 0.64746094
vt 0.87304688 0.74414062
vt 0.09326172 0.65234375
vt 0.17724609 0.61547852
vt 0.52050781 0.09912109
vt 0.51782227 0.09643555
vt 0.61401367 0.34375000
vt 0.08959961 0.65112305
vt 0.27197266 0.96533203
vt 0.37890625 0.25561523
vt 0.38134766 0.26147461
vt 0.54028320 0.10473633
vt 0.21093750 0.96435547
vt 0.18676758 0.66503906
vt 0.37158203 0.27856445
vt 0.26367188 0.96679688
vt 0.37084961 0.28173828
vt 0.38183594 0.24414062
vt 0.67773438 0.98071289
vt 0.67626953 0.95263672
vt 0.67993164 0.97436523
vt 0.68432617 0.98388672
vt 0.66015625 0.98388672
vt 0.37231445 0.27490234
vt 0.80761719 0.32177734
vt 0.19384766 0.96264648
vt 0.16796875 0.01684570
vt 0.90234375 0.50732422
vt 0.75048828 0.70117188
vt 0.74951172 0.69604492
vt 0.23291016 0.96459961
vt 0.25292969 0.95874023
vt 0.24511719 0.96948242
vt 0.55053711 0.10351562
vt 0.74560547 0.73095703
vt 0.62695312 0.71728516
vt 0.42187500 0.82446289
vt 0.62329102 0.72851562
vt 0.79663086 0.29516602
vt 0.41796875 0.27905273
vt 0.42407227 0.72924805
vt 0.19677734 0.19653320
vt 0.67626953 0.90209961
vt 0.63061523 0.68969727
vt 0.17626953 0.61596680
vt 0.17651367 0.61401367
vt 0.85888672 0.35473633
vt 0.78344727 0.10083008
vt 0.17749023 0.70214844
vt 0.87475586 0.13549805
vt 0.10034180 0.84228516
vt 0.43481445 0.00024414
vt 0.72680664 0.80322266
vt 0.20629883 0.19409180
vt 0.16113281 0.45776367
vt 0.78686523 0.29418945
vt 0.67578125 0.90454102
vt 0.17651367 0.61596680
vt 0.09545898 0.83325195
vt 0.18090820 0.60595703
vt 0.12939453 0.60205078
vt 0.17797852 0.64819336
vt 0.09765625 0.83764648
vt 0.89453125 0.50610352
vt 0.17895508 0.70629883
vt 0.17871094 0.73315430
vt 0.17895508 0.70361328
vt 0.34887695 0.90625000
vt 0.90405273 0.57250977
vt 0.72485352 0.80688477
vt 0.00024414 0.96997070
vt 0.90380859 0.57397461
vt 0.52783203 0.10302734
vt 0.18188477 0.66870117
vt 0.18505859 0.59082031
vt 0.18505859 0.59130859
vt 0.27905273 0.96850586
vt 0.18627930 0.70581055
vt 0.18603516 0.71997070
vt 0.32836914 0.89038086
vt 0.67626953 0.89941406
vt 0.38891602 0.89111328
vt 0.12792969 0.00317383
vt 0.19677734 0.19384766
vt 0.96069336 0.14135742
vt 0.08813477 0.65063477
vt 0.22143555 0.96752930
vt 0.73583984 0.75439453
vt 0.21777344 0.96606445
vt 0.67749023 0.39965820
vt 0.22167969 0.96923828
vt 0.12915039 0.94897461
vt 0.08227539 0.64721680
vt 0.67871094 0.96948242
vt 0.22290039 0.96459961
vt 0.50708008 0.09423828
vt 0.74902344 0.69677734
vt 0.09741211 0.84179688
vt 0.67968750 0.97729492
vt 0.38037109 0.25781250
vt 0.70092773 0.92797852
vt 0.44067383 0.01098633
vt 0.38037109 0.28833008
vt 0.37939453 0.26123047
vt 0.67114258 0.93847656
vt 0.89086914 0.44873047
vt 0.67163086 0.93725586
vt 0.18164062 0.65014648
vt 0.67724609 0.37963867
vt 0.17871094 0.73046875
vt 0.33251953 0.90527344
vt 0.17968750 0.73217773
vt 0.37670898 0.27392578
vt 0.17895508 0.70532227
vt 0.17846680 0.70385742
vt 0.17822266 0.70434570
vt 0.63989258 0.05346680
vt 0.17822266 0.70263672
vt 0.17968750 0.73364258
vt 0.18066406 0.73461914
vt 0.17871094 0.73510742
vt 0.17871094 0.73461914
vt 0.93994141 0.89916992
vt 0.95288086 0.95239258
vt 0.13354492 0.71923828
vt 0.84179688 0.72753906
vt 0.21508789 0.19482422
vt 0.10400391 0.77099609
vt 0.67504883 0.90356445
vt 0.18530273 0.63183594
vt 0.18530273 0.64013672
vt 0.18481445 0.60034180
vt 0.18383789 0.75561523
vt 0.18603516 0.68554688
vt 0.18554688 0.68603516
vt 0.18579102 0.68652344
vt 0.18676758 0.72216797
vt 0.18554688 0.68066406
vt 0.32739258 0.88916016
vt 0.32641602 0.89111328
vt 0.18139648 0.60400391
vt 0.38793945 0.89160156
vt 0.95532227 0.16748047
vt 0.09570312 0.81127930
vt 0.12939453 0.73901367
vt 0.18066406 0.59082031
vt 0.17895508 0.72998047
vt 0.17944336 0.73095703
vt 0.17919922 0.70629883
vt 0.17944336 0.73266602
vt 0.17846680 0.70263672
vt 0.17895508 0.70263672
vt 0.17895508 0.73510742
vt 0.17968750 0.73583984
vt 0.67407227 0.90380859
vt 0.05346680 0.73559570
vt 0.17993164 0.74926758
vt 0.18139648 0.75463867
vt 0.08251953 0.64819336
vt 0.95239258 0.97119141
vt 0.32250977 0.14941406
vt 0.93945312 0.14721680
vt 0.44995117 0.89208984
vt 0.18408203 0.63354492
vt 0.18505859 0.63134766
vt 0.18310547 0.62866211
vt 0.13305664 0.71972656
vt 0.89965820 0.56665039
vt 0.43286133 0.79321289
vt 0.18579102 0.68554688
vt 0.12548828 0.58984375
vt 0.18579102 0.70532227
vt 0.13354492 0.71972656
vt 0.18627930 0.70629883
vt 0.18627930 0.70654297
vt 0.18652344 0.72265625
vt 0.18603516 0.72167969
vt 0.67968750 0.97460938
vt 0.56665039 0.11206055
vt 0.18383789 0.61669922
vt 0.32739258 0.88989258
vt 0.32836914 0.88989258
vt 0.18457031 0.61547852
vt 0.51879883 0.07934570
vt 0.09594727 0.65185547
vt 0.08935547 0.18725586
vt 0.90356445 0.56542969
vt 0.55590820 0.10937500
vt 0.21118164 0.19384766
vt 0.51733398 0.10009766
vt 0.17944336 0.72900391
vt 0.18017578 0.70703125
vt 0.85253906 0.14208984
vt 0.23120117 0.96313477
vt 0.21972656 0.96752930
vt 0.18090820 0.73852539
vt 0.17968750 0.73413086
vt 0.27368164 0.96679688
vt 0.23315430 0.96777344
vt 0.42504883 0.89208984
vt 0.20727539 0.95971680
vt 0.17993164 0.74877930
vt 0.18334961 0.63452148
vt 0.17993164 0.74926758
vt 0.09350586 0.81518555
vt 0.67895508 0.97045898
vt 0.67968750 0.97338867
vt 0.67797852 0.96655273
vt 0.94067383 0.14697266
vt 0.18237305 0.66235352
vt 0.67138672 0.96313477
vt 0.18261719 0.71533203
vt 0.09033203 0.18286133
vt 0.67163086 0.95214844
vt 0.95190430 0.95458984
vt 0.95190430 0.95654297
vt 0.74951172 0.70092773
vt 0.22851562 0.18969727
vt 0.90917969 0.11206055
vt 0.19531250 0.96582031
vt 0.68750000 0.32641602
vt 0.67285156 0.94604492
vt 0.18408203 0.61621094
vt 0.18457031 0.61621094
vt 0.54443359 0.10864258
vt 0.53002930 0.10668945
vt 0.38281250 0.24829102
vt 0.33789062 0.01977539
vt 0.66967773 0.93652344
vt 0.44042969 0.01171875
vt 0.53686523 0.10546875
vt 0.37744141 0.27954102
vt 0.37744141 0.27001953
vt 0.37939453 0.26123047
vt 0.18041992 0.72094727
vt 0.89208984 0.45141602
vt 0.17968750 0.72851562
vt 0.17968750 0.72949219
vt 0.17944336 0.71484375
vt 0.17968750 0.73046875
vt 0.17919922 0.70678711
vt 0.17919922 0.70581055
vt 0.17968750 0.70678711
vt 0.18066406 0.73364258
vt 0.84277344 0.71777344
vt 0.18115234 0.75195312
vt 0.88598633 0.12353516
vt 0.09326172 0.18359375
vt 0.84179688 0.34497070
vt 0.13183594 0.02294922
vt 0.66992188 0.89233398
vt 0.12500000 0.02197266
vt 0.42309570 0.89697266
vt 0.84326172 0.74487305
vt 0.42675781 0.89355469
vt 0.32202148 0.89160156
vt 0.32275391 0.89331055
vt 0.89550781 0.50683594
vt 0.32202148 0.89111328
vt 0.18408203 0.62036133
vt 0.32470703 0.89331055
vt 0.95800781 0.11694336
vt 0.44702148 0.02001953
vt 0.12255859 0.00024414
vt 0.09619141 0.18383789
vt 0.09521484 0.64965820
vt 0.37915039 0.27026367
vt 0.12280273 0.49487305
vt 0.94531250 0.89575195
vt 0.09228516 0.18505859
vt 0.18041992 0.72998047
vt 0.18041992 0.73168945
vt 0.21044922 0.19384766
vt 0.18017578 0.70532227
vt 0.18017578 0.60961914
vt 0.18066406 0.74194336
vt 0.40209961 0.90307617
vt 0.18090820 0.74926758
vt 0.18017578 0.74877930
vt 0.79760742 0.10205078
vt 0.19677734 0.19091797
vt 0.84082031 0.34741211
vt 0.37890625 0.89819336
vt 0.09277344 0.18579102
vt 0.32275391 0.89160156
vt 0.42700195 0.71801758
vt 0.18432617 0.65332031
vt 0.18408203 0.65332031
vt 0.18359375 0.62036133
vt 0.18432617 0.65234375
vt 0.18359375 0.65136719
vt 0.75048828 0.70117188
vt 0.72680664 0.80322266
vt 0.12817383 0.74267578
vt 0.31689453 0.10424805
vt 0.18359375 0.69116211
vt 0.28833008 0.95336914
vt 0.51513672 0.10131836
vt 0.18310547 0.75195312
vt 0.18408203 0.65283203
vt 0.22631836 0.96630859
vt 0.67456055 0.90185547
vt 0.67578125 0.96972656
vt 0.42773438 0.72338867
vt 0.26855469 0.96679688
vt 0.23266602 0.95703125
vt 0.29077148 0.96240234
vt 0.18359375 0.62036133
vt 0.23315430 0.96630859
vt 0.18359375 0.61621094
vt 0.67407227 0.95898438
vt 0.38720703 0.24243164
vt 0.67895508 0.97753906
vt 0.67822266 0.97558594
vt 0.86279297 0.13671875
vt 0.67285156 0.94995117
vt 0.51367188 0.10083008
vt 0.75097656 0.70239258
vt 0.74829102 0.70434570
vt 0.97998047 0.66064453
vt 0.86132812 0.73413086
vt 0.95751953 0.14038086
vt 0.67309570 0.37597656
vt 0.17944336 0.65161133
vt 0.12988281 0.02294922
vt 0.42797852 0.72216797
vt 0.18017578 0.65136719
vt 0.37841797 0.28320312
vt 0.17456055 0.92626953
vt 0.38037109 0.26513672
vt 0.38134766 0.26879883
vt 0.38867188 0.28662109
vt 0.19677734 0.19116211
vt 0.38525391 0.26220703
vt 0.18286133 0.73583984
vt 0.38330078 0.25439453
vt 0.17968750 0.65063477
vt 0.12573242 0.77026367
vt 0.09497070 0.80908203
vt 0.10595703 0.72338867
vt 0.49072266 0.89941406
vt 0.53198242 0.10571289
vt 0.46655273 0.89941406
vt 0.18457031 0.75244141
vt 0.32006836 0.89697266
vt 0.36621094 0.89550781
vt 0.37158203 0.89697266
vt 0.12866211 0.73437500
vt 0.12939453 0.72656250
vt 0.21582031 0.18969727
vt 0.48999023 0.89965820
vt 0.90087891 0.57006836
vt 0.34179688 0.89648438
vt 0.34277344 0.89477539
vt 0.34082031 0.89624023
vt 0.18310547 0.66503906
vt 0.89746094 0.50512695
vt 0.89648438 0.50073242
vt 0.18164062 0.65332031
vt 0.18359375 0.74902344
vt 0.18212891 0.65014648
vt 0.89550781 0.57128906
vt 0.36157227 0.89599609
vt 0.36621094 0.89599609
vt 0.12939453 0.73437500
vt 0.12890625 0.73437500
vt 0.94409180 0.91601562
vt 0.20043945 0.96264648
vt 0.95483398 0.13110352
vt 0.20336914 0.96313477
vt 0.83081055 0.34790039
vt 0.18164062 0.59130859
vt 0.18164062 0.59082031
vt 0.40502930 0.89672852
vt 0.40600586 0.89672852
vt 0.18286133 0.66503906
vt 0.34277344 0.89550781
vt 0.41943359 0.89770508
vt 0.89746094 0.50146484
vt 0.89746094 0.50073242
vt 0.48999023 0.89965820
vt 0.24121094 0.18896484
vt 0.23974609 0.19042969
vt 0.18359375 0.75146484
vt 0.18212891 0.65380859
vt 0.18261719 0.65136719
vt 0.18408203 0.75000000
vt 0.28930664 0.18798828
vt 0.49731445 0.21264648
vt 0.12939453 0.73486328
vt 0.67236328 0.37573242
vt 0.23413086 0.18920898
vt 0.94482422 0.91674805
vt 0.94482422 0.91186523
vt 0.18408203 0.75195312
vt 0.18359375 0.75317383
vt 0.40502930 0.89843750
vt 0.94506836 0.90722656
vt 0.94482422 0.90625000
vt 0.39624023 0.28271484
vt 0.18115234 0.59179688
vt 0.18164062 0.65136719
vt 0.40600586 0.89770508
vt 0.18237305 0.66430664
vt 0.18237305 0.66503906
vt 0.12963867 0.68383789
vt 0.90087891 0.57006836
vt 0.94726562 0.93823242
vt 0.29418945 0.18701172
vt 0.79370117 0.10107422
vt 0.18164062 0.65185547
vt 0.18212891 0.65283203
vt 0.18212891 0.65234375
vt 0.29003906 0.18725586
vt 0.94506836 0.90551758
vt 0.29077148 0.18725586
vt 0.29736328 0.18676758
vt 0.61132812 0.74316406
vt 0.13134766 0.50708008
vt 0.81542969 0.36010742
vt 0.12231445 0.81152344
vt 0.67358398 0.90136719
vt 0.73828125 0.23901367
vt 0.67724609 0.97143555
vt 0.67578125 0.97241211
vt 0.67211914 0.95410156
vt 0.67309570 0.96215820
vt 0.80664062 0.22436523
vt 0.22802734 0.96459961
vt 0.22607422 0.96313477
vt 0.67114258 0.95019531
vt 0.66674805 0.95166016
vt 0.53808594 0.10717773
vt 0.89648438 0.58544922
vt 0.07348633 0.74194336
vt 0.38330078 0.26171875
vt 0.84008789 0.12377930
vt 0.86132812 0.11938477
vt 0.88403320 0.12255859
vt 0.87231445 0.73217773
vt 0.43066406 0.81835938
vt 0.72875977 0.79687500
vt 0.89624023 0.56640625
vt 0.49975586 0.21069336
vt 0.52856445 0.10644531
vt 0.75122070 0.70434570
vt 0.67089844 0.95727539
vt 0.67236328 0.95922852
vt 0.67138672 0.95507812
vt 0.38232422 0.28710938
vt 0.66845703 0.94653320
vt 0.66845703 0.94360352
vt 0.66674805 0.93701172
vt 0.49975586 0.10424805
vt 0.19702148 0.96118164
vt 0.89843750 0.56469727
vt 0.55371094 0.11303711
vt 0.86132812 0.73291016
vt 0.75146484 0.70361328
vt 0.50415039 0.10620117
vt 0.66625977 0.88037109
vt 0.16333008 0.46630859
vt 0.13378906 0.77441406
vt 0.08764648 0.73388672
vt 0.43872070 0.80566406
vt 0.27319336 0.95751953
vt 0.51269531 0.22534180
vt 0.20043945 0.96093750
vt 0.89135742 0.57299805
vt 0.73120117 0.78588867
vt 0.30029297 0.10034180
vt 0.19165039 0.95654297
vt 0.49584961 0.10156250
vt 0.24096680 0.95556641
vt 0.26660156 0.96044922
vt 0.64648438 0.05883789
vt 0.75366211 0.70312500
vt 0.66870117 0.95947266
vt 0.67260742 0.96020508
vt 0.75512695 0.69335938
vt 0.42089844 0.28491211
vt 0.27856445 0.95922852
vt 0.87329102 0.12329102
vt 0.33276367 0.02026367
vt 0.28540039 0.96093750
vt 0.64550781 0.35156250
vt 0.10595703 0.81347656
vt 0.95678711 0.16479492
vt 0.95458984 0.16796875
vt 0.33398438 0.02099609
vt 0.11596680 0.52001953
vt 0.11010742 0.85351562
vt 0.19702148 0.95800781
vt 0.20874023 0.95190430
vt 0.67260742 0.96411133
vt 0.22607422 0.95996094
vt 0.67163086 0.97216797
vt 0.67358398 0.97192383
vt 0.75317383 0.70410156
vt 0.66162109 0.87890625
vt 0.84985352 0.12866211
vt 0.10522461 0.74121094
vt 0.33593750 0.02709961
vt 0.28466797 0.96044922
vt 0.38745117 0.27954102
vt 0.67065430 0.90356445
vt 0.66943359 0.90209961
vt 0.12011719 0.83666992
vt 0.65869141 0.87500000
vt 0.84301758 0.73217773
vt 0.84179688 0.73071289
vt 0.14111328 0.48803711
vt 0.84057617 0.72924805
vt 0.84204102 0.73217773
vt 0.11547852 0.15673828
vt 0.78808594 0.22802734
vt 0.11352539 0.52294922
vt 0.89086914 0.57666016
vt 0.89038086 0.57836914
vt 0.73583984 0.77124023
vt 0.75683594 0.27490234
vt 0.27661133 0.95288086
vt 0.26977539 0.95898438
vt 0.20361328 0.95507812
vt 0.20019531 0.95654297
vt 0.25268555 0.95410156
vt 0.23095703 0.95703125
vt 0.23095703 0.95849609
vt 0.49975586 0.10424805
vt 0.75610352 0.70410156
vt 0.67114258 0.96240234
vt 0.67041016 0.95947266
vt 0.66772461 0.96264648
vt 0.66137695 0.94506836
vt 0.66528320 0.94189453
vt 0.66381836 0.93627930
vt 0.56250000 0.13037109
vt 0.50561523 0.10717773
vt 0.10473633 0.80297852
vt 0.12524414 0.51293945
vt 0.67041016 0.35351562
vt 0.61791992 0.70117188
vt 0.77172852 0.24414062
vt 0.75610352 0.70703125
vt 0.20703125 0.95507812
vt 0.75537109 0.71166992
vt 0.67041016 0.97045898
vt 0.18530273 0.46557617
vt 0.67114258 0.96533203
vt 0.20019531 0.95654297
vt 0.67065430 0.96337891
vt 0.67041016 0.96240234
vt 0.26782227 0.95263672
vt 0.66430664 0.94506836
vt 0.51464844 0.11181641
vt 0.66015625 0.88793945
vt 0.66162109 0.87890625
vt 0.55371094 0.12939453
vt 0.49780273 0.12426758
vt 0.71728516 0.91943359
vt 0.78442383 0.23461914
vt 0.76928711 0.25390625
vt 0.10571289 0.79760742
vt 0.73803711 0.79541016
vt 0.11572266 0.52612305
vt 0.27978516 0.95288086
vt 0.14355469 0.57226562
vt 0.25585938 0.94775391
vt 0.22387695 0.94750977
vt 0.21704102 0.95361328
vt 0.23925781 0.95385742
vt 0.19311523 0.94702148
vt 0.75708008 0.70434570
vt 0.11572266 0.52612305
vt 0.27124023 0.95117188
vt 0.20019531 0.95507812
vt 0.19995117 0.95019531
vt 0.18554688 0.46728516
vt 0.66528320 0.94580078
vt 0.66040039 0.94116211
vt 0.59350586 0.75097656
vt 0.85791016 0.12475586
vt 0.24145508 0.95019531
vt 0.66137695 0.88037109
vt 0.66796875 0.96997070
vt 0.67187500 0.97534180
vt 0.10815430 0.81372070
vt 0.77832031 0.23168945
vt 0.78027344 0.23120117
vt 0.78320312 0.23339844
vt 0.78417969 0.22973633
vt 0.78686523 0.22924805
vt 0.67016602 0.97070312
vt 0.66259766 0.88378906
vt 0.30249023 0.02294922
vt 0.85620117 0.12573242
vt 0.66918945 0.96533203
vt 0.67041016 0.97045898
vt 0.66992188 0.96850586
vt 0.20166016 0.95190430
vt 0.80053711 0.96533203
vt 0.24438477 0.95239258
vt 0.75708008 0.70141602
vt 0.20532227 0.95361328
vt 0.75659180 0.70312500
vt 0.75781250 0.69970703
vt 0.75756836 0.70849609
vt 0.75830078 0.70874023
vt 0.76000977 0.69604492
vt 0.74462891 0.88574219
vt 0.66528320 0.95678711
vt 0.66577148 0.95166016
vt 0.66015625 0.94726562
vt 0.66455078 0.94628906
vt 0.23828125 0.45556641
vt 0.66088867 0.93945312
vt 0.66333008 0.89404297
vt 0.66015625 0.93383789
vt 0.86401367 0.12207031
vt 0.65649414 0.87451172
vt 0.76977539 0.23730469
vt 0.77172852 0.24414062
vt 0.74096680 0.80688477
vt 0.32885742 0.03613281
vt 0.74023438 0.77514648
vt 0.73706055 0.77319336
vt 0.13159180 0.50927734
vt 0.31225586 0.01367188
vt 0.31958008 0.01733398
vt 0.12402344 0.82250977
vt 0.86035156 0.12255859
vt 0.73876953 0.77148438
vt 0.74975586 0.74902344
vt 0.75805664 0.70190430
vt 0.75610352 0.70996094
vt 0.27294922 0.95263672
vt 0.66894531 0.96752930
vt 0.20507812 0.95190430
vt 0.66821289 0.96850586
vt 0.66870117 0.97021484
vt 0.66943359 0.97021484
vt 0.66503906 0.95288086
vt 0.66479492 0.95483398
vt 0.66894531 0.97143555
vt 0.10913086 0.79931641
vt 0.23754883 0.95068359
vt 0.66918945 0.97241211
vt 0.70678711 0.88256836
vt 0.10937500 0.79516602
vt 0.65893555 0.93847656
vt 0.66137695 0.93750000
vt 0.85644531 0.12304688
vt 0.13110352 0.51074219
vt 0.73706055 0.77368164
vt 0.01733398 0.38159180
vt 0.13061523 0.51025391
vt 0.51464844 0.20019531
vt 0.77099609 0.23657227
vt 0.18969727 0.47265625
vt 0.14501953 0.49560547
vt 0.31347656 0.03247070
vt 0.04663086 0.86157227
vt 0.11645508 0.84155273
vt 0.75756836 0.71142578
vt 0.75854492 0.70581055
vt 0.66455078 0.96093750
vt 0.66650391 0.96557617
vt 0.13476562 0.79467773
vt 0.66796875 0.96752930
vt 0.20849609 0.95043945
vt 0.26782227 0.95117188
vt 0.66430664 0.96679688
vt 0.66845703 0.96948242
vt 0.20507812 0.94726562
vt 0.66381836 0.95776367
vt 0.04370117 0.86254883
vt 0.20336914 0.95019531
vt 0.20507812 0.95019531
vt 0.23583984 0.95068359
vt 0.66259766 0.94995117
vt 0.65844727 0.94311523
vt 0.24609375 0.95068359
vt 0.88012695 0.53906250
vt 0.49829102 0.12329102
vt 0.66088867 0.94677734
vt 0.16699219 0.54467773
vt 0.31127930 0.01489258
vt 0.84204102 0.12426758
vt 0.31005859 0.01416016
vt 0.74438477 0.26708984
vt 0.63916016 0.38623047
vt 0.66625977 0.96752930
vt 0.66772461 0.96972656
vt 0.66625977 0.96459961
vt 0.66357422 0.96093750
vt 0.76000977 0.70434570
vt 0.27124023 0.94799805
vt 0.66113281 0.95507812
vt 0.25097656 0.94921875
vt 0.75878906 0.70507812
vt 0.31372070 0.01831055
vt 0.75927734 0.70898438
vt 0.75805664 0.70678711
vt 0.23730469 0.94921875
vt 0.23559570 0.94750977
vt 0.19653320 0.94555664
vt 0.66284180 0.95092773
vt 0.65795898 0.94506836
vt 0.66210938 0.95092773
vt 0.30981445 0.01464844
vt 0.75341797 0.77978516
vt 0.18041992 0.23437500
vt 0.51147461 0.19580078
vt 0.30786133 0.02246094
vt 0.73999023 0.77319336
vt 0.30908203 0.01904297
vt 0.73999023 0.77270508
vt 0.76806641 0.23583984
vt 0.39575195 0.03906250
vt 0.66479492 0.96582031
vt 0.66552734 0.97021484
vt 0.66455078 0.96093750
vt 0.66333008 0.95996094
vt 0.66406250 0.95874023
vt 0.24926758 0.93969727
vt 0.66186523 0.97192383
vt 0.25097656 0.94604492
vt 0.19824219 0.94702148
vt 0.19995117 0.94702148
vt 0.20507812 0.94555664
vt 0.19482422 0.94702148
vt 0.20166016 0.94702148
vt 0.66235352 0.95190430
vt 0.22705078 0.94580078
vt 0.22363281 0.94580078
vt 0.66113281 0.94726562
vt 0.66137695 0.94799805
vt 0.75976562 0.71020508
vt 0.65649414 0.94311523
vt 0.65649414 0.93945312
vt 0.57031250 0.75170898
vt 0.60205078 0.72021484
vt 0.85473633 0.11987305
vt 0.41918945 0.01855469
vt 0.17749023 0.23632812
vt 0.17724609 0.23681641
vt 0.18139648 0.23461914
vt 0.16577148 0.24096680
vt 0.30981445 0.01684570
vt 0.65649414 0.36621094
vt 0.27783203 0.93701172
vt 0.66284180 0.95776367
vt 0.19653320 0.94213867
vt 0.20166016 0.94555664
vt 0.27783203 0.94335938
vt 0.20166016 0.93920898
vt 0.24755859 0.94604492
vt 0.24218750 0.93164062
vt 0.23046875 0.94287109
vt 0.24047852 0.94287109
vt 0.23901367 0.94433594
vt 0.22534180 0.94580078
vt 0.65747070 0.94726562
vt 0.76367188 0.70483398
vt 0.76489258 0.71777344
vt 0.66479492 0.33300781
vt 0.82543945 0.69360352
vt 0.60351562 0.71728516
vt 0.13208008 0.81616211
vt 0.16552734 0.27416992
vt 0.41967773 0.00317383
vt 0.80883789 0.93041992
vt 0.65600586 0.36523438
vt 0.17944336 0.23535156
vt 0.41430664 0.02050781
vt 0.39575195 0.03906250
vt 0.12500000 0.52856445
vt 0.29760742 0.92114258
vt 0.66137695 0.96313477
vt 0.66210938 0.96191406
vt 0.66015625 0.95092773
vt 0.65966797 0.94897461
vt 0.65625000 0.94677734
vt 0.19824219 0.94384766
vt 0.27124023 0.93994141
vt 0.59399414 0.72534180
vt 0.22216797 0.94433594
vt 0.26782227 0.94482422
vt 0.76489258 0.69580078
vt 0.65673828 0.94042969
vt 0.76098633 0.70678711
vt 0.76147461 0.70800781
vt 0.18261719 0.01074219
vt 0.73730469 0.25195312
vt 0.74340820 0.80029297
vt 0.65380859 0.36669922
vt 0.03369141 0.77783203
vt 0.52929688 0.62719727
vt 0.87915039 0.53710938
vt 0.74560547 0.75585938
vt 0.14355469 0.92382812
vt 0.66381836 0.32519531
vt 0.65722656 0.94628906
vt 0.65991211 0.95703125
vt 0.66015625 0.95410156
vt 0.65820312 0.95019531
vt 0.24218750 0.93798828
vt 0.23730469 0.94116211
vt 0.22534180 0.94116211
vt 0.22363281 0.94116211
vt 0.74121094 0.80761719
vt 0.25927734 0.93823242
vt 0.76000977 0.71215820
vt 0.76147461 0.70800781
vt 0.65429688 0.93457031
vt 0.38745117 0.01245117
vt 0.64941406 0.88354492
vt 0.74414062 0.79760742
vt 0.74438477 0.76904297
vt 0.74145508 0.92089844
vt 0.65942383 0.96923828
vt 0.27441406 0.94018555
vt 0.27465820 0.94165039
vt 0.27441406 0.94018555
vt 0.27294922 0.94165039
vt 0.66284180 0.97192383
vt 0.24755859 0.94140625
vt 0.66430664 0.97387695
vt 0.23852539 0.94116211
vt 0.66455078 0.97485352
vt 0.66333008 0.97387695
vt 0.65673828 0.94409180
vt 0.23559570 0.93798828
vt 0.76196289 0.71191406
vt 0.76098633 0.71240234
vt 0.65502930 0.93750000
vt 0.01318359 0.40722656
vt 0.75146484 0.76293945
vt 0.64916992 0.88256836
vt 0.64868164 0.88330078
vt 0.74340820 0.79858398
vt 0.12060547 0.53930664
vt 0.66064453 0.97412109
vt 0.65600586 0.95239258
vt 0.24047852 0.93969727
vt 0.23779297 0.93603516
vt 0.22851562 0.93945312
vt 0.22021484 0.93627930
vt 0.65087891 0.94677734
vt 0.22363281 0.93945312
vt 0.65649414 0.95117188
vt 0.76318359 0.71142578
vt 0.31665039 0.04272461
vt 0.12719727 0.94580078
vt 0.74853516 0.76123047
vt 0.75341797 0.79272461
vt 0.65454102 0.94653320
vt 0.03466797 0.77856445
vt 0.13842773 0.23999023
vt 0.74584961 0.77197266
vt 0.20996094 0.93286133
vt 0.21166992 0.93774414
vt 0.65478516 0.95458984
vt 0.22705078 0.93798828
vt 0.22192383 0.93286133
vt 0.23608398 0.92700195
vt 0.23046875 0.93798828
vt 0.22875977 0.93310547
vt 0.66186523 0.97509766
vt 0.18408203 0.90649414
vt 0.24218750 0.93481445
vt 0.77294922 0.71679688
vt 0.76489258 0.71191406
vt 0.65258789 0.93847656
vt 0.77343750 0.93774414
vt 0.15673828 0.93286133
vt 0.66064453 0.97265625
vt 0.72265625 0.81958008
vt 0.65136719 0.89160156
vt 0.29760742 0.91625977
vt 0.19995117 0.93408203
vt 0.19653320 0.93554688
vt 0.65063477 0.35620117
vt 0.65112305 0.94360352
vt 0.76708984 0.70898438
vt 0.65112305 0.93261719
vt 0.65551758 0.95043945
vt 0.65258789 0.94970703
vt 0.16381836 0.25366211
vt 0.75024414 0.92260742
vt 0.15747070 0.25073242
vt 0.01171875 0.40258789
vt 0.31738281 0.04223633
vt 0.03369141 0.37963867
vt 0.00415039 0.40722656
vt 0.74707031 0.79321289
vt 0.74829102 0.80053711
vt 0.21337891 0.93457031
vt 0.65356445 0.94531250
vt 0.21362305 0.92456055
vt 0.65161133 0.94165039
vt 0.74707031 0.79858398
vt 0.76733398 0.71093750
vt 0.65136719 0.93725586
vt 0.76489258 0.71484375
vt 0.23046875 0.93457031
vt 0.65869141 0.97338867
vt 0.22363281 0.93457031
vt 0.22534180 0.93286133
vt 0.76562500 0.71020508
vt 0.24218750 0.93481445
vt 0.77099609 0.69775391
vt 0.58764648 0.72387695
vt 0.75292969 0.92114258
vt 0.00488281 0.40625000
vt 0.64282227 0.88696289
vt 0.00708008 0.40161133
vt 0.64770508 0.35693359
vt 0.63476562 0.89257812
vt 0.63598633 0.89160156
vt 0.65991211 0.97363281
vt 0.74707031 0.78955078
vt 0.75488281 0.79638672
vt 0.28955078 0.93237305
vt 0.63867188 0.38574219
vt 0.20507812 0.93261719
vt 0.65698242 0.96337891
vt 0.65722656 0.96435547
vt 0.65405273 0.95971680
vt 0.63696289 0.38525391
vt 0.63793945 0.38647461
vt 0.22363281 0.93139648
vt 0.65136719 0.94067383
vt 0.23046875 0.92993164
vt 0.65283203 0.95068359
vt 0.77197266 0.69824219
vt 0.26269531 0.91088867
vt 0.23730469 0.92993164
vt 0.80883789 0.94824219
vt 0.76391602 0.92651367
vt 0.76318359 0.92749023
vt 0.76171875 0.87744141
vt 0.55639648 0.68310547
vt 0.64477539 0.36010742
vt 0.13989258 0.92578125
vt 0.32055664 0.03930664
vt 0.00512695 0.40722656
vt 0.75000000 0.79785156
vt 0.00463867 0.40820312
vt 0.02587891 0.84667969
vt 0.74926758 0.76489258
vt 0.75537109 0.80664062
vt 0.65893555 0.97656250
vt 0.28784180 0.93237305
vt 0.58227539 0.36669922
vt 0.65795898 0.97143555
vt 0.65844727 0.97241211
vt 0.76660156 0.71264648
vt 0.76733398 0.71582031
vt 0.65014648 0.94384766
vt 0.64965820 0.94189453
vt 0.64184570 0.95263672
vt 0.76879883 0.70654297
vt 0.77099609 0.71411133
vt 0.64868164 0.94091797
vt 0.64599609 0.93847656
vt 0.65917969 0.97949219
vt 0.58764648 0.92358398
vt 0.74829102 0.79882812
vt 0.79638672 0.93481445
vt 0.76342773 0.92602539
vt 0.15893555 0.27563477
vt 0.14697266 0.52563477
vt 0.74902344 0.79956055
vt 0.75292969 0.79614258
vt 0.01098633 0.39965820
vt 0.75170898 0.75708008
vt 0.64575195 0.93334961
vt 0.22216797 0.92822266
vt 0.76904297 0.71435547
vt 0.23046875 0.92822266
vt 0.64990234 0.94287109
vt 0.78076172 0.70605469
vt 0.77050781 0.70727539
vt 0.19726562 0.90576172
vt 0.76464844 0.92382812
vt 0.59301758 0.34619141
vt 0.63696289 0.37353516
vt 0.14697266 0.91748047
vt 0.64819336 0.93920898
vt 0.20410156 0.49487305
vt 0.27929688 0.92895508
vt 0.28076172 0.92724609
vt 0.28076172 0.92553711
vt 0.76489258 0.76513672
vt 0.21044922 0.91625977
vt 0.65698242 0.97460938
vt 0.21020508 0.92602539
vt 0.65209961 0.95483398
vt 0.20166016 0.92749023
vt 0.65014648 0.96240234
vt 0.76708984 0.71655273
vt 0.77001953 0.71093750
vt 0.60668945 0.97680664
vt 0.21533203 0.51171875
vt 0.15087891 0.92333984
vt 0.14111328 0.92041016
vt 0.12451172 0.30151367
vt 0.75048828 0.79882812
vt 0.03515625 0.38354492
vt 0.20483398 0.49584961
vt 0.81274414 0.90893555
vt 0.76977539 0.71459961
vt 0.24731445 0.92675781
vt 0.77368164 0.70922852
vt 0.24560547 0.92358398
vt 0.77148438 0.70751953
vt 0.21191406 0.92626953
vt 0.75195312 0.79980469
vt 0.75561523 0.79907227
vt 0.77221680 0.70776367
vt 0.65332031 0.97119141
vt 0.23217773 0.92651367
vt 0.23046875 0.92333984
vt 0.23046875 0.92333984
vt 0.21875000 0.92138672
vt 0.21801758 0.55151367
vt 0.14282227 0.91674805
vt 0.57153320 0.73095703
vt 0.56787109 0.72753906
vt 0.01318359 0.39990234
vt 0.00854492 0.40869141
vt 0.64306641 0.94921875
vt 0.62744141 0.89892578
vt 0.63134766 0.90014648
vt 0.12695312 0.54809570
vt 0.75292969 0.79248047
vt 0.15332031 0.25781250
vt 0.56616211 0.73388672
vt 0.20800781 0.50073242
vt 0.20190430 0.92431641
vt 0.19702148 0.92065430
vt 0.26928711 0.92407227
vt 0.76855469 0.73144531
vt 0.19677734 0.92236328
vt 0.77124023 0.71606445
vt 0.77758789 0.71166992
vt 0.64648438 0.94335938
vt 0.21533203 0.92309570
vt 0.22705078 0.92480469
vt 0.22387695 0.92480469
vt 0.22534180 0.92333984
vt 0.21337891 0.49951172
vt 0.14306641 0.91162109
vt 0.17041016 0.50976562
vt 0.57299805 0.72558594
vt 0.02392578 0.39599609
vt 0.75292969 0.79174805
vt 0.01098633 0.40673828
vt 0.20019531 0.92260742
vt 0.20361328 0.92260742
vt 0.23046875 0.91674805
vt 0.22705078 0.92333984
vt 0.64526367 0.93945312
vt 0.77001953 0.71948242
vt 0.77148438 0.71533203
vt 0.63085938 0.90161133
vt 0.54687500 0.74853516
vt 0.14575195 0.91528320
vt 0.00732422 0.41308594
vt 0.75610352 0.79443359
vt 0.58569336 0.69458008
vt 0.16284180 0.51904297
vt 0.02783203 0.38745117
vt 0.13281250 0.54882812
vt 0.23559570 0.91186523
vt 0.24047852 0.91967773
vt 0.19873047 0.91918945
vt 0.65039062 0.96337891
vt 0.64428711 0.93872070
vt 0.19848633 0.92089844
vt 0.22558594 0.91674805
vt 0.76513672 0.91894531
vt 0.22045898 0.92138672
vt 0.77246094 0.71264648
vt 0.03637695 0.39135742
vt 0.14868164 0.91235352
vt 0.72875977 0.88940430
vt 0.01855469 0.40649414
vt 0.75878906 0.76342773
vt 0.20385742 0.91772461
vt 0.64184570 0.94067383
vt 0.64624023 0.96191406
vt 0.63110352 0.97827148
vt 0.64257812 0.93603516
vt 0.19702148 0.91723633
vt 0.22070312 0.91821289
vt 0.79174805 0.72631836
vt 0.77392578 0.71411133
vt 0.77636719 0.70458984
vt 0.72827148 0.88818359
vt 0.15380859 0.28491211
vt 0.77636719 0.70727539
vt 0.75805664 0.80737305
vt 0.24243164 0.91918945
vt 0.76171875 0.77929688
vt 0.75878906 0.80664062
vt 0.01782227 0.40576172
vt 0.76025391 0.76660156
vt 0.24926758 0.91235352
vt 0.64672852 0.96630859
vt 0.64868164 0.96459961
vt 0.24389648 0.91870117
vt 0.23730469 0.91845703
vt 0.64916992 0.96972656
vt 0.25585938 0.91406250
vt 0.63598633 0.93652344
vt 0.21728516 0.91650391
vt 0.20214844 0.91430664
vt 0.64013672 0.93457031
vt 0.64160156 0.93627930
vt 0.19873047 0.91748047
vt 0.21899414 0.90991211
vt 0.78759766 0.71899414
vt 0.77416992 0.71337891
vt 0.14624023 0.90869141
vt 0.15161133 0.88891602
vt 0.04711914 0.82763672
vt 0.20971680 0.50439453
vt 0.62597656 0.36889648
vt 0.30517578 0.89990234
vt 0.81176758 0.92895508
vt 0.23901367 0.91552734
vt 0.24926758 0.91552734
vt 0.25097656 0.91723633
vt 0.22216797 0.91674805
vt 0.20043945 0.91577148
vt 0.20898438 0.91625977
vt 0.21215820 0.91308594
vt 0.64038086 0.93554688
vt 0.70800781 0.87939453
vt 0.70678711 0.87939453
vt 0.73046875 0.88598633
vt 0.96606445 0.28198242
vt 0.62084961 0.89770508
vt 0.08618164 0.28344727
vt 0.14086914 0.56201172
vt 0.76562500 0.79394531
vt 0.24487305 0.91381836
vt 0.75952148 0.76562500
vt 0.23730469 0.91357422
vt 0.76025391 0.76660156
vt 0.75878906 0.76342773
vt 0.63916016 0.94165039
vt 0.64477539 0.95605469
vt 0.75854492 0.76635742
vt 0.20043945 0.91430664
vt 0.13549805 0.24755859
vt 0.19873047 0.91235352
vt 0.82397461 0.69482422
vt 0.02685547 0.39550781
vt 0.10034180 0.23950195
vt 0.14526367 0.90356445
vt 0.14355469 0.90673828
vt 0.03515625 0.39086914
vt 0.71264648 0.85498047
vt 0.78979492 0.91259766
vt 0.76171875 0.79736328
vt 0.10253906 0.24389648
vt 0.10034180 0.24023438
vt 0.30126953 0.91503906
vt 0.75927734 0.77368164
vt 0.19458008 0.51171875
vt 0.21386719 0.91308594
vt 0.21899414 0.91333008
vt 0.23901367 0.91357422
vt 0.22900391 0.90844727
vt 0.22241211 0.91333008
vt 0.20410156 0.90942383
vt 0.63793945 0.94409180
vt 0.64013672 0.94897461
vt 0.20043945 0.91259766
vt 0.64062500 0.94360352
vt 0.64355469 0.95532227
vt 0.64379883 0.95629883
vt 0.24243164 0.90893555
vt 0.64331055 0.96166992
vt 0.25585938 0.91088867
vt 0.25244141 0.91381836
vt 0.64208984 0.96484375
vt 0.77783203 0.71362305
vt 0.77978516 0.71337891
vt 0.77807617 0.71289062
vt 0.63696289 0.93334961
vt 0.63354492 0.91992188
vt 0.03735352 0.38916016
vt 0.63037109 0.91186523
vt 0.08203125 0.23828125
vt 0.75976562 0.78833008
vt 0.76269531 0.78393555
vt 0.24414062 0.91235352
vt 0.24218750 0.91064453
vt 0.21899414 0.91162109
vt 0.64233398 0.95458984
vt 0.24072266 0.91210938
vt 0.63403320 0.92749023
vt 0.64062500 0.95483398
vt 0.76977539 0.91040039
vt 0.03784180 0.39062500
vt 0.09643555 0.24145508
vt 0.09765625 0.24169922
vt 0.55688477 0.71606445
vt 0.76123047 0.79858398
vt 0.76074219 0.78833008
vt 0.77099609 0.91113281
vt 0.63134766 0.95703125
vt 0.15502930 0.28027344
vt 0.15576172 0.28149414
vt 0.20751953 0.90942383
vt 0.63647461 0.94213867
vt 0.78125000 0.71484375
vt 0.77880859 0.71386719
vt 0.78173828 0.71411133
vt 0.63330078 0.93139648
vt 0.14526367 0.90014648
vt 0.55981445 0.71313477
vt 0.49584961 0.72460938
vt 0.09985352 0.24462891
vt 0.76123047 0.79785156
vt 0.57128906 0.70239258
vt 0.76147461 0.78564453
vt 0.30688477 0.90185547
vt 0.25122070 0.89746094
vt 0.64111328 0.95678711
vt 0.63745117 0.96508789
vt 0.17578125 0.90405273
vt 0.25268555 0.90722656
vt 0.21582031 0.90820312
vt 0.63427734 0.95629883
vt 0.20068359 0.90747070
vt 0.22241211 0.90673828
vt 0.22412109 0.90502930
vt 0.17114258 0.90356445
vt 0.49218750 0.54638672
vt 0.63281250 0.93945312
vt 0.54492188 0.73120117
vt 0.54150391 0.73242188
vt 0.54541016 0.72851562
vt 0.56176758 0.71069336
vt 0.56225586 0.70825195
vt 0.56762695 0.70629883
vt 0.76269531 0.78662109
vt 0.76660156 0.78320312
vt 0.76269531 0.80102539
vt 0.76269531 0.79931641
vt 0.20629883 0.89599609
vt 0.21923828 0.90161133
vt 0.21752930 0.90649414
vt 0.64355469 0.96972656
vt 0.64379883 0.97070312
vt 0.15136719 0.89599609
vt 0.64135742 0.96923828
vt 0.54345703 0.73046875
vt 0.23925781 0.90063477
vt 0.63500977 0.94384766
vt 0.63720703 0.94531250
vt 0.63769531 0.96289062
vt 0.63769531 0.95043945
vt 0.78173828 0.71118164
vt 0.16845703 0.89990234
vt 0.78247070 0.71435547
vt 0.25952148 0.90087891
vt 0.61499023 0.89794922
vt 0.54711914 0.72387695
vt 0.61865234 0.91064453
vt 0.56079102 0.71191406
vt 0.56396484 0.70605469
vt 0.54125977 0.72973633
vt 0.80957031 0.91748047
vt 0.76660156 0.78686523
vt 0.76416016 0.79760742
vt 0.76440430 0.78588867
vt 0.23242188 0.90551758
vt 0.22753906 0.90356445
vt 0.56250000 0.70458984
vt 0.63964844 0.97363281
vt 0.76879883 0.80664062
vt 0.78125000 0.71777344
vt 0.54907227 0.71923828
vt 0.55761719 0.70727539
vt 0.14892578 0.29052734
vt 0.19946289 0.52001953
vt 0.63452148 0.94287109
vt 0.15087891 0.28808594
vt 0.23754883 0.90234375
vt 0.28784180 0.88281250
vt 0.63354492 0.93920898
vt 0.26806641 0.50463867
vt 0.63818359 0.97192383
vt 0.26464844 0.90429688
vt 0.14697266 0.89526367
vt 0.29516602 0.88989258
vt 0.78149414 0.71679688
vt 0.78344727 0.71166992
vt 0.78491211 0.71313477
vt 0.62768555 0.93603516
vt 0.62231445 0.93554688
vt 0.63256836 0.93847656
vt 0.63208008 0.93750000
vt 0.62548828 0.91503906
vt 0.56152344 0.70556641
vt 0.55957031 0.70532227
vt 0.76562500 0.78955078
vt 0.76660156 0.78588867
vt 0.30346680 0.89477539
vt 0.24414062 0.90234375
vt 0.22436523 0.90014648
vt 0.63842773 0.96166992
vt 0.63916016 0.96459961
vt 0.63818359 0.96069336
vt 0.21435547 0.89648438
vt 0.63354492 0.94213867
vt 0.62426758 0.92944336
vt 0.78271484 0.71630859
vt 0.17456055 0.89868164
vt 0.77490234 0.74340820
vt 0.16870117 0.89648438
vt 0.56079102 0.70068359
vt 0.76708984 0.79394531
vt 0.76953125 0.79418945
vt 0.24023438 0.89208984
vt 0.63208008 0.94458008
vt 0.63769531 0.96289062
vt 0.63378906 0.94726562
vt 0.63867188 0.96679688
vt 0.79150391 0.71093750
vt 0.29150391 0.89477539
vt 0.78466797 0.71606445
vt 0.63867188 0.96972656
vt 0.63989258 0.97070312
vt 0.26635742 0.90112305
vt 0.62548828 0.94238281
vt 0.73413086 0.87084961
vt 0.62719727 0.93505859
vt 0.78564453 0.75927734
vt 0.76708984 0.79589844
vt 0.26660156 0.50830078
vt 0.76733398 0.79321289
vt 0.76953125 0.79321289
vt 0.76953125 0.78686523
vt 0.77929688 0.75512695
vt 0.63671875 0.96191406
vt 0.17065430 0.88818359
vt 0.77612305 0.74853516
vt 0.23779297 0.88940430
vt 0.15942383 0.89184570
vt 0.77441406 0.74511719
vt 0.63110352 0.95190430
vt 0.63696289 0.97021484
vt 0.77416992 0.74584961
vt 0.25292969 0.89575195
vt 0.73486328 0.86962891
vt 0.80102539 0.73046875
vt 0.63159180 0.94287109
vt 0.63134766 0.94189453
vt 0.63134766 0.94189453
vt 0.76782227 0.79321289
vt 0.76953125 0.79492188
vt 0.63085938 0.93994141
vt 0.63842773 0.97607422
vt 0.29980469 0.89648438
vt 0.76782227 0.79125977
vt 0.76782227 0.78955078
vt 0.55102539 0.67749023
vt 0.76953125 0.78588867
vt 0.53369141 0.70166016
vt 0.76953125 0.77954102
vt 0.74609375 0.81762695
vt 0.77880859 0.77539062
vt 0.63183594 0.94677734
vt 0.76855469 0.78588867
vt 0.25000000 0.89233398
vt 0.22753906 0.89697266
vt 0.61352539 0.89916992
vt 0.63427734 0.96777344
vt 0.61328125 0.89770508
vt 0.21948242 0.89672852
vt 0.21777344 0.89648438
vt 0.21289062 0.89624023
vt 0.25000000 0.89086914
vt 0.21264648 0.85327148
vt 0.26000977 0.88940430
vt 0.25952148 0.89770508
vt 0.25634766 0.89746094
vt 0.25463867 0.89746094
vt 0.77612305 0.74560547
vt 0.62963867 0.94238281
vt 0.63085938 0.94409180
vt 0.62377930 0.92480469
vt 0.63037109 0.94213867
vt 0.63159180 0.94580078
vt 0.63134766 0.95043945
vt 0.63012695 0.94116211
vt 0.62231445 0.93286133
vt 0.63842773 0.97290039
vt 0.29980469 0.89819336
vt 0.11523438 0.32519531
vt 0.76953125 0.80712891
vt 0.21948242 0.89501953
vt 0.63574219 0.96533203
vt 0.63598633 0.96630859
vt 0.18334961 0.89257812
vt 0.21289062 0.89306641
vt 0.63647461 0.96826172
vt 0.21289062 0.89477539
vt 0.21337891 0.88110352
vt 0.63427734 0.96044922
vt 0.63281250 0.95874023
vt 0.25976562 0.89599609
vt 0.61621094 0.92700195
vt 0.25146484 0.89257812
vt 0.27661133 0.89306641
vt 0.63232422 0.95263672
vt 0.63061523 0.95336914
vt 0.24096680 0.86328125
vt 0.62744141 0.95312500
vt 0.62695312 0.93432617
vt 0.62500000 0.93481445
vt 0.86596680 0.56103516
vt 0.18359375 0.88720703
vt 0.23632812 0.89379883
vt 0.21630859 0.89135742
vt 0.22119141 0.89331055
vt 0.21972656 0.89160156
vt 0.61328125 0.90869141
vt 0.22778320 0.89355469
vt 0.23779297 0.89379883
vt 0.61572266 0.90893555
vt 0.61645508 0.91333008
vt 0.25805664 0.89428711
vt 0.77880859 0.74853516
vt 0.78686523 0.71875000
vt 0.63574219 0.97363281
vt 0.29638672 0.89331055
vt 0.29833984 0.89331055
vt 0.30004883 0.89477539
vt 0.86572266 0.55859375
vt 0.30004883 0.89306641
vt 0.80346680 0.84594727
vt 0.77099609 0.77612305
vt 0.63061523 0.95239258
vt 0.16625977 0.88378906
vt 0.15063477 0.88330078
vt 0.86230469 0.55737305
vt 0.62133789 0.92358398
vt 0.62963867 0.95434570
vt 0.63281250 0.96923828
vt 0.62231445 0.92626953
vt 0.22143555 0.88989258
vt 0.23803711 0.89208984
vt 0.63525391 0.97167969
vt 0.62963867 0.94946289
vt 0.62915039 0.94848633
vt 0.60864258 0.90527344
vt 0.78320312 0.75000000
vt 0.62329102 0.92968750
vt 0.62695312 0.94018555
vt 0.61669922 0.91137695
vt 0.61694336 0.91210938
vt 0.25805664 0.89086914
vt 0.24487305 0.88549805
vt 0.62622070 0.93823242
vt 0.62207031 0.94433594
vt 0.17871094 0.88500977
vt 0.61157227 0.89990234
vt 0.16333008 0.87817383
vt 0.63012695 0.95312500
vt 0.04052734 0.80664062
vt 0.15380859 0.88378906
vt 0.08422852 0.25439453
vt 0.80712891 0.89892578
vt 0.62792969 0.95483398
vt 0.22802734 0.88525391
vt 0.77685547 0.75439453
vt 0.62133789 0.92651367
vt 0.62792969 0.96118164
vt 0.79785156 0.83129883
vt 0.62890625 0.95068359
vt 0.62548828 0.96069336
vt 0.62792969 0.95092773
vt 0.62548828 0.94238281
vt 0.76489258 0.88378906
vt 0.60009766 0.36254883
vt 0.25488281 0.89086914
vt 0.25415039 0.87036133
vt 0.61230469 0.90893555
vt 0.83715820 0.53466797
vt 0.86791992 0.51562500
vt 0.20288086 0.88891602
vt 0.75390625 0.87597656
vt 0.29321289 0.89160156
vt 0.75512695 0.87670898
vt 0.61108398 0.90356445
vt 0.14794922 0.88110352
vt 0.21850586 0.55102539
vt 0.87255859 0.54931641
vt 0.61132812 0.90454102
vt 0.54736328 0.66894531
vt 0.62963867 0.95751953
vt 0.22656250 0.88183594
vt 0.22314453 0.88842773
vt 0.21655273 0.88818359
vt 0.61865234 0.92529297
vt 0.62133789 0.92944336
vt 0.61547852 0.92822266
vt 0.62866211 0.95361328
vt 0.62670898 0.95019531
vt 0.62036133 0.92968750
vt 0.62109375 0.93505859
vt 0.62451172 0.94262695
vt 0.61474609 0.91186523
vt 0.77441406 0.78710938
vt 0.60839844 0.90258789
vt 0.29345703 0.88989258
vt 0.77001953 0.88623047
vt 0.76269531 0.87084961
vt 0.21484375 0.88623047
vt 0.21337891 0.88623047
vt 0.21826172 0.88476562
vt 0.62670898 0.95019531
vt 0.62597656 0.94726562
vt 0.63012695 0.96362305
vt 0.61938477 0.94921875
vt 0.63061523 0.96875000
vt 0.62451172 0.94580078
vt 0.62207031 0.93481445
vt 0.62377930 0.93994141
vt 0.62011719 0.93261719
vt 0.62402344 0.94384766
vt 0.25000000 0.88745117
vt 0.24658203 0.88574219
vt 0.61083984 0.91113281
vt 0.17089844 0.88256836
vt 0.59252930 0.34545898
vt 0.16455078 0.88183594
vt 0.60791016 0.90380859
vt 0.61132812 0.91064453
vt 0.78417969 0.78515625
vt 0.83813477 0.53466797
vt 0.21655273 0.88476562
vt 0.22167969 0.88500977
vt 0.62915039 0.97021484
vt 0.62500000 0.97216797
vt 0.17871094 0.88183594
vt 0.23437500 0.88256836
vt 0.62084961 0.93701172
vt 0.62158203 0.94262695
vt 0.18530273 0.87866211
vt 0.61206055 0.91088867
vt 0.15429688 0.87182617
vt 0.16650391 0.87695312
vt 0.17553711 0.88134766
vt 0.17407227 0.87939453
vt 0.77636719 0.79614258
vt 0.23876953 0.87182617
vt 0.60742188 0.90747070
vt 0.58520508 0.36572266
vt 0.77636719 0.79345703
vt 0.22167969 0.88159180
vt 0.21850586 0.87988281
vt 0.62866211 0.96508789
vt 0.61718750 0.92675781
vt 0.53735352 0.68652344
vt 0.22827148 0.88012695
vt 0.58129883 0.36352539
vt 0.61816406 0.93579102
vt 0.61987305 0.93457031
vt 0.62011719 0.93530273
vt 0.61474609 0.94384766
vt 0.46386719 0.67626953
vt 0.26196289 0.87768555
vt 0.61157227 0.91210938
vt 0.59985352 0.91210938
vt 0.60864258 0.90820312
vt 0.62158203 0.96069336
vt 0.29296875 0.88427734
vt 0.53100586 0.68383789
vt 0.53515625 0.67944336
vt 0.79516602 0.71704102
vt 0.62744141 0.96435547
vt 0.53344727 0.68530273
vt 0.77832031 0.77978516
vt 0.21875000 0.87280273
vt 0.22338867 0.88159180
vt 0.22485352 0.88183594
vt 0.61816406 0.93212891
vt 0.62939453 0.97094727
vt 0.61572266 0.93774414
vt 0.18212891 0.87841797
vt 0.17895508 0.87475586
vt 0.17578125 0.87451172
vt 0.60742188 0.90478516
vt 0.60644531 0.90502930
vt 0.60742188 0.90747070
vt 0.60522461 0.90747070
vt 0.60791016 0.90844727
vt 0.77758789 0.80004883
vt 0.62695312 0.96459961
vt 0.54394531 0.67285156
vt 0.18579102 0.87792969
vt 0.54199219 0.65722656
vt 0.78613281 0.75756836
vt 0.21508789 0.87963867
vt 0.21582031 0.87133789
vt 0.22192383 0.87988281
vt 0.22656250 0.88012695
vt 0.22875977 0.87158203
vt 0.23046875 0.87329102
vt 0.23535156 0.87866211
vt 0.62597656 0.96704102
vt 0.62744141 0.96752930
vt 0.05273438 0.78906250
vt 0.62231445 0.95947266
vt 0.62500000 0.95874023
vt 0.62646484 0.96582031
vt 0.79492188 0.71777344
vt 0.62255859 0.94921875
vt 0.62011719 0.94116211
vt 0.79760742 0.83203125
vt 0.61938477 0.94238281
vt 0.16040039 0.87451172
vt 0.16503906 0.87329102
vt 0.15747070 0.87231445
vt 0.14868164 0.87084961
vt 0.59887695 0.90209961
vt 0.60815430 0.90917969
vt 0.60620117 0.90991211
vt 0.78735352 0.76953125
vt 0.05419922 0.78930664
vt 0.05517578 0.78857422
vt 0.78002930 0.79174805
vt 0.77905273 0.79345703
vt 0.77905273 0.79248047
vt 0.78002930 0.78979492
vt 0.61425781 0.93334961
vt 0.60400391 0.93652344
vt 0.61987305 0.94995117
vt 0.23388672 0.87866211
vt 0.18701172 0.87353516
vt 0.16845703 0.86694336
vt 0.17895508 0.87475586
vt 0.16210938 0.87133789
vt 0.16821289 0.87207031
vt 0.15014648 0.87109375
vt 0.25024414 0.87915039
vt 0.24169922 0.87866211
vt 0.24682617 0.87719727
vt 0.77783203 0.88183594
vt 0.62548828 0.97094727
vt 0.60620117 0.90991211
vt 0.60229492 0.91308594
vt 0.50292969 0.68286133
vt 0.49511719 0.69775391
vt 0.78662109 0.88452148
vt 0.62036133 0.95190430
vt 0.78515625 0.75268555
vt 0.17285156 0.87060547
vt 0.17285156 0.87255859
vt 0.16503906 0.87158203
vt 0.17749023 0.87109375
vt 0.18725586 0.86840820
vt 0.49145508 0.69970703
vt 0.60498047 0.90942383
vt 0.52075195 0.67651367
vt 0.51953125 0.67749023
vt 0.49267578 0.69360352
vt 0.51269531 0.67724609
vt 0.49291992 0.69702148
vt 0.51367188 0.66918945
vt 0.49511719 0.69506836
vt 0.51513672 0.67529297
vt 0.48901367 0.69848633
vt 0.51098633 0.67993164
vt 0.78588867 0.79516602
vt 0.78393555 0.79785156
vt 0.09716797 0.32739258
vt 0.62402344 0.96533203
vt 0.62133789 0.96289062
vt 0.61962891 0.95312500
vt 0.61035156 0.92871094
vt 0.62207031 0.96264648
vt 0.61254883 0.93408203
vt 0.50781250 0.68310547
vt 0.50781250 0.68310547
vt 0.49536133 0.69238281
vt 0.15014648 0.86767578
vt 0.16088867 0.86572266
vt 0.60131836 0.90063477
vt 0.17138672 0.87060547
vt 0.18872070 0.87182617
vt 0.24536133 0.87377930
vt 0.27026367 0.87622070
vt 0.78369141 0.78979492
vt 0.59936523 0.90844727
vt 0.49047852 0.69555664
vt 0.60522461 0.91015625
vt 0.51977539 0.67138672
vt 0.50878906 0.67553711
vt 0.47729492 0.69604492
vt 0.51245117 0.67651367
vt 0.51171875 0.67504883
vt 0.78344727 0.77319336
vt 0.51513672 0.67211914
vt 0.61425781 0.93920898
vt 0.79174805 0.73974609
vt 0.61645508 0.94604492
vt 0.62133789 0.96289062
vt 0.17456055 0.86914062
vt 0.18090820 0.86962891
vt 0.23046875 0.86987305
vt 0.52270508 0.66259766
vt 0.19262695 0.85839844
vt 0.15185547 0.86450195
vt 0.50756836 0.67651367
vt 0.51953125 0.66723633
vt 0.51708984 0.66894531
vt 0.50708008 0.67236328
vt 0.51708984 0.65795898
vt 0.52001953 0.66455078
vt 0.51757812 0.66308594
vt 0.78491211 0.78613281
vt 0.78320312 0.78613281
vt 0.21704102 0.87084961
vt 0.78320312 0.77416992
vt 0.56738281 0.92846680
vt 0.52075195 0.66210938
vt 0.61059570 0.93164062
vt 0.79663086 0.73657227
vt 0.79003906 0.74951172
vt 0.50854492 0.60473633
vt 0.61523438 0.94555664
vt 0.61450195 0.94287109
vt 0.22900391 0.86816406
vt 0.17773438 0.86596680
vt 0.61840820 0.95263672
vt 0.61914062 0.95532227
vt 0.50708008 0.67236328
vt 0.53125000 0.65258789
vt 0.81494141 0.88647461
vt 0.51489258 0.66406250
vt 0.23730469 0.87011719
vt 0.15478516 0.86328125
vt 0.52905273 0.65332031
vt 0.50708008 0.66650391
vt 0.50561523 0.66943359
vt 0.51635742 0.66406250
vt 0.50878906 0.66967773
vt 0.51220703 0.66601562
vt 0.80395508 0.75927734
vt 0.51293945 0.66381836
vt 0.51342773 0.66528320
vt 0.50903320 0.66650391
vt 0.52490234 0.65307617
vt 0.78369141 0.78784180
vt 0.79052734 0.80810547
vt 0.78881836 0.80249023
vt 0.52758789 0.65136719
vt 0.52636719 0.65234375
vt 0.60595703 0.93090820
vt 0.61523438 0.95239258
vt 0.78686523 0.79443359
vt 0.60473633 0.91577148
vt 0.61157227 0.94384766
vt 0.17016602 0.86523438
vt 0.21801758 0.86059570
vt 0.18261719 0.86474609
vt 0.78637695 0.78979492
vt 0.17944336 0.86621094
vt 0.17480469 0.86230469
vt 0.22558594 0.86962891
vt 0.16601562 0.85595703
vt 0.23095703 0.86816406
vt 0.18750000 0.86669922
vt 0.16235352 0.86425781
vt 0.23901367 0.87011719
vt 0.23901367 0.86840820
vt 0.16259766 0.86083984
vt 0.22778320 0.86474609
vt 0.50195312 0.65576172
vt 0.60205078 0.91235352
vt 0.50488281 0.66821289
vt 0.52416992 0.65136719
vt 0.49462891 0.66796875
vt 0.79467773 0.80615234
vt 0.78491211 0.78784180
vt 0.79736328 0.74267578
vt 0.60327148 0.93188477
vt 0.61376953 0.94409180
vt 0.22412109 0.86791992
vt 0.17163086 0.86376953
vt 0.22900391 0.86816406
vt 0.18579102 0.86474609
vt 0.18945312 0.85815430
vt 0.78588867 0.79052734
vt 0.78613281 0.80346680
vt 0.60668945 0.92993164
vt 0.61230469 0.94555664
vt 0.61279297 0.94433594
vt 0.18286133 0.86108398
vt 0.48388672 0.65722656
vt 0.18603516 0.86303711
vt 0.18139648 0.85937500
vt 0.15234375 0.85424805
vt 0.15502930 0.85815430
vt 0.78784180 0.79052734
vt 0.60571289 0.93310547
vt 0.60546875 0.92651367
vt 0.61010742 0.93945312
vt 0.61108398 0.94213867
vt 0.60693359 0.94799805
vt 0.18603516 0.86132812
vt 0.18920898 0.86157227
vt 0.19262695 0.86181641
vt 0.59594727 0.90234375
vt 0.79687500 0.77612305
vt 0.78881836 0.78881836
vt 0.60815430 0.94213867
vt 0.81396484 0.75073242
vt 0.16894531 0.85815430
vt 0.19091797 0.86010742
vt 0.15820312 0.85668945
vt 0.15722656 0.84960938
vt 0.22119141 0.86254883
vt 0.59814453 0.91064453
vt 0.20068359 0.84130859
vt 0.49218750 0.65307617
vt 0.49951172 0.63574219
vt 0.78930664 0.78881836
vt 0.49291992 0.65063477
vt 0.49951172 0.62548828
vt 0.61035156 0.94604492
vt 0.60888672 0.94458008
vt 0.61499023 0.96166992
vt 0.61206055 0.95849609
vt 0.61425781 0.95971680
vt 0.43139648 0.62377930
vt 0.17846680 0.84863281
vt 0.15698242 0.85302734
vt 0.09106445 0.28051758
vt 0.49365234 0.65209961
vt 0.51416016 0.63085938
vt 0.60888672 0.94750977
vt 0.15844727 0.85327148
vt 0.19311523 0.85156250
vt 0.19433594 0.85668945
vt 0.51611328 0.62719727
vt 0.48876953 0.64599609
vt 0.51416016 0.62719727
vt 0.60498047 0.97607422
vt 0.46655273 0.65942383
vt 0.79248047 0.42944336
vt 0.79101562 0.80834961
vt 0.45458984 0.65625000
vt 0.60717773 0.94238281
vt 0.49121094 0.64331055
vt 0.60595703 0.94189453
vt 0.49389648 0.64233398
vt 0.60644531 0.94628906
vt 0.10546875 0.29785156
vt 0.75097656 0.83959961
vt 0.19287109 0.85498047
vt 0.46386719 0.65722656
vt 0.46752930 0.66113281
vt 0.49243164 0.64257812
vt 0.51196289 0.62622070
vt 0.79272461 0.80249023
vt 0.79174805 0.80151367
vt 0.60131836 0.92968750
vt 0.60400391 0.93945312
vt 0.60913086 0.95947266
vt 0.16113281 0.83813477
vt 0.18212891 0.84716797
vt 0.51635742 0.61767578
vt 0.51123047 0.62109375
vt 0.48046875 0.62158203
vt 0.80126953 0.80810547
vt 0.79418945 0.79785156
vt 0.60205078 0.94580078
vt 0.59790039 0.92602539
vt 0.59643555 0.93310547
vt 0.59887695 0.94287109
vt 0.59887695 0.93994141
vt 0.82861328 0.73217773
vt 0.16650391 0.84765625
vt 0.50927734 0.62036133
vt 0.22534180 0.85400391
vt 0.48242188 0.61816406
vt 0.60522461 0.94580078
vt 0.60400391 0.94238281
vt 0.60107422 0.94335938
vt 0.60888672 0.96557617
vt 0.60766602 0.97094727
vt 0.60742188 0.95849609
vt 0.60107422 0.93750000
vt 0.17138672 0.84472656
vt 0.57861328 0.90576172
vt 0.17626953 0.84155273
vt 0.45996094 0.64990234
vt 0.47680664 0.60717773
vt 0.46337891 0.64697266
vt 0.60400391 0.94531250
vt 0.79565430 0.79248047
vt 0.60595703 0.95141602
vt 0.60107422 0.94018555
vt 0.60937500 0.96337891
vt 0.60083008 0.93652344
vt 0.59838867 0.92993164
vt 0.15600586 0.84448242
vt 0.47119141 0.63818359
vt 0.15942383 0.81860352
vt 0.47827148 0.60302734
vt 0.50952148 0.60693359
vt 0.79687500 0.77416992
vt 0.59667969 0.92871094
vt 0.60668945 0.96118164
vt 0.15771484 0.84130859
vt 0.15478516 0.83911133
vt 0.58203125 0.90649414
vt 0.46118164 0.62451172
vt 0.46215820 0.63769531
vt 0.79736328 0.80078125
vt 0.79931641 0.76977539
vt 0.79931641 0.79614258
vt 0.60327148 0.94921875
vt 0.18579102 0.84130859
vt 0.60351562 0.95312500
vt 0.60375977 0.95019531
vt 0.60693359 0.96215820
vt 0.60693359 0.96508789
vt 0.59985352 0.94262695
vt 0.80151367 0.76977539
vt 0.80419922 0.80517578
vt 0.79687500 0.77783203
vt 0.81494141 0.86230469
vt 0.79956055 0.80322266
vt 0.18408203 0.84375000
vt 0.18725586 0.84399414
vt 0.46557617 0.63378906
vt 0.46264648 0.63500977
vt 0.46411133 0.63403320
vt 0.46704102 0.62988281
vt 0.79833984 0.80151367
vt 0.60009766 0.95532227
vt 0.60205078 0.95874023
vt 0.59448242 0.93090820
vt 0.79785156 0.80908203
vt 0.15966797 0.83618164
vt 0.15673828 0.83398438
vt 0.16577148 0.83691406
vt 0.16699219 0.84057617
vt 0.16894531 0.83544922
vt 0.46752930 0.62695312
vt 0.45605469 0.62817383
vt 0.09643555 0.32788086
vt 0.60058594 0.95019531
vt 0.60009766 0.94921875
vt 0.60595703 0.96533203
vt 0.59252930 0.92871094
vt 0.60180664 0.95776367
vt 0.81494141 0.72216797
vt 0.59497070 0.94042969
vt 0.59521484 0.94116211
vt 0.59692383 0.94067383
vt 0.59814453 0.94116211
vt 0.15649414 0.83740234
vt 0.16430664 0.83666992
vt 0.78588867 0.46289062
vt 0.79931641 0.76806641
vt 0.15625000 0.82153320
vt 0.82519531 0.69433594
vt 0.79956055 0.77319336
vt 0.59643555 0.95043945
vt 0.60278320 0.95751953
vt 0.60058594 0.96411133
vt 0.59619141 0.93798828
vt 0.60156250 0.96386719
vt 0.60375977 0.96118164
vt 0.16137695 0.83642578
vt 0.47119141 0.61669922
vt 0.59838867 0.94702148
vt 0.80126953 0.79248047
vt 0.82763672 0.69531250
vt 0.60009766 0.95532227
vt 0.59887695 0.95166016
vt 0.59716797 0.95239258
vt 0.59130859 0.92773438
vt 0.60229492 0.95971680
vt 0.60278320 0.96142578
vt 0.59790039 0.95800781
vt 0.60229492 0.96972656
vt 0.60424805 0.96997070
vt 0.15869141 0.82910156
vt 0.16601562 0.83349609
vt 0.16162109 0.83300781
vt 0.82763672 0.69531250
vt 0.57421875 0.94702148
vt 0.59643555 0.94750977
vt 0.59350586 0.94775391
vt 0.58251953 0.93286133
vt 0.59667969 0.94555664
vt 0.59643555 0.94482422
vt 0.59497070 0.94335938
vt 0.58154297 0.90576172
vt 0.15991211 0.83276367
vt 0.16162109 0.83300781
vt 0.58984375 0.97607422
vt 0.47143555 0.59228516
vt 0.48437500 0.58666992
vt 0.80834961 0.80810547
vt 0.48901367 0.58935547
vt 0.50097656 0.54394531
vt 0.81127930 0.85131836
vt 0.48486328 0.58813477
vt 0.58691406 0.92749023
vt 0.59936523 0.96020508
vt 0.59082031 0.93505859
vt 0.59204102 0.93554688
vt 0.59179688 0.93750000
vt 0.59252930 0.93920898
vt 0.57934570 0.90551758
vt 0.49145508 0.58398438
vt 0.16040039 0.82763672
vt 0.58789062 0.92773438
vt 0.46020508 0.60864258
vt 0.45288086 0.61108398
vt 0.50097656 0.54394531
vt 0.83496094 0.71044922
vt 0.80419922 0.77514648
vt 0.48974609 0.55761719
vt 0.58325195 0.92895508
vt 0.59399414 0.95532227
vt 0.59057617 0.93408203
vt 0.58935547 0.93652344
vt 0.60131836 0.96679688
vt 0.60083008 0.96508789
vt 0.59472656 0.95800781
vt 0.59082031 0.94360352
vt 0.60107422 0.96899414
vt 0.81005859 0.84912109
vt 0.80908203 0.84912109
vt 0.81494141 0.80834961
vt 0.80419922 0.79418945
vt 0.80419922 0.79150391
vt 0.80615234 0.79052734
vt 0.80493164 0.79052734
vt 0.80615234 0.78881836
vt 0.42773438 0.59106445
vt 0.59643555 0.95361328
vt 0.59594727 0.95166016
vt 0.58984375 0.93823242
vt 0.58715820 0.92797852
vt 0.59399414 0.95825195
vt 0.59497070 0.94897461
vt 0.59204102 0.95288086
vt 0.58691406 0.93041992
vt 0.59130859 0.94165039
vt 0.59082031 0.94360352
vt 0.59741211 0.96411133
vt 0.59814453 0.96044922
vt 0.80444336 0.83618164
vt 0.48461914 0.57666016
vt 0.48681641 0.57226562
vt 0.80493164 0.78881836
vt 0.48999023 0.57324219
vt 0.80493164 0.79248047
vt 0.80493164 0.79345703
vt 0.80541992 0.79516602
vt 0.48730469 0.57470703
vt 0.83471680 0.72363281
vt 0.59033203 0.93896484
vt 0.58789062 0.93310547
vt 0.58935547 0.93652344
vt 0.58935547 0.94506836
vt 0.59179688 0.94628906
vt 0.58740234 0.93139648
vt 0.59204102 0.94409180
vt 0.59912109 0.96948242
vt 0.80541992 0.79516602
vt 0.59741211 0.96069336
vt 0.79272461 0.42749023
vt 0.80615234 0.80908203
vt 0.59375000 0.95434570
vt 0.59277344 0.95166016
vt 0.58935547 0.93920898
vt 0.58593750 0.93847656
vt 0.58813477 0.93579102
vt 0.59033203 0.94189453
vt 0.59130859 0.94458008
vt 0.58447266 0.92944336
vt 0.58349609 0.93237305
vt 0.59277344 0.94873047
vt 0.59204102 0.94702148
vt 0.58618164 0.95385742
vt 0.59716797 0.96923828
vt 0.58422852 0.92846680
vt 0.59716797 0.96313477
vt 0.59448242 0.96411133
vt 0.59912109 0.97265625
vt 0.79687500 0.45141602
vt 0.80517578 0.84301758
vt 0.81103516 0.76171875
vt 0.83276367 0.72412109
vt 0.59375000 0.96826172
vt 0.59667969 0.96435547
vt 0.59301758 0.95263672
vt 0.59326172 0.95336914
vt 0.58593750 0.93847656
vt 0.59765625 0.96801758
vt 0.80810547 0.77880859
vt 0.82104492 0.80688477
vt 0.81103516 0.77709961
vt 0.49267578 0.54492188
vt 0.59179688 0.95507812
vt 0.58593750 0.93554688
vt 0.58544922 0.93481445
vt 0.79882812 0.41577148
vt 0.48046875 0.55297852
vt 0.58789062 0.94360352
vt 0.58666992 0.94897461
vt 0.58422852 0.93432617
vt 0.58496094 0.93872070
vt 0.46655273 0.56030273
vt 0.15771484 0.81689453
vt 0.47851562 0.55126953
vt 0.81103516 0.77880859
vt 0.46362305 0.56835938
vt 0.46362305 0.56079102
vt 0.58764648 0.94848633
vt 0.58618164 0.94506836
vt 0.52319336 0.91503906
vt 0.58398438 0.94482422
vt 0.58813477 0.95922852
vt 0.58374023 0.93530273
vt 0.58471680 0.93798828
vt 0.58227539 0.93188477
vt 0.43457031 0.58422852
vt 0.48144531 0.55078125
vt 0.53173828 0.91894531
vt 0.47363281 0.55322266
vt 0.45141602 0.57519531
vt 0.43041992 0.58911133
vt 0.47949219 0.55053711
vt 0.82495117 0.40771484
vt 0.81103516 0.80322266
vt 0.81274414 0.79418945
vt 0.58471680 0.94360352
vt 0.59350586 0.96752930
vt 0.59277344 0.96875000
vt 0.03369141 0.76635742
vt 0.52172852 0.91918945
vt 0.58666992 0.95190430
vt 0.58496094 0.94750977
vt 0.58569336 0.94628906
vt 0.58276367 0.94140625
vt 0.53149414 0.91748047
vt 0.82714844 0.77734375
vt 0.76611328 0.43188477
vt 0.56860352 0.91259766
vt 0.81616211 0.76025391
vt 0.52221680 0.92138672
vt 0.58544922 0.94824219
vt 0.58593750 0.95019531
vt 0.58447266 0.94580078
vt 0.58471680 0.94653320
vt 0.58374023 0.94409180
vt 0.57861328 0.95263672
vt 0.58715820 0.96264648
vt 0.57739258 0.93334961
vt 0.58911133 0.96997070
vt 0.52563477 0.92138672
vt 0.52685547 0.92431641
vt 0.82885742 0.72363281
vt 0.82861328 0.72460938
vt 0.53417969 0.92700195
vt 0.82592773 0.73974609
vt 0.82348633 0.74072266
vt 0.82397461 0.74487305
vt 0.58178711 0.94458008
vt 0.58764648 0.95825195
vt 0.58715820 0.95654297
vt 0.58715820 0.95654297
vt 0.52270508 0.92456055
vt 0.54687500 0.92114258
vt 0.52392578 0.92578125
vt 0.82934570 0.72485352
vt 0.83105469 0.73315430
vt 0.55102539 0.92187500
vt 0.56762695 0.92041016
vt 0.54272461 0.92602539
vt 0.58569336 0.96801758
vt 0.57763672 0.93920898
vt 0.52294922 0.92602539
vt 0.83520508 0.72387695
vt 0.55029297 0.92333984
vt 0.55419922 0.92309570
vt 0.58642578 0.97070312
vt 0.83203125 0.72583008
vt 0.81958008 0.79052734
vt 0.58154297 0.94946289
vt 0.57861328 0.94458008
vt 0.54272461 0.92553711
vt 0.58276367 0.97216797
vt 0.54174805 0.92602539
vt 0.55371094 0.92602539
vt 0.54101562 0.93359375
vt 0.82885742 0.73413086
vt 0.81958008 0.79687500
vt 0.81738281 0.79589844
vt 0.81738281 0.79516602
vt 0.82177734 0.80493164
vt 0.53222656 0.92822266
vt 0.57690430 0.94018555
vt 0.55957031 0.92919922
vt 0.81787109 0.79687500
vt 0.54882812 0.92773438
vt 0.55273438 0.92919922
vt 0.83178711 0.72656250
vt 0.57763672 0.97412109
vt 0.82641602 0.74096680
vt 0.82885742 0.74975586
vt 0.58105469 0.95654297
vt 0.56323242 0.92871094
vt 0.57226562 0.95043945
vt 0.56542969 0.92895508
vt 0.56152344 0.92919922
vt 0.83447266 0.72485352
vt 0.82006836 0.79687500
vt 0.82104492 0.78857422
vt 0.58129883 0.95458984
vt 0.58105469 0.95361328
vt 0.57373047 0.95117188
vt 0.54589844 0.93261719
vt 0.54785156 0.93237305
vt 0.53784180 0.94995117
vt 0.81958008 0.78955078
vt 0.56152344 0.93261719
vt 0.55078125 0.93334961
vt 0.83349609 0.72900391
vt 0.83520508 0.73071289
vt 0.82006836 0.79223633
vt 0.58007812 0.95703125
vt 0.57861328 0.95532227
vt 0.52294922 0.93579102
vt 0.57666016 0.95312500
vt 0.52539062 0.93627930
vt 0.83520508 0.72753906
vt 0.54321289 0.94384766
vt 0.83520508 0.73364258
vt 0.83398438 0.72998047
vt 0.83325195 0.73486328
vt 0.58129883 0.96362305
vt 0.01684570 0.76879883
vt 0.56127930 0.95629883
vt 0.83374023 0.79809570
vt 0.83398438 0.74926758
vt 0.58081055 0.96166992
vt 0.57568359 0.95336914
vt 0.57495117 0.94580078
vt 0.54760742 0.93945312
vt 0.83496094 0.74023438
vt 0.54638672 0.94213867
vt 0.57739258 0.96386719
vt 0.57690430 0.95703125
vt 0.57519531 0.95458984
vt 0.82421875 0.78027344
vt 0.55615234 0.94140625
vt 0.53076172 0.94335938
vt 0.83520508 0.73535156
vt 0.52270508 0.94458008
vt 0.83496094 0.73535156
vt 0.54833984 0.94335938
vt 0.53344727 0.94580078
vt 0.82836914 0.76904297
vt 0.57763672 0.96484375
vt 0.57568359 0.96533203
vt 0.53442383 0.94580078
vt 0.53125000 0.95458984
vt 0.52563477 0.95336914
vt 0.82617188 0.78027344
vt 0.82617188 0.78759766
vt 0.83471680 0.74194336
vt 0.53320312 0.94799805
vt 0.57690430 0.96606445
vt 0.83496094 0.74414062
vt 0.54467773 0.94824219
vt 0.83471680 0.74291992
vt 0.82739258 0.78735352
vt 0.82714844 0.79565430
vt 0.82836914 0.79296875
vt 0.83374023 0.79711914
vt 0.57568359 0.96533203
vt 0.57275391 0.96020508
vt 0.52246094 0.95483398
vt 0.52465820 0.95581055
vt 0.52563477 0.95727539
vt 0.52758789 0.95458984
vt 0.52832031 0.95458984
vt 0.82788086 0.79663086
vt 0.53125000 0.95336914
vt 0.55908203 0.95019531
vt 0.83471680 0.74731445
vt 0.52246094 0.95800781
vt 0.53759766 0.95385742
vt 0.52929688 0.95922852
vt 0.52661133 0.95800781
vt 0.53125000 0.96166992
vt 0.54882812 0.95776367
vt 0.83447266 0.75170898
vt 0.52465820 0.95922852
vt 0.56933594 0.97192383
vt 0.53491211 0.95776367
vt 0.54980469 0.95678711
vt 0.56152344 0.97265625
vt 0.83447266 0.79638672
vt 0.55395508 0.97070312
vt 0.55297852 0.97656250
vt 0.83447266 0.79711914
vt 0.56372070 0.97216797
f 5883/5883 6114/6114 6190/6190
f 6076/6076 6190/6190 6114/6114
f 6102/6102 6076/6076 6114/6114
f 6085/6085 6102/6102 6114/6114
f 6076/6076 6102/6102 6085/6085
f 5832/5832 5989/5989 5883/5883
f 6190/6190 6076/6076 6258/6258
f 6325/6325 6335/6335 6320/6320
f 6326/6326 6325/6325 6320/6320
f 6326/6326 6335/6335 6422/6422
f 6326/6326 6335/6335 6325/6325
f 6190/6190 6326/6326 6422/6422
f 6336/6336 6358/6358 6422/6422
f 6374/6374 6422/6422 6358/6358
f 6331/6331 6358/6358 6357/6357
f 6338/6338 6331/6331 6357/6357
f 6358/6358 6338/6338 6357/6357
f 6276/6276 5989/5989 6374/6374
f 6272/6272 5989/5989 6276/6276
f 6297/6297 6276/6276 6323/6323
f 6296/6296 6276/6276 6297/6297
f 6323/6323 6296/6296 6297/6297
f 5883/5883 5989/5989 6076/6076
f 5989/5989 6258/6258 6076/6076
f 6114/6114 5883/5883 6076/6076
f 6326/6326 6190/6190 6258/6258
f 5989/5989 6272/6272 6258/6258
f 6258/6258 6272/6272 6336/6336
f 6322/6322 6272/6272 6295/6295
f 6336/6336 6322/6322 6295/6295
f 6272/6272 6322/6322 6336/6336
f 6326/6326 6258/6258 6336/6336
f 6335/6335 6336/6336 6422/6422
f 6635/6635 6634/6634 6554/6554
f 6653/6653 6634/6634 6635/6635
f 6655/6655 6653/6653 6635/6635
f 6655/6655 6634/6634 6653/6653
f 6755/6755 6554/6554 6634/6634
f 6638/6638 6634/6634 6648/6648
f 6633/6633 6634/6634 6638/6638
f 6633/6633 6638/6638 6648/6648
f 6799/6799 6633/6633 6634/6634
f 6634/6634 6657/6657 6799/6799
f 6635/6635 6657/6657 6634/6634
f 6554/6554 6657/6657 6635/6635
f 6554/6554 5844/5844 6657/6657
f 5989/5989 6420/6420 6374/6374
f 5844/5844 4280/4280 4417/4417
f 5082/5082 5844/5844 5787/5787
f 5083/5083 5027/5027 5082/5082
f 5084/5084 5083/5083 5082/5082
f 5787/5787 5084/5084 5082/5082
f 4304/4304 4301/4301 4280/4280
f 4305/4305 4301/4301 4304/4304
f 4280/4280 4305/4305 4304/4304
f 4305/4305 4320/4320 4314/4314
f 4320/4320 4305/4305 4321/4321
f 4314/4314 4320/4320 4321/4321
f 4305/4305 4366/4366 4321/4321
f 4280/4280 4366/4366 4305/4305
f 4366/4366 5084/5084 5787/5787
f 6190/6190 6422/6422 6755/6755
f 6626/6626 6273/6273 6190/6190
f 6755/6755 6626/6626 6190/6190
f 6755/6755 6709/6709 6718/6718
f 6420/6420 6755/6755 6422/6422
f 6374/6374 6420/6420 6422/6422
f 5032/5032 6190/6190 6273/6273
f 6494/6494 6361/6361 6342/6342
f 6452/6452 6361/6361 6494/6494
f 6452/6452 6417/6417 6361/6361
f 6417/6417 6452/6452 6494/6494
f 6492/6492 6490/6490 6494/6494
f 6491/6491 6490/6490 6492/6492
f 6494/6494 6491/6491 6492/6492
f 6348/6348 6494/6494 6342/6342
f 6748/6748 6342/6342 6632/6632
f 6471/6471 6342/6342 6748/6748
f 6942/6942 6471/6471 6748/6748
f 6541/6541 6471/6471 6834/6834
f 6942/6942 6881/6881 6471/6471
f 7121/7121 6881/6881 6942/6942
f 6437/6437 6821/6821 6881/6881
f 6856/6856 6881/6881 6821/6821
f 6879/6879 6856/6856 6821/6821
f 6856/6856 6879/6879 6896/6896
f 6879/6879 6821/6821 6896/6896
f 6847/6847 6856/6856 6845/6845
f 6821/6821 6845/6845 6856/6856
f 6821/6821 6847/6847 6845/6845
f 6826/6826 6847/6847 6821/6821
f 6789/6789 6826/6826 6821/6821
f 6789/6789 6847/6847 6826/6826
f 6663/6663 6789/6789 6741/6741
f 6639/6639 6741/6741 6789/6789
f 6639/6639 6663/6663 6741/6741
f 6762/6762 6639/6639 6789/6789
f 6821/6821 6762/6762 6789/6789
f 6821/6821 6639/6639 6762/6762
f 6437/6437 6660/6660 6821/6821
f 6779/6779 6660/6660 6659/6659
f 6639/6639 6661/6661 6663/6663
f 6615/6615 6661/6661 6639/6639
f 6615/6615 6663/6663 6661/6661
f 6615/6615 6640/6640 6663/6663
f 6766/6766 6664/6664 6611/6611
f 6665/6665 6694/6694 6766/6766
f 6611/6611 6766/6766 6694/6694
f 6611/6611 6694/6694 6665/6665
f 6541/6541 6611/6611 6601/6601
f 6620/6620 6601/6601 6611/6611
f 6517/6517 6601/6601 6620/6620
f 6559/6559 6517/6517 6620/6620
f 6401/6401 6559/6559 6620/6620
f 6529/6529 6401/6401 6620/6620
f 6559/6559 6401/6401 6517/6517
f 6601/6601 6517/6517 6541/6541
f 6587/6587 6541/6541 6517/6517
f 6586/6586 6541/6541 6587/6587
f 6517/6517 6586/6586 6587/6587
f 6428/6428 6517/6517 6401/6401
f 6436/6436 6517/6517 6428/6428
f 6428/6428 6401/6401 6436/6436
f 6362/6362 6401/6401 6310/6310
f 6279/6279 6401/6401 6362/6362
f 6362/6362 6310/6310 6279/6279
f 6318/6318 6279/6279 6283/6283
f 6254/6254 6292/6292 6341/6341
f 6248/6248 6292/6292 6254/6254
f 6254/6254 6341/6341 6248/6248
f 6251/6251 6248/6248 6232/6232
f 6222/6222 6248/6248 6251/6251
f 6329/6329 6288/6288 6341/6341
f 6222/6222 6251/6251 6232/6232
f 6222/6222 6197/6197 6179/6179
f 6160/6160 6179/6179 6197/6197
f 6222/6222 6179/6179 6160/6160
f 6128/6128 6224/6224 6182/6182
f 6288/6288 6223/6223 6341/6341
f 6223/6223 6341/6341 6288/6288
f 6329/6329 6429/6429 6288/6288
f 6341/6341 6429/6429 6329/6329
f 6330/6330 6288/6288 6429/6429
f 6363/6363 6330/6330 6429/6429
f 6288/6288 6330/6330 6363/6363
f 6429/6429 6482/6482 6363/6363
f 6182/6182 6224/6224 6221/6221
f 6433/6433 6367/6367 6303/6303
f 6433/6433 6303/6303 6304/6304
f 6284/6284 6287/6287 6304/6304
f 6367/6367 6284/6284 6304/6304
f 6367/6367 6287/6287 6284/6284
f 6304/6304 6303/6303 6367/6367
f 6164/6164 6221/6221 6169/6169
f 6367/6367 6220/6220 6169/6169
f 6185/6185 6220/6220 6367/6367
f 6169/6169 6220/6220 6185/6185
f 6302/6302 6185/6185 6367/6367
f 6164/6164 6169/6169 6042/6042
f 6221/6221 6164/6164 6042/6042
f 6095/6095 6110/6110 6042/6042
f 6071/6071 6110/6110 6095/6095
f 6130/6130 6143/6143 6221/6221
f 6128/6128 6143/6143 6130/6130
f 6128/6128 6221/6221 6143/6143
f 6182/6182 6221/6221 6128/6128
f 6072/6072 6097/6097 6098/6098
f 6095/6095 6042/6042 6071/6071
f 5946/5946 6042/6042 6064/6064
f 6044/6044 6064/6064 6042/6042
f 6044/6044 5946/5946 6064/6064
f 6042/6042 5946/5946 6025/6025
f 5946/5946 5944/5944 5978/5978
f 5907/5907 5944/5944 5946/5946
f 5976/5976 6091/6091 5972/5972
f 6044/6044 5976/5976 5972/5972
f 6044/6044 6091/6091 5976/5976
f 5927/5927 5972/5972 6091/6091
f 6046/6046 6091/6091 6044/6044
f 6046/6046 6044/6044 6107/6107
f 6087/6087 6107/6107 6124/6124
f 6091/6091 6107/6107 6087/6087
f 6124/6124 6091/6091 6087/6087
f 6046/6046 6107/6107 6091/6091
f 5928/5928 5927/5927 6091/6091
f 5972/5972 5927/5927 5928/5928
f 5802/5802 5972/5972 6091/6091
f 5799/5799 6091/6091 5916/5916
f 5799/5799 5916/5916 5618/5618
f 5777/5777 5799/5799 5618/5618
f 5777/5777 5752/5752 5799/5799
f 5830/5830 5799/5799 5828/5828
f 6091/6091 5799/5799 5830/5830
f 5828/5828 6091/6091 5830/5830
f 5802/5802 6091/6091 5828/5828
f 5774/5774 5828/5828 5752/5752
f 5618/5618 5752/5752 5777/5777
f 5775/5775 5774/5774 5752/5752
f 5775/5775 5828/5828 5774/5774
f 5972/5972 5802/5802 5776/5776
f 5776/5776 5802/5802 5828/5828
f 5775/5775 5778/5778 5800/5800
f 5800/5800 5778/5778 5720/5720
f 5775/5775 5720/5720 5778/5778
f 5755/5755 5720/5720 5775/5775
f 5623/5623 5720/5720 5755/5755
f 5775/5775 5623/5623 5755/5755
f 5722/5722 5723/5723 5720/5720
f 5623/5623 5722/5722 5720/5720
f 5623/5623 5723/5723 5722/5722
f 5618/5618 5775/5775 5752/5752
f 5518/5518 5618/5618 5916/5916
f 5518/5518 5916/5916 5072/5072
f 5539/5539 5571/5571 5518/5518
f 5594/5594 5646/5646 5571/5571
f 5596/5596 5646/5646 5594/5594
f 5571/5571 5596/5596 5594/5594
f 5596/5596 5622/5622 5646/5646
f 5623/5623 5646/5646 5622/5622
f 5596/5596 5623/5623 5622/5622
f 5724/5724 5720/5720 5684/5684
f 5650/5650 5684/5684 5623/5623
f 5650/5650 5623/5623 5570/5570
f 5684/5684 5650/5650 5570/5570
f 5684/5684 5570/5570 5591/5591
f 5570/5570 5540/5540 5591/5591
f 5571/5571 5539/5539 5596/5596
f 5491/5491 5501/5501 5518/5518
f 5072/5072 5491/5491 5518/5518
f 5501/5501 5491/5491 5072/5072
f 5016/5016 5072/5072 5017/5017
f 5072/5072 5916/5916 4861/4861
f 4767/4767 5072/5072 4861/4861
f 4768/4768 5072/5072 4767/4767
f 4768/4768 4767/4767 4861/4861
f 5916/5916 5375/5375 4861/4861
f 4883/4883 4861/4861 5375/5375
f 6052/6052 5375/5375 5916/5916
f 5922/5922 6052/6052 5906/5906
f 5906/5906 6052/6052 5936/5936
f 5922/5922 5906/5906 5936/5936
f 5916/5916 5936/5936 6052/6052
f 5847/5847 5375/5375 6052/6052
f 6034/6034 5847/5847 6052/6052
f 5991/5991 5847/5847 5992/5992
f 6053/6053 5991/5991 5992/5992
f 5847/5847 6053/6053 5992/5992
f 6034/6034 6035/6035 5847/5847
f 6052/6052 6035/6035 6034/6034
f 6075/6075 6074/6074 6035/6035
f 6100/6100 6074/6074 6075/6075
f 6100/6100 6075/6075 6035/6035
f 6035/6035 6115/6115 6100/6100
f 6172/6172 6100/6100 6115/6115
f 6243/6243 6210/6210 6172/6172
f 6209/6209 6210/6210 6243/6243
f 6209/6209 6243/6243 6172/6172
f 6271/6271 6307/6307 6347/6347
f 6525/6525 6271/6271 6347/6347
f 6307/6307 6173/6173 6347/6347
f 6173/6173 6525/6525 6347/6347
f 6550/6550 6525/6525 6499/6499
f 6522/6522 6550/6550 6499/6499
f 6680/6680 6522/6522 6606/6606
f 6679/6679 6606/6606 6698/6698
f 6522/6522 6698/6698 6606/6606
f 6522/6522 6499/6499 6525/6525
f 6173/6173 6402/6402 6525/6525
f 6173/6173 6316/6316 6402/6402
f 6399/6399 6402/6402 6373/6373
f 6402/6402 6316/6316 6373/6373
f 6316/6316 6399/6399 6373/6373
f 6399/6399 6371/6371 6608/6608
f 6316/6316 6371/6371 6399/6399
f 6608/6608 6371/6371 6316/6316
f 6282/6282 6316/6316 6289/6289
f 6608/6608 6316/6316 6282/6282
f 6608/6608 6437/6437 6476/6476
f 6608/6608 6476/6476 6458/6458
f 6458/6458 6476/6476 6545/6545
f 6437/6437 6604/6604 6476/6476
f 6437/6437 6695/6695 6604/6604
f 6614/6614 6647/6647 6604/6604
f 6520/6520 6545/6545 6647/6647
f 6608/6608 6545/6545 6520/6520
f 6458/6458 6545/6545 6608/6608
f 6600/6600 6608/6608 6647/6647
f 6520/6520 6647/6647 6608/6608
f 6600/6600 6647/6647 6568/6568
f 6608/6608 6600/6600 6568/6568
f 6609/6609 6699/6699 6608/6608
f 6699/6699 6589/6589 6608/6608
f 6591/6591 6608/6608 6589/6589
f 6498/6498 6608/6608 6549/6549
f 6591/6591 6549/6549 6608/6608
f 6591/6591 6498/6498 6549/6549
f 6589/6589 6699/6699 6591/6591
f 6628/6628 6607/6607 6591/6591
f 6699/6699 6628/6628 6591/6591
f 6607/6607 6678/6678 6698/6698
f 6699/6699 6607/6607 6628/6628
f 6678/6678 6607/6607 6699/6699
f 6647/6647 6609/6609 6608/6608
f 6647/6647 6699/6699 6609/6609
f 6791/6791 6764/6764 6714/6714
f 6713/6713 6714/6714 6764/6764
f 6745/6745 6696/6696 6713/6713
f 6820/6820 6745/6745 6713/6713
f 6696/6696 6745/6745 6820/6820
f 6696/6696 6713/6713 6764/6764
f 6820/6820 6846/6846 6827/6827
f 6855/6855 6846/6846 6820/6820
f 6827/6827 6846/6846 6855/6855
f 6827/6827 6855/6855 6893/6893
f 6916/6916 6855/6855 6825/6825
f 6893/6893 6855/6855 6916/6916
f 6900/6900 6916/6916 6825/6825
f 6875/6875 6893/6893 6940/6940
f 6827/6827 6893/6893 6875/6875
f 6940/6940 6827/6827 6875/6875
f 6878/6878 6860/6860 6877/6877
f 6743/6743 6833/6833 6798/6798
f 6798/6798 6742/6742 6743/6743
f 6742/6742 6606/6606 6679/6679
f 6742/6742 6700/6700 6606/6606
f 6677/6677 6697/6697 6679/6679
f 6698/6698 6677/6677 6679/6679
f 6680/6680 6700/6700 6742/6742
f 6798/6798 6769/6769 6742/6742
f 6680/6680 6606/6606 6700/6700
f 6833/6833 6769/6769 6798/6798
f 6859/6859 6877/6877 6860/6860
f 6878/6878 6859/6859 6860/6860
f 6941/6941 6964/6964 6878/6878
f 6972/6972 6941/6941 6878/6878
f 6972/6972 6964/6964 6941/6941
f 6972/6972 6989/6989 6973/6973
f 7003/7003 6973/6973 6989/6989
f 7003/7003 6989/6989 6972/6972
f 6927/6927 7003/7003 6972/6972
f 7021/7021 6973/6973 7003/7003
f 7021/7021 7003/7003 7004/7004
f 7004/7004 6973/6973 7021/7021
f 7048/7048 7060/7060 7078/7078
f 7061/7061 7078/7078 7060/7060
f 7048/7048 7061/7061 7060/7060
f 7078/7078 7050/7050 7049/7049
f 6927/6927 7034/7034 7003/7003
f 7035/7035 7050/7050 7034/7034
f 7036/7036 7035/7035 7034/7034
f 7050/7050 7035/7035 7036/7036
f 7006/7006 7022/7022 7005/7005
f 7007/7007 7022/7022 7006/7006
f 7005/7005 7022/7022 7007/7007
f 6927/6927 6940/6940 7034/7034
f 6899/6899 6878/6878 6894/6894
f 6915/6915 6878/6878 6899/6899
f 6894/6894 6915/6915 6899/6899
f 6927/6927 6972/6972 6878/6878
f 6927/6927 6878/6878 6940/6940
f 6893/6893 6951/6951 7034/7034
f 6953/6953 7034/7034 6951/6951
f 7025/7025 7078/7078 7049/7049
f 7025/7025 7049/7049 7050/7050
f 7121/7121 7179/7179 6966/6966
f 6928/6928 6992/6992 7025/7025
f 7008/7008 7025/7025 6993/6993
f 6993/6993 7025/7025 6981/6981
f 6981/6981 7025/7025 6992/6992
f 6900/6900 6981/6981 6992/6992
f 6917/6917 6981/6981 6900/6900
f 6901/6901 6917/6917 6900/6900
f 6981/6981 6917/6917 6901/6901
f 6993/6993 6981/6981 7008/7008
f 7025/7025 6981/6981 6966/6966
f 6981/6981 6881/6881 6966/6966
f 6902/6902 6901/6901 6895/6895
f 6768/6768 6895/6895 6901/6901
f 6768/6768 6902/6902 6895/6895
f 6992/6992 6928/6928 6900/6900
f 6893/6893 6916/6916 6900/6900
f 6893/6893 6900/6900 6929/6929
f 6928/6928 6929/6929 6900/6900
f 6928/6928 6893/6893 6929/6929
f 6968/6968 6953/6953 6928/6928
f 6951/6951 6893/6893 6953/6953
f 6968/6968 7025/7025 6953/6953
f 6928/6928 7025/7025 6968/6968
f 3133/3133 2756/2756 3036/3036
f 2756/2756 3921/3921 3915/3915
f 2621/2621 3036/3036 2756/2756
f 2756/2756 2406/2406 2621/2621
f 1943/1943 1944/1944 1908/1908
f 1956/1956 1944/1944 1943/1943
f 1908/1908 1956/1956 1943/1943
f 2377/2377 3457/3457 2621/2621
f 2377/2377 2621/2621 2406/2406
f 6324/6324 6294/6294 6326/6326
f 6294/6294 6324/6324 6309/6309
f 6293/6293 6294/6294 6309/6309
f 6293/6293 6309/6309 6324/6324
f 2406/2406 2756/2756 3027/3027
f 942/942 1023/1023 1028/1028
f 1021/1021 942/942 990/990
f 1023/1023 1021/1021 990/990
f 942/942 1023/1023 990/990
f 1028/1028 1023/1023 942/942
f 278/278 173/173 198/198
f 336/336 278/278 198/198
f 336/336 198/198 173/173
f 338/338 359/359 348/348
f 360/360 359/359 338/338
f 348/348 360/360 338/338
f 2449/2449 1002/1002 2199/2199
f 1981/1981 2449/2449 2199/2199
f 2286/2286 2199/2199 2321/2321
f 2286/2286 2321/2321 2371/2371
f 2371/2371 2321/2321 1981/1981
f 2199/2199 2371/2371 1981/1981
f 2286/2286 2371/2371 2312/2312
f 2312/2312 2371/2371 2285/2285
f 2286/2286 2371/2371 2199/2199
f 2285/2285 2286/2286 2312/2312
f 549/549 1372/1372 1261/1261
f 1157/1157 1372/1372 549/549
f 1231/1231 1158/1158 1186/1186
f 1121/1121 1186/1186 1158/1158
f 1231/1231 1186/1186 1121/1121
f 1078/1078 1121/1121 1049/1049
f 1049/1049 1121/1121 1157/1157
f 1078/1078 1049/1049 1157/1157
f 857/857 1157/1157 686/686
f 522/522 857/857 686/686
f 522/522 686/686 1157/1157
f 1261/1261 4075/4075 549/549
f 1371/1371 4251/4251 1261/1261
f 6278/6278 6632/6632 6342/6342
f 6361/6361 6278/6278 6342/6342
f 6177/6177 6417/6417 6217/6217
f 6217/6217 6417/6417 5926/5926
f 6417/6417 6383/6383 5926/5926
f 6177/6177 6217/6217 5926/5926
f 5926/5926 6278/6278 6177/6177
f 6149/6149 6632/6632 6278/6278
f 6149/6149 6278/6278 5824/5824
f 5926/5926 5824/5824 6278/6278
f 5709/5709 6149/6149 5824/5824
f 5801/5801 5824/5824 5797/5797
f 5801/5801 5743/5743 5824/5824
f 5803/5803 5743/5743 5801/5801
f 5743/5743 5568/5568 5612/5612
f 5568/5568 5743/5743 5599/5599
f 5682/5682 5599/5599 5743/5743
f 5621/5621 5682/5682 5743/5743
f 5599/5599 5682/5682 5621/5621
f 5512/5512 5568/5568 5599/5599
f 5612/5612 5568/5568 5512/5512
f 5569/5569 5512/5512 5599/5599
f 5599/5599 5521/5521 5569/5569
f 5512/5512 5569/5569 5521/5521
f 5616/5616 5572/5572 5643/5643
f 5614/5614 5572/5572 5616/5616
f 5614/5614 5616/5616 5643/5643
f 5858/5858 5983/5983 5614/5614
f 5691/5691 5648/5648 5614/5614
f 5728/5728 5691/5691 5614/5614
f 5648/5648 5691/5691 5728/5728
f 5614/5614 5648/5648 5629/5629
f 5614/5614 5629/5629 5617/5617
f 5661/5661 5617/5617 5629/5629
f 5352/5352 5479/5479 5520/5520
f 5077/5077 5527/5527 5520/5520
f 5479/5479 5077/5077 5520/5520
f 5352/5352 5077/5077 5479/5479
f 5355/5355 5077/5077 5352/5352
f 5355/5355 5245/5245 5077/5077
f 5245/5245 5355/5355 5352/5352
f 5475/5475 5240/5240 5542/5542
f 5476/5476 5240/5240 5475/5475
f 5476/5476 5475/5475 5542/5542
f 5347/5347 5240/5240 5476/5476
f 5141/5141 5240/5240 5347/5347
f 5141/5141 5347/5347 5476/5476
f 5020/5020 5240/5240 5141/5141
f 5020/5020 5141/5141 4758/4758
f 4758/4758 5141/5141 5137/5137
f 5133/5133 4758/4758 5137/5137
f 5137/5137 5141/5141 5133/5133
f 5241/5241 5133/5133 5476/5476
f 5135/5135 5133/5133 5241/5241
f 5241/5241 5476/5476 5135/5135
f 5615/5615 5135/5135 5476/5476
f 5005/5005 5135/5135 5006/5006
f 5005/5005 4958/4958 5135/5135
f 4958/4958 5005/5005 5006/5006
f 5135/5135 5059/5059 5006/5006
f 4761/4761 4857/4857 5006/5006
f 4761/4761 4461/4461 4857/4857
f 5006/5006 4461/4461 4761/4761
f 4758/4758 4461/4461 5020/5020
f 4602/4602 4461/4461 5006/5006
f 4460/4460 4461/4461 4602/4602
f 4406/4406 4495/4495 4461/4461
f 4347/4347 4406/4406 4461/4461
f 4495/4495 4406/4406 4347/4347
f 4462/4462 4461/4461 4495/4495
f 4343/4343 5020/5020 4461/4461
f 4462/4462 4343/4343 4461/4461
f 4343/4343 4462/4462 4495/4495
f 4407/4407 4343/4343 4495/4495
f 4409/4409 4407/4407 4495/4495
f 4343/4343 4407/4407 4409/4409
f 4468/4468 4467/4467 4469/4469
f 4616/4616 4467/4467 4468/4468
f 4616/4616 4468/4468 4469/4469
f 4543/4543 4413/4413 4342/4342
f 5240/5240 5020/5020 5077/5077
f 4343/4343 4770/4770 5020/5020
f 6554/6554 6420/6420 5989/5989
f 5989/5989 5844/5844 6554/6554
f 6554/6554 6755/6755 6420/6420
f 187/187 4075/4075 315/315
f 549/549 4075/4075 1157/1157
f 4075/4075 187/187 1157/1157
f 1261/1261 315/315 4075/4075
f 4251/4251 315/315 1261/1261
f 3133/3133 3028/3028 2756/2756
f 3134/3134 3135/3135 3133/3133
f 3135/3135 3028/3028 3133/3133
f 3134/3134 3028/3028 3135/3135
f 2621/2621 3189/3189 3028/3028
f 2621/2621 3028/3028 3036/3036
f 3457/3457 3189/3189 2621/2621
f 2756/2756 3028/3028 3189/3189
f 3457/3457 2756/2756 3189/3189
f 3928/3928 3935/3935 3915/3915
f 3935/3935 3921/3921 3915/3915
f 3915/3915 3779/3779 2756/2756
f 3814/3814 3855/3855 3816/3816
f 3813/3813 3855/3855 3814/3814
f 3816/3816 3855/3855 3806/3806
f 3814/3814 3816/3816 3815/3815
f 3806/3806 3815/3815 3816/3816
f 3779/3779 3813/3813 3815/3815
f 3806/3806 3779/3779 3815/3815
f 3779/3779 3806/3806 3855/3855
f 3855/3855 3813/3813 3779/3779
f 1714/1714 3184/3184 2168/2168
f 2488/2488 3831/3831 3184/3184
f 2477/2477 2529/2529 2490/2490
f 2477/2477 2490/2490 2488/2488
f 2488/2488 2529/2529 2477/2477
f 2488/2488 1714/1714 3831/3831
f 2488/2488 3184/3184 1714/1714
f 1651/1651 1714/1714 1721/1721
f 1673/1673 1651/1651 1721/1721
f 1646/1646 1673/1673 1721/1721
f 1649/1649 1651/1651 1650/1650
f 1591/1591 1649/1649 1650/1650
f 1651/1651 1649/1649 1591/1591
f 1651/1651 1673/1673 1646/1646
f 1614/1614 1651/1651 1591/1591
f 1614/1614 1319/1319 1651/1651
f 1319/1319 1614/1614 1591/1591
f 1651/1651 1319/1319 1714/1714
f 4024/4024 2168/2168 3320/3320
f 2168/2168 3184/3184 3320/3320
f 1714/1714 2168/2168 1721/1721
f 2897/2897 2752/2752 1642/1642
f 2917/2917 2897/2897 2925/2925
f 2928/2928 2917/2917 2925/2925
f 2928/2928 2897/2897 2917/2917
f 2752/2752 2897/2897 2928/2928
f 2588/2588 2752/2752 2928/2928
f 5815/5815 5788/5788 5814/5814
f 5832/5832 5788/5788 5844/5844
f 5815/5815 5814/5814 5832/5832
f 5832/5832 5788/5788 5815/5815
f 5844/5844 5788/5788 5787/5787
f 5832/5832 5844/5844 5989/5989
f 5787/5787 5788/5788 5832/5832
f 5832/5832 5883/5883 5787/5787
f 3921/3921 2756/2756 3457/3457
f 3915/3915 3921/3921 3457/3457
f 3426/3426 3779/3779 3915/3915
f 3426/3426 3915/3915 3457/3457
f 5032/5032 5883/5883 6190/6190
f 5883/5883 5032/5032 5787/5787
f 4321/4321 5787/5787 5032/5032
f 4366/4366 5787/5787 4321/4321
f 1371/1371 1261/1261 1372/1372
f 4251/4251 1371/1371 1372/1372
f 6089/6089 6383/6383 5983/5983
f 6060/6060 5804/5804 5983/5983
f 5771/5771 5804/5804 5873/5873
f 5853/5853 5873/5873 5804/5804
f 5873/5873 5853/5853 5771/5771
f 5629/5629 5648/5648 5807/5807
f 5771/5771 5614/5614 5745/5745
f 5773/5773 5771/5771 5745/5745
f 5773/5773 5745/5745 5614/5614
f 5804/5804 5614/5614 5983/5983
f 5831/5831 5983/5983 5858/5858
f 6089/6089 5983/5983 5831/5831
f 5824/5824 6039/6039 6089/6089
f 5824/5824 6089/6089 5797/5797
f 6038/6038 6089/6089 6039/6039
f 5871/5871 5801/5801 5797/5797
f 5869/5869 5871/5871 5868/5868
f 5801/5801 5871/5871 5831/5831
f 5870/5870 5871/5871 5869/5869
f 5869/5869 5868/5868 5870/5870
f 5891/5891 5870/5870 6089/6089
f 5831/5831 5891/5891 6089/6089
f 5870/5870 5891/5891 5831/5831
f 5803/5803 5831/5831 5834/5834
f 5801/5801 5831/5831 5803/5803
f 5834/5834 5831/5831 5858/5858
f 5803/5803 5834/5834 5858/5858
f 5621/5621 5717/5717 5858/5858
f 5743/5743 5858/5858 5717/5717
f 5621/5621 5743/5743 5717/5717
f 6361/6361 6177/6177 6278/6278
f 6318/6318 5983/5983 6383/6383
f 6060/6060 5983/5983 6162/6162
f 6162/6162 6062/6062 6060/6060
f 6108/6108 6060/6060 6062/6062
f 6012/6012 5804/5804 6060/6060
f 5984/5984 5804/5804 6012/6012
f 5984/5984 6012/6012 6060/6060
f 5958/5958 5957/5957 5984/5984
f 5917/5917 5957/5957 5958/5958
f 5917/5917 5958/5958 5984/5984
f 5806/5806 5892/5892 5875/5875
f 5875/5875 5892/5892 5854/5854
f 5806/5806 5875/5875 5854/5854
f 5952/5952 5912/5912 5980/5980
f 5914/5914 5913/5913 5912/5912
f 5952/5952 5914/5914 5912/5912
f 5893/5893 5913/5913 5914/5914
f 5912/5912 5913/5913 5893/5893
f 5879/5879 5929/5929 5910/5910
f 5955/5955 5910/5910 5929/5929
f 5955/5955 5879/5879 5910/5910
f 5856/5856 5855/5855 5896/5896
f 5911/5911 5856/5856 5896/5896
f 5911/5911 5955/5955 5954/5954
f 6071/6071 5954/5954 5955/5955
f 6071/6071 5911/5911 5954/5954
f 5911/5911 5978/5978 5894/5894
f 5946/5946 5978/5978 6025/6025
f 5978/5978 5972/5972 5894/5894
f 5944/5944 5908/5908 5978/5978
f 5907/5907 5908/5908 5944/5944
f 5724/5724 5776/5776 5720/5720
f 5684/5684 5776/5776 5724/5724
f 5540/5540 5776/5776 5684/5684
f 5684/5684 5540/5540 5776/5776
f 5716/5716 5776/5776 5540/5540
f 5848/5848 5776/5776 5716/5716
f 5540/5540 5848/5848 5716/5716
f 5591/5591 5540/5540 5684/5684
f 5540/5540 5894/5894 5848/5848
f 5570/5570 5596/5596 5522/5522
f 5596/5596 5247/5247 5522/5522
f 5247/5247 5570/5570 5522/5522
f 5894/5894 5540/5540 5247/5247
f 5781/5781 5615/5615 5805/5805
f 5805/5805 5615/5615 5693/5693
f 5725/5725 5805/5805 5693/5693
f 5692/5692 5805/5805 5725/5725
f 5693/5693 5692/5692 5725/5725
f 5692/5692 5750/5750 5751/5751
f 5750/5750 5692/5692 5807/5807
f 5751/5751 5750/5750 5807/5807
f 5808/5808 5780/5780 5855/5855
f 5781/5781 5808/5808 5855/5855
f 5781/5781 5780/5780 5808/5808
f 5894/5894 5615/5615 5781/5781
f 5911/5911 5855/5855 5856/5856
f 5833/5833 5781/5781 5855/5855
f 5911/5911 5833/5833 5855/5855
f 5911/5911 5781/5781 5833/5833
f 5894/5894 5781/5781 5911/5911
f 5894/5894 5972/5972 5848/5848
f 6634/6634 6633/6633 6755/6755
f 6799/6799 6755/6755 6633/6633
f 6729/6729 6755/6755 6799/6799
f 6725/6725 6729/6729 6799/6799
f 6729/6729 6708/6708 6755/6755
f 3831/3831 3320/3320 3184/3184
f 1781/1781 1788/1788 1753/1753
f 1002/1002 2065/2065 2321/2321
f 2321/2321 2199/2199 1002/1002
f 635/635 1145/1145 420/420
f 1541/1541 1145/1145 635/635
f 1541/1541 635/635 1584/1584
f 995/995 1541/1541 1113/1113
f 1145/1145 1541/1541 995/995
f 1113/1113 1075/1075 995/995
f 1075/1075 981/981 995/995
f 1113/1113 981/981 1075/1075
f 420/420 1145/1145 1266/1266
f 6471/6471 6348/6348 6342/6342
f 6627/6627 6438/6438 6471/6471
f 6627/6627 6471/6471 6541/6541
f 6540/6540 6627/6627 6541/6541
f 6467/6467 6540/6540 6541/6541
f 6627/6627 6540/6540 6467/6467
f 6486/6486 6516/6516 6467/6467
f 6438/6438 6516/6516 6486/6486
f 6467/6467 6438/6438 6486/6486
f 6465/6465 6438/6438 6467/6467
f 6439/6439 6465/6465 6467/6467
f 6438/6438 6465/6465 6439/6439
f 6468/6468 6471/6471 6438/6438
f 6279/6279 6440/6440 6407/6407
f 6441/6441 6407/6407 6440/6440
f 6467/6467 6441/6441 6440/6440
f 6467/6467 6407/6407 6441/6441
f 6346/6346 6387/6387 6318/6318
f 6468/6468 6387/6387 6346/6346
f 6346/6346 6318/6318 6468/6468
f 6383/6383 6468/6468 6318/6318
f 3943/3943 3934/3934 3788/3788
f 3948/3948 3943/3943 3788/3788
f 3934/3934 3943/3943 3948/3948
f 4017/4017 3942/3942 3937/3937
f 3788/3788 3937/3937 3942/3942
f 2653/2653 2891/2891 2491/2491
f 2081/2081 2527/2527 2891/2891
f 2527/2527 2767/2767 2826/2826
f 2767/2767 2527/2527 2667/2667
f 1867/1867 2667/2667 2527/2527
f 2767/2767 2718/2718 2739/2739
f 2739/2739 2718/2718 2747/2747
f 2767/2767 2739/2739 2747/2747
f 2826/2826 2767/2767 2747/2747
f 2891/2891 2527/2527 2491/2491
f 2491/2491 2527/2527 2826/2826
f 1867/1867 2491/2491 2826/2826
f 1867/1867 2826/2826 2747/2747
f 2667/2667 1867/1867 2747/2747
f 2284/2284 2491/2491 2166/2166
f 2284/2284 2272/2272 2281/2281
f 2491/2491 2284/2284 2271/2271
f 2262/2262 2284/2284 2281/2281
f 2262/2262 2281/2281 2272/2272
f 2233/2233 2653/2653 2491/2491
f 2271/2271 2233/2233 2491/2491
f 2233/2233 2271/2271 2248/2248
f 2272/2272 2248/2248 2271/2271
f 2233/2233 2191/2191 2195/2195
f 2248/2248 2272/2272 2233/2233
f 2165/2165 2195/2195 2191/2191
f 2233/2233 2165/2165 2191/2191
f 2272/2272 2165/2165 2233/2233
f 2224/2224 2165/2165 2272/2272
f 2166/2166 2165/2165 2224/2224
f 2166/2166 2224/2224 2272/2272
f 2166/2166 2491/2491 1867/1867
f 2164/2164 2165/2165 2166/2166
f 2164/2164 2160/2160 2165/2165
f 2160/2160 2164/2164 2166/2166
f 2166/2166 1867/1867 2160/2160
f 2102/2102 2160/2160 2090/2090
f 2118/2118 2090/2090 2160/2160
f 2118/2118 2102/2102 2090/2090
f 1867/1867 2102/2102 2160/2160
f 1113/1113 1266/1266 995/995
f 1145/1145 995/995 1266/1266
f 4642/4642 4080/4080 77/77
f 6490/6490 6383/6383 6417/6417
f 6570/6570 6521/6521 6490/6490
f 6547/6547 6521/6521 6570/6570
f 6490/6490 6521/6521 6547/6547
f 6348/6348 6383/6383 6490/6490
f 6471/6471 6383/6383 6348/6348
f 6383/6383 6471/6471 6468/6468
f 3407/3407 4024/4024 3320/3320
f 4023/4023 3757/3757 4024/4024
f 4023/4023 4024/4024 4028/4028
f 4025/4025 4023/4023 4028/4028
f 4026/4026 4023/4023 4025/4025
f 4028/4028 4026/4026 4025/4025
f 4029/4029 4028/4028 4018/4018
f 4024/4024 4018/4018 4028/4028
f 3994/3994 4029/4029 4018/4018
f 449/449 425/425 4233/4233
f 4233/4233 425/425 18/18
f 141/141 18/18 425/425
f 449/449 141/141 425/425
f 180/180 304/304 5053/5053
f 304/304 5532/5532 1036/1036
f 5532/5532 304/304 180/180
f 5053/5053 304/304 77/77
f 4760/4760 77/77 4080/4080
f 5053/5053 77/77 4760/4760
f 5482/5482 5053/5053 4760/4760
f 5096/5096 5131/5131 5482/5482
f 4888/4888 5096/5096 5482/5482
f 5131/5131 5096/5096 4888/4888
f 4984/4984 5131/5131 4888/4888
f 4760/4760 5131/5131 4984/4984
f 4888/4888 4760/4760 4984/4984
f 4642/4642 4760/4760 4080/4080
f 6038/6038 6040/6040 6089/6089
f 6039/6039 6040/6040 6038/6038
f 5824/5824 5926/5926 6039/6039
f 6000/6000 6039/6039 5970/5970
f 5926/5926 6039/6039 6000/6000
f 5926/5926 6000/6000 5970/5970
f 3365/3365 3356/3356 3373/3373
f 3407/3407 3365/3365 3373/3373
f 3356/3356 3407/3407 3373/3373
f 3831/3831 4024/4024 3407/3407
f 3320/3320 3831/3831 3407/3407
f 4250/4250 449/449 4233/4233
f 4293/4293 4250/4250 4233/4233
f 4286/4286 4250/4250 4293/4293
f 4357/4357 4250/4250 4286/4286
f 4293/4293 4357/4357 4286/4286
f 18/18 4293/4293 4233/4233
f 4373/4373 4780/4780 4213/4213
f 4236/4236 4290/4290 4373/4373
f 4372/4372 4290/4290 4236/4236
f 4372/4372 4373/4373 4290/4290
f 4780/4780 4373/4373 4452/4452
f 4780/4780 4452/4452 5117/5117
f 4168/4168 5117/5117 4452/4452
f 4532/4532 5732/5732 5117/5117
f 5117/5117 4168/4168 4532/4532
f 4839/4839 5732/5732 4532/4532
f 4839/4839 4990/4990 5732/5732
f 4838/4838 4990/4990 4841/4841
f 4607/4607 4838/4838 4841/4841
f 4990/4990 5465/5465 5732/5732
f 4838/4838 4607/4607 4990/4990
f 4607/4607 5465/5465 4990/4990
f 4532/4532 5465/5465 4607/4607
f 4532/4532 4607/4607 4839/4839
f 4043/4043 4532/4532 4168/4168
f 5586/5586 4532/4532 4043/4043
f 5465/5465 4532/4532 5586/5586
f 6051/6051 6099/6099 6086/6086
f 6086/6086 6175/6175 6051/6051
f 6175/6175 4780/4780 6551/6551
f 6099/6099 6057/6057 6086/6086
f 6037/6037 6086/6086 6057/6057
f 6175/6175 6086/6086 6099/6099
f 6037/6037 6057/6057 6099/6099
f 3927/3927 3930/3930 3931/3931
f 3932/3932 3931/3931 3930/3930
f 3933/3933 3932/3932 3930/3930
f 3935/3935 3933/3933 3930/3930
f 3932/3932 3933/3933 3935/3935
f 3927/3927 3935/3935 3930/3930
f 3928/3928 3931/3931 3932/3932
f 3935/3935 3928/3928 3932/3932
f 3915/3915 3931/3931 3928/3928
f 3927/3927 3931/3931 3915/3915
f 3921/3921 3935/3935 3927/3927
f 3915/3915 3921/3921 3927/3927
f 3928/3928 3925/3925 3915/3915
f 3915/3915 3925/3925 3928/3928
f 3923/3923 3925/3925 3915/3915
f 3919/3919 3923/3923 3915/3915
f 3922/3922 3915/3915 3925/3925
f 3923/3923 3922/3922 3925/3925
f 3919/3919 3922/3922 3923/3923
f 3919/3919 3915/3915 3922/3922
f 2308/2308 2315/2315 2337/2337
f 2588/2588 1593/1593 2752/2752
f 1593/1593 2897/2897 1642/1642
f 1480/1480 1714/1714 1319/1319
f 1480/1480 3831/3831 1714/1714
f 3414/3414 4018/4018 3201/3201
f 3158/3158 4018/4018 3831/3831
f 4018/4018 3158/3158 3201/3201
f 3185/3185 3201/3201 3158/3158
f 3182/3182 3185/3185 3158/3158
f 3182/3182 3201/3201 3185/3185
f 3158/3158 3414/3414 3201/3201
f 3158/3158 3831/3831 3414/3414
f 4007/4007 4018/4018 3414/3414
f 1113/1113 1541/1541 1266/1266
f 6590/6590 5053/5053 5482/5482
f 3779/3779 3426/3426 3855/3855
f 3426/3426 3779/3779 3855/3855
f 2756/2756 3779/3779 3426/3426
f 3434/3434 2756/2756 3426/3426
f 3445/3445 3438/3438 3455/3455
f 3309/3309 3307/3307 3445/3445
f 3307/3307 3434/3434 3405/3405
f 3445/3445 3307/3307 3405/3405
f 3438/3438 3445/3445 3405/3405
f 3455/3455 3438/3438 3405/3405
f 3406/3406 3429/3429 3455/3455
f 3426/3426 3457/3457 3455/3455
f 3426/3426 3455/3455 3418/3418
f 3455/3455 3429/3429 3418/3418
f 3406/3406 3418/3418 3429/3429
f 3418/3418 3434/3434 3426/3426
f 3418/3418 3405/3405 3434/3434
f 4021/4021 3937/3937 3997/3997
f 4322/4322 4325/4325 206/206
f 4322/4322 206/206 4378/4378
f 4548/4548 4322/4322 4489/4489
f 4378/4378 4489/4489 4322/4322
f 4378/4378 4548/4548 4489/4489
f 4267/4267 4378/4378 206/206
f 4267/4267 206/206 4325/4325
f 420/420 313/313 400/400
f 313/313 420/420 1266/1266
f 1200/1200 716/716 313/313
f 1154/1154 716/716 1200/1200
f 1154/1154 1200/1200 313/313
f 1266/1266 1154/1154 313/313
f 1359/1359 1154/1154 1266/1266
f 5353/5353 5709/5709 5824/5824
f 5343/5343 5353/5353 5824/5824
f 4614/4614 5709/5709 5353/5353
f 5000/5000 5353/5353 5343/5343
f 5000/5000 4922/4922 5353/5353
f 5123/5123 5055/5055 5343/5343
f 4252/4252 5353/5353 4922/4922
f 5353/5353 4252/4252 4614/4614
f 4641/4641 5709/5709 4614/4614
f 4252/4252 4641/4641 4614/4614
f 4341/4341 4252/4252 4610/4610
f 4256/4256 4252/4252 4341/4341
f 4610/4610 4256/4256 4341/4341
f 4675/4675 4543/4543 4610/4610
f 4543/4543 4342/4342 4610/4610
f 4675/4675 4413/4413 4543/4543
f 4539/4539 4675/4675 4610/4610
f 4539/4539 4617/4617 4675/4675
f 4617/4617 4539/4539 4610/4610
f 4675/4675 5000/5000 5062/5062
f 4675/4675 5062/5062 5078/5078
f 5020/5020 4770/4770 5079/5079
f 5079/5079 5077/5077 5020/5020
f 5079/5079 5527/5527 5077/5077
f 5520/5520 5527/5527 5079/5079
f 5496/5496 5078/5078 5062/5062
f 5062/5062 5351/5351 5496/5496
f 4763/4763 4860/4860 5000/5000
f 4922/4922 4860/4860 4763/4763
f 5000/5000 4860/4860 4922/4922
f 5062/5062 5000/5000 5244/5244
f 5351/5351 5062/5062 5244/5244
f 5496/5496 5351/5351 5244/5244
f 5490/5490 5055/5055 5123/5123
f 5343/5343 5490/5490 5123/5123
f 5538/5538 5512/5512 5528/5528
f 5612/5612 5512/5512 5538/5538
f 5612/5612 5538/5538 5528/5528
f 5343/5343 5824/5824 5743/5743
f 5531/5531 5565/5565 5550/5550
f 5612/5612 5550/5550 5565/5565
f 5612/5612 5531/5531 5550/5550
f 6073/6073 4780/4780 6551/6551
f 4213/4213 4780/4780 6073/6073
f 3757/3757 2168/2168 4024/4024
f 1376/1376 1369/1369 1374/1374
f 1424/1424 1376/1376 1374/1374
f 1424/1424 1369/1369 1376/1376
f 1150/1150 1189/1189 1140/1140
f 1131/1131 1189/1189 1150/1150
f 1140/1140 1131/1131 1150/1150
f 716/716 400/400 313/313
f 6033/6033 5053/5053 6590/6590
f 3384/3384 2756/2756 3434/3434
f 5084/5084 5027/5027 5083/5083
f 4366/4366 5844/5844 5082/5082
f 4366/4366 5082/5082 5084/5084
f 4366/4366 4280/4280 5844/5844
f 6721/6721 6720/6720 6725/6725
f 6729/6729 6720/6720 6721/6721
f 6729/6729 6721/6721 6725/6725
f 6725/6725 6727/6727 6729/6729
f 6757/6757 6727/6727 6725/6725
f 6725/6725 6759/6759 6804/6804
f 6759/6759 6725/6725 6772/6772
f 6804/6804 6759/6759 6772/6772
f 6767/6767 6725/6725 6799/6799
f 6771/6771 6725/6725 6767/6767
f 6771/6771 6767/6767 6774/6774
f 6774/6774 6767/6767 6775/6775
f 6775/6775 6767/6767 6782/6782
f 6799/6799 6774/6774 6767/6767
f 6725/6725 6771/6771 6774/6774
f 6757/6757 6725/6725 6760/6760
f 6773/6773 6760/6760 6725/6725
f 6773/6773 6757/6757 6760/6760
f 6723/6723 6757/6757 6756/6756
f 6727/6727 6757/6757 6723/6723
f 6754/6754 6723/6723 6756/6756
f 6757/6757 6754/6754 6756/6756
f 6729/6729 6758/6758 6708/6708
f 6708/6708 6758/6758 6839/6839
f 6839/6839 6758/6758 6770/6770
f 6770/6770 6758/6758 6793/6793
f 6839/6839 6770/6770 6793/6793
f 6727/6727 6723/6723 6729/6729
f 2065/2065 2449/2449 1981/1981
f 1981/1981 2321/2321 2065/2065
f 6839/6839 6755/6755 6708/6708
f 6755/6755 6722/6722 6709/6709
f 6755/6755 6839/6839 6722/6722
f 1359/1359 1266/1266 1541/1541
f 1359/1359 1541/1541 1584/1584
f 600/600 4204/4204 1052/1052
f 194/194 600/600 1052/1052
f 600/600 194/194 1644/1644
f 1644/1644 391/391 600/600
f 4204/4204 600/600 391/391
f 332/332 391/391 323/323
f 324/324 391/391 332/332
f 4204/4204 391/391 324/324
f 323/323 324/324 332/332
f 4204/4204 1644/1644 1052/1052
f 4510/4510 1052/1052 1644/1644
f 324/324 1644/1644 4204/4204
f 391/391 1644/1644 324/324
f 4108/4108 4510/4510 4049/4049
f 4048/4048 4510/4510 4108/4108
f 4048/4048 4108/4108 4049/4049
f 1644/1644 4049/4049 4510/4510
f 4099/4099 4048/4048 4100/4100
f 4100/4100 4048/4048 4049/4049
f 4049/4049 4099/4099 4100/4100
f 4018/4018 4024/4024 3831/3831
f 1323/1323 1166/1166 1309/1309
f 1166/1166 1181/1181 1309/1309
f 1166/1166 1035/1035 1124/1124
f 1044/1044 1124/1124 1035/1035
f 1166/1166 1124/1124 1044/1044
f 1181/1181 1323/1323 1309/1309
f 1044/1044 1181/1181 1166/1166
f 1323/1323 1181/1181 1044/1044
f 3606/3606 3483/3483 3414/3414
f 3483/3483 3606/3606 3896/3896
f 4007/4007 3483/3483 3896/3896
f 4007/4007 3414/3414 3681/3681
f 3694/3694 4007/4007 3681/3681
f 3694/3694 3681/3681 3679/3679
f 3663/3663 3679/3679 3681/3681
f 3694/3694 3679/3679 3663/3663
f 3672/3672 3681/3681 3414/3414
f 3483/3483 3672/3672 3414/3414
f 4007/4007 3694/3694 3672/3672
f 3483/3483 4007/4007 3672/3672
f 1254/1254 1279/1279 1311/1311
f 1254/1254 1311/1311 1107/1107
f 1339/1339 1224/1224 1107/1107
f 1107/1107 1193/1193 1339/1339
f 1311/1311 1193/1193 1107/1107
f 1339/1339 1193/1193 1311/1311
f 1058/1058 1339/1339 1311/1311
f 1224/1224 1339/1339 1058/1058
f 1318/1318 1339/1339 1383/1383
f 1193/1193 1339/1339 1318/1318
f 1193/1193 1318/1318 1383/1383
f 1254/1254 1107/1107 1224/1224
f 1192/1192 1156/1156 1184/1184
f 1155/1155 1192/1192 1184/1184
f 1156/1156 1155/1155 1184/1184
f 326/326 279/279 1232/1232
f 972/972 722/722 726/726
f 1073/1073 4281/4281 4070/4070
f 4419/4419 4281/4281 152/152
f 1598/1598 4419/4419 152/152
f 2171/2171 3203/3203 2994/2994
f 3203/3203 2171/2171 3669/3669
f 2171/2171 1909/1909 1952/1952
f 2171/2171 1952/1952 1989/1989
f 1909/1909 2171/2171 1329/1329
f 1938/1938 1952/1952 1909/1909
f 3669/3669 2171/2171 1989/1989
f 1989/1989 1825/1825 2046/2046
f 1988/1988 2046/2046 1825/1825
f 1950/1950 1988/1988 1825/1825
f 1825/1825 1989/1989 1952/1952
f 1938/1938 1951/1951 1952/1952
f 1452/1452 1909/1909 1329/1329
f 1654/1654 1452/1452 1329/1329
f 1938/1938 1909/1909 1951/1951
f 1652/1652 1329/1329 1550/1550
f 1654/1654 1652/1652 1550/1550
f 1329/1329 1652/1652 1654/1654
f 1717/1717 1654/1654 1738/1738
f 1652/1652 1654/1654 1717/1717
f 1738/1738 1652/1652 1717/1717
f 1550/1550 1452/1452 1654/1654
f 1983/1983 1825/1825 1452/1452
f 1909/1909 1452/1452 1825/1825
f 2046/2046 1983/1983 2017/2017
f 1986/1986 1987/1987 1983/1983
f 2101/2101 1987/1987 1986/1986
f 2101/2101 1983/1983 1987/1987
f 1983/1983 1452/1452 1986/1986
f 1986/1986 1452/1452 1723/1723
f 1723/1723 1452/1452 535/535
f 1485/1485 1324/1324 1452/1452
f 535/535 1452/1452 1324/1324
f 1324/1324 1135/1135 535/535
f 1324/1324 1485/1485 1325/1325
f 1326/1326 1324/1324 1325/1325
f 1485/1485 1326/1326 1325/1325
f 1485/1485 1273/1273 1197/1197
f 1485/1485 1452/1452 1550/1550
f 1468/1468 1273/1273 1485/1485
f 1273/1273 1195/1195 1099/1099
f 1099/1099 1197/1197 1273/1273
f 1109/1109 1135/1135 1132/1132
f 1108/1108 1135/1135 1109/1109
f 1132/1132 1108/1108 1109/1109
f 750/750 1135/1135 1108/1108
f 1001/1001 750/750 1108/1108
f 1001/1001 1105/1105 1063/1063
f 1102/1102 1063/1063 1105/1105
f 1001/1001 1063/1063 1102/1102
f 1000/1000 750/750 1001/1001
f 1102/1102 1062/1062 1000/1000
f 1099/1099 1062/1062 1102/1102
f 1000/1000 1062/1062 1099/1099
f 1328/1328 1195/1195 1273/1273
f 1328/1328 1273/1273 1468/1468
f 1357/1357 1328/1328 1375/1375
f 1327/1327 1328/1328 1357/1357
f 1327/1327 1357/1357 1375/1375
f 1375/1375 1328/1328 1468/1468
f 1468/1468 1485/1485 1550/1550
f 4208/4208 4274/4274 4210/4210
f 4270/4270 4208/4208 4210/4210
f 4270/4270 4107/4107 535/535
f 4274/4274 4208/4208 4270/4270
f 4270/4270 4146/4146 4274/4274
f 4281/4281 4274/4274 4146/4146
f 59/59 70/70 69/69
f 70/70 750/750 282/282
f 69/69 70/70 282/282
f 933/933 282/282 750/750
f 501/501 282/282 933/933
f 429/429 282/282 501/501
f 429/429 501/501 933/933
f 356/356 282/282 428/428
f 281/281 356/356 428/428
f 282/282 356/356 281/281
f 69/69 282/282 59/59
f 426/426 355/355 284/284
f 59/59 284/284 146/146
f 146/146 58/58 59/59
f 284/284 58/58 146/146
f 4137/4137 58/58 284/284
f 58/58 4137/4137 4146/4146
f 70/70 58/58 4146/4146
f 4137/4137 4281/4281 4146/4146
f 4070/4070 4281/4281 4137/4137
f 355/355 354/354 284/284
f 426/426 354/354 355/355
f 423/423 4137/4137 284/284
f 4070/4070 4137/4137 350/350
f 350/350 1073/1073 4070/4070
f 350/350 489/489 1073/1073
f 4281/4281 1073/1073 152/152
f 1073/1073 489/489 785/785
f 1550/1550 1073/1073 1354/1354
f 1098/1098 1054/1054 1354/1354
f 1195/1195 1468/1468 1550/1550
f 1375/1375 1468/1468 1195/1195
f 1328/1328 1375/1375 1195/1195
f 1550/1550 1354/1354 1195/1195
f 1195/1195 1354/1354 1054/1054
f 933/933 1195/1195 1054/1054
f 1099/1099 1195/1195 933/933
f 1000/1000 933/933 750/750
f 983/983 982/982 1054/1054
f 551/551 983/983 1054/1054
f 551/551 982/982 983/983
f 1098/1098 551/551 1054/1054
f 933/933 746/746 497/497
f 982/982 497/497 746/746
f 982/982 746/746 933/933
f 4137/4137 423/423 350/350
f 516/516 424/424 551/551
f 721/721 424/424 516/516
f 721/721 516/516 551/551
f 489/489 350/350 423/423
f 721/721 489/489 423/423
f 785/785 489/489 721/721
f 989/989 785/785 721/721
f 999/999 785/785 989/989
f 1098/1098 989/989 551/551
f 999/999 989/989 1098/1098
f 1073/1073 785/785 999/999
f 999/999 1354/1354 1073/1073
f 999/999 1098/1098 1354/1354
f 4331/4331 4249/4249 4107/4107
f 47/47 4249/4249 4331/4331
f 4107/4107 4249/4249 47/47
f 4107/4107 47/47 4109/4109
f 46/46 4107/4107 4109/4109
f 47/47 46/46 4109/4109
f 4187/4187 4265/4265 4191/4191
f 4337/4337 4196/4196 4191/4191
f 959/959 4191/4191 4196/4196
f 4337/4337 959/959 4196/4196
f 789/789 4191/4191 959/959
f 4066/4066 4191/4191 789/789
f 4262/4262 4337/4337 4340/4340
f 4345/4345 4262/4262 4340/4340
f 4345/4345 4340/4340 4337/4337
f 4187/4187 4191/4191 4066/4066
f 4066/4066 4265/4265 4187/4187
f 4068/4068 4265/4265 4066/4066
f 4067/4067 4265/4265 4068/4068
f 4067/4067 4068/4068 4066/4066
f 4133/4133 4132/4132 19/19
f 171/171 151/151 789/789
f 959/959 171/171 789/789
f 171/171 959/959 1011/1011
f 1071/1071 1011/1011 959/959
f 1071/1071 171/171 1011/1011
f 1072/1072 171/171 1071/1071
f 1117/1117 1072/1072 1071/1071
f 1117/1117 171/171 1072/1072
f 1168/1168 1164/1164 1253/1253
f 171/171 1164/1164 1168/1168
f 1289/1289 1252/1252 1249/1249
f 171/171 1168/1168 1253/1253
f 1025/1025 1252/1252 1289/1289
f 1249/1249 1252/1252 1025/1025
f 171/171 1253/1253 1212/1212
f 1025/1025 1212/1212 1253/1253
f 1025/1025 171/171 1212/1212
f 617/617 171/171 1025/1025
f 4133/4133 19/19 68/68
f 151/151 4066/4066 789/789
f 4132/4132 4133/4133 68/68
f 4066/4066 151/151 47/47
f 171/171 47/47 151/151
f 46/46 47/47 171/171
f 1085/1085 171/171 617/617
f 1085/1085 617/617 1025/1025
f 1085/1085 232/232 171/171
f 232/232 46/46 171/171
f 1085/1085 46/46 232/232
f 4107/4107 1085/1085 535/535
f 5117/5117 5732/5732 4780/4780
f 4021/4021 4017/4017 3937/3937
f 4022/4022 4017/4017 4021/4021
f 4027/4027 4022/4022 4021/4021
f 4017/4017 4022/4022 4027/4027
f 4031/4031 4017/4017 4027/4027
f 4030/4030 4017/4017 4031/4031
f 4015/4015 4030/4030 4031/4031
f 4030/4030 4015/4015 4017/4017
f 4015/4015 4016/4016 4017/4017
f 3942/3942 4017/4017 4016/4016
f 3984/3984 4016/4016 4015/4015
f 3942/3942 4016/4016 3984/3984
f 4011/4011 3942/3942 3984/3984
f 4008/4008 3942/3942 4011/4011
f 4008/4008 4011/4011 3984/3984
f 3754/3754 3740/3740 3666/3666
f 3684/3684 3754/3754 3666/3666
f 2225/2225 3831/3831 1480/1480
f 2225/2225 1480/1480 2193/2193
f 1321/1321 1343/1343 1322/1322
f 1204/1204 1216/1216 1141/1141
f 1234/1234 1141/1141 1216/1216
f 1234/1234 1216/1216 1204/1204
f 1319/1319 1395/1395 1480/1480
f 1356/1356 1395/1395 1268/1268
f 1358/1358 1360/1360 1395/1395
f 1356/1356 1358/1358 1395/1395
f 1360/1360 1358/1358 1356/1356
f 1235/1235 1356/1356 1268/1268
f 1235/1235 1268/1268 1395/1395
f 8/8 1058/1058 1311/1311
f 8/8 1311/1311 1279/1279
f 1058/1058 8/8 1233/1233
f 8/8 1436/1436 1233/1233
f 1153/1153 1199/1199 1194/1194
f 1104/1104 1153/1153 1194/1194
f 1104/1104 1199/1199 1153/1153
f 1064/1064 1103/1103 1019/1019
f 951/951 1007/1007 950/950
f 1004/1004 1007/1007 951/951
f 950/950 1007/1007 1004/1004
f 1064/1064 1019/1019 1101/1101
f 1103/1103 1064/1064 1101/1101
f 1391/1391 1314/1314 1399/1399
f 1058/1058 1399/1399 1314/1314
f 1398/1398 1391/1391 1399/1399
f 1314/1314 1391/1391 1265/1265
f 1174/1174 1201/1201 1188/1188
f 1230/1230 1188/1188 1201/1201
f 1230/1230 1201/1201 1174/1174
f 998/998 1046/1046 1088/1088
f 985/985 1254/1254 1088/1088
f 1046/1046 985/985 1088/1088
f 4146/4146 4270/4270 750/750
f 750/750 70/70 4146/4146
f 1135/1135 750/750 535/535
f 1085/1085 1723/1723 535/535
f 4270/4270 535/535 750/750
f 6051/6051 6551/6551 4780/4780
f 6755/6755 6728/6728 6909/6909
f 6718/6718 6728/6728 6755/6755
f 6722/6722 6718/6718 6724/6724
f 6726/6726 6724/6724 6718/6718
f 6722/6722 6724/6724 6726/6726
f 6751/6751 6722/6722 6740/6740
f 6839/6839 6753/6753 6722/6722
f 6753/6753 6740/6740 6722/6722
f 6751/6751 6740/6740 6753/6753
f 6839/6839 6909/6909 6753/6753
f 6909/6909 6728/6728 6753/6753
f 6626/6626 6755/6755 6909/6909
f 6886/6886 6839/6839 6835/6835
f 6837/6837 6835/6835 6839/6839
f 6786/6786 6886/6886 6838/6838
f 6774/6774 6799/6799 6886/6886
f 6774/6774 6775/6775 6782/6782
f 6802/6802 6776/6776 6806/6806
f 6796/6796 6776/6776 6802/6802
f 6796/6796 6802/6802 6806/6806
f 6835/6835 6774/6774 6886/6886
f 6837/6837 6800/6800 6835/6835
f 6800/6800 6808/6808 6835/6835
f 6804/6804 6808/6808 6800/6800
f 6835/6835 6808/6808 6804/6804
f 6803/6803 6804/6804 6801/6801
f 6839/6839 6800/6800 6837/6837
f 6801/6801 6773/6773 6803/6803
f 6804/6804 6803/6803 6773/6773
f 6807/6807 6804/6804 6796/6796
f 6835/6835 6804/6804 6807/6807
f 6835/6835 6807/6807 6796/6796
f 3937/3937 3788/3788 3997/3997
f 1436/1436 1437/1437 1233/1233
f 1431/1431 1437/1437 1436/1436
f 1391/1391 1431/1431 1436/1436
f 1428/1428 1431/1431 1391/1391
f 1398/1398 1428/1428 1391/1391
f 1429/1429 1428/1428 1398/1398
f 1399/1399 1429/1429 1398/1398
f 1432/1432 1431/1431 1428/1428
f 1429/1429 1432/1432 1428/1428
f 1437/1437 1431/1431 1432/1432
f 1399/1399 1432/1432 1429/1429
f 1437/1437 1432/1432 1399/1399
f 1058/1058 1437/1437 1399/1399
f 1233/1233 1437/1437 1058/1058
f 1346/1346 1302/1302 1303/1303
f 1314/1314 1265/1265 998/998
f 1293/1293 1314/1314 998/998
f 1088/1088 1293/1293 998/998
f 1058/1058 1314/1314 1293/1293
f 1088/1088 1058/1058 1293/1293
f 432/432 491/491 494/494
f 496/496 494/494 491/491
f 432/432 494/494 496/496
f 492/492 496/496 491/491
f 454/454 432/432 496/496
f 492/492 454/454 496/496
f 436/436 492/492 491/491
f 454/454 492/492 436/436
f 180/180 436/436 491/491
f 432/432 180/180 491/491
f 180/180 432/432 454/454
f 454/454 436/436 180/180
f 180/180 5053/5053 5532/5532
f 6383/6383 6089/6089 5926/5926
f 3068/3068 2831/2831 2967/2967
f 2978/2978 3068/3068 2967/2967
f 2967/2967 2831/2831 2978/2978
f 6099/6099 4780/4780 6175/6175
f 6051/6051 4780/4780 6099/6099
f 1593/1593 1642/1642 2752/2752
f 1093/1093 1202/1202 1042/1042
f 1093/1093 1042/1042 1059/1059
f 1059/1059 1042/1042 1096/1096
f 439/439 451/451 582/582
f 704/704 451/451 439/439
f 704/704 582/582 451/451
f 279/279 704/704 1232/1232
f 270/270 1232/1232 704/704
f 1300/1300 1226/1226 1238/1238
f 1242/1242 1238/1238 1226/1226
f 1300/1300 1238/1238 1242/1242
f 1202/1202 1096/1096 1042/1042
f 6657/6657 5844/5844 6799/6799
f 6551/6551 6051/6051 6175/6175
f 4780/4780 5732/5732 6551/6551
f 5844/5844 6786/6786 6799/6799
f 6886/6886 6799/6799 6838/6838
f 6799/6799 6813/6813 6838/6838
f 6838/6838 6809/6809 6814/6814
f 6813/6813 6814/6814 6809/6809
f 6813/6813 6838/6838 6814/6814
f 6813/6813 6786/6786 6838/6838
f 6786/6786 6813/6813 6799/6799
f 3760/3760 3985/3985 3963/3963
f 3579/3579 3615/3615 3611/3611
f 3611/3611 3615/3615 3760/3760
f 3579/3579 3611/3611 3760/3760
f 3985/3985 4013/4013 3963/3963
f 3385/3385 3338/3338 3404/3404
f 3416/3416 3385/3385 3404/3404
f 3416/3416 3338/3338 3385/3385
f 270/270 326/326 1232/1232
f 272/272 326/326 270/270
f 263/263 272/272 270/270
f 263/263 326/326 272/272
f 1455/1455 2197/2197 1480/1480
f 1360/1360 1455/1455 1393/1393
f 1395/1395 1393/1393 1455/1455
f 1360/1360 1393/1393 1395/1395
f 1480/1480 1395/1395 1455/1455
f 1329/1329 1073/1073 1550/1550
f 150/150 1026/1026 233/233
f 2193/2193 3606/3606 3414/3414
f 3831/3831 2193/2193 3414/3414
f 2283/2283 2193/2193 3831/3831
f 2225/2225 2283/2283 3831/3831
f 2197/2197 2193/2193 1480/1480
f 3606/3606 2193/2193 2197/2197
f 3963/3963 4013/4013 4020/4020
f 4012/4012 3963/3963 4020/4020
f 4001/4001 3999/3999 4012/4012
f 4006/4006 4001/4001 4012/4012
f 4001/4001 4006/4006 4000/4000
f 3999/3999 4001/4001 4000/4000
f 4012/4012 4000/4000 4006/4006
f 3999/3999 4000/4000 4012/4012
f 4013/4013 4012/4012 4020/4020
f 4019/4019 3991/3991 3993/3993
f 3990/3990 3993/3993 3991/3991
f 3990/3990 3991/3991 4019/4019
f 1297/1297 1378/1378 1382/1382
f 1969/1969 1382/1382 1378/1378
f 1969/1969 1378/1378 1297/1297
f 1205/1205 1337/1337 1969/1969
f 958/958 1205/1205 1969/1969
f 962/962 1205/1205 958/958
f 788/788 955/955 958/958
f 962/962 958/958 955/955
f 788/788 962/962 955/955
f 464/464 603/603 602/602
f 962/962 602/602 603/603
f 464/464 962/962 603/603
f 375/375 464/464 305/305
f 374/374 464/464 375/375
f 305/305 374/374 375/375
f 609/609 464/464 374/374
f 95/95 157/157 4054/4054
f 32/32 157/157 95/95
f 4054/4054 32/32 95/95
f 34/34 32/32 4054/4054
f 374/374 32/32 229/229
f 33/33 32/32 34/34
f 4054/4054 33/33 34/34
f 298/298 229/229 32/32
f 4198/4198 33/33 4054/4054
f 4346/4346 4198/4198 4054/4054
f 4198/4198 4404/4404 33/33
f 4404/4404 4198/4198 4346/4346
f 4404/4404 4209/4209 4117/4117
f 4053/4053 32/32 4117/4117
f 165/165 4053/4053 4117/4117
f 32/32 4053/4053 165/165
f 36/36 165/165 4117/4117
f 96/96 32/32 35/35
f 96/96 35/35 165/165
f 165/165 32/32 96/96
f 36/36 791/791 165/165
f 229/229 298/298 374/374
f 462/462 609/609 374/374
f 302/302 601/601 462/462
f 462/462 954/954 1010/1010
f 1367/1367 1160/1160 462/462
f 962/962 1160/1160 1367/1367
f 962/962 462/462 1160/1160
f 1367/1367 1205/1205 962/962
f 462/462 464/464 609/609
f 1337/1337 1205/1205 1281/1281
f 1367/1367 1281/1281 1205/1205
f 1367/1367 1409/1409 1281/1281
f 1337/1337 1333/1333 1334/1334
f 1439/1439 1334/1334 1333/1333
f 1337/1337 1334/1334 1439/1439
f 1412/1412 1413/1413 1439/1439
f 1412/1412 1443/1443 1413/1413
f 1443/1443 1412/1412 1439/1439
f 1969/1969 1443/1443 1580/1580
f 1666/1666 1580/1580 1443/1443
f 1577/1577 1607/1607 1666/1666
f 1969/1969 1580/1580 1666/1666
f 1577/1577 1605/1605 1607/1607
f 1602/1602 1605/1605 1577/1577
f 1607/1607 1605/1605 1602/1602
f 1801/1801 1772/1772 1701/1701
f 1628/1628 1607/1607 1602/1602
f 1801/1801 1607/1607 1628/1628
f 1575/1575 1628/1628 1602/1602
f 1666/1666 1575/1575 1602/1602
f 1411/1411 1575/1575 1666/1666
f 1628/1628 1575/1575 1411/1411
f 1494/1494 1492/1492 1411/1411
f 1410/1410 1492/1492 1494/1494
f 1411/1411 1492/1492 1410/1410
f 1281/1281 1440/1440 1410/1410
f 1411/1411 1410/1410 1440/1440
f 1411/1411 1440/1440 1281/1281
f 1409/1409 1411/1411 1281/1281
f 1367/1367 1411/1411 1409/1409
f 1628/1628 1411/1411 1520/1520
f 1801/1801 1628/1628 1520/1520
f 1367/1367 1520/1520 1411/1411
f 1520/1520 1367/1367 1364/1364
f 1367/1367 1332/1332 1364/1364
f 1520/1520 1364/1364 1630/1630
f 1361/1361 1630/1630 1364/1364
f 1240/1240 1361/1361 1364/1364
f 1277/1277 1361/1361 1240/1240
f 1243/1243 1361/1361 1277/1277
f 1404/1404 1361/1361 1407/1407
f 1240/1240 1243/1243 1277/1277
f 1465/1465 1366/1366 1407/1407
f 1406/1406 1407/1407 1366/1366
f 1406/1406 1366/1366 1465/1465
f 1241/1241 1465/1465 1407/1407
f 1338/1338 1465/1465 1335/1335
f 1241/1241 1335/1335 1465/1465
f 1241/1241 1465/1465 1275/1275
f 1276/1276 1275/1275 1465/1465
f 1338/1338 1335/1335 1241/1241
f 1276/1276 1241/1241 1275/1275
f 1240/1240 1126/1126 1241/1241
f 1500/1500 1499/1499 1418/1418
f 1736/1736 1500/1500 1418/1418
f 1736/1736 1499/1499 1500/1500
f 1418/1418 1551/1551 1631/1631
f 1418/1418 1502/1502 1736/1736
f 1736/1736 1551/1551 1418/1418
f 1631/1631 1551/1551 1736/1736
f 1603/1603 1736/1736 1576/1576
f 1540/1540 1576/1576 1736/1736
f 1603/1603 1576/1576 1540/1540
f 1638/1638 1540/1540 1537/1537
f 1813/1813 1707/1707 1638/1638
f 1537/1537 1526/1526 1638/1638
f 1540/1540 1526/1526 1537/1537
f 1502/1502 1504/1504 1736/1736
f 1418/1418 1504/1504 1502/1502
f 1446/1446 1504/1504 1418/1418
f 1446/1446 1447/1447 1504/1504
f 1447/1447 1446/1446 1418/1418
f 1418/1418 1340/1340 1377/1377
f 1379/1379 1377/1377 1340/1340
f 1379/1379 1418/1418 1377/1377
f 1241/1241 1126/1126 1341/1341
f 1260/1260 1379/1379 1340/1340
f 1341/1341 1260/1260 1340/1340
f 1341/1341 1379/1379 1260/1260
f 841/841 45/45 182/182
f 841/841 182/182 320/320
f 1126/1126 45/45 1341/1341
f 841/841 1037/1037 1814/1814
f 1456/1456 841/841 1814/1814
f 1456/1456 1477/1477 1454/1454
f 1388/1388 841/841 1454/1454
f 1481/1481 1459/1459 1454/1454
f 1481/1481 1349/1349 1459/1459
f 1477/1477 1587/1587 1454/1454
f 1538/1538 1454/1454 1587/1587
f 1583/1583 1454/1454 1538/1538
f 1587/1587 1583/1583 1538/1538
f 1477/1477 1456/1456 1587/1587
f 1456/1456 1814/1814 1583/1583
f 1583/1583 1814/1814 1773/1773
f 1766/1766 1853/1853 1806/1806
f 1806/1806 1853/1853 1773/1773
f 1806/1806 1773/1773 1766/1766
f 1766/1766 1773/1773 1852/1852
f 2033/2033 2238/2238 2001/2001
f 2033/2033 2001/2001 1773/1773
f 1773/1773 2238/2238 2033/2033
f 2077/2077 2034/2034 2238/2238
f 2077/2077 2238/2238 2132/2132
f 2100/2100 2132/2132 2238/2238
f 2425/2425 1773/1773 1814/1814
f 2388/2388 1773/1773 2425/2425
f 2299/2299 1773/1773 2388/2388
f 2268/2268 1773/1773 2299/2299
f 2268/2268 2299/2299 2388/2388
f 2425/2425 2464/2464 2388/2388
f 2464/2464 2425/2425 1814/1814
f 2415/2415 2383/2383 2464/2464
f 2418/2418 2383/2383 2415/2415
f 2384/2384 2383/2383 2418/2418
f 2464/2464 2418/2418 2415/2415
f 2388/2388 2384/2384 2418/2418
f 2388/2388 2383/2383 2384/2384
f 2329/2329 2238/2238 2388/2388
f 2420/2420 2329/2329 2388/2388
f 2238/2238 2329/2329 2420/2420
f 2100/2100 2238/2238 2420/2420
f 2569/2569 2420/2420 2388/2388
f 2460/2460 2421/2421 2420/2420
f 2153/2153 2460/2460 2420/2420
f 2153/2153 2421/2421 2460/2460
f 2153/2153 2100/2100 2420/2420
f 2034/2034 2077/2077 2132/2132
f 1852/1852 1773/1773 1812/1812
f 1895/1895 1812/1812 2132/2132
f 1766/1766 1852/1852 1812/1812
f 1813/1813 1812/1812 1895/1895
f 1706/1706 1638/1638 1535/1535
f 1813/1813 1737/1737 1707/1707
f 1638/1638 1707/1707 1737/1737
f 1581/1581 1706/1706 1535/1535
f 1583/1583 1706/1706 1581/1581
f 1535/1535 1583/1583 1581/1581
f 1526/1526 1557/1557 1583/1583
f 1481/1481 1583/1583 1557/1557
f 1481/1481 1557/1557 1526/1526
f 1482/1482 1481/1481 1526/1526
f 1349/1349 1481/1481 1482/1482
f 1349/1349 1482/1482 1526/1526
f 1454/1454 1459/1459 1349/1349
f 1388/1388 1454/1454 1349/1349
f 841/841 1388/1388 1349/1349
f 6703/6703 6541/6541 6701/6701
f 6747/6747 6703/6703 6701/6701
f 6541/6541 6703/6703 6747/6747
f 6541/6541 6834/6834 6702/6702
f 6834/6834 6541/6541 6747/6747
f 6797/6797 6832/6832 6831/6831
f 6702/6702 6834/6834 6611/6611
f 6541/6541 6702/6702 6611/6611
f 6834/6834 6797/6797 6831/6831
f 6832/6832 6834/6834 6831/6831
f 6834/6834 6471/6471 6881/6881
f 6766/6766 6834/6834 6828/6828
f 6847/6847 6828/6828 6834/6834
f 6664/6664 6766/6766 6663/6663
f 6766/6766 6828/6828 6663/6663
f 6847/6847 6663/6663 6828/6828
f 6856/6856 6834/6834 6881/6881
f 2756/2756 3441/3441 3027/3027
f 1768/1768 1969/1969 1701/1701
f 1930/1930 1768/1768 1701/1701
f 1930/1930 1701/1701 1772/1772
f 1930/1930 1969/1969 1768/1768
f 1930/1930 1772/1772 1801/1801
f 1930/1930 1801/1801 1929/1929
f 1929/1929 1801/1801 1774/1774
f 1930/1930 1774/1774 1968/1968
f 1929/1929 1774/1774 1930/1930
f 2006/2006 1968/1968 1774/1774
f 1930/1930 1968/1968 2006/2006
f 2005/2005 1774/1774 2119/2119
f 1930/1930 2006/2006 2007/2007
f 2007/2007 2004/2004 1930/1930
f 2004/2004 2007/2007 2006/2006
f 2136/2136 2006/2006 2145/2145
f 1891/1891 2119/2119 1774/1774
f 1805/1805 1891/1891 1742/1742
f 1844/1844 1891/1891 1805/1805
f 1960/1960 1891/1891 1844/1844
f 1960/1960 1844/1844 1805/1805
f 1926/1926 1891/1891 1960/1960
f 1891/1891 1926/1926 2179/2179
f 1960/1960 2179/2179 1926/1926
f 2142/2142 1891/1891 2179/2179
f 2237/2237 1891/1891 2142/2142
f 2119/2119 1891/1891 2237/2237
f 2237/2237 2142/2142 2179/2179
f 2144/2144 2331/2331 2179/2179
f 1705/1705 1959/1959 2179/2179
f 1804/1804 1803/1803 1884/1884
f 1846/1846 1884/1884 1803/1803
f 1842/1842 1846/1846 1803/1803
f 1884/1884 1846/1846 1842/1842
f 1601/1601 1631/1631 1796/1796
f 1813/1813 1895/1895 1737/1737
f 2132/2132 1737/1737 1895/1895
f 2132/2132 2100/2100 2153/2153
f 2037/2037 1737/1737 2132/2132
f 2132/2132 2153/2153 2117/2117
f 2215/2215 2117/2117 2153/2153
f 2132/2132 2117/2117 2215/2215
f 2037/2037 2132/2132 1927/1927
f 1737/1737 2037/2037 1927/1927
f 1894/1894 2035/2035 1999/1999
f 1996/1996 1999/1999 2035/2035
f 1894/1894 1999/1999 1996/1996
f 2215/2215 2188/2188 2210/2210
f 2210/2210 2188/2188 2214/2214
f 2151/2151 2210/2210 2214/2214
f 2114/2114 2210/2210 2151/2151
f 2214/2214 2188/2188 2215/2215
f 2151/2151 2214/2214 2114/2114
f 2114/2114 2184/2184 2149/2149
f 2210/2210 2114/2114 2149/2149
f 2210/2210 2149/2149 2184/2184
f 1884/1884 2210/2210 1959/1959
f 1884/1884 2215/2215 2210/2210
f 1887/1887 1845/1845 1894/1894
f 1884/1884 1887/1887 1894/1894
f 1845/1845 1887/1887 1884/1884
f 1800/1800 1890/1890 1797/1797
f 1802/1802 1890/1890 1800/1800
f 1732/1732 1800/1800 1797/1797
f 1802/1802 1800/1800 1732/1732
f 1470/1470 1621/1621 1479/1479
f 1469/1469 1470/1470 1479/1479
f 1548/1548 1621/1621 1417/1417
f 1469/1469 1548/1548 1417/1417
f 6156/6156 6162/6162 6180/6180
f 6181/6181 6180/6180 6162/6162
f 6151/6151 6162/6162 6156/6156
f 6159/6159 6151/6151 6156/6156
f 6123/6123 6108/6108 6162/6162
f 6151/6151 6123/6123 6162/6162
f 6222/6222 6159/6159 6156/6156
f 6222/6222 6151/6151 6159/6159
f 6195/6195 6196/6196 6222/6222
f 6247/6247 6195/6195 6248/6248
f 6196/6196 6195/6195 6247/6247
f 6196/6196 6247/6247 6222/6222
f 6160/6160 6158/6158 6222/6222
f 6122/6122 6222/6222 6158/6158
f 6160/6160 6122/6122 6158/6158
f 6151/6151 6122/6122 6123/6123
f 6123/6123 6122/6122 6108/6108
f 6062/6062 6162/6162 6108/6108
f 6027/6027 6108/6108 6069/6069
f 6069/6069 6108/6108 6070/6070
f 6027/6027 6069/6069 6070/6070
f 6098/6098 6096/6096 6109/6109
f 6096/6096 6071/6071 6109/6109
f 6098/6098 6071/6071 6096/6096
f 6097/6097 6071/6071 6098/6098
f 6072/6072 6071/6071 6097/6097
f 6042/6042 6025/6025 6071/6071
f 6071/6071 6025/6025 5978/5978
f 6071/6071 5978/5978 5955/5955
f 5980/5980 5914/5914 5952/5952
f 6162/6162 5983/5983 6318/6318
f 6180/6180 6181/6181 6156/6156
f 6252/6252 6279/6279 6235/6235
f 6252/6252 6235/6235 6234/6234
f 6279/6279 6252/6252 6234/6234
f 6249/6249 6234/6234 6162/6162
f 6318/6318 6249/6249 6162/6162
f 6318/6318 6234/6234 6249/6249
f 6234/6234 6283/6283 6279/6279
f 6318/6318 6283/6283 6234/6234
f 6033/6033 6590/6590 6001/6001
f 6621/6621 6001/6001 6613/6613
f 6590/6590 6621/6621 6613/6613
f 6001/6001 6590/6590 6613/6613
f 2102/2102 1867/1867 2221/2221
f 2453/2453 1754/1754 1969/1969
f 1836/1836 1785/1785 1872/1872
f 1785/1785 1836/1836 1754/1754
f 1754/1754 1836/1836 1872/1872
f 1871/1871 1872/1872 1754/1754
f 1936/1936 1871/1871 1754/1754
f 1936/1936 1872/1872 1871/1871
f 1785/1785 1754/1754 2453/2453
f 2453/2453 1969/1969 2126/2126
f 2126/2126 2391/2391 2453/2453
f 2336/2336 2391/2391 2126/2126
f 2335/2335 2391/2391 2336/2336
f 2126/2126 2335/2335 2336/2336
f 2335/2335 2334/2334 2391/2391
f 2468/2468 2391/2391 2334/2334
f 2335/2335 2468/2468 2334/2334
f 2382/2382 2468/2468 2332/2332
f 2239/2239 2237/2237 2240/2240
f 2261/2261 2243/2243 2335/2335
f 2261/2261 2335/2335 2300/2300
f 2300/2300 2243/2243 2261/2261
f 2212/2212 2240/2240 2243/2243
f 2005/2005 2240/2240 2212/2212
f 2239/2239 2240/2240 2005/2005
f 2005/2005 2212/2212 2243/2243
f 2237/2237 2239/2239 2005/2005
f 2119/2119 2237/2237 2005/2005
f 2183/2183 2213/2213 2243/2243
f 2332/2332 2331/2331 2296/2296
f 2330/2330 2296/2296 2331/2331
f 2332/2332 2296/2296 2330/2330
f 2330/2330 2331/2331 2409/2409
f 2458/2458 2331/2331 2379/2379
f 2378/2378 2379/2379 2331/2331
f 2458/2458 2379/2379 2378/2378
f 2409/2409 2331/2331 2572/2572
f 2625/2625 2607/2607 2570/2570
f 2570/2570 2811/2811 2625/2625
f 2607/2607 2304/2304 2570/2570
f 2494/2494 2607/2607 2457/2457
f 2494/2494 2304/2304 2607/2607
f 2811/2811 2304/2304 2567/2567
f 2570/2570 2304/2304 2811/2811
f 2304/2304 2494/2494 2457/2457
f 2567/2567 2807/2807 2811/2811
f 2691/2691 2811/2811 2807/2807
f 2687/2687 2811/2811 2691/2691
f 2807/2807 2687/2687 2691/2691
f 2687/2687 2807/2807 2730/2730
f 2810/2810 2730/2730 2807/2807
f 2687/2687 2730/2730 2810/2810
f 2153/2153 2492/2492 2495/2495
f 2413/2413 2495/2495 2492/2492
f 2153/2153 2495/2495 2413/2413
f 2804/2804 2722/2722 2654/2654
f 2656/2656 2462/2462 2420/2420
f 2420/2420 2628/2628 2656/2656
f 2388/2388 2602/2602 2569/2569
f 2603/2603 2630/2630 2388/2388
f 2420/2420 2569/2569 2602/2602
f 2630/2630 2601/2601 2602/2602
f 2603/2603 2388/2388 2542/2542
f 2628/2628 2602/2602 2601/2601
f 2630/2630 2628/2628 2601/2601
f 2542/2542 2630/2630 2603/2603
f 2629/2629 2628/2628 2630/2630
f 2637/2637 2628/2628 2629/2629
f 2630/2630 2637/2637 2629/2629
f 2694/2694 2609/2609 2634/2634
f 2637/2637 2609/2609 2694/2694
f 2637/2637 2694/2694 2634/2634
f 2695/2695 2637/2637 2636/2636
f 2733/2733 2637/2637 2695/2695
f 2637/2637 2732/2732 2851/2851
f 2783/2783 2732/2732 2733/2733
f 2571/2571 2695/2695 2636/2636
f 2732/2732 2783/2783 2782/2782
f 2733/2733 2782/2782 2783/2783
f 2695/2695 2571/2571 2733/2733
f 2633/2633 2631/2631 2733/2733
f 2571/2571 2633/2633 2733/2733
f 2631/2631 2633/2633 2571/2571
f 2610/2610 2571/2571 2636/2636
f 2634/2634 2610/2610 2636/2636
f 2634/2634 2571/2571 2610/2610
f 2634/2634 2574/2574 2571/2571
f 2575/2575 2571/2571 2574/2574
f 2575/2575 2574/2574 2634/2634
f 2085/2085 2126/2126 1969/1969
f 2004/2004 1979/1979 1930/1930
f 2028/2028 1930/1930 1979/1979
f 2028/2028 1979/1979 2004/2004
f 2069/2069 2028/2028 2096/2096
f 2136/2136 2060/2060 2006/2006
f 2060/2060 2069/2069 2096/2096
f 2028/2028 2069/2069 2060/2060
f 2060/2060 2136/2136 2145/2145
f 2243/2243 2060/2060 2005/2005
f 2060/2060 2243/2243 2213/2213
f 2183/2183 2060/2060 2213/2213
f 2300/2300 2266/2266 2183/2183
f 2126/2126 2266/2266 2300/2300
f 2126/2126 2183/2183 2266/2266
f 1930/1930 2126/2126 2085/2085
f 1969/1969 1930/1930 2085/2085
f 2225/2225 2241/2241 2249/2249
f 2283/2283 2249/2249 2241/2241
f 2283/2283 2241/2241 2225/2225
f 2193/2193 2283/2283 2225/2225
f 1598/1598 152/152 1073/1073
f 1598/1598 1073/1073 2994/2994
f 1073/1073 2171/2171 2994/2994
f 1073/1073 1329/1329 2171/2171
f 1046/1046 998/998 8/8
f 6539/6539 6543/6543 6500/6500
f 6552/6552 6539/6539 6500/6500
f 6543/6543 6539/6539 6552/6552
f 6595/6595 6543/6543 6552/6552
f 6500/6500 6493/6493 6552/6552
f 6475/6475 6493/6493 6500/6500
f 6552/6552 6493/6493 6475/6475
f 6544/6544 6595/6595 6552/6552
f 1785/1785 2287/2287 1940/1940
f 2453/2453 2287/2287 1785/1785
f 2424/2424 2348/2348 2427/2427
f 2424/2424 2819/2819 2797/2797
f 2819/2819 2840/2840 2797/2797
f 2719/2719 2797/2797 2840/2840
f 2901/2901 2719/2719 2840/2840
f 2719/2719 2840/2840 2800/2800
f 2840/2840 2901/2901 2872/2872
f 2920/2920 2840/2840 2872/2872
f 2901/2901 2920/2920 2872/2872
f 2990/2990 2920/2920 2901/2901
f 2990/2990 2901/2901 2991/2991
f 2920/2920 2990/2990 2991/2991
f 2989/2989 2991/2991 2943/2943
f 3157/3157 3060/3060 2991/2991
f 3102/3102 2991/2991 2989/2989
f 2943/2943 3102/3102 2989/2989
f 3167/3167 2991/2991 3102/3102
f 3167/3167 3157/3157 2991/2991
f 2873/2873 2819/2819 2845/2845
f 2819/2819 2875/2875 2845/2845
f 2875/2875 2873/2873 2845/2845
f 2930/2930 2966/2966 2902/2902
f 2819/2819 2930/2930 2902/2902
f 2819/2819 2966/2966 2930/2930
f 2737/2737 2819/2819 2424/2424
f 2738/2738 2819/2819 2737/2737
f 2738/2738 2737/2737 3167/3167
f 3170/3170 3167/3167 2737/2737
f 3167/3167 3102/3102 2738/2738
f 3102/3102 2964/2964 3029/3029
f 2964/2964 3102/3102 2874/2874
f 3029/3029 2964/2964 2874/2874
f 3209/3209 3167/3167 3170/3170
f 3318/3318 3167/3167 3209/3209
f 3167/3167 3318/3318 3453/3453
f 3453/3453 3436/3436 3167/3167
f 1950/1950 2046/2046 1988/1988
f 2017/2017 2016/2016 2046/2046
f 2016/2016 2047/2047 2046/2046
f 2101/2101 3669/3669 1989/1989
f 2101/2101 1989/1989 2046/2046
f 2017/2017 2047/2047 2016/2016
f 534/534 1114/1114 1061/1061
f 1061/1061 1114/1114 1263/1263
f 1061/1061 1263/1263 1152/1152
f 1152/1152 1263/1263 1180/1180
f 1180/1180 1263/1263 713/713
f 1148/1148 713/713 1146/1146
f 1146/1146 1003/1003 1112/1112
f 1148/1148 1146/1146 1112/1112
f 1172/1172 1148/1148 1112/1112
f 1173/1173 1148/1148 1172/1172
f 713/713 1148/1148 1173/1173
f 1177/1177 713/713 1173/1173
f 1176/1176 1173/1173 1172/1172
f 1177/1177 1173/1173 1176/1176
f 1112/1112 1176/1176 1172/1172
f 1180/1180 713/713 1177/1177
f 1176/1176 1180/1180 1177/1177
f 1180/1180 1176/1176 1152/1152
f 380/380 202/202 242/242
f 380/380 242/242 168/168
f 442/442 168/168 242/242
f 442/442 380/380 168/168
f 380/380 442/442 311/311
f 311/311 204/204 380/380
f 442/442 204/204 311/311
f 4166/4166 202/202 380/380
f 4166/4166 380/380 106/106
f 253/253 106/106 380/380
f 253/253 4166/4166 106/106
f 4183/4183 4491/4491 4289/4289
f 202/202 4491/4491 4183/4183
f 88/88 242/242 4245/4245
f 4179/4179 4169/4169 4143/4143
f 4167/4167 4179/4179 4144/4144
f 4179/4179 4167/4167 4143/4143
f 4143/4143 4167/4167 4144/4144
f 202/202 4143/4143 4245/4245
f 4183/4183 4179/4179 4143/4143
f 4169/4169 4179/4179 4183/4183
f 4143/4143 202/202 4183/4183
f 4289/4289 4169/4169 4183/4183
f 4289/4289 4394/4394 4389/4389
f 4426/4426 4389/4389 4394/4394
f 4289/4289 4426/4426 4394/4394
f 4289/4289 4491/4491 4397/4397
f 4166/4166 4491/4491 202/202
f 1003/1003 1146/1146 1079/1079
f 1036/1036 5532/5532 5053/5053
f 5971/5971 5737/5737 5053/5053
f 5964/5964 5737/5737 5971/5971
f 5977/5977 5737/5737 5964/5964
f 5971/5971 5977/5977 5964/5964
f 6001/6001 5971/5971 5053/5053
f 6033/6033 6001/6001 5053/5053
f 6839/6839 6886/6886 6909/6909
f 6883/6883 6903/6903 6943/6943
f 6909/6909 6883/6883 6943/6943
f 6883/6883 6909/6909 6886/6886
f 6897/6897 6883/6883 6885/6885
f 2348/2348 2287/2287 2453/2453
f 2426/2426 2348/2348 2453/2453
f 2427/2427 2348/2348 2426/2426
f 2391/2391 2817/2817 2453/2453
f 2543/2543 2501/2501 2500/2500
f 2817/2817 2501/2501 2543/2543
f 2817/2817 2543/2543 2500/2500
f 2579/2579 2817/2817 2500/2500
f 2577/2577 2635/2635 2391/2391
f 2468/2468 2577/2577 2391/2391
f 2579/2579 2500/2500 2635/2635
f 2817/2817 2579/2579 2635/2635
f 2382/2382 2536/2536 2468/2468
f 2536/2536 2577/2577 2468/2468
f 2536/2536 2382/2382 2332/2332
f 2330/2330 2409/2409 2536/2536
f 2663/2663 2635/2635 2736/2736
f 2817/2817 2635/2635 2663/2663
f 2736/2736 2817/2817 2663/2663
f 2817/2817 2736/2736 2740/2740
f 3112/3112 2740/2740 2736/2736
f 2968/2968 3112/3112 2736/2736
f 2577/2577 2814/2814 2635/2635
f 2814/2814 2577/2577 2536/2536
f 2536/2536 2409/2409 2572/2572
f 2736/2736 2814/2814 2781/2781
f 2781/2781 2814/2814 2815/2815
f 2933/2933 2771/2771 2907/2907
f 2853/2853 2907/2907 2771/2771
f 2908/2908 2933/2933 2907/2907
f 2811/2811 2853/2853 2771/2771
f 2811/2811 2907/2907 2853/2853
f 2908/2908 2907/2907 2910/2910
f 2888/2888 2907/2907 2811/2811
f 2955/2955 2910/2910 2907/2907
f 2908/2908 2910/2910 2955/2955
f 3044/3044 2933/2933 2908/2908
f 3043/3043 3044/3044 3004/3004
f 3003/3003 3043/3043 3004/3004
f 3044/3044 3003/3003 3004/3004
f 3108/3108 3044/3044 3109/3109
f 3111/3111 3079/3079 3080/3080
f 3110/3110 3111/3111 3080/3080
f 3079/3079 3111/3111 3110/3110
f 3108/3108 3109/3109 3177/3177
f 3044/3044 3108/3108 3177/3177
f 3197/3197 3351/3351 3177/3177
f 3471/3471 3351/3351 3488/3488
f 3471/3471 3488/3488 3469/3469
f 3510/3510 3471/3471 3469/3469
f 3488/3488 3510/3510 3469/3469
f 3471/3471 3490/3490 3451/3451
f 3451/3451 3490/3490 3513/3513
f 3513/3513 3601/3601 3512/3512
f 3471/3471 3451/3451 3513/3513
f 3453/3453 3218/3218 3351/3351
f 3471/3471 3888/3888 3453/3453
f 3471/3471 3453/3453 3351/3351
f 3602/3602 3513/3513 3512/3512
f 3601/3601 3602/3602 3512/3512
f 3551/3551 3600/3600 3601/3601
f 3659/3659 3601/3601 3600/3600
f 3659/3659 3600/3600 3551/3551
f 3632/3632 3602/3602 3601/3601
f 3659/3659 3632/3632 3601/3601
f 3453/3453 3888/3888 3856/3856
f 3744/3744 3453/3453 3856/3856
f 3710/3710 3744/3744 3723/3723
f 3710/3710 3711/3711 3744/3744
f 3723/3723 3711/3711 3710/3710
f 3296/3296 3250/3250 3453/3453
f 3453/3453 3250/3250 3222/3222
f 3218/3218 3453/3453 3222/3222
f 3742/3742 3751/3751 3753/3753
f 3740/3740 3751/3751 3742/3742
f 3740/3740 3742/3742 3753/3753
f 3684/3684 3666/3666 3740/3740
f 3321/3321 3357/3357 3380/3380
f 3392/3392 3321/3321 3380/3380
f 3357/3357 3392/3392 3380/3380
f 2282/2282 2252/2252 2318/2318
f 2289/2289 2252/2252 2282/2282
f 2282/2282 2318/2318 2289/2289
f 2314/2314 2289/2289 2340/2340
f 2338/2338 2314/2314 2340/2340
f 2338/2338 2340/2340 2289/2289
f 2480/2480 2338/2338 1940/1940
f 2345/2345 2338/2338 2480/2480
f 2524/2524 2338/2338 2345/2345
f 2480/2480 2524/2524 2345/2345
f 2524/2524 2480/2480 2516/2516
f 2648/2648 2559/2559 2524/2524
f 2524/2524 2516/2516 2648/2648
f 2516/2516 2533/2533 2648/2648
f 2480/2480 2533/2533 2516/2516
f 2596/2596 2561/2561 2532/2532
f 2532/2532 2561/2561 2531/2531
f 2561/2561 2483/2483 2531/2531
f 2483/2483 2532/2532 2531/2531
f 2419/2419 2346/2346 2561/2561
f 2533/2533 2419/2419 2561/2561
f 2346/2346 2419/2419 2533/2533
f 2287/2287 2561/2561 2346/2346
f 2480/2480 2399/2399 2346/2346
f 1940/1940 2399/2399 2480/2480
f 2346/2346 2399/2399 1940/1940
f 2287/2287 2346/2346 1940/1940
f 2561/2561 2287/2287 2348/2348
f 2424/2424 2561/2561 2348/2348
f 2487/2487 2424/2424 2797/2797
f 2424/2424 2487/2487 2561/2561
f 2795/2795 2624/2624 2797/2797
f 2624/2624 2487/2487 2797/2797
f 2596/2596 2487/2487 2624/2624
f 2532/2532 2487/2487 2596/2596
f 2648/2648 2561/2561 2596/2596
f 2648/2648 2596/2596 2624/2624
f 2619/2619 2559/2559 2648/2648
f 2524/2524 2559/2559 2619/2619
f 2679/2679 2619/2619 2675/2675
f 2681/2681 2619/2619 2679/2679
f 2675/2675 2681/2681 2679/2679
f 2681/2681 2795/2795 2770/2770
f 2795/2795 2681/2681 2624/2624
f 2719/2719 2795/2795 2797/2797
f 2920/2920 2795/2795 2719/2719
f 2800/2800 2920/2920 2719/2719
f 2840/2840 2920/2920 2800/2800
f 2921/2921 2795/2795 2920/2920
f 2770/2770 2795/2795 2921/2921
f 3060/3060 2920/2920 2991/2991
f 3060/3060 3157/3157 2920/2920
f 3157/3157 3167/3167 3207/3207
f 3160/3160 3161/3161 3168/3168
f 3127/3127 3161/3161 3160/3160
f 3127/3127 3160/3160 3168/3168
f 3204/3204 3161/3161 3205/3205
f 3232/3232 3204/3204 3205/3205
f 3161/3161 3232/3232 3205/3205
f 3207/3207 3224/3224 3283/3283
f 3282/3282 3283/3283 3224/3224
f 3207/3207 3283/3283 3282/3282
f 3359/3359 3207/3207 3436/3436
f 3207/3207 3167/3167 3436/3436
f 3352/3352 3335/3335 3359/3359
f 3207/3207 3359/3359 3335/3335
f 3330/3330 3335/3335 3352/3352
f 3207/3207 3335/3335 3330/3330
f 3359/3359 3436/3436 3394/3394
f 3394/3394 3436/3436 3500/3500
f 3618/3618 3597/3597 3648/3648
f 3645/3645 3618/3618 3648/3648
f 3685/3685 3673/3673 3648/3648
f 3591/3591 3597/3597 3618/3618
f 3571/3571 3597/3597 3591/3591
f 3491/3491 3571/3571 3591/3591
f 3491/3491 3597/3597 3571/3571
f 3500/3500 3597/3597 3491/3491
f 3402/3402 3500/3500 3491/3491
f 3402/3402 3394/3394 3500/3500
f 1469/1469 1479/1479 1621/1621
f 1645/1645 1683/1683 1620/1620
f 1621/1621 1645/1645 1620/1620
f 1683/1683 1645/1645 1621/1621
f 1548/1548 1469/1469 1621/1621
f 6710/6710 6543/6543 6595/6595
f 6892/6892 6626/6626 6909/6909
f 6965/6965 6909/6909 6918/6918
f 6930/6930 6965/6965 6918/6918
f 6930/6930 6931/6931 6965/6965
f 6955/6955 6954/6954 6931/6931
f 6965/6965 6955/6955 6975/6975
f 6956/6956 6955/6955 6965/6965
f 6955/6955 6956/6956 6954/6954
f 6965/6965 6954/6954 6956/6956
f 6909/6909 6965/6965 6975/6975
f 6892/6892 6909/6909 6975/6975
f 7167/7167 6892/6892 6975/6975
f 6996/6996 6997/6997 6995/6995
f 6994/6994 6996/6996 6995/6995
f 6997/6997 6996/6996 6994/6994
f 6909/6909 6943/6943 6906/6906
f 6918/6918 6906/6906 6943/6943
f 6931/6931 6918/6918 6943/6943
f 6918/6918 6931/6931 6930/6930
f 6921/6921 6918/6918 6919/6919
f 6906/6906 6921/6921 6919/6919
f 6918/6918 6906/6906 6919/6919
f 6906/6906 6918/6918 6909/6909
f 6903/6903 6897/6897 6885/6885
f 6883/6883 6897/6897 6903/6903
f 6920/6920 6911/6911 6903/6903
f 6922/6922 6943/6943 6903/6903
f 6911/6911 6922/6922 6903/6903
f 6967/6967 6943/6943 6922/6922
f 6883/6883 6967/6967 6922/6922
f 6920/6920 6922/6922 6911/6911
f 2426/2426 2402/2402 2376/2376
f 2427/2427 2376/2376 2402/2402
f 2426/2426 2427/2427 2402/2402
f 2424/2424 2427/2427 2453/2453
f 1862/1862 1070/1070 1967/1967
f 2104/2104 1070/1070 1862/1862
f 4245/4245 242/242 202/202
f 2453/2453 2427/2427 2426/2426
f 3112/3112 2817/2817 2740/2740
f 2453/2453 2737/2737 2424/2424
f 3170/3170 3225/3225 3239/3239
f 3209/3209 3170/3170 3239/3239
f 3225/3225 3209/3209 3239/3239
f 3296/3296 3295/3295 3225/3225
f 3318/3318 3225/3225 3295/3295
f 3296/3296 3318/3318 3295/3295
f 3296/3296 3453/3453 3318/3318
f 3173/3173 3252/3252 3254/3254
f 3250/3250 3254/3254 3252/3252
f 3250/3250 3252/3252 3173/3173
f 3170/3170 2737/2737 3173/3173
f 3173/3173 3186/3186 3170/3170
f 3210/3210 3186/3186 3173/3173
f 3210/3210 3170/3170 3186/3186
f 3210/3210 3173/3173 3226/3226
f 3296/3296 3226/3226 3173/3173
f 3296/3296 3210/3210 3226/3226
f 3222/3222 3173/3173 2737/2737
f 3222/3222 3250/3250 3173/3173
f 3044/3044 3177/3177 2933/2933
f 3177/3177 3351/3351 2933/2933
f 2736/2736 2771/2771 2968/2968
f 2736/2736 2781/2781 2815/2815
f 2453/2453 2817/2817 3112/3112
f 2453/2453 3112/3112 2737/2737
f 2771/2771 2933/2933 3351/3351
f 2771/2771 3351/3351 3218/3218
f 2771/2771 3112/3112 2968/2968
f 3112/3112 3222/3222 2737/2737
f 3202/3202 3222/3222 3112/3112
f 2771/2771 3221/3221 3202/3202
f 3218/3218 3222/3222 3202/3202
f 3199/3199 3202/3202 3221/3221
f 2771/2771 3199/3199 3221/3221
f 1304/1304 561/561 1306/1306
f 1336/1336 1306/1306 561/561
f 1336/1336 1304/1304 1306/1306
f 1026/1026 561/561 233/233
f 6967/6967 6883/6883 6886/6886
f 6786/6786 6967/6967 6886/6886
f 3558/3558 3474/3474 3384/3384
f 3336/3336 3558/3558 3384/3384
f 3547/3547 3558/3558 3336/3336
f 3537/3537 3547/3547 3336/3336
f 3546/3546 3558/3558 3547/3547
f 3537/3537 3546/3546 3547/3547
f 3546/3546 3474/3474 3558/3558
f 3474/3474 3546/3546 3537/3537
f 3474/3474 3441/3441 3384/3384
f 3441/3441 2756/2756 3384/3384
f 3537/3537 3441/3441 3474/3474
f 3336/3336 3441/3441 3537/3537
f 3441/3441 3336/3336 3384/3384
f 3434/3434 3441/3441 3384/3384
f 3027/3027 3441/3441 3434/3434
f 3027/3027 3434/3434 3309/3309
f 3307/3307 3309/3309 3434/3434
f 1114/1114 534/534 713/713
f 233/233 561/561 150/150
f 1036/1036 5053/5053 5737/5737
f 2923/2923 2867/2867 2921/2921
f 2948/2948 2867/2867 2923/2923
f 2948/2948 2923/2923 2921/2921
f 2941/2941 2948/2948 2921/2921
f 2981/2981 2948/2948 2941/2941
f 2981/2981 2941/2941 2921/2921
f 3127/3127 3078/3078 3074/3074
f 3061/3061 3078/3078 3127/3127
f 3074/3074 3078/3078 3061/3061
f 1694/1694 1690/1690 1697/1697
f 1694/1694 1697/1697 1801/1801
f 1801/1801 1690/1690 1694/1694
f 1687/1687 1688/1688 1801/1801
f 1658/1658 1688/1688 1687/1687
f 1801/1801 1658/1658 1687/1687
f 1624/1624 1801/1801 1567/1567
f 1658/1658 1801/1801 1624/1624
f 1567/1567 1658/1658 1624/1624
f 1630/1630 1801/1801 1520/1520
f 1658/1658 1630/1630 1629/1629
f 1705/1705 1658/1658 1629/1629
f 1705/1705 1629/1629 1630/1630
f 1742/1742 1705/1705 1805/1805
f 1658/1658 1705/1705 1742/1742
f 1742/1742 1891/1891 1658/1658
f 1734/1734 1891/1891 1809/1809
f 1774/1774 1809/1809 1891/1891
f 1734/1734 1809/1809 1774/1774
f 4012/4012 3795/3795 3963/3963
f 1835/1835 2527/2527 2081/2081
f 2221/2221 1867/1867 1835/1835
f 2527/2527 1835/1835 1867/1867
f 5692/5692 5661/5661 5629/5629
f 5692/5692 5629/5629 5807/5807
f 5615/5615 5617/5617 5693/5693
f 5617/5617 5615/5615 5352/5352
f 5574/5574 5542/5542 5352/5352
f 5574/5574 5352/5352 5573/5573
f 5615/5615 5573/5573 5352/5352
f 5542/5542 5574/5574 5573/5573
f 5615/5615 5476/5476 5573/5573
f 5615/5615 5894/5894 5247/5247
f 5135/5135 5615/5615 5059/5059
f 5059/5059 5615/5615 5247/5247
f 4764/4764 5059/5059 5247/5247
f 5009/5009 5136/5136 5011/5011
f 4618/4618 5009/5009 5011/5011
f 5136/5136 5009/5009 4618/4618
f 4544/4544 4618/4618 5011/5011
f 5011/5011 5414/5414 5266/5266
f 5266/5266 5072/5072 5011/5011
f 4765/4765 4544/4544 5011/5011
f 4949/4949 5011/5011 5072/5072
f 4765/4765 5011/5011 4949/4949
f 4765/4765 5072/5072 5016/5016
f 4949/4949 5072/5072 4765/4765
f 5017/5017 4765/4765 5016/5016
f 4563/4563 4546/4546 4542/4542
f 4464/4464 4861/4861 4465/4465
f 4545/4545 4861/4861 4464/4464
f 4465/4465 4545/4545 4464/4464
f 4542/4542 4546/4546 4463/4463
f 4563/4563 4542/4542 4463/4463
f 4544/4544 4765/4765 4563/4563
f 4678/4678 4544/4544 4563/4563
f 4449/4449 4563/4563 4412/4412
f 4678/4678 4449/4449 4412/4412
f 4678/4678 4563/4563 4449/4449
f 4541/4541 4678/4678 4460/4460
f 4618/4618 4541/4541 4460/4460
f 4618/4618 4678/4678 4541/4541
f 4764/4764 4766/4766 4618/4618
f 5006/5006 4615/4615 4460/4460
f 4602/4602 5006/5006 4460/4460
f 4764/4764 4460/4460 4615/4615
f 5059/5059 4764/4764 4615/4615
f 4615/4615 5006/5006 5059/5059
f 5136/5136 4766/4766 4764/4764
f 4618/4618 4766/4766 5136/5136
f 4678/4678 4618/4618 4544/4544
f 3067/3067 3085/3085 2738/2738
f 3067/3067 2738/2738 3031/3031
f 3031/3031 3085/3085 3067/3067
f 2104/2104 1967/1967 1070/1070
f 6710/6710 6595/6595 6544/6544
f 713/713 1263/1263 1114/1114
f 6506/6506 6483/6483 6377/6377
f 6483/6483 6477/6477 6377/6377
f 6506/6506 6477/6477 6483/6483
f 6556/6556 6504/6504 6482/6482
f 6505/6505 6482/6482 6504/6504
f 6401/6401 6529/6529 6556/6556
f 6664/6664 6620/6620 6611/6611
f 6620/6620 6556/6556 6529/6529
f 6663/6663 6620/6620 6664/6664
f 6641/6641 6556/6556 6618/6618
f 6618/6618 6556/6556 6662/6662
f 6640/6640 6641/6641 6663/6663
f 6641/6641 6618/6618 6662/6662
f 6615/6615 6641/6641 6640/6640
f 6597/6597 6641/6641 6615/6615
f 6597/6597 6615/6615 6575/6575
f 6659/6659 6616/6616 6779/6779
f 6616/6616 6596/6596 6615/6615
f 6660/6660 6616/6616 6659/6659
f 6615/6615 6596/6596 6574/6574
f 6616/6616 6574/6574 6596/6596
f 6573/6573 6616/6616 6462/6462
f 6574/6574 6616/6616 6573/6573
f 6574/6574 6573/6573 6462/6462
f 6616/6616 6437/6437 6462/6462
f 6462/6462 6558/6558 6574/6574
f 6575/6575 6574/6574 6558/6558
f 6462/6462 6575/6575 6558/6558
f 6478/6478 6462/6462 6459/6459
f 6478/6478 6480/6480 6462/6462
f 6459/6459 6480/6480 6478/6478
f 6455/6455 6479/6479 6575/6575
f 6434/6434 6433/6433 6459/6459
f 6367/6367 6433/6433 6434/6434
f 6459/6459 6367/6367 6434/6434
f 6461/6461 6435/6435 6459/6459
f 6225/6225 6302/6302 6286/6286
f 6228/6228 6225/6225 6286/6286
f 6205/6205 6228/6228 6286/6286
f 6205/6205 6225/6225 6228/6228
f 6302/6302 6225/6225 6165/6165
f 6183/6183 6165/6165 6225/6225
f 6183/6183 6225/6225 6203/6203
f 6142/6142 6286/6286 6031/6031
f 6168/6168 6203/6203 6142/6142
f 6165/6165 6203/6203 6168/6168
f 6183/6183 6203/6203 6165/6165
f 6165/6165 6168/6168 6142/6142
f 6137/6137 6165/6165 6124/6124
f 6127/6127 6124/6124 6142/6142
f 6127/6127 6142/6142 6088/6088
f 6124/6124 6127/6127 6088/6088
f 6031/6031 6091/6091 6142/6142
f 6106/6106 6088/6088 6091/6091
f 6124/6124 6088/6088 6106/6106
f 6124/6124 6106/6106 6091/6091
f 6184/6184 6137/6137 6124/6124
f 6165/6165 6137/6137 6184/6184
f 6265/6265 6302/6302 6165/6165
f 6185/6185 6184/6184 6042/6042
f 6204/6204 6265/6265 6184/6184
f 6185/6185 6204/6204 6184/6184
f 6265/6265 6204/6204 6185/6185
f 6302/6302 6265/6265 6185/6185
f 3998/3998 3795/3795 4012/4012
f 3983/3983 3795/3795 3998/3998
f 3980/3980 3983/3983 3998/3998
f 4012/4012 3980/3980 3998/3998
f 4002/4002 3980/3980 4012/4012
f 4004/4004 4002/4002 4012/4012
f 4003/4003 4002/4002 4004/4004
f 4009/4009 4004/4004 4012/4012
f 4003/4003 4004/4004 4009/4009
f 4010/4010 4003/4003 4009/4009
f 4012/4012 4010/4010 4009/4009
f 4013/4013 4010/4010 4012/4012
f 1598/1598 2994/2994 3422/3422
f 3944/3944 2994/2994 3203/3203
f 3947/3947 3664/3664 3669/3669
f 3664/3664 3644/3644 3669/3669
f 3947/3947 3644/3644 3664/3664
f 3947/3947 3203/3203 3669/3669
f 2994/2994 3944/3944 3926/3926
f 3944/3944 3879/3879 3926/3926
f 88/88 4245/4245 39/39
f 6786/6786 5844/5844 6290/6290
f 5844/5844 4417/4417 6290/6290
f 6073/6073 5613/5613 6193/6193
f 5537/5537 5564/5564 5563/5563
f 5620/5620 5563/5563 5564/5564
f 5620/5620 5537/5537 5563/5563
f 6193/6193 5537/5537 5620/5620
f 5586/5586 5537/5537 6193/6193
f 6073/6073 6193/6193 5620/5620
f 3760/3760 3963/3963 3795/3795
f 1254/1254 1224/1224 1058/1058
f 1254/1254 1058/1058 1088/1088
f 1187/1187 1133/1133 1185/1185
f 1138/1138 1187/1187 1136/1136
f 1115/1115 1138/1138 1136/1136
f 1187/1187 1115/1115 1136/1136
f 1050/1050 1187/1187 1185/1185
f 1050/1050 1185/1185 1133/1133
f 2530/2530 2390/2390 2593/2593
f 2446/2446 2530/2530 2593/2593
f 2446/2446 2390/2390 2530/2530
f 2551/2551 2390/2390 2446/2446
f 2394/2394 2551/2551 2446/2446
f 2593/2593 2390/2390 2127/2127
f 2593/2593 2127/2127 2360/2360
f 2393/2393 2361/2361 2395/2395
f 2393/2393 2395/2395 2360/2360
f 2360/2360 2361/2361 2393/2393
f 2343/2343 2361/2361 2127/2127
f 2127/2127 2361/2361 2360/2360
f 2372/2372 2343/2343 2355/2355
f 2333/2333 2372/2372 2355/2355
f 2343/2343 2333/2333 2355/2355
f 2368/2368 2333/2333 1720/1720
f 2015/2015 2368/2368 1720/1720
f 1791/1791 2015/2015 1720/1720
f 1720/1720 1998/1998 1791/1791
f 6073/6073 6551/6551 5613/5613
f 6551/6551 6193/6193 5613/5613
f 5732/5732 6193/6193 6551/6551
f 3436/3436 3597/3597 3500/3500
f 3436/3436 3648/3648 3597/3597
f 3685/3685 3648/3648 3436/3436
f 3673/3673 3685/3685 3759/3759
f 3689/3689 3721/3721 3673/3673
f 3722/3722 3673/3673 3721/3721
f 3689/3689 3722/3722 3721/3721
f 3645/3645 3648/3648 3677/3677
f 3676/3676 3677/3677 3689/3689
f 3618/3618 3676/3676 3689/3689
f 3677/3677 3676/3676 3618/3618
f 3645/3645 3677/3677 3618/3618
f 3780/3780 3685/3685 3436/3436
f 3759/3759 3685/3685 3780/3780
f 3759/3759 3780/3780 3812/3812
f 3939/3939 3950/3950 3940/3940
f 3939/3939 3924/3924 3950/3950
f 3821/3821 3950/3950 3905/3905
f 3916/3916 3905/3905 3950/3950
f 3924/3924 3916/3916 3950/3950
f 3924/3924 3905/3905 3916/3916
f 3903/3903 3924/3924 3939/3939
f 3941/3941 3979/3979 3939/3939
f 3949/3949 3953/3953 3941/3941
f 3949/3949 3940/3940 3953/3953
f 3940/3940 3949/3949 3941/3941
f 3940/3940 3941/3941 3939/3939
f 3992/3992 3940/3940 3950/3950
f 3989/3989 3996/3996 3992/3992
f 3982/3982 3996/3996 3989/3989
f 3996/3996 3982/3982 3981/3981
f 3977/3977 3946/3946 3996/3996
f 3981/3981 3977/3977 3996/3996
f 3958/3958 3977/3977 3981/3981
f 3957/3957 3977/3977 3958/3958
f 3956/3956 3957/3957 3958/3958
f 3952/3952 3957/3957 3945/3945
f 3938/3938 3952/3952 3945/3945
f 3909/3909 3938/3938 3945/3945
f 3956/3956 3909/3909 3945/3945
f 3918/3918 3938/3938 3909/3909
f 3902/3902 3918/3918 3909/3909
f 3860/3860 3911/3911 3909/3909
f 3893/3893 3909/3909 3911/3911
f 3893/3893 3902/3902 3909/3909
f 3871/3871 3902/3902 3891/3891
f 3891/3891 3902/3902 3893/3893
f 3893/3893 3871/3871 3891/3891
f 3861/3861 3873/3873 3872/3872
f 3872/3872 3873/3873 3857/3857
f 3857/3857 3861/3861 3872/3872
f 3861/3861 3857/3857 3854/3854
f 3845/3845 3861/3861 3851/3851
f 3854/3854 3852/3852 3861/3861
f 3852/3852 3851/3851 3861/3861
f 3852/3852 3845/3845 3851/3851
f 3852/3852 3854/3854 3857/3857
f 3845/3845 3857/3857 3853/3853
f 3898/3898 3893/3893 3911/3911
f 3897/3897 3898/3898 3899/3899
f 3853/3853 3857/3857 3797/3797
f 3845/3845 3853/3853 3797/3797
f 3797/3797 3803/3803 3845/3845
f 3836/3836 3845/3845 3803/3803
f 3776/3776 3836/3836 3803/3803
f 3766/3766 3778/3778 3777/3777
f 3776/3776 3803/3803 3777/3777
f 3899/3899 3892/3892 3897/3897
f 3898/3898 3892/3892 3899/3899
f 3898/3898 3900/3900 3892/3892
f 3957/3957 3956/3956 3945/3945
f 3951/3951 3956/3956 3958/3958
f 3909/3909 3956/3956 3951/3951
f 3909/3909 3951/3951 3860/3860
f 3908/3908 3898/3898 3911/3911
f 3900/3900 3898/3898 3908/3908
f 3908/3908 3892/3892 3900/3900
f 3850/3850 3838/3838 3859/3859
f 3849/3849 3838/3838 3850/3850
f 3859/3859 3849/3849 3850/3850
f 3835/3835 3840/3840 3844/3844
f 3833/3833 3844/3844 3840/3840
f 3833/3833 3840/3840 3835/3835
f 3809/3809 3828/3828 3835/3835
f 3819/3819 3828/3828 3809/3809
f 3810/3810 3828/3828 3819/3819
f 3809/3809 3810/3810 3819/3819
f 3809/3809 3835/3835 3827/3827
f 3811/3811 3818/3818 3805/3805
f 3808/3808 3811/3811 3805/3805
f 3818/3818 3808/3808 3805/3805
f 3804/3804 3807/3807 3808/3808
f 3832/3832 3807/3807 3804/3804
f 3832/3832 3804/3804 3808/3808
f 3834/3834 3841/3841 3837/3837
f 3842/3842 3834/3834 3837/3837
f 3841/3841 3834/3834 3842/3842
f 194/194 4049/4049 1644/1644
f 3661/3661 3750/3750 3888/3888
f 3749/3749 3888/3888 3750/3750
f 3661/3661 3749/3749 3750/3750
f 3789/3789 3829/3829 3729/3729
f 3829/3829 3789/3789 3749/3749
f 3749/3749 3802/3802 3920/3920
f 3888/3888 3886/3886 3887/3887
f 3920/3920 3887/3887 3886/3886
f 3888/3888 3887/3887 3920/3920
f 3888/3888 3920/3920 3856/3856
f 3976/3976 3960/3960 3860/3860
f 3860/3860 3951/3951 3959/3959
f 3965/3965 3955/3955 3951/3951
f 3973/3973 3951/3951 3958/3958
f 3967/3967 3968/3968 3973/3973
f 3965/3965 3968/3968 3967/3967
f 3965/3965 3967/3967 3973/3973
f 3981/3981 3973/3973 3958/3958
f 3955/3955 3965/3965 3962/3962
f 3962/3962 3951/3951 3955/3955
f 3959/3959 3962/3962 3961/3961
f 3961/3961 3962/3962 3976/3976
f 3961/3961 3976/3976 3959/3959
f 3975/3975 3964/3964 3981/3981
f 3976/3976 3964/3964 3975/3975
f 3976/3976 3975/3975 3981/3981
f 3982/3982 3976/3976 3981/3981
f 3976/3976 3860/3860 3959/3959
f 3960/3960 3856/3856 3860/3860
f 3982/3982 3960/3960 3976/3976
f 3986/3986 3960/3960 3982/3982
f 3744/3744 3436/3436 3453/3453
f 3780/3780 3744/3744 3856/3856
f 3907/3907 3906/3906 3913/3913
f 3914/3914 3906/3906 3907/3907
f 3914/3914 3907/3907 3913/3913
f 3889/3889 3936/3936 3890/3890
f 3881/3881 3889/3889 3890/3890
f 3936/3936 3889/3889 3881/3881
f 3780/3780 3936/3936 3960/3960
f 3856/3856 3936/3936 3780/3780
f 3912/3912 3936/3936 3904/3904
f 3894/3894 3904/3904 3936/3936
f 3894/3894 3912/3912 3904/3904
f 3780/3780 3960/3960 3992/3992
f 3744/3744 3780/3780 3436/3436
f 1332/1332 1239/1239 1280/1280
f 1068/1068 1010/1010 1009/1009
f 1067/1067 1367/1367 1068/1068
f 957/957 1009/1009 1010/1010
f 954/954 957/957 1010/1010
f 957/957 1068/1068 1009/1009
f 1165/1165 1367/1367 1067/1067
f 1068/1068 1165/1165 1067/1067
f 462/462 957/957 954/954
f 601/601 957/957 462/462
f 960/960 1068/1068 957/957
f 302/302 957/957 601/601
f 604/604 960/960 957/957
f 1068/1068 960/960 1165/1165
f 457/457 604/604 302/302
f 604/604 1165/1165 960/960
f 298/298 457/457 302/302
f 457/457 298/298 604/604
f 36/36 4117/4117 791/791
f 218/218 791/791 4117/4117
f 791/791 218/218 217/217
f 967/967 956/956 964/964
f 1240/1240 967/967 964/964
f 956/956 967/967 1240/1240
f 966/966 1240/1240 964/964
f 965/965 1240/1240 966/966
f 964/964 965/965 966/966
f 1165/1165 1240/1240 1119/1119
f 1240/1240 1364/1364 1119/1119
f 1206/1206 1119/1119 1364/1364
f 1332/1332 1206/1206 1364/1364
f 1119/1119 1206/1206 1165/1165
f 790/790 791/791 956/956
f 606/606 791/791 790/790
f 606/606 790/790 956/956
f 604/604 791/791 606/606
f 1162/1162 1367/1367 1165/1165
f 1206/1206 1162/1162 1165/1165
f 1206/1206 1367/1367 1162/1162
f 1280/1280 1239/1239 1206/1206
f 1332/1332 1280/1280 1206/1206
f 4245/4245 4143/4143 4169/4169
f 39/39 4245/4245 4169/4169
f 4279/4279 4277/4277 39/39
f 4288/4288 4277/4277 4279/4279
f 39/39 4277/4277 4288/4288
f 4291/4291 4302/4302 4279/4279
f 4362/4362 4302/4302 4339/4339
f 4326/4326 4339/4339 4302/4302
f 4362/4362 4339/4339 4326/4326
f 4291/4291 4287/4287 4302/4302
f 4313/4313 4326/4326 4287/4287
f 4350/4350 4326/4326 4313/4313
f 4400/4400 4365/4365 4374/4374
f 4374/4374 4365/4365 4332/4332
f 4374/4374 4332/4332 4400/4400
f 4421/4421 4400/4400 4429/4429
f 4423/4423 4421/4421 4429/4429
f 4429/4429 4400/4400 4423/4423
f 4166/4166 4488/4488 4491/4491
f 4239/4239 4284/4284 4300/4300
f 4300/4300 4284/4284 4240/4240
f 4239/4239 4240/4240 4284/4284
f 4148/4148 4170/4170 4135/4135
f 4246/4246 4170/4170 4148/4148
f 4246/4246 4148/4148 4135/4135
f 82/82 16/16 15/15
f 4206/4206 4052/4052 4121/4121
f 4344/4344 4206/4206 4121/4121
f 159/159 76/76 144/144
f 443/443 159/159 144/144
f 76/76 443/443 144/144
f 395/395 159/159 443/443
f 407/407 159/159 395/395
f 443/443 407/407 395/395
f 538/538 321/321 398/398
f 215/215 398/398 321/321
f 215/215 538/538 398/398
f 666/666 490/490 665/665
f 909/909 490/490 666/666
f 665/665 909/909 666/666
f 484/484 864/864 909/909
f 1017/1017 864/864 484/484
f 1017/1017 909/909 864/864
f 909/909 1017/1017 1079/1079
f 1017/1017 1003/1003 1079/1079
f 6505/6505 6504/6504 6556/6556
f 6575/6575 6505/6505 6556/6556
f 6479/6479 6455/6455 6505/6505
f 6575/6575 6479/6479 6505/6505
f 6556/6556 6557/6557 6575/6575
f 6641/6641 6557/6557 6556/6556
f 6575/6575 6557/6557 6641/6641
f 6597/6597 6575/6575 6641/6641
f 6290/6290 7085/7085 6786/6786
f 7067/7067 6290/6290 4417/4417
f 3812/3812 3673/3673 3759/3759
f 3830/3830 3812/3812 3843/3843
f 3862/3862 3812/3812 3830/3830
f 3843/3843 3862/3862 3830/3830
f 3864/3864 3865/3865 3863/3863
f 3821/3821 3864/3864 3863/3863
f 3865/3865 3864/3864 3821/3821
f 3882/3882 3865/3865 3905/3905
f 3882/3882 3876/3876 3865/3865
f 3876/3876 3882/3882 3905/3905
f 3880/3880 3883/3883 3885/3885
f 3862/3862 3885/3885 3883/3883
f 3862/3862 3880/3880 3885/3885
f 4005/4005 3903/3903 3939/3939
f 3946/3946 3903/3903 4005/4005
f 3939/3939 3979/3979 4005/4005
f 3979/3979 3992/3992 4005/4005
f 3996/3996 4005/4005 3992/3992
f 3940/3940 3992/3992 3979/3979
f 1670/1670 2250/2250 2689/2689
f 1175/1175 1142/1142 1116/1116
f 1175/1175 1134/1134 1142/1142
f 1116/1116 1134/1134 1175/1175
f 1116/1116 1142/1142 829/829
f 1139/1139 1116/1116 1110/1110
f 976/976 1139/1139 1110/1110
f 1091/1091 1022/1022 1065/1065
f 973/973 1065/1065 1022/1022
f 1091/1091 1065/1065 973/973
f 1056/1056 1086/1086 1091/1091
f 974/974 1086/1086 1056/1056
f 974/974 1056/1056 1091/1091
f 974/974 669/669 971/971
f 980/980 971/971 669/669
f 805/805 980/980 669/669
f 1034/1034 1029/1029 980/980
f 1033/1033 1029/1029 1034/1034
f 1039/1039 1033/1033 1034/1034
f 980/980 1039/1039 1034/1034
f 1038/1038 1033/1033 1039/1039
f 1043/1043 1038/1038 1039/1039
f 980/980 1043/1043 1039/1039
f 1041/1041 1038/1038 1043/1043
f 1047/1047 1041/1041 1043/1043
f 1047/1047 1043/1043 980/980
f 805/805 1047/1047 980/980
f 1048/1048 1041/1041 1047/1047
f 1055/1055 1048/1048 1047/1047
f 1055/1055 1047/1047 805/805
f 1060/1060 1048/1048 1055/1055
f 1142/1142 1060/1060 1055/1055
f 1134/1134 1060/1060 1142/1142
f 898/898 975/975 1142/1142
f 898/898 1142/1142 926/926
f 919/919 898/898 926/926
f 903/903 919/919 926/926
f 898/898 919/919 903/903
f 1142/1142 975/975 829/829
f 1254/1254 1046/1046 8/8
f 3812/3812 3780/3780 3821/3821
f 3950/3950 3821/3821 3780/3780
f 3986/3986 3992/3992 3960/3960
f 3989/3989 3992/3992 3986/3986
f 3988/3988 3986/3986 3987/3987
f 3989/3989 3987/3987 3986/3986
f 3989/3989 3988/3988 3987/3987
f 3982/3982 3989/3989 3986/3986
f 3960/3960 3936/3936 3856/3856
f 3947/3947 3944/3944 3203/3203
f 3879/3879 3944/3944 3947/3947
f 3643/3643 3514/3514 3584/3584
f 3643/3643 3577/3577 3514/3514
f 3613/3613 3577/3577 3643/3643
f 3638/3638 3643/3643 3639/3639
f 3628/3628 3638/3638 3639/3639
f 3621/3621 3613/3613 3643/3643
f 3628/3628 3643/3643 3638/3638
f 3621/3621 3643/3643 3629/3629
f 3629/3629 3643/3643 3628/3628
f 3670/3670 3628/3628 3701/3701
f 3637/3637 3628/3628 3670/3670
f 3637/3637 3670/3670 3701/3701
f 3637/3637 3701/3701 3682/3682
f 3790/3790 3682/3682 3701/3701
f 3743/3743 3682/3682 3732/3732
f 3614/3614 3682/3682 3743/3743
f 3732/3732 3731/3731 3743/3743
f 3709/3709 3743/3743 3731/3731
f 3709/3709 3731/3731 3732/3732
f 3707/3707 3732/3732 3682/3682
f 3790/3790 3707/3707 3682/3682
f 3707/3707 3614/3614 3743/3743
f 3649/3649 3667/3667 3562/3562
f 3665/3665 3667/3667 3649/3649
f 3562/3562 3665/3665 3649/3649
f 3614/3614 3707/3707 3665/3665
f 3509/3509 3614/3614 3665/3665
f 3509/3509 3665/3665 3562/3562
f 3496/3496 3509/3509 3562/3562
f 3366/3366 3509/3509 3496/3496
f 3575/3575 3509/3509 3573/3573
f 3614/3614 3509/3509 3575/3575
f 3575/3575 3518/3518 3545/3545
f 3545/3545 3518/3518 3573/3573
f 3545/3545 3573/3573 3575/3575
f 3575/3575 3425/3425 3614/3614
f 3573/3573 3425/3425 3575/3575
f 3637/3637 3614/3614 3425/3425
f 3509/3509 3425/3425 3573/3573
f 3366/3366 3425/3425 3509/3509
f 3398/3398 3425/3425 3366/3366
f 3621/3621 3577/3577 3613/3613
f 3425/3425 3514/3514 3577/3577
f 3584/3584 3514/3514 3425/3425
f 3398/3398 3584/3584 3425/3425
f 3756/3756 4014/4014 3995/3995
f 3820/3820 3995/3995 4014/4014
f 3756/3756 3820/3820 4014/4014
f 3732/3732 3707/3707 3743/3743
f 3820/3820 3756/3756 3707/3707
f 3707/3707 3756/3756 3665/3665
f 3790/3790 3820/3820 3707/3707
f 3995/3995 3820/3820 3790/3790
f 3780/3780 3992/3992 3950/3950
f 7081/7081 7067/7067 7082/7082
f 7168/7168 7067/7067 7081/7081
f 7168/7168 7081/7081 7082/7082
f 7067/7067 7168/7168 6290/6290
f 7173/7173 7085/7085 6290/6290
f 7198/7198 6290/6290 7168/7168
f 7198/7198 7173/7173 6290/6290
f 6967/6967 6786/6786 7085/7085
f 6943/6943 6967/6967 6955/6955
f 6931/6931 6943/6943 6955/6955
f 6967/6967 7069/7069 7063/7063
f 7167/7167 7069/7069 7064/7064
f 7069/7069 7167/7167 7063/7063
f 7066/7066 7077/7077 7064/7064
f 7069/7069 7066/7066 7064/7064
f 7077/7077 7066/7066 7069/7069
f 7085/7085 7069/7069 6967/6967
f 3632/3632 3661/3661 3602/3602
f 3659/3659 3661/3661 3632/3632
f 3659/3659 3660/3660 3661/3661
f 3749/3749 3661/3661 3660/3660
f 3749/3749 3660/3660 3659/3659
f 3789/3789 3729/3729 3749/3749
f 3920/3920 3802/3802 3825/3825
f 3801/3801 3824/3824 3825/3825
f 3785/3785 3801/3801 3825/3825
f 3824/3824 3801/3801 3785/3785
f 3825/3825 3802/3802 3762/3762
f 3762/3762 3785/3785 3825/3825
f 3762/3762 3920/3920 3785/3785
f 3762/3762 3867/3867 3920/3920
f 3856/3856 3920/3920 3884/3884
f 3749/3749 3728/3728 3802/3802
f 3762/3762 3802/3802 3728/3728
f 3651/3651 3749/3749 3596/3596
f 3551/3551 3599/3599 3631/3631
f 3550/3550 3599/3599 3551/3551
f 3631/3631 3599/3599 3550/3550
f 3544/3544 3549/3549 3487/3487
f 3544/3544 3595/3595 3549/3549
f 3595/3595 3544/3544 3487/3487
f 3487/3487 3651/3651 3596/3596
f 3417/3417 3446/3446 3449/3449
f 3379/3379 3449/3449 3446/3446
f 3467/3467 3486/3486 3379/3379
f 3464/3464 3486/3486 3467/3467
f 3464/3464 3467/3467 3379/3379
f 3593/3593 3543/3543 3542/3542
f 3593/3593 3542/3542 3538/3538
f 3543/3543 3593/3593 3538/3538
f 3690/3690 3652/3652 3538/3538
f 3691/3691 3538/3538 3652/3652
f 3691/3691 3652/3652 3690/3690
f 3657/3657 3727/3727 3653/3653
f 3714/3714 3715/3715 3730/3730
f 3693/3693 3730/3730 3715/3715
f 3714/3714 3730/3730 3693/3693
f 3603/3603 3696/3696 3552/3552
f 3603/3603 3733/3733 3696/3696
f 3511/3511 3489/3489 3603/3603
f 3370/3370 3403/3403 3413/3413
f 3561/3561 3403/3403 3370/3370
f 3413/3413 3561/3561 3370/3370
f 3641/3641 2323/2323 3561/3561
f 3622/3622 3641/3641 3588/3588
f 3564/3564 3588/3588 3641/3641
f 3720/3720 3642/3642 3622/3622
f 3636/3636 3622/3622 3642/3642
f 3626/3626 3622/3622 3636/3636
f 3626/3626 3636/3636 3642/3642
f 3641/3641 3642/3642 3720/3720
f 3622/3622 3588/3588 3720/3720
f 3634/3634 3588/3588 3564/3564
f 3620/3620 3619/3619 3612/3612
f 3624/3624 3612/3612 3619/3619
f 3620/3620 3624/3624 3619/3619
f 3607/3607 3608/3608 3616/3616
f 3580/3580 3608/3608 3607/3607
f 3580/3580 3607/3607 3616/3616
f 3668/3668 3720/3720 3634/3634
f 3634/3634 3720/3720 3588/3588
f 3555/3555 3576/3576 3572/3572
f 3576/3576 3582/3582 3572/3572
f 3555/3555 3582/3582 3576/3576
f 3569/3569 3567/3567 3555/3555
f 3568/3568 3569/3569 3555/3555
f 3567/3567 3569/3569 3568/3568
f 3565/3565 3578/3578 3557/3557
f 3553/3553 3565/3565 3557/3557
f 3578/3578 3565/3565 3553/3553
f 3604/3604 3633/3633 3578/3578
f 3610/3610 3604/3604 3578/3578
f 3633/3633 3604/3604 3610/3610
f 3605/3605 3585/3585 3633/3633
f 3627/3627 3585/3585 3605/3605
f 3633/3633 3627/3627 3605/3605
f 3634/3634 3683/3683 3668/3668
f 3683/3683 3634/3634 3635/3635
f 3683/3683 3635/3635 3581/3581
f 3581/3581 3635/3635 3634/3634
f 3581/3581 3625/3625 3617/3617
f 3617/3617 3625/3625 3609/3609
f 3609/3609 3581/3581 3617/3617
f 3699/3699 3675/3675 3700/3700
f 3700/3700 3675/3675 3705/3705
f 3705/3705 3675/3675 3668/3668
f 3752/3752 3706/3706 3705/3705
f 3705/3705 3703/3703 3752/3752
f 3708/3708 3752/3752 3703/3703
f 3705/3705 3708/3708 3703/3703
f 3708/3708 3702/3702 3752/3752
f 3683/3683 3702/3702 3708/3708
f 3752/3752 3702/3702 3683/3683
f 3705/3705 3668/3668 3683/3683
f 5586/5586 6193/6193 5465/5465
f 6193/6193 5705/5705 5465/5465
f 5699/5699 5705/5705 6193/6193
f 5705/5705 5699/5699 5702/5702
f 5705/5705 5702/5702 5673/5673
f 5699/5699 5673/5673 5702/5702
f 5705/5705 5699/5699 5732/5732
f 5465/5465 5705/5705 5732/5732
f 5732/5732 5699/5699 6193/6193
f 2247/2247 2689/2689 2250/2250
f 1146/1146 713/713 1079/1079
f 909/909 713/713 534/534
f 1079/1079 713/713 909/909
f 3044/3044 2888/2888 2811/2811
f 2687/2687 2727/2727 2688/2688
f 2810/2810 2727/2727 2687/2687
f 2688/2688 2727/2727 2810/2810
f 3044/3044 2907/2907 2888/2888
f 2803/2803 2654/2654 2722/2722
f 2773/2773 2843/2843 2805/2805
f 2950/2950 2773/2773 2805/2805
f 2804/2804 2803/2803 2722/2722
f 2914/2914 2909/2909 2843/2843
f 2950/2950 2805/2805 2843/2843
f 2909/2909 2952/2952 2843/2843
f 2951/2951 2950/2950 2952/2952
f 2952/2952 2909/2909 2914/2914
f 3052/3052 2950/2950 2951/2951
f 2952/2952 3052/3052 2951/2951
f 3146/3146 3005/3005 3117/3117
f 2850/2850 3117/3117 3005/3005
f 3055/3055 3057/3057 2850/2850
f 3055/3055 2850/2850 2656/2656
f 2916/2916 2963/2963 3055/3055
f 2637/2637 3055/3055 2656/2656
f 2916/2916 3055/3055 2637/2637
f 2637/2637 2963/2963 2916/2916
f 3086/3086 3057/3057 3055/3055
f 2628/2628 2637/2637 2656/2656
f 2768/2768 2608/2608 2769/2769
f 2844/2844 2608/2608 2768/2768
f 2844/2844 2768/2768 2769/2769
f 2850/2850 2462/2462 2656/2656
f 2207/2207 2211/2211 2260/2260
f 2331/2331 2144/2144 2207/2207
f 2207/2207 2144/2144 2179/2179
f 2179/2179 1959/1959 2207/2207
f 2210/2210 2207/2207 1959/1959
f 2260/2260 2211/2211 2210/2210
f 2207/2207 2210/2210 2211/2211
f 2567/2567 2304/2304 2153/2153
f 2493/2493 2462/2462 2153/2153
f 2493/2493 2420/2420 2462/2462
f 2420/2420 2493/2493 2153/2153
f 2807/2807 2567/2567 2153/2153
f 3946/3946 4005/4005 3996/3996
f 89/89 37/37 203/203
f 89/89 203/203 93/93
f 37/37 93/93 203/203
f 390/390 4430/4430 4392/4392
f 4367/4367 390/390 4392/4392
f 4199/4199 4202/4202 4200/4200
f 4069/4069 201/201 4203/4203
f 4380/4380 4203/4203 201/201
f 4202/4202 4203/4203 4200/4200
f 4199/4199 4203/4203 4202/4202
f 39/39 4169/4169 4279/4279
f 4291/4291 4279/4279 4287/4287
f 4287/4287 4279/4279 4169/4169
f 4289/4289 4287/4287 4169/4169
f 4313/4313 4287/4287 4350/4350
f 6616/6616 6660/6660 6437/6437
f 6461/6461 6459/6459 6462/6462
f 6435/6435 6461/6461 6462/6462
f 6367/6367 6462/6462 6437/6437
f 6302/6302 6367/6367 6437/6437
f 6695/6695 6437/6437 6768/6768
f 6645/6645 6695/6695 6746/6746
f 6673/6673 6645/6645 6746/6746
f 6656/6656 6695/6695 6645/6645
f 6637/6637 6695/6695 6656/6656
f 6645/6645 6637/6637 6656/6656
f 6614/6614 6604/6604 6645/6645
f 6673/6673 6646/6646 6645/6645
f 6645/6645 6647/6647 6614/6614
f 6746/6746 6646/6646 6673/6673
f 6716/6716 6791/6791 6746/6746
f 6746/6746 6790/6790 6716/6716
f 6790/6790 6717/6717 6765/6765
f 6791/6791 6716/6716 6790/6790
f 6822/6822 6765/6765 6717/6717
f 6790/6790 6765/6765 6822/6822
f 6824/6824 6825/6825 6822/6822
f 6900/6900 6824/6824 6822/6822
f 6900/6900 6825/6825 6824/6824
f 6696/6696 6764/6764 6791/6791
f 6829/6829 6848/6848 6822/6822
f 6717/6717 6829/6829 6822/6822
f 6867/6867 6858/6858 6857/6857
f 6768/6768 6848/6848 6829/6829
f 6768/6768 6829/6829 6717/6717
f 6437/6437 6881/6881 6768/6768
f 6902/6902 6768/6768 6881/6881
f 6981/6981 6902/6902 6881/6881
f 6994/6994 6975/6975 6955/6955
f 6994/6994 7063/7063 6975/6975
f 6955/6955 7063/7063 6994/6994
f 7063/7063 7167/7167 6975/6975
f 7103/7103 6892/6892 7167/7167
f 6955/6955 6967/6967 7063/7063
f 1633/1633 1705/1705 1574/1574
f 1525/1525 1574/1574 1490/1490
f 1571/1571 1574/1574 1525/1525
f 1525/1525 1490/1490 1571/1571
f 1404/1404 1406/1406 1361/1361
f 1407/1407 1406/1406 1404/1404
f 1571/1571 1490/1490 1491/1491
f 1406/1406 1491/1491 1490/1490
f 1463/1463 1406/1406 1465/1465
f 1497/1497 1406/1406 1463/1463
f 1491/1491 1406/1406 1497/1497
f 1497/1497 1463/1463 1465/1465
f 1527/1527 1497/1497 1465/1465
f 1571/1571 1491/1491 1497/1497
f 1572/1572 1497/1497 1527/1527
f 1601/1601 1527/1527 1631/1631
f 1796/1796 1527/1527 1601/1601
f 1572/1572 1527/1527 1803/1803
f 1803/1803 1497/1497 1572/1572
f 1804/1804 1497/1497 1803/1803
f 1705/1705 1633/1633 1497/1497
f 1702/1702 1705/1705 1497/1497
f 1804/1804 1702/1702 1497/1497
f 1705/1705 1702/1702 1804/1804
f 1497/1497 1633/1633 1574/1574
f 4209/4209 4114/4114 4117/4117
f 4404/4404 4114/4114 4209/4209
f 4312/4312 4114/4114 4404/4404
f 4312/4312 4405/4405 4369/4369
f 4411/4411 4369/4369 4405/4405
f 4411/4411 4312/4312 4369/4369
f 4358/4358 4312/4312 4411/4411
f 4268/4268 4312/4312 4358/4358
f 4411/4411 4268/4268 4358/4358
f 4120/4120 4268/4268 4189/4189
f 4356/4356 4411/4411 4273/4273
f 4264/4264 4201/4201 4411/4411
f 4356/4356 4264/4264 4411/4411
f 4264/4264 4356/4356 4273/4273
f 4180/4180 4185/4185 4260/4260
f 4112/4112 4180/4180 4260/4260
f 4112/4112 4185/4185 4180/4180
f 29/29 4119/4119 4112/4112
f 4058/4058 4264/4264 4119/4119
f 4062/4062 4264/4264 4058/4058
f 4119/4119 4062/4062 4058/4058
f 4268/4268 4411/4411 4201/4201
f 4264/4264 4062/4062 4201/4201
f 4268/4268 4201/4201 4062/4062
f 4189/4189 4268/4268 4062/4062
f 4119/4119 161/161 4062/4062
f 224/224 4062/4062 161/161
f 161/161 4119/4119 224/224
f 29/29 224/224 4119/4119
f 4112/4112 224/224 29/29
f 94/94 224/224 4112/4112
f 45/45 94/94 4112/4112
f 45/45 224/224 94/94
f 182/182 45/45 320/320
f 320/320 4178/4178 44/44
f 4178/4178 4176/4176 4177/4177
f 4261/4261 4178/4178 4177/4177
f 4176/4176 4261/4261 4177/4177
f 4261/4261 1037/1037 4178/4178
f 320/320 44/44 184/184
f 184/184 44/44 4178/4178
f 4261/4261 4424/4424 1037/1037
f 4424/4424 1342/1342 1037/1037
f 4424/4424 4111/4111 1342/1342
f 4111/4111 4424/4424 73/73
f 4111/4111 73/73 301/301
f 986/986 1090/1090 723/723
f 287/287 986/986 723/723
f 723/723 1090/1090 1020/1020
f 1087/1087 1020/1020 1090/1090
f 1082/1082 1020/1020 1087/1087
f 1081/1081 1082/1082 1087/1087
f 1080/1080 1082/1082 1081/1081
f 1020/1020 1082/1082 1080/1080
f 946/946 1020/1020 1080/1080
f 1020/1020 946/946 503/503
f 723/723 1020/1020 503/503
f 747/747 688/688 1090/1090
f 673/673 688/688 747/747
f 673/673 747/747 1090/1090
f 636/636 574/574 787/787
f 636/636 787/787 812/812
f 574/574 636/636 812/812
f 986/986 860/860 1090/1090
f 397/397 986/986 287/287
f 493/493 860/860 397/397
f 287/287 723/723 503/503
f 287/287 816/816 801/801
f 977/977 801/801 816/816
f 977/977 816/816 287/287
f 397/397 287/287 503/503
f 4114/4114 218/218 4117/4117
f 4114/4114 31/31 218/218
f 31/31 4114/4114 4118/4118
f 4118/4118 4114/4114 4312/4312
f 4118/4118 4312/4312 4120/4120
f 31/31 4118/4118 4120/4120
f 4062/4062 4120/4120 4189/4189
f 26/26 31/31 4062/4062
f 217/217 26/26 4062/4062
f 31/31 26/26 217/217
f 31/31 217/217 218/218
f 964/964 4062/4062 1126/1126
f 1240/1240 964/964 1126/1126
f 4062/4062 45/45 1126/1126
f 4335/4335 4319/4319 4430/4430
f 4367/4367 4319/4319 4335/4335
f 4430/4430 4319/4319 4367/4367
f 4367/4367 4392/4392 4430/4430
f 976/976 975/975 974/974
f 669/669 974/974 975/975
f 898/898 926/926 975/975
f 975/975 926/926 805/805
f 1142/1142 805/805 926/926
f 1142/1142 1055/1055 805/805
f 975/975 805/805 669/669
f 3621/3621 3629/3629 3628/3628
f 3425/3425 3577/3577 3637/3637
f 3637/3637 3682/3682 3614/3614
f 976/976 1110/1110 1116/1116
f 1116/1116 829/829 976/976
f 976/976 829/829 975/975
f 13/13 91/91 4071/4071
f 4073/4073 91/91 13/13
f 4071/4071 4073/4073 13/13
f 5247/5247 5514/5514 5416/5416
f 5510/5510 5514/5514 5247/5247
f 5596/5596 5510/5510 5247/5247
f 5514/5514 5510/5510 5596/5596
f 5518/5518 5596/5596 5539/5539
f 5514/5514 5596/5596 5518/5518
f 5513/5513 5514/5514 5518/5518
f 5501/5501 5513/5513 5518/5518
f 5501/5501 5514/5514 5513/5513
f 5416/5416 5514/5514 5414/5414
f 5414/5414 5247/5247 5416/5416
f 5488/5488 5474/5474 5501/5501
f 5072/5072 5488/5488 5501/5501
f 5474/5474 5488/5488 5072/5072
f 5266/5266 5414/5414 5072/5072
f 1884/1884 1959/1959 1705/1705
f 1884/1884 1705/1705 1804/1804
f 6031/6031 6302/6302 6437/6437
f 6286/6286 6302/6302 6031/6031
f 6091/6091 6031/6031 5916/5916
f 7121/7121 6966/6966 6881/6881
f 4018/4018 3974/3974 3994/3994
f 3974/3974 4018/4018 4007/4007
f 3749/3749 3651/3651 3487/3487
f 3630/3630 3654/3654 3487/3487
f 3692/3692 3749/3749 3656/3656
f 3692/3692 3728/3728 3749/3749
f 3655/3655 3630/3630 3487/3487
f 3655/3655 3654/3654 3630/3630
f 3692/3692 3656/3656 3728/3728
f 3728/3728 3727/3727 3762/3762
f 3716/3716 3653/3653 3728/3728
f 3655/3655 3716/3716 3728/3728
f 3653/3653 3716/3716 3655/3655
f 3727/3727 3728/3728 3653/3653
f 3762/3762 3727/3727 3822/3822
f 3867/3867 3822/3822 3823/3823
f 3762/3762 3822/3822 3867/3867
f 3846/3846 3867/3867 3823/3823
f 3822/3822 3846/3846 3823/3823
f 3822/3822 3847/3847 3884/3884
f 3868/3868 3884/3884 3847/3847
f 3868/3868 3847/3847 3822/3822
f 3848/3848 3868/3868 3822/3822
f 3696/3696 3848/3848 3822/3822
f 3696/3696 3868/3868 3848/3848
f 3696/3696 3822/3822 3727/3727
f 3727/3727 3715/3715 3696/3696
f 3856/3856 3696/3696 3733/3733
f 3733/3733 3901/3901 3856/3856
f 3720/3720 3755/3755 3733/3733
f 3783/3783 3781/3781 3782/3782
f 3772/3772 3782/3782 3781/3781
f 3783/3783 3782/3782 3772/3772
f 3772/3772 3775/3775 3771/3771
f 3764/3764 3771/3771 3775/3775
f 3772/3772 3771/3771 3764/3764
f 3755/3755 3772/3772 3792/3792
f 3817/3817 3755/3755 3792/3792
f 3769/3769 3817/3817 3792/3792
f 3770/3770 3769/3769 3792/3792
f 3817/3817 3769/3769 3770/3770
f 3379/3379 3446/3446 3417/3417
f 3465/3465 3447/3447 3349/3349
f 3485/3485 3447/3447 3465/3465
f 3349/3349 3485/3485 3465/3465
f 3508/3508 3466/3466 3506/3506
f 3508/3508 3507/3507 3466/3466
f 3506/3506 3507/3507 3508/3508
f 3503/3503 3657/3657 3349/3349
f 3715/3715 3657/3657 3658/3658
f 3727/3727 3657/3657 3715/3715
f 3658/3658 3693/3693 3715/3715
f 3657/3657 3693/3693 3658/3658
f 3586/3586 3693/3693 3587/3587
f 3587/3587 3657/3657 3590/3590
f 3535/3535 3590/3590 3657/3657
f 3586/3586 3505/3505 3693/3693
f 3587/3587 3505/3505 3586/3586
f 3589/3589 3505/3505 3587/3587
f 3535/3535 3587/3587 3590/3590
f 3587/3587 3657/3657 3503/3503
f 3349/3349 3587/3587 3503/3503
f 3297/3297 3215/3215 3349/3349
f 3262/3262 3297/3297 3349/3349
f 3215/3215 3297/3297 3262/3262
f 3238/3238 3263/3263 3488/3488
f 3238/3238 3488/3488 3175/3175
f 3197/3197 3488/3488 3351/3351
f 3178/3178 3198/3198 3197/3197
f 3145/3145 3178/3178 3197/3197
f 3198/3198 3178/3178 3145/3145
f 2953/2953 3007/3007 2911/2911
f 2953/2953 2911/2911 2950/2950
f 3007/3007 2953/2953 2950/2950
f 3082/3082 2950/2950 3049/3049
f 3049/3049 2950/2950 3052/3052
f 3052/3052 3082/3082 3049/3049
f 3113/3113 3052/3052 3083/3083
f 3084/3084 3083/3083 3052/3052
f 3084/3084 3113/3113 3083/3083
f 3198/3198 3056/3056 3148/3148
f 3056/3056 3118/3118 3148/3148
f 3118/3118 3198/3198 3148/3148
f 3146/3146 3147/3147 3149/3149
f 3147/3147 3235/3235 3149/3149
f 3235/3235 3147/3147 3146/3146
f 3146/3146 3117/3117 2850/2850
f 3086/3086 2850/2850 3057/3057
f 3169/3169 3171/3171 3116/3116
f 3171/3171 3215/3215 3116/3116
f 3238/3238 3175/3175 3263/3263
f 3261/3261 3263/3263 3215/3215
f 3262/3262 3263/3263 3261/3261
f 3261/3261 3215/3215 3262/3262
f 3233/3233 3349/3349 3215/3215
f 3258/3258 3233/3233 3215/3215
f 3349/3349 3233/3233 3396/3396
f 3504/3504 3502/3502 3484/3484
f 3589/3589 3587/3587 3502/3502
f 3396/3396 3504/3504 3484/3484
f 3502/3502 3504/3504 3396/3396
f 3505/3505 3589/3589 3502/3502
f 3396/3396 3505/3505 3502/3502
f 3592/3592 3505/3505 3396/3396
f 3592/3592 3396/3396 3536/3536
f 3505/3505 3592/3592 3536/3536
f 3552/3552 3696/3696 3505/3505
f 3489/3489 3511/3511 3245/3245
f 3603/3603 3552/3552 3245/3245
f 3552/3552 3505/3505 3396/3396
f 3396/3396 3423/3423 3343/3343
f 3424/3424 3423/3423 3396/3396
f 3424/3424 3343/3343 3423/3423
f 3259/3259 3396/3396 3233/3233
f 3275/3275 3346/3346 3259/3259
f 3275/3275 3345/3345 3346/3346
f 3377/3377 3346/3346 3345/3345
f 3275/3275 3377/3377 3345/3345
f 3233/3233 3258/3258 3259/3259
f 3234/3234 3259/3259 3258/3258
f 3275/3275 3259/3259 3260/3260
f 3214/3214 3234/3234 3258/3258
f 3259/3259 3234/3234 3214/3214
f 3260/3260 3259/3259 3214/3214
f 3171/3171 3169/3169 3215/3215
f 3217/3217 3214/3214 3195/3195
f 3216/3216 3217/3217 3195/3195
f 3214/3214 3217/3217 3216/3216
f 3260/3260 3214/3214 3275/3275
f 2957/2957 3264/3264 3343/3343
f 3375/3375 3343/3343 3378/3378
f 3342/3342 3375/3375 3376/3376
f 3393/3393 3376/3376 3375/3375
f 3342/3342 3376/3376 3393/3393
f 3245/3245 3552/3552 3396/3396
f 3378/3378 3344/3344 3375/3375
f 3343/3343 3344/3344 3378/3378
f 3344/3344 3343/3343 3245/3245
f 3343/3343 3264/3264 3245/3245
f 2957/2957 3245/3245 3264/3264
f 3143/3143 3000/3000 3169/3169
f 3046/3046 3045/3045 3115/3115
f 3114/3114 3046/3046 3115/3115
f 3045/3045 3046/3046 3114/3114
f 2913/2913 3045/3045 3114/3114
f 2954/2954 2913/2913 3114/3114
f 2956/2956 3045/3045 2913/2913
f 2957/2957 3045/3045 2956/2956
f 2957/2957 2956/2956 2913/2913
f 2886/2886 2957/2957 2848/2848
f 2884/2884 2957/2957 2886/2886
f 2884/2884 2886/2886 2848/2848
f 2849/2849 2887/2887 2852/2852
f 2849/2849 2812/2812 2887/2887
f 2849/2849 2852/2852 2812/2812
f 2731/2731 2812/2812 2658/2658
f 2464/2464 2812/2812 2731/2731
f 2464/2464 2731/2731 2658/2658
f 2913/2913 2954/2954 2852/2852
f 2852/2852 2954/2954 3114/3114
f 2999/2999 2915/2915 3114/3114
f 3000/3000 2999/2999 3114/3114
f 3000/3000 2915/2915 2999/2999
f 3116/3116 2915/2915 3000/3000
f 3116/3116 3000/3000 3143/3143
f 2852/2852 3001/3001 2959/2959
f 3116/3116 2959/2959 3001/3001
f 3116/3116 2852/2852 2959/2959
f 3116/3116 3143/3143 3048/3048
f 3116/3116 3048/3048 3050/3050
f 3051/3051 3050/3050 3048/3048
f 3116/3116 3050/3050 3051/3051
f 3169/3169 3048/3048 3143/3143
f 3116/3116 3048/3048 3169/3169
f 2852/2852 3116/3116 2960/2960
f 2732/2732 2852/2852 2960/2960
f 2732/2732 2960/2960 3116/3116
f 3055/3055 2732/2732 3116/3116
f 2851/2851 2732/2732 2961/2961
f 2637/2637 2851/2851 2961/2961
f 3970/3970 3978/3978 3917/3917
f 3978/3978 3954/3954 3917/3917
f 3954/3954 3978/3978 3970/3970
f 2958/2958 2890/2890 3242/3242
f 3242/3242 3267/3267 3452/3452
f 3427/3427 3267/3267 3242/3242
f 3242/3242 2890/2890 3427/3427
f 7069/7069 7085/7085 7064/7064
f 7085/7085 7173/7173 7118/7118
f 7118/7118 7173/7173 7167/7167
f 7120/7120 7118/7118 7124/7124
f 7117/7117 7085/7085 7118/7118
f 7117/7117 7120/7120 7124/7124
f 7064/7064 7085/7085 7167/7167
f 1122/1122 1476/1476 1228/1228
f 1834/1834 1122/1122 1228/1228
f 1476/1476 1834/1834 1228/1228
f 2890/2890 2958/2958 3735/3735
f 5916/5916 6031/6031 6437/6437
f 6173/6173 5916/5916 6608/6608
f 6608/6608 5916/5916 6437/6437
f 6289/6289 6608/6608 6282/6282
f 6172/6172 6173/6173 6307/6307
f 6172/6172 6133/6133 6173/6173
f 6115/6115 6035/6035 6172/6172
f 6133/6133 6035/6035 6077/6077
f 6133/6133 6077/6077 6052/6052
f 6035/6035 6052/6052 6077/6077
f 6133/6133 5916/5916 6173/6173
f 6133/6133 5936/5936 5916/5916
f 5959/5959 5936/5936 6133/6133
f 5959/5959 6052/6052 5936/5936
f 6052/6052 5959/5959 6133/6133
f 1350/1350 1390/1390 1414/1414
f 1317/1317 1350/1350 1414/1414
f 1350/1350 1317/1317 1390/1390
f 3966/3966 3969/3969 3972/3972
f 3971/3971 3966/3966 3972/3972
f 3969/3969 3966/3966 3971/3971
f 3969/3969 3971/3971 3910/3910
f 3719/3719 3910/3910 3971/3971
f 3688/3688 3736/3736 3748/3748
f 3736/3736 3695/3695 3748/3748
f 3662/3662 3695/3695 3736/3736
f 3650/3650 3695/3695 3662/3662
f 3736/3736 3650/3650 3662/3662
f 3650/3650 3736/3736 3647/3647
f 3713/3713 3650/3650 3647/3647
f 3736/3736 3713/3713 3647/3647
f 3697/3697 3698/3698 3713/3713
f 3717/3717 3697/3697 3713/3713
f 3698/3698 3697/3697 3717/3717
f 3726/3726 3717/3717 3736/3736
f 3725/3725 3717/3717 3726/3726
f 3725/3725 3726/3726 3736/3736
f 3724/3724 3713/3713 3725/3725
f 3724/3724 3725/3725 3746/3746
f 3688/3688 3746/3746 3736/3736
f 3746/3746 3713/3713 3724/3724
f 3598/3598 3713/3713 3688/3688
f 3713/3713 3746/3746 3688/3688
f 3747/3747 3688/3688 3741/3741
f 3747/3747 3598/3598 3688/3688
f 3598/3598 3501/3501 3713/3713
f 3481/3481 3713/3713 3501/3501
f 3481/3481 3501/3501 3598/3598
f 3747/3747 3473/3473 3594/3594
f 3428/3428 3594/3594 3473/3473
f 3428/3428 3473/3473 3687/3687
f 3741/3741 3687/3687 3473/3473
f 3747/3747 3741/3741 3473/3473
f 3623/3623 3687/3687 3741/3741
f 3623/3623 3741/3741 3583/3583
f 3719/3719 3688/3688 3910/3910
f 3969/3969 3910/3910 3748/3748
f 1671/1671 1682/1682 1639/1639
f 1671/1671 1639/1639 1579/1579
f 1579/1579 1682/1682 1671/1671
f 1682/1682 1600/1600 1608/1608
f 1828/1828 1682/1682 1792/1792
f 1715/1715 1828/1828 1792/1792
f 1792/1792 1682/1682 1715/1715
f 1608/1608 1715/1715 1682/1682
f 1610/1610 1715/1715 1608/1608
f 1451/1451 1610/1610 1608/1608
f 1600/1600 1533/1533 1451/1451
f 1415/1415 1610/1610 2159/2159
f 1610/1610 1451/1451 2159/2159
f 2159/2159 1451/1451 1533/1533
f 1608/1608 1600/1600 1451/1451
f 1682/1682 1579/1579 1600/1600
f 1533/1533 1600/1600 1579/1579
f 2163/2163 2159/2159 1533/1533
f 390/390 201/201 4430/4430
f 6868/6868 6869/6869 6876/6876
f 6868/6868 6849/6849 6869/6869
f 6858/6858 6768/6768 6849/6849
f 6876/6876 6849/6849 6868/6868
f 6867/6867 6857/6857 6849/6849
f 6858/6858 6867/6867 6849/6849
f 294/294 4430/4430 2/2
f 294/294 2/2 271/271
f 294/294 268/268 335/335
f 512/512 294/294 335/335
f 268/268 512/512 335/335
f 405/405 500/500 512/512
f 405/405 512/512 334/334
f 334/334 500/500 405/405
f 4063/4063 4081/4081 4481/4481
f 12/12 4081/4081 4063/4063
f 4481/4481 12/12 4063/4063
f 12/12 4481/4481 201/201
f 4430/4430 271/271 2/2
f 2351/2351 2975/2975 2703/2703
f 2351/2351 2671/2671 2975/2975
f 3231/3231 2975/2975 2671/2671
f 3791/3791 2975/2975 3231/3231
f 1254/1254 985/985 1046/1046
f 4491/4491 4674/4674 4397/4397
f 4488/4488 4674/4674 4491/4491
f 4707/4707 4674/4674 4488/4488
f 4488/4488 4490/4490 4707/4707
f 4493/4493 4707/4707 4490/4490
f 4488/4488 4493/4493 4490/4490
f 4206/4206 4344/4344 4052/4052
f 7173/7173 7180/7180 7178/7178
f 7180/7180 7183/7183 7178/7178
f 7181/7181 7167/7167 7183/7183
f 7178/7178 7183/7183 7167/7167
f 7178/7178 7167/7167 7173/7173
f 2247/2247 2250/2250 1670/1670
f 3475/3475 2703/2703 2975/2975
f 3322/3322 3241/3241 3367/3367
f 3367/3367 3372/3372 3322/3322
f 3306/3306 3372/3372 3367/3367
f 3306/3306 3367/3367 3241/3241
f 2394/2394 2390/2390 2551/2551
f 2435/2435 2394/2394 2446/2446
f 2270/2270 2394/2394 2435/2435
f 2390/2390 2394/2394 2270/2270
f 2367/2367 2270/2270 2435/2435
f 2343/2343 2127/2127 2333/2333
f 2333/2333 2127/2127 1720/1720
f 1791/1791 1998/1998 2201/2201
f 2163/2163 1415/1415 2159/2159
f 7167/7167 7117/7117 7118/7118
f 7085/7085 7117/7117 7167/7167
f 7124/7124 7118/7118 7117/7117
f 3860/3860 3895/3895 3755/3755
f 3901/3901 3895/3895 3860/3860
f 3856/3856 3901/3901 3860/3860
f 3884/3884 3696/3696 3856/3856
f 1756/1756 2646/2646 1980/1980
f 397/397 503/503 4603/4603
f 536/536 397/397 4603/4603
f 566/566 397/397 536/536
f 3748/3748 3910/3910 3688/3688
f 3969/3969 3748/3748 3695/3695
f 3529/3529 3583/3583 3671/3671
f 3640/3640 3623/3623 3678/3678
f 3646/3646 3640/3640 3678/3678
f 3623/3623 3640/3640 3646/3646
f 3623/3623 3646/3646 3687/3687
f 3646/3646 3583/3583 3687/3687
f 3623/3623 3583/3583 3646/3646
f 3529/3529 3428/3428 3583/3583
f 3687/3687 3583/3583 3428/3428
f 3529/3529 3527/3527 3528/3528
f 3671/3671 3527/3527 3529/3529
f 3528/3528 3527/3527 3671/3671
f 4480/4480 4883/4883 4483/4483
f 4422/4422 4883/4883 4480/4480
f 4483/4483 4422/4422 4480/4480
f 4883/4883 5375/5375 4964/4964
f 4496/4496 4451/4451 4560/4560
f 4496/4496 4560/4560 4964/4964
f 4451/4451 4496/4496 4964/4964
f 5138/5138 4964/4964 5375/5375
f 4796/4796 4964/4964 4648/4648
f 4713/4713 4796/4796 4648/4648
f 4964/4964 4796/4796 4713/4713
f 3456/3456 3433/3433 3439/3439
f 3442/3442 3439/3439 3433/3433
f 3442/3442 3456/3456 3439/3439
f 3454/3454 3456/3456 3442/3442
f 3468/3468 3454/3454 3442/3442
f 3460/3460 3456/3456 3454/3454
f 3468/3468 3460/3460 3454/3454
f 2646/2646 1942/1942 1980/1980
f 3688/3688 3671/3671 3583/3583
f 3741/3741 3688/3688 3583/3583
f 3671/3671 3688/3688 3719/3719
f 3539/3539 3494/3494 3548/3548
f 3574/3574 3539/3539 3548/3548
f 3494/3494 3539/3539 3574/3574
f 3231/3231 2671/2671 2741/2741
f 2741/2741 2671/2671 2642/2642
f 2644/2644 2642/2642 2671/2671
f 2741/2741 2642/2642 2644/2644
f 2649/2649 2741/2741 2644/2644
f 2647/2647 2649/2649 2644/2644
f 2741/2741 2649/2649 2647/2647
f 2644/2644 2671/2671 2351/2351
f 986/986 397/397 860/860
f 1814/1814 1229/1229 1342/1342
f 1229/1229 1037/1037 1342/1342
f 813/813 970/970 863/863
f 515/515 970/970 813/813
f 863/863 515/515 813/813
f 2890/2890 3735/3735 3427/3427
f 2045/2045 1718/1718 2290/2290
f 2045/2045 2290/2290 2306/2306
f 2253/2253 2306/2306 2290/2290
f 2082/2082 2134/2134 2125/2125
f 2112/2112 2134/2134 2082/2082
f 2125/2125 2112/2112 2082/2082
f 2290/2290 2112/2112 2253/2253
f 2290/2290 1718/1718 2112/2112
f 1752/1752 1718/1718 2045/2045
f 1820/1820 1718/1718 1752/1752
f 1820/1820 2112/2112 1718/1718
f 1790/1790 1789/1789 1820/1820
f 2112/2112 1820/1820 1789/1789
f 1790/1790 2112/2112 1789/1789
f 390/390 4380/4380 201/201
f 4178/4178 1037/1037 184/184
f 1037/1037 841/841 184/184
f 1257/1257 1402/1402 1814/1814
f 1037/1037 1257/1257 1814/1814
f 1267/1267 1307/1307 1257/1257
f 1229/1229 1267/1267 1257/1257
f 1307/1307 1267/1267 1229/1229
f 1037/1037 1229/1229 1257/1257
f 1402/1402 1307/1307 1320/1320
f 1320/1320 1307/1307 1316/1316
f 1402/1402 1320/1320 1316/1316
f 1814/1814 1402/1402 1229/1229
f 946/946 4603/4603 503/503
f 482/482 860/860 493/493
f 3858/3858 3908/3908 3860/3860
f 3870/3870 3908/3908 3858/3858
f 3866/3866 3908/3908 3870/3870
f 3866/3866 3870/3870 3858/3858
f 3874/3874 3878/3878 3877/3877
f 3892/3892 3877/3877 3878/3878
f 3892/3892 3878/3878 3874/3874
f 3827/3827 3835/3835 3839/3839
f 3827/3827 3839/3839 3809/3809
f 3817/3817 3809/3809 3839/3839
f 3832/3832 3808/3808 3799/3799
f 3800/3800 3799/3799 3808/3808
f 3800/3800 3832/3832 3799/3799
f 3777/3777 3803/3803 3797/3797
f 3797/3797 3794/3794 3777/3777
f 3773/3773 3777/3777 3794/3794
f 3773/3773 3794/3794 3797/3797
f 3786/3786 3787/3787 3793/3793
f 3773/3773 3786/3786 3793/3793
f 3773/3773 3787/3787 3786/3786
f 3758/3758 3765/3765 3773/3773
f 3773/3773 3758/3758 3765/3765
f 3706/3706 3777/3777 3758/3758
f 3766/3766 3777/3777 3706/3706
f 3752/3752 3778/3778 3766/3766
f 3706/3706 3752/3752 3766/3766
f 3706/3706 3758/3758 3773/3773
f 3808/3808 3798/3798 3784/3784
f 3706/3706 3773/3773 3767/3767
f 3808/3808 3796/3796 3798/3798
f 3826/3826 3817/3817 3839/3839
f 3774/3774 3784/3784 3768/3768
f 3767/3767 3784/3784 3774/3774
f 3768/3768 3767/3767 3774/3774
f 3720/3720 3706/3706 3755/3755
f 6173/6173 6608/6608 6316/6316
f 7197/7197 7103/7103 7188/7188
f 7188/7188 7103/7103 7192/7192
f 7192/7192 7197/7197 7188/7188
f 7167/7167 7192/7192 7103/7103
f 7181/7181 7192/7192 7167/7167
f 7196/7196 7192/7192 7181/7181
f 7196/7196 7200/7200 7192/7192
f 7181/7181 7200/7200 7196/7196
f 3860/3860 3908/3908 3911/3911
f 3452/3452 3325/3325 3427/3427
f 3242/3242 3452/3452 3032/3032
f 3242/3242 3032/3032 2958/2958
f 3325/3325 3452/3452 3267/3267
f 3304/3304 3303/3303 3267/3267
f 3325/3325 3303/3303 3304/3304
f 3325/3325 3304/3304 3267/3267
f 3427/3427 3325/3325 3267/3267
f 2434/2434 2445/2445 2502/2502
f 2226/2226 2434/2434 2502/2502
f 2226/2226 2439/2439 2128/2128
f 2128/2128 2434/2434 2226/2226
f 2226/2226 2502/2502 2439/2439
f 2128/2128 2502/2502 2445/2445
f 2439/2439 2502/2502 2128/2128
f 5138/5138 5900/5900 5847/5847
f 5375/5375 5847/5847 5900/5900
f 5138/5138 5375/5375 5900/5900
f 3739/3739 3926/3926 3879/3879
f 3745/3745 3926/3926 3739/3739
f 2994/2994 3926/3926 3745/3745
f 3718/3718 3745/3745 3739/3739
f 3737/3737 3718/3718 3739/3739
f 3734/3734 3737/3737 3739/3739
f 3718/3718 3737/3737 3734/3734
f 3745/3745 3718/3718 3498/3498
f 3499/3499 3745/3745 3498/3498
f 2994/2994 3745/3745 3499/3499
f 3763/3763 3696/3696 3714/3714
f 3738/3738 3763/3763 3714/3714
f 3738/3738 3696/3696 3763/3763
f 2975/2975 3791/3791 3761/3761
f 3475/3475 3761/3761 3929/3929
f 2975/2975 3761/3761 3475/3475
f 2670/2670 2708/2708 2749/2749
f 2699/2699 2708/2708 2670/2670
f 2729/2729 2749/2749 2708/2708
f 2729/2729 2708/2708 2699/2699
f 2716/2716 2729/2729 2699/2699
f 2749/2749 2729/2729 2716/2716
f 2674/2674 2682/2682 2699/2699
f 2697/2697 2699/2699 2682/2682
f 2697/2697 2682/2682 2674/2674
f 2676/2676 2659/2659 2673/2673
f 2748/2748 2676/2676 2673/2673
f 2659/2659 2676/2676 2748/2748
f 2672/2672 2659/2659 2748/2748
f 2669/2669 2659/2659 2672/2672
f 2753/2753 2672/2672 2748/2748
f 2753/2753 2669/2669 2672/2672
f 6715/6715 6678/6678 6699/6699
f 6698/6698 6678/6678 6715/6715
f 6677/6677 6698/6698 6697/6697
f 6830/6830 6833/6833 6743/6743
f 6830/6830 6743/6743 6827/6827
f 6830/6830 6827/6827 6833/6833
f 3791/3791 3929/3929 3761/3761
f 3974/3974 4007/4007 3896/3896
f 3994/3994 3974/3974 3896/3896
f 3475/3475 3929/3929 3791/3791
f 3427/3427 3032/3032 3452/3452
f 3534/3534 3032/3032 3427/3427
f 3427/3427 3735/3735 3534/3534
f 3875/3875 3869/3869 3895/3895
f 3901/3901 3869/3869 3875/3875
f 3895/3895 3869/3869 3901/3901
f 3755/3755 3895/3895 3901/3901
f 3733/3733 3755/3755 3901/3901
f 2580/2580 2445/2445 2589/2589
f 2591/2591 2580/2580 2589/2589
f 2591/2591 2589/2589 2445/2445
f 2375/2375 2503/2503 2515/2515
f 2585/2585 2375/2375 2515/2515
f 2558/2558 2585/2585 2515/2515
f 2556/2556 2585/2585 2558/2558
f 2557/2557 2556/2556 2558/2558
f 2515/2515 2557/2557 2558/2558
f 2553/2553 2556/2556 2557/2557
f 2515/2515 2553/2553 2557/2557
f 2552/2552 2556/2556 2553/2553
f 2515/2515 2552/2552 2553/2553
f 2552/2552 2515/2515 2503/2503
f 2552/2552 2503/2503 2320/2320
f 2254/2254 2503/2503 2375/2375
f 177/177 296/296 616/616
f 177/177 358/358 286/286
f 1342/1342 4111/4111 301/301
f 616/616 1342/1342 301/301
f 176/176 358/358 301/301
f 176/176 228/228 358/358
f 177/177 358/358 228/228
f 286/286 358/358 231/231
f 177/177 228/228 176/176
f 177/177 286/286 231/231
f 301/301 4140/4140 176/176
f 38/38 296/296 177/177
f 176/176 4140/4140 4057/4057
f 73/73 4057/4057 4140/4140
f 2127/2127 2390/2390 2270/2270
f 1756/1756 1980/1980 1942/1942
f 7179/7179 7025/7025 6966/6966
f 7180/7180 7173/7173 7198/7198
f 7201/7201 7199/7199 7180/7180
f 7195/7195 7199/7199 7201/7201
f 7195/7195 7180/7180 7199/7199
f 3826/3826 3839/3839 3858/3858
f 3817/3817 3826/3826 3858/3858
f 3755/3755 3817/3817 3858/3858
f 3755/3755 3858/3858 3860/3860
f 3784/3784 3798/3798 3796/3796
f 3772/3772 3706/3706 3767/3767
f 3755/3755 3706/3706 3772/3772
f 3720/3720 3712/3712 3706/3706
f 3668/3668 3712/3712 3720/3720
f 3675/3675 3712/3712 3668/3668
f 3680/3680 3712/3712 3674/3674
f 3686/3686 3680/3680 3674/3674
f 3686/3686 3712/3712 3680/3680
f 3706/3706 3712/3712 3705/3705
f 3700/3700 3705/3705 3699/3699
f 1655/1655 1489/1489 1643/1643
f 1657/1657 1489/1489 1655/1655
f 1489/1489 1770/1770 1665/1665
f 2167/2167 1665/1665 1770/1770
f 1746/1746 2167/2167 1770/1770
f 1775/1775 1811/1811 1770/1770
f 1746/1746 1775/1775 1770/1770
f 1746/1746 1811/1811 1775/1775
f 2167/2167 1489/1489 1665/1665
f 4430/4430 201/201 4481/4481
f 301/301 73/73 4140/4140
f 3444/3444 3499/3499 3530/3530
f 3498/3498 3444/3444 3530/3530
f 3499/3499 3444/3444 3498/3498
f 3422/3422 3498/3498 3718/3718
f 2994/2994 3499/3499 3422/3422
f 3498/3498 3422/3422 3499/3499
f 1598/1598 3422/3422 3213/3213
f 3213/3213 3194/3194 1598/1598
f 3166/3166 1659/1659 3211/3211
f 3194/3194 1659/1659 1598/1598
f 3339/3339 3213/3213 3422/3422
f 3368/3368 3337/3337 3213/3213
f 3368/3368 3339/3339 3369/3369
f 3443/3443 3369/3369 3339/3339
f 3422/3422 3443/3443 3339/3339
f 3368/3368 3369/3369 3443/3443
f 3497/3497 3443/3443 3422/3422
f 3480/3480 3443/3443 3497/3497
f 3463/3463 3443/3443 3480/3480
f 3497/3497 3463/3463 3480/3480
f 3368/3368 3315/3315 3337/3337
f 3315/3315 3213/3213 3337/3337
f 3315/3315 3368/3368 3415/3415
f 3462/3462 3415/3415 3368/3368
f 3462/3462 3315/3315 3415/3415
f 3332/3332 3315/3315 3440/3440
f 3317/3317 3315/3315 3316/3316
f 3213/3213 3317/3317 3316/3316
f 3315/3315 3213/3213 3316/3316
f 3274/3274 3213/3213 3292/3292
f 3292/3292 3459/3459 3274/3274
f 3213/3213 3274/3274 3459/3459
f 3140/3140 3166/3166 3211/3211
f 3192/3192 3140/3140 3211/3211
f 3212/3212 3192/3192 3211/3211
f 3140/3140 1659/1659 3166/3166
f 3212/3212 3140/3140 3192/3192
f 3257/3257 3256/3256 3140/3140
f 3273/3273 3291/3291 3140/3140
f 3459/3459 3256/3256 3257/3257
f 3459/3459 3140/3140 3256/3256
f 3273/3273 3140/3140 3459/3459
f 3459/3459 3291/3291 3273/3273
f 3412/3412 3291/3291 3459/3459
f 3462/3462 3440/3440 3315/3315
f 3332/3332 3440/3440 3462/3462
f 3462/3462 3478/3478 3332/3332
f 3526/3526 3332/3332 3478/3478
f 3462/3462 3526/3526 3478/3478
f 3479/3479 3526/3526 3462/3462
f 3463/3463 3479/3479 3462/3462
f 3526/3526 3479/3479 3463/3463
f 3526/3526 3497/3497 3704/3704
f 3718/3718 3526/3526 3704/3704
f 3734/3734 3526/3526 3718/3718
f 3497/3497 3718/3718 3704/3704
f 3422/3422 3718/3718 3497/3497
f 4669/4669 4670/4670 4646/4646
f 4710/4710 4646/4646 4670/4670
f 4710/4710 4670/4670 4669/4669
f 4669/4669 4397/4397 4674/4674
f 4674/4674 4710/4710 4669/4669
f 4707/4707 4710/4710 4674/4674
f 6974/6974 7076/7076 7059/7059
f 7155/7155 7059/7059 7076/7076
f 6974/6974 7059/7059 7155/7155
f 6974/6974 7155/7155 6952/6952
f 6629/6629 6952/6952 7155/7155
f 6836/6836 6719/6719 6750/6750
f 6752/6752 6719/6719 6836/6836
f 6707/6707 6752/6752 6836/6836
f 6719/6719 6752/6752 6707/6707
f 6629/6629 6836/6836 6750/6750
f 7155/7155 6880/6880 6629/6629
f 6882/6882 6629/6629 6880/6880
f 6882/6882 6880/6880 7155/7155
f 6707/6707 7155/7155 6781/6781
f 6605/6605 6707/6707 6567/6567
f 6481/6481 6567/6567 6707/6707
f 6481/6481 6605/6605 6567/6567
f 6485/6485 6481/6481 6514/6514
f 6485/6485 6321/6321 6481/6481
f 6542/6542 6510/6510 6612/6612
f 6510/6510 6610/6610 6612/6612
f 6593/6593 6542/6542 6612/6612
f 6588/6588 6542/6542 6593/6593
f 6593/6593 6612/6612 6588/6588
f 6781/6781 6014/6014 6707/6707
f 6706/6706 6683/6683 6682/6682
f 6652/6652 6682/6682 6683/6683
f 6652/6652 6706/6706 6682/6682
f 6610/6610 6630/6630 6612/6612
f 6510/6510 6630/6630 6610/6610
f 6510/6510 6651/6651 6630/6630
f 6650/6650 6651/6651 6510/6510
f 6750/6750 6719/6719 6629/6629
f 6650/6650 6510/6510 6649/6649
f 6651/6651 6650/6650 6649/6649
f 6744/6744 6870/6870 6681/6681
f 6870/6870 6629/6629 6681/6681
f 6629/6629 6870/6870 6952/6952
f 6952/6952 6870/6870 6974/6974
f 7194/7194 7230/7230 7214/7214
f 7186/7186 7205/7205 7194/7194
f 7206/7206 7205/7205 7186/7186
f 7206/7206 7226/7226 7205/7205
f 7226/7226 7206/7206 7216/7216
f 7226/7226 7194/7194 7205/7205
f 7226/7226 7230/7230 7194/7194
f 7245/7245 7230/7230 7261/7261
f 7261/7261 7260/7260 7245/7245
f 7259/7259 7257/7257 7260/7260
f 7272/7272 7257/7257 7259/7259
f 7214/7214 7230/7230 6781/6781
f 7269/7269 7278/7278 7280/7280
f 7279/7279 7269/7269 7280/7280
f 7281/7281 7280/7280 7278/7278
f 7280/7280 7261/7261 7279/7279
f 7280/7280 7269/7269 7261/7261
f 7287/7287 7052/7052 7279/7279
f 7320/7320 7321/7321 7287/7287
f 7300/7300 7287/7287 7321/7321
f 7300/7300 7321/7321 7320/7320
f 7348/7348 7279/7279 7374/7374
f 7348/7348 7287/7287 7279/7279
f 7222/7222 7298/7298 7285/7285
f 7286/7286 7285/7285 7298/7298
f 7222/7222 7285/7285 7286/7286
f 7218/7218 7255/7255 7222/7222
f 7207/7207 7218/7218 7222/7222
f 7220/7220 7256/7256 7208/7208
f 7219/7219 7256/7256 7220/7220
f 7219/7219 7220/7220 7208/7208
f 7149/7149 7217/7217 7234/7234
f 7208/7208 7234/7234 7217/7217
f 7149/7149 7208/7208 7217/7217
f 7175/7175 7208/7208 7149/7149
f 7218/7218 7207/7207 7255/7255
f 7219/7219 7185/7185 7209/7209
f 7221/7221 7209/7209 7185/7185
f 7219/7219 7209/7209 7221/7221
f 7202/7202 7187/7187 7185/7185
f 7210/7210 7202/7202 7185/7185
f 7256/7256 7219/7219 7221/7221
f 7210/7210 7187/7187 7202/7202
f 7052/7052 6781/6781 7279/7279
f 7131/7131 7146/7146 7113/7113
f 7142/7142 7189/7189 7170/7170
f 7163/7163 7142/7142 7170/7170
f 7163/7163 7170/7170 7189/7189
f 7190/7190 7177/7177 7224/7224
f 7247/7247 7190/7190 7224/7224
f 7177/7177 7190/7190 7247/7247
f 7176/7176 7191/7191 7210/7210
f 7141/7141 7176/7176 7210/7210
f 7191/7191 7176/7176 7141/7141
f 7185/7185 7171/7171 7210/7210
f 7141/7141 7210/7210 7171/7171
f 7129/7129 7141/7141 7171/7171
f 7129/7129 7171/7171 7185/7185
f 7175/7175 7184/7184 7208/7208
f 7148/7148 7174/7174 7184/7184
f 7149/7149 7184/7184 7175/7175
f 7054/7054 7174/7174 7148/7148
f 7054/7054 7148/7148 7184/7184
f 7132/7132 7129/7129 7130/7130
f 7093/7093 7129/7129 7132/7132
f 7093/7093 7132/7132 7130/7130
f 7058/7058 7093/7093 7054/7054
f 7018/7018 7058/7058 7054/7054
f 7018/7018 7054/7054 7053/7053
f 7053/7053 7028/7028 7031/7031
f 7053/7053 7031/7031 6934/6934
f 6934/6934 7031/7031 7028/7028
f 6944/6944 6957/6957 6934/6934
f 6935/6935 6944/6944 6934/6934
f 6945/6945 6959/6959 6957/6957
f 6946/6946 6959/6959 6945/6945
f 6946/6946 6945/6945 6957/6957
f 6957/6957 6944/6944 6935/6935
f 6935/6935 6946/6946 6957/6957
f 6924/6924 6946/6946 6935/6935
f 6924/6924 6935/6935 6914/6914
f 6914/6914 6946/6946 6924/6924
f 6873/6873 6910/6910 6946/6946
f 6913/6913 6925/6925 6912/6912
f 6910/6910 6913/6913 6912/6912
f 6986/6986 6937/6937 6960/6960
f 6938/6938 6960/6960 6937/6937
f 7019/7019 7020/7020 7053/7053
f 7018/7018 7053/7053 7020/7020
f 7019/7019 7018/7018 7020/7020
f 6960/6960 6938/6938 6986/6986
f 7058/7058 7018/7018 7093/7093
f 7093/7093 7017/7017 7057/7057
f 7111/7111 7057/7057 7017/7017
f 7111/7111 7093/7093 7057/7057
f 7112/7112 7143/7143 7129/7129
f 7141/7141 7129/7129 7143/7143
f 7141/7141 7143/7143 7112/7112
f 7163/7163 7141/7141 7140/7140
f 7128/7128 7163/7163 7140/7140
f 7128/7128 7140/7140 7141/7141
f 7106/7106 7089/7089 7141/7141
f 7075/7075 7106/7106 7141/7141
f 7089/7089 7106/7106 7075/7075
f 6622/6622 6736/6736 6642/6642
f 6642/6642 6736/6736 6691/6691
f 6622/6622 6642/6642 6691/6691
f 6691/6691 6739/6739 6692/6692
f 6738/6738 6739/6739 6691/6691
f 6692/6692 6739/6739 6738/6738
f 6852/6852 6692/6692 6863/6863
f 6865/6865 6692/6692 6852/6852
f 6865/6865 6852/6852 6863/6863
f 6864/6864 6865/6865 6863/6863
f 6910/6910 6864/6864 6863/6863
f 6865/6865 6864/6864 6910/6910
f 325/325 201/201 4069/4069
f 325/325 174/174 201/201
f 392/392 325/325 422/422
f 392/392 422/422 416/416
f 325/325 392/392 416/416
f 5341/5341 5276/5276 4487/4487
f 5098/5098 4487/4487 5276/5276
f 5098/5098 5276/5276 5148/5148
f 5105/5105 5098/5098 5148/5148
f 5149/5149 5098/5098 5105/5105
f 5148/5148 5149/5149 5105/5105
f 3347/3347 2464/2464 1814/1814
f 2884/2884 2464/2464 3347/3347
f 2957/2957 2884/2884 3347/3347
f 3245/3245 2957/2957 3347/3347
f 1743/1743 1514/1514 1513/1513
f 1512/1512 1743/1743 1513/1513
f 1514/1514 1512/1512 1513/1513
f 1342/1342 1514/1514 1743/1743
f 2138/2138 1342/1342 1743/1743
f 2138/2138 1826/1826 1782/1782
f 1827/1827 2138/2138 1782/1782
f 1827/1827 1782/1782 1826/1826
f 2138/2138 3347/3347 1342/1342
f 2027/2027 2026/2026 2032/2032
f 2026/2026 2027/2027 2471/2471
f 2032/2032 2471/2471 2027/2027
f 2316/2316 2278/2278 2229/2229
f 2471/2471 2229/2229 2278/2278
f 2471/2471 2278/2278 2316/2316
f 2230/2230 2342/2342 2173/2173
f 2174/2174 2230/2230 2173/2173
f 2174/2174 2173/2173 2172/2172
f 2115/2115 2172/2172 2173/2173
f 2174/2174 2172/2172 2115/2115
f 2342/2342 2230/2230 2174/2174
f 2328/2328 2342/2342 2288/2288
f 2328/2328 2288/2288 2349/2349
f 2342/2342 2328/2328 2349/2349
f 2606/2606 2564/2564 2640/2640
f 2470/2470 2564/2564 2537/2537
f 2471/2471 3561/3561 2323/2323
f 2618/2618 2581/2581 2470/2470
f 2470/2470 2641/2641 2618/2618
f 2581/2581 2618/2618 2641/2641
f 2813/2813 2779/2779 2809/2809
f 2883/2883 2809/2809 2779/2779
f 2883/2883 2813/2813 2809/2809
f 2883/2883 2662/2662 2796/2796
f 2802/2802 2883/2883 2796/2796
f 2802/2802 2796/2796 2662/2662
f 2704/2704 2685/2685 2754/2754
f 2704/2704 2754/2754 2690/2690
f 2690/2690 2685/2685 2704/2704
f 2640/2640 2641/2641 2606/2606
f 2537/2537 2641/2641 2470/2470
f 2564/2564 2606/2606 2641/2641
f 2537/2537 2564/2564 2641/2641
f 869/869 1106/1106 4913/4913
f 7051/7051 6939/6939 7083/7083
f 7026/7026 7038/7038 5813/5813
f 7051/7051 7038/7038 7026/7026
f 5813/5813 7051/7051 7026/7026
f 7051/7051 5813/5813 6206/6206
f 6029/6029 6206/6206 5813/5813
f 6029/6029 5813/5813 4550/4550
f 4550/4550 4555/4555 6029/6029
f 4684/4684 4555/4555 4550/4550
f 4685/4685 4684/4684 4550/4550
f 4684/4684 4685/4685 5075/5075
f 4865/4865 5365/5365 4864/4864
f 4866/4866 4865/4865 4864/4864
f 5364/5364 5075/5075 5365/5365
f 4865/4865 4866/4866 5365/5365
f 5081/5081 5365/5365 4554/4554
f 5523/5523 5365/5365 5081/5081
f 5364/5364 5365/5365 5523/5523
f 4769/4769 4554/4554 4866/4866
f 4769/4769 4685/4685 4554/4554
f 4866/4866 4685/4685 4769/4769
f 4628/4628 5081/5081 4554/4554
f 5523/5523 5081/5081 6090/6090
f 5075/5075 5364/5364 5523/5523
f 5545/5545 5523/5523 5576/5576
f 6090/6090 5592/5592 5523/5523
f 5545/5545 5576/5576 5575/5575
f 5619/5619 5575/5575 5576/5576
f 5619/5619 5545/5545 5575/5575
f 5651/5651 5576/5576 5654/5654
f 5619/5619 5651/5651 5654/5654
f 5619/5619 5576/5576 5651/5651
f 5652/5652 5619/5619 5649/5649
f 5680/5680 5649/5649 5619/5619
f 5652/5652 5649/5649 5680/5680
f 5746/5746 5810/5810 4555/4555
f 5742/5742 5810/5810 5746/5746
f 5810/5810 6029/6029 4555/4555
f 5076/5076 4684/4684 5075/5075
f 4555/4555 4684/4684 5076/5076
f 5263/5263 5143/5143 5076/5076
f 5545/5545 5076/5076 5143/5143
f 5263/5263 5545/5545 5143/5143
f 5545/5545 4555/4555 5076/5076
f 5545/5545 5746/5746 4555/4555
f 7125/7125 7083/7083 6939/6939
f 7249/7249 7083/7083 7125/7125
f 7301/7301 7249/7249 7282/7282
f 7125/7125 7282/7282 7249/7249
f 7302/7302 7249/7249 7301/7301
f 7282/7282 7302/7302 7301/7301
f 7294/7294 7305/7305 7295/7295
f 7316/7316 7326/7326 7304/7304
f 7324/7324 7304/7304 7326/7326
f 7316/7316 7324/7324 7326/7326
f 7341/7341 7342/7342 7340/7340
f 7337/7337 7342/7342 7341/7341
f 7340/7340 7337/7337 7341/7341
f 7357/7357 7340/7340 7355/7355
f 7356/7356 7355/7355 7340/7340
f 7356/7356 7357/7357 7355/7355
f 7347/7347 7365/7365 7357/7357
f 7364/7364 7357/7357 7365/7365
f 7364/7364 7365/7365 7347/7347
f 7311/7311 7346/7346 7364/7364
f 7370/7370 7364/7364 7346/7346
f 7311/7311 7276/7276 7346/7346
f 7356/7356 7311/7311 7364/7364
f 7340/7340 7311/7311 7356/7356
f 7316/7316 7311/7311 7340/7340
f 7242/7242 7305/7305 7294/7294
f 7295/7295 7242/7242 7294/7294
f 7242/7242 7295/7295 7273/7273
f 7253/7253 7273/7273 7295/7295
f 7125/7125 7158/7158 7282/7282
f 7253/7253 7242/7242 7273/7273
f 7311/7311 7316/7316 7242/7242
f 7275/7275 7311/7311 6939/6939
f 6939/6939 7231/7231 7275/7275
f 6939/6939 7311/7311 7242/7242
f 7241/7241 7229/7229 7242/7242
f 7253/7253 7241/7241 7242/7242
f 7229/7229 7241/7241 7253/7253
f 7228/7228 7229/7229 7253/7253
f 7228/7228 7158/7158 7229/7229
f 7158/7158 7228/7228 7253/7253
f 6939/6939 7242/7242 7158/7158
f 7125/7125 6939/6939 7158/7158
f 6206/6206 6939/6939 7051/7051
f 7269/7269 7281/7281 7278/7278
f 6781/6781 7272/7272 7269/7269
f 7293/7293 7309/7309 7279/7279
f 7288/7288 7261/7261 7309/7309
f 7291/7291 7288/7288 7293/7293
f 7289/7289 7288/7288 7291/7291
f 7309/7309 7293/7293 7288/7288
f 7289/7289 7291/7291 7293/7293
f 7261/7261 7288/7288 7279/7279
f 7279/7279 7288/7288 7293/7293
f 7269/7269 7272/7272 7261/7261
f 7230/7230 7245/7245 7272/7272
f 7230/7230 7272/7272 6781/6781
f 12/12 201/201 174/174
f 6629/6629 6744/6744 6681/6681
f 6592/6592 6510/6510 6553/6553
f 6592/6592 6553/6553 6569/6569
f 6553/6553 6510/6510 6481/6481
f 6569/6569 6481/6481 6321/6321
f 6481/6481 6569/6569 6553/6553
f 6319/6319 6569/6569 6321/6321
f 6432/6432 6430/6430 6319/6319
f 6569/6569 6319/6319 6430/6430
f 6569/6569 6430/6430 6432/6432
f 6191/6191 6319/6319 6321/6321
f 6321/6321 6014/6014 6191/6191
f 4772/4772 4688/4688 5268/5268
f 5362/5362 5268/5268 5477/5477
f 5368/5368 5477/5477 5268/5268
f 5498/5498 5368/5368 5268/5268
f 5477/5477 5368/5368 5498/5498
f 5480/5480 5477/5477 5498/5498
f 5478/5478 5480/5480 5498/5498
f 5478/5478 5477/5477 5480/5480
f 5498/5498 5497/5497 5726/5726
f 5260/5260 4955/4955 5362/5362
f 5477/5477 5260/5260 5362/5362
f 4955/4955 5260/5260 5073/5073
f 5066/5066 5073/5073 5260/5260
f 5066/5066 4955/4955 5073/5073
f 5013/5013 5066/5066 5260/5260
f 4947/4947 5013/5013 5260/5260
f 4947/4947 5066/5066 5013/5013
f 5492/5492 5357/5357 5472/5472
f 5357/5357 5492/5492 5495/5495
f 5495/5495 5492/5492 5472/5472
f 5495/5495 5472/5472 5657/5657
f 5498/5498 5580/5580 5497/5497
f 5726/5726 5497/5497 5580/5580
f 5658/5658 5624/5624 5726/5726
f 5753/5753 5624/5624 5658/5658
f 5753/5753 5658/5658 5726/5726
f 5695/5695 5726/5726 5729/5729
f 5852/5852 5726/5726 5695/5695
f 5729/5729 5852/5852 5695/5695
f 5660/5660 5659/5659 5625/5625
f 5580/5580 5660/5660 5625/5625
f 5659/5659 5660/5660 5580/5580
f 5590/5590 5753/5753 5688/5688
f 5689/5689 5688/5688 5753/5753
f 5753/5753 5827/5827 5779/5779
f 5744/5744 5753/5753 5779/5779
f 5744/5744 5779/5779 5827/5827
f 5783/5783 5809/5809 5852/5852
f 5729/5729 5783/5783 5852/5852
f 5782/5782 5783/5783 5729/5729
f 5809/5809 5783/5783 5782/5782
f 5754/5754 5849/5849 5829/5829
f 5895/5895 5849/5849 5754/5754
f 5878/5878 5754/5754 5851/5851
f 5785/5785 5878/5878 5851/5851
f 5754/5754 5785/5785 5851/5851
f 5829/5829 5849/5849 5895/5895
f 5920/5920 5903/5903 5829/5829
f 5895/5895 5920/5920 5829/5829
f 5932/5932 5903/5903 5920/5920
f 5895/5895 5932/5932 5920/5920
f 5935/5935 5903/5903 5960/5960
f 5935/5935 5934/5934 5903/5903
f 5934/5934 5935/5935 5960/5960
f 5852/5852 5921/5921 5897/5897
f 5890/5890 5852/5852 5897/5897
f 5921/5921 5890/5890 5897/5897
f 5934/5934 5981/5981 5933/5933
f 5590/5590 5688/5688 5689/5689
f 5655/5655 5590/5590 5689/5689
f 5657/5657 5655/5655 5689/5689
f 5657/5657 5590/5590 5655/5655
f 5770/5770 5721/5721 5850/5850
f 5770/5770 5850/5850 5769/5769
f 5721/5721 5770/5770 5769/5769
f 5909/5909 5975/5975 5890/5890
f 5798/5798 5826/5826 5825/5825
f 5768/5768 5826/5826 5798/5798
f 5825/5825 5768/5768 5798/5798
f 5721/5721 5712/5712 5579/5579
f 5740/5740 5713/5713 5741/5741
f 5766/5766 5740/5740 5741/5741
f 5766/5766 5713/5713 5740/5740
f 5579/5579 5712/5712 5524/5524
f 5685/5685 5738/5738 5715/5715
f 5718/5718 5685/5685 5715/5715
f 5718/5718 5715/5715 5738/5738
f 5867/5867 5772/5772 6024/6024
f 5867/5867 6003/6003 5772/5772
f 6024/6024 6003/6003 5867/5867
f 6047/6047 6024/6024 5975/5975
f 5973/5973 5974/5974 5975/5975
f 6047/6047 5973/5973 5975/5975
f 6047/6047 5974/5974 5973/5973
f 5909/5909 6045/6045 5975/5975
f 5909/5909 5890/5890 6045/6045
f 5981/5981 6045/6045 5933/5933
f 6047/6047 6008/6008 6139/6139
f 6230/6230 6201/6201 6236/6236
f 6008/6008 6236/6236 6139/6139
f 5981/5981 6008/6008 6045/6045
f 5934/5934 6008/6008 5981/5981
f 5942/5942 6008/6008 5960/5960
f 5932/5932 5942/5942 5960/5960
f 5932/5932 6008/6008 5942/5942
f 6008/6008 5932/5932 5945/5945
f 5895/5895 6008/6008 5945/5945
f 5895/5895 5945/5945 5932/5932
f 6006/6006 5895/5895 5930/5930
f 6006/6006 5930/5930 5947/5947
f 5754/5754 5727/5727 5785/5785
f 5895/5895 5785/5785 5836/5836
f 5580/5580 5727/5727 5754/5754
f 5714/5714 5580/5580 5731/5731
f 5714/5714 5731/5731 5659/5659
f 5659/5659 5580/5580 5714/5714
f 5600/5600 5580/5580 5581/5581
f 5626/5626 5600/5600 5581/5581
f 5580/5580 5600/5600 5626/5626
f 5601/5601 5626/5626 5581/5581
f 5582/5582 5601/5601 5581/5581
f 5582/5582 5626/5626 5601/5601
f 5580/5580 5785/5785 5727/5727
f 5836/5836 5785/5785 5786/5786
f 5895/5895 5836/5836 5786/5786
f 5626/5626 5662/5662 5696/5696
f 5662/5662 5697/5697 5696/5696
f 5697/5697 5662/5662 5626/5626
f 5153/5153 5499/5499 5151/5151
f 5275/5275 5153/5153 5151/5151
f 5499/5499 5153/5153 5275/5275
f 7155/7155 7214/7214 6781/6781
f 7122/7122 7052/7052 7151/7151
f 7122/7122 7107/7107 7052/7052
f 7151/7151 7107/7107 7122/7122
f 7070/7070 7107/7107 7079/7079
f 7086/7086 7079/7079 7107/7107
f 7070/7070 7079/7079 7086/7086
f 7145/7145 7131/7131 7113/7113
f 7146/7146 7131/7131 7145/7145
f 2323/2323 3347/3347 2471/2471
f 397/397 482/482 493/493
f 4057/4057 9/9 38/38
f 237/237 9/9 4057/4057
f 237/237 38/38 9/9
f 4057/4057 3/3 237/237
f 73/73 3/3 4057/4057
f 73/73 237/237 3/3
f 38/38 237/237 1342/1342
f 616/616 38/38 1342/1342
f 616/616 296/296 38/38
f 1315/1315 1342/1342 237/237
f 1308/1308 1144/1144 1182/1182
f 1182/1182 1144/1144 1315/1315
f 1315/1315 1144/1144 1308/1308
f 1308/1308 1342/1342 1315/1315
f 1514/1514 1342/1342 1308/1308
f 2127/2127 2270/2270 2367/2367
f 2127/2127 2367/2367 2373/2373
f 2365/2365 2373/2373 2367/2367
f 2363/2363 2319/2319 2373/2373
f 2365/2365 2363/2363 2373/2373
f 2365/2365 2319/2319 2363/2363
f 2317/2317 2373/2373 2319/2319
f 2317/2317 1998/1998 2373/2373
f 2201/2201 2317/2317 2319/2319
f 1998/1998 2317/2317 2201/2201
f 1720/1720 2127/2127 2373/2373
f 1720/1720 2373/2373 1998/1998
f 3347/3347 1814/1814 1342/1342
f 2471/2471 3347/3347 2138/2138
f 2167/2167 1643/1643 1489/1489
f 1748/1748 1655/1655 1675/1675
f 1675/1675 1655/1655 1643/1643
f 1748/1748 1675/1675 1643/1643
f 2167/2167 1657/1657 1643/1643
f 1489/1489 1657/1657 2167/2167
f 2167/2167 1746/1746 1489/1489
f 1770/1770 1489/1489 1746/1746
f 5962/5962 5885/5885 5863/5863
f 5886/5886 5863/5863 5885/5885
f 5962/5962 5886/5886 5885/5885
f 4538/4538 5546/5546 5046/5046
f 4606/4606 4538/4538 5046/5046
f 4536/4536 4538/4538 4606/4606
f 4502/4502 4538/4538 4536/4536
f 4606/4606 4502/4502 4536/4536
f 5293/5293 4606/4606 5046/5046
f 5386/5386 4606/4606 5293/5293
f 4812/4812 5386/5386 4726/4726
f 4595/4595 4812/4812 4726/4726
f 4715/4715 4595/4595 4726/4726
f 4715/4715 4726/4726 5386/5386
f 4748/4748 4715/4715 5293/5293
f 4609/4609 4715/4715 4748/4748
f 4978/4978 5030/5030 4962/4962
f 4748/4748 5509/5509 5030/5030
f 5509/5509 4962/4962 5030/5030
f 4978/4978 4962/4962 5509/5509
f 5087/5087 5509/5509 5035/5035
f 4972/4972 5509/5509 5087/5087
f 4889/4889 4978/4978 4921/4921
f 4973/4973 4889/4889 4921/4921
f 4978/4978 4973/4973 4921/4921
f 4748/4748 5030/5030 4797/4797
f 5030/5030 4588/4588 4797/4797
f 5035/5035 5127/5127 4973/4973
f 5035/5035 4972/4972 5087/5087
f 5297/5297 5127/5127 5035/5035
f 5297/5297 4973/4973 5127/5127
f 5509/5509 5297/5297 5035/5035
f 4748/4748 5297/5297 5509/5509
f 5046/5046 5297/5297 4748/4748
f 5297/5297 5046/5046 5553/5553
f 5348/5348 5297/5297 5500/5500
f 5201/5201 5297/5297 5348/5348
f 5175/5175 5089/5089 5201/5201
f 5201/5201 5348/5348 5500/5500
f 5552/5552 6014/6014 5201/5201
f 5103/5103 5089/5089 5175/5175
f 4598/4598 4797/4797 4588/4588
f 4598/4598 4638/4638 4797/4797
f 4593/4593 4638/4638 4598/4598
f 4748/4748 4797/4797 4638/4638
f 4609/4609 4748/4748 4638/4638
f 4609/4609 4638/4638 4593/4593
f 4598/4598 4609/4609 4593/4593
f 4537/4537 4588/4588 6014/6014
f 5966/5966 6191/6191 5968/5968
f 5965/5965 5968/5968 6191/6191
f 5965/5965 5966/5966 5968/5968
f 5962/5962 5965/5965 6014/6014
f 5965/5965 6191/6191 6014/6014
f 6321/6321 6080/6080 6014/6014
f 6080/6080 6321/6321 6174/6174
f 6014/6014 6080/6080 6485/6485
f 6113/6113 6485/6485 6081/6081
f 6174/6174 6113/6113 6081/6081
f 6113/6113 6174/6174 6485/6485
f 6485/6485 6174/6174 6321/6321
f 5863/5863 5555/5555 5666/5666
f 5546/5546 5863/5863 5630/5630
f 5640/5640 5630/5630 5863/5863
f 5640/5640 5863/5863 6014/6014
f 5546/5546 5630/5630 5640/5640
f 5602/5602 5046/5046 5546/5546
f 5546/5546 5567/5567 5603/5603
f 5863/5863 5603/5603 5567/5567
f 5863/5863 5567/5567 5546/5546
f 5555/5555 5863/5863 5546/5546
f 5666/5666 5555/5555 5546/5546
f 7269/7269 7279/7279 6781/6781
f 924/924 573/573 4142/4142
f 473/473 4142/4142 573/573
f 645/645 572/572 647/647
f 571/571 572/572 645/645
f 647/647 572/572 571/571
f 472/472 419/419 473/473
f 417/417 419/419 472/472
f 473/473 419/419 417/417
f 347/347 349/349 417/417
f 417/417 4142/4142 473/473
f 4142/4142 417/417 239/239
f 349/349 239/239 417/417
f 239/239 349/349 347/347
f 239/239 386/386 345/345
f 318/318 345/345 386/386
f 318/318 239/239 345/345
f 316/316 239/239 318/318
f 346/346 239/239 316/316
f 346/346 316/316 318/318
f 344/344 317/317 346/346
f 274/274 317/317 344/344
f 274/274 346/346 317/317
f 197/197 4142/4142 274/274
f 275/275 197/197 274/274
f 319/319 275/275 274/274
f 197/197 275/275 319/319
f 241/241 197/197 276/276
f 241/241 4974/4974 197/197
f 4974/4974 241/241 276/276
f 4142/4142 197/197 4974/4974
f 239/239 274/274 4142/4142
f 573/573 924/924 1106/1106
f 570/570 656/656 651/651
f 273/273 570/570 651/651
f 273/273 656/656 570/570
f 4813/4813 4046/4046 273/273
f 5436/5436 5191/5191 5025/5025
f 5025/5025 5411/5411 5436/5436
f 5395/5395 5191/5191 5436/5436
f 5412/5412 5436/5436 5411/5411
f 5394/5394 5436/5436 5412/5412
f 5411/5411 5394/5394 5412/5412
f 5395/5395 5411/5411 5025/5025
f 508/508 654/654 5191/5191
f 508/508 5191/5191 264/264
f 565/565 634/634 508/508
f 509/509 634/634 565/565
f 509/509 508/508 264/264
f 261/261 509/509 264/264
f 509/509 565/565 508/508
f 465/465 261/261 337/337
f 133/133 190/190 134/134
f 337/337 134/134 190/190
f 133/133 134/134 337/337
f 264/264 133/133 337/337
f 261/261 264/264 337/337
f 74/74 383/383 4237/4237
f 529/529 383/383 74/74
f 4237/4237 7/7 74/74
f 74/74 7/7 40/40
f 43/43 40/40 7/7
f 74/74 40/40 43/43
f 529/529 74/74 7/7
f 529/529 7/7 4237/4237
f 383/383 476/476 475/475
f 384/384 475/475 474/474
f 383/383 475/475 384/384
f 477/477 474/474 475/475
f 384/384 474/474 477/477
f 4893/4893 4842/4842 4792/4792
f 4847/4847 4792/4792 4842/4842
f 4893/4893 4847/4847 4842/4842
f 4897/4897 4928/4928 4847/4847
f 4928/4928 529/529 4237/4237
f 4847/4847 4928/4928 4237/4237
f 4897/4897 4847/4847 4237/4237
f 252/252 4785/4785 170/170
f 163/163 252/252 170/170
f 252/252 322/322 4785/4785
f 5388/5388 5182/5182 5184/5184
f 5120/5120 4785/4785 4965/4965
f 518/518 170/170 4785/4785
f 252/252 170/170 518/518
f 322/322 252/252 518/518
f 771/771 322/322 518/518
f 642/642 771/771 700/700
f 644/644 569/569 771/771
f 763/763 700/700 771/771
f 639/639 642/642 700/700
f 733/733 700/700 763/763
f 639/639 700/700 267/267
f 730/730 402/402 733/733
f 339/339 340/340 269/269
f 269/269 310/310 339/339
f 340/340 310/310 269/269
f 5249/5249 310/310 340/340
f 402/402 5249/5249 340/340
f 730/730 341/341 402/402
f 382/382 312/312 342/342
f 116/116 341/341 307/307
f 502/502 5039/5039 631/631
f 265/265 502/502 631/631
f 5178/5178 266/266 265/265
f 265/265 266/266 5178/5178
f 4637/4637 265/265 5178/5178
f 4591/4591 4637/4637 5178/5178
f 4725/4725 4591/4591 4654/4654
f 5187/5187 4591/4591 4725/4725
f 5187/5187 4637/4637 4591/4591
f 4724/4724 4654/4654 4591/4591
f 4725/4725 4654/4654 4724/4724
f 4591/4591 4723/4723 4725/4725
f 5178/5178 4723/4723 4591/4591
f 4725/4725 4723/4723 5178/5178
f 5178/5178 5187/5187 4725/4725
f 5121/5121 5122/5122 5178/5178
f 5447/5447 5122/5122 5121/5121
f 5178/5178 5122/5122 5447/5447
f 5187/5187 5178/5178 5447/5447
f 5106/5106 5187/5187 5447/5447
f 5184/5184 4785/4785 5120/5120
f 4041/4041 4433/4433 71/71
f 4522/4522 4498/4498 4433/4433
f 4522/4522 4041/4041 4434/4434
f 4531/4531 4522/4522 4434/4434
f 4041/4041 4531/4531 4434/4434
f 191/191 4531/4531 4041/4041
f 4443/4443 4500/4500 4531/4531
f 4442/4442 4500/4500 4443/4443
f 4442/4442 4443/4443 4531/4531
f 4442/4442 4531/4531 191/191
f 4441/4441 4442/4442 4296/4296
f 4501/4501 4442/4442 4441/4441
f 4296/4296 4501/4501 4441/4441
f 4296/4296 4442/4442 191/191
f 4386/4386 4444/4444 4296/4296
f 4446/4446 4445/4445 4298/4298
f 4509/4509 4445/4445 4446/4446
f 4509/4509 4446/4446 4298/4298
f 6/6 4509/4509 4298/4298
f 48/48 4295/4295 6/6
f 4295/4295 4509/4509 6/6
f 4498/4498 4499/4499 4433/4433
f 4499/4499 4498/4498 4522/4522
f 4384/4384 4433/4433 4435/4435
f 71/71 4433/4433 4436/4436
f 4436/4436 4435/4435 4433/4433
f 4384/4384 4435/4435 4436/4436
f 4507/4507 4436/4436 4433/4433
f 4575/4575 4507/4507 4433/4433
f 4436/4436 4507/4507 4575/4575
f 4506/4506 71/71 4436/4436
f 4437/4437 4385/4385 4436/4436
f 4506/4506 4385/4385 4437/4437
f 4436/4436 4506/4506 4437/4437
f 4505/4505 4439/4439 4506/4506
f 71/71 4506/4506 4568/4568
f 4439/4439 4568/4568 4506/4506
f 4568/4568 4439/4439 4505/4505
f 4438/4438 71/71 4568/4568
f 4387/4387 4438/4438 4440/4440
f 4511/4511 4440/4440 4438/4438
f 4387/4387 4440/4440 4511/4511
f 4511/4511 71/71 4438/4438
f 4504/4504 4511/4511 4438/4438
f 4567/4567 4504/4504 4438/4438
f 4511/4511 4504/4504 4567/4567
f 4569/4569 4512/4512 4511/4511
f 4565/4565 4512/4512 4569/4569
f 4511/4511 4512/4512 4565/4565
f 4565/4565 71/71 4511/4511
f 71/71 4565/4565 4447/4447
f 4218/4218 71/71 4447/4447
f 4514/4514 4447/4447 4587/4587
f 4589/4589 4514/4514 4587/4587
f 4447/4447 4514/4514 4589/4589
f 4513/4513 4447/4447 4584/4584
f 4390/4390 4513/4513 4584/4584
f 4390/4390 4447/4447 4513/4513
f 4218/4218 4447/4447 4390/4390
f 4390/4390 4570/4570 4218/4218
f 4564/4564 4570/4570 4515/4515
f 4390/4390 4564/4564 4515/4515
f 4390/4390 4515/4515 4570/4570
f 4570/4570 4571/4571 4520/4520
f 4572/4572 4520/4520 4571/4571
f 4572/4572 4570/4570 4520/4520
f 4572/4572 4218/4218 4570/4570
f 4574/4574 4521/4521 4572/4572
f 4577/4577 4521/4521 4574/4574
f 4572/4572 4521/4521 4577/4577
f 4519/4519 4577/4577 4578/4578
f 4572/4572 4577/4577 4519/4519
f 4586/4586 4519/4519 4578/4578
f 4586/4586 4572/4572 4519/4519
f 4572/4572 4586/4586 4218/4218
f 4585/4585 4518/4518 4586/4586
f 4517/4517 4518/4518 4585/4585
f 4517/4517 4586/4586 4518/4518
f 314/314 4218/4218 4586/4586
f 4218/4218 314/314 563/563
f 71/71 191/191 4041/4041
f 4386/4386 4296/4296 4297/4297
f 4444/4444 4386/4386 4297/4297
f 4298/4298 4296/4296 191/191
f 394/394 563/563 596/596
f 4733/4733 4799/4799 4875/4875
f 4800/4800 4799/4799 4733/4733
f 4875/4875 4799/4799 4800/4800
f 4221/4221 4800/4800 4875/4875
f 4802/4802 4875/4875 4800/4800
f 4221/4221 4802/4802 4800/4800
f 4732/4732 4875/4875 4802/4802
f 4802/4802 4221/4221 4732/4732
f 4732/4732 4221/4221 4730/4730
f 413/413 236/236 4875/4875
f 4044/4044 236/236 413/413
f 236/236 657/657 4221/4221
f 657/657 236/236 4044/4044
f 657/657 4044/4044 4221/4221
f 653/653 649/649 701/701
f 657/657 649/649 653/653
f 701/701 657/657 653/653
f 4693/4693 4044/4044 5389/5389
f 4739/4739 4691/4691 4693/4693
f 4692/4692 4693/4693 4691/4691
f 4739/4739 4692/4692 4691/4691
f 4044/4044 4693/4693 4089/4089
f 5389/5389 4089/4089 4693/4693
f 5389/5389 4828/4828 4979/4979
f 4937/4937 4979/4979 4828/4828
f 4898/4898 4938/4938 4829/4829
f 4833/4833 4898/4898 4829/4829
f 4833/4833 4938/4938 4898/4898
f 4833/4833 4959/4959 4937/4937
f 4959/4959 4833/4833 4980/4980
f 4592/4592 4980/4980 4833/4833
f 5391/5391 4980/4980 4592/4592
f 4980/4980 5391/5391 5303/5303
f 4157/4157 5391/5391 4592/4592
f 5036/5036 5025/5025 4087/4087
f 5171/5171 5036/5036 5213/5213
f 5213/5213 5219/5219 5171/5171
f 5225/5225 5171/5171 5219/5219
f 5213/5213 5225/5225 5219/5219
f 5025/5025 5036/5036 5171/5171
f 5385/5385 5025/5025 5171/5171
f 5213/5213 5385/5385 5171/5171
f 5191/5191 5385/5385 264/264
f 5385/5385 4939/4939 264/264
f 4936/4936 264/264 4939/4939
f 4932/4932 264/264 4936/4936
f 4831/4831 4932/4932 4936/4936
f 5452/5452 264/264 4932/4932
f 5452/5452 4932/4932 4939/4939
f 4933/4933 4932/4932 4831/4831
f 4936/4936 4933/4933 4831/4831
f 510/510 564/564 453/453
f 384/384 564/564 510/510
f 384/384 510/510 453/453
f 383/383 384/384 453/453
f 72/72 502/502 4637/4637
f 4050/4050 72/72 4083/4083
f 11/11 72/72 4050/4050
f 4083/4083 11/11 4050/4050
f 5039/5039 11/11 72/72
f 4663/4663 4637/4637 5187/5187
f 5039/5039 72/72 4637/4637
f 11/11 5039/5039 502/502
f 72/72 11/11 502/502
f 4891/4891 4965/4965 4817/4817
f 4819/4819 4965/4965 4785/4785
f 4891/4891 4817/4817 4819/4819
f 4819/4819 4965/4965 4891/4891
f 4967/4967 4926/4926 4819/4819
f 4967/4967 5060/5060 4926/4926
f 5060/5060 4819/4819 4926/4926
f 4965/4965 4819/4819 5120/5120
f 5060/5060 5120/5120 4819/4819
f 5063/5063 4967/4967 5008/5008
f 4924/4924 5063/5063 5008/5008
f 5060/5060 5256/5256 5120/5120
f 4967/4967 4924/4924 5008/5008
f 4968/4968 4924/4924 4967/4967
f 4968/4968 4820/4820 4924/4924
f 4820/4820 4968/4968 4967/4967
f 4924/4924 4820/4820 4782/4782
f 5450/5450 5451/5451 5120/5120
f 5388/5388 5120/5120 5451/5451
f 5422/5422 5450/5450 5451/5451
f 5402/5402 5422/5422 5451/5451
f 5450/5450 5422/5422 5402/5402
f 5450/5450 5388/5388 5451/5451
f 5120/5120 5256/5256 5450/5450
f 4924/4924 5256/5256 5060/5060
f 733/733 402/402 267/267
f 267/267 5249/5249 4782/4782
f 267/267 310/310 5249/5249
f 402/402 341/341 312/312
f 381/381 312/312 382/382
f 342/342 381/381 382/382
f 5249/5249 402/402 116/116
f 163/163 250/250 252/252
f 250/250 163/163 170/170
f 523/523 322/322 771/771
f 569/569 523/523 771/771
f 644/644 523/523 569/569
f 322/322 523/523 639/639
f 568/568 639/639 644/644
f 642/642 568/568 644/644
f 639/639 568/568 642/642
f 733/733 267/267 700/700
f 267/267 322/322 639/639
f 4782/4782 322/322 267/267
f 4785/4785 322/322 4782/4782
f 4785/4785 5184/5184 518/518
f 771/771 518/518 786/786
f 5181/5181 5182/5182 5388/5388
f 5342/5342 5181/5181 5388/5388
f 5182/5182 5216/5216 5180/5180
f 5181/5181 5182/5182 5180/5180
f 5181/5181 5180/5180 5216/5216
f 5184/5184 5182/5182 5181/5181
f 5388/5388 5184/5184 5120/5120
f 5181/5181 5342/5342 5184/5184
f 5342/5342 4895/4895 5184/5184
f 4935/4935 4895/4895 5342/5342
f 687/687 786/786 404/404
f 633/633 687/687 562/562
f 404/404 560/560 687/687
f 560/560 687/687 633/633
f 562/562 560/560 633/633
f 71/71 4218/4218 394/394
f 4218/4218 563/563 394/394
f 4790/4790 4727/4727 4834/4834
f 4789/4789 4727/4727 4790/4790
f 4789/4789 4790/4790 4834/4834
f 4789/4789 4157/4157 4727/4727
f 4788/4788 4789/4789 4830/4830
f 4157/4157 4789/4789 4845/4845
f 4845/4845 4788/4788 4830/4830
f 4789/4789 4788/4788 4845/4845
f 309/309 4157/4157 4845/4845
f 5401/5401 5033/5033 5399/5399
f 5401/5401 5399/5399 5423/5423
f 5399/5399 5033/5033 5398/5398
f 4980/4980 5398/5398 4959/4959
f 5299/5299 4937/4937 4959/4959
f 4959/4959 5329/5329 5188/5188
f 5188/5188 5128/5128 4959/4959
f 4959/4959 5128/5128 5299/5299
f 5217/5217 5128/5128 5188/5188
f 5265/5265 5128/5128 5217/5217
f 5188/5188 5265/5265 5217/5217
f 5329/5329 5128/5128 5188/5188
f 5393/5393 5392/5392 5410/5410
f 5409/5409 5410/5410 5392/5392
f 5393/5393 5410/5410 5409/5409
f 309/309 611/611 5443/5443
f 619/619 679/679 724/724
f 4221/4221 679/679 619/619
f 724/724 619/619 620/620
f 724/724 4221/4221 619/619
f 553/553 620/620 619/619
f 724/724 620/620 553/553
f 309/309 724/724 679/679
f 4221/4221 724/724 309/309
f 567/567 638/638 558/558
f 558/558 261/261 465/465
f 509/509 261/261 558/558
f 465/465 337/337 133/133
f 465/465 133/133 264/264
f 5452/5452 463/463 264/264
f 4939/4939 5385/5385 5452/5452
f 463/463 465/465 264/264
f 463/463 513/513 558/558
f 567/567 558/558 513/513
f 638/638 567/567 513/513
f 5213/5213 5036/5036 5385/5385
f 837/837 699/699 646/646
f 4896/4896 4827/4827 4835/4835
f 4835/4835 4827/4827 4900/4900
f 4896/4896 4835/4835 4900/4900
f 4896/4896 4827/4827 463/463
f 463/463 4827/4827 4611/4611
f 4611/4611 4827/4827 4896/4896
f 4896/4896 5452/5452 4611/4611
f 5452/5452 4897/4897 4611/4611
f 4825/4825 383/383 453/453
f 4897/4897 4825/4825 4611/4611
f 4784/4784 4825/4825 4897/4897
f 4784/4784 4660/4660 4825/4825
f 4784/4784 4718/4718 4660/4660
f 4783/4783 4660/4660 4718/4718
f 4783/4783 4718/4718 4784/4784
f 4897/4897 4823/4823 4784/4784
f 4823/4823 4825/4825 4660/4660
f 4823/4823 4897/4897 4825/4825
f 4897/4897 383/383 4825/4825
f 476/476 4928/4928 555/555
f 4928/4928 5107/5107 5007/5007
f 4971/4971 4970/4970 5007/5007
f 555/555 4970/4970 4971/4971
f 5007/5007 4970/4970 555/555
f 4928/4928 5007/5007 555/555
f 4712/4712 4779/4779 4651/4651
f 4712/4712 4651/4651 4781/4781
f 4781/4781 4779/4779 4712/4712
f 4637/4637 4663/4663 4781/4781
f 5354/5354 4663/4663 5226/5226
f 5267/5267 5354/5354 5226/5226
f 5333/5333 5354/5354 5267/5267
f 5226/5226 5333/5333 5267/5267
f 5333/5333 5226/5226 5344/5344
f 5356/5356 5344/5344 5226/5226
f 5226/5226 5270/5270 5269/5269
f 5229/5229 5269/5269 5270/5270
f 5226/5226 5229/5229 5270/5270
f 5187/5187 5356/5356 5229/5229
f 5226/5226 4663/4663 5229/5229
f 5187/5187 5229/5229 4663/4663
f 4663/4663 5039/5039 4781/4781
f 4663/4663 5354/5354 5039/5039
f 5306/5306 5354/5354 5333/5333
f 5300/5300 5354/5354 5344/5344
f 5300/5300 5039/5039 5354/5354
f 4738/4738 5212/5212 5344/5344
f 5300/5300 5344/5344 5212/5212
f 827/827 507/507 689/689
f 827/827 689/689 774/774
f 828/828 827/827 774/774
f 689/689 828/828 774/774
f 507/507 827/827 795/795
f 5039/5039 4637/4637 4781/4781
f 5212/5212 5039/5039 5300/5300
f 5177/5177 5119/5119 5212/5212
f 5211/5211 5177/5177 5212/5212
f 5211/5211 5119/5119 5177/5177
f 4738/4738 5210/5210 5212/5212
f 5176/5176 5212/5212 5211/5211
f 5174/5174 5176/5176 5211/5211
f 5212/5212 5176/5176 5174/5174
f 5249/5249 5212/5212 5174/5174
f 5039/5039 5212/5212 5249/5249
f 5174/5174 5210/5210 5249/5249
f 5210/5210 4738/4738 5249/5249
f 5383/5383 5154/5154 507/507
f 5358/5358 5369/5369 5383/5383
f 5384/5384 5383/5383 5369/5369
f 5358/5358 5384/5384 5369/5369
f 5448/5448 5154/5154 5383/5383
f 5448/5448 5407/5407 5154/5154
f 5407/5407 5431/5431 5154/5154
f 5457/5457 5407/5407 5448/5448
f 5249/5249 5154/5154 5431/5431
f 5432/5432 5407/5407 5457/5457
f 5459/5459 5432/5432 5457/5457
f 5459/5459 5407/5407 5432/5432
f 5458/5458 5459/5459 5457/5457
f 5358/5358 5448/5448 5383/5383
f 5373/5373 5448/5448 5358/5358
f 5370/5370 5373/5373 5358/5358
f 5361/5361 5370/5370 5358/5358
f 5361/5361 5373/5373 5370/5370
f 5448/5448 5373/5373 5405/5405
f 5405/5405 5373/5373 5383/5383
f 507/507 5405/5405 5383/5383
f 120/120 507/507 610/610
f 795/795 780/780 889/889
f 831/831 780/780 507/507
f 889/889 780/780 831/831
f 830/830 889/889 831/831
f 778/778 830/830 831/831
f 889/889 830/830 778/778
f 889/889 831/831 507/507
f 795/795 889/889 507/507
f 5249/5249 116/116 5039/5039
f 4924/4924 4782/4782 5249/5249
f 5256/5256 5003/5003 5249/5249
f 5346/5346 5334/5334 5336/5336
f 5337/5337 5346/5346 5336/5336
f 5334/5334 5346/5346 5337/5337
f 5249/5249 5431/5431 5337/5337
f 5458/5458 5431/5431 5407/5407
f 5457/5457 5405/5405 5458/5458
f 5448/5448 5405/5405 5457/5457
f 5431/5431 5458/5458 5405/5405
f 5003/5003 5256/5256 4924/4924
f 4892/4892 5003/5003 4924/4924
f 5337/5337 5256/5256 5249/5249
f 5256/5256 5337/5337 5405/5405
f 5337/5337 5431/5431 5405/5405
f 4934/4934 4894/4894 4935/4935
f 4975/4975 4894/4894 4934/4934
f 4975/4975 4934/4934 4935/4935
f 404/404 5184/5184 4895/4895
f 404/404 518/518 5184/5184
f 4895/4895 4836/4836 404/404
f 4848/4848 404/404 4836/4836
f 4837/4837 4848/4848 4836/4836
f 4837/4837 4836/4836 4944/4944
f 4848/4848 4837/4837 4944/4944
f 4844/4844 4793/4793 4944/4944
f 4945/4945 4844/4844 4944/4944
f 4846/4846 4848/4848 4945/4945
f 4844/4844 4945/4945 4793/4793
f 4946/4946 4848/4848 4846/4846
f 404/404 4848/4848 4946/4946
f 4946/4946 4846/4846 4945/4945
f 4975/4975 5215/5215 4836/4836
f 4935/4935 5215/5215 4975/4975
f 5342/5342 5215/5215 4935/4935
f 5342/5342 5435/5435 5215/5215
f 5435/5435 5124/5124 5215/5215
f 5124/5124 5435/5435 5218/5218
f 5218/5218 5435/5435 4948/4948
f 5124/5124 4948/4948 5215/5215
f 4948/4948 5124/5124 5218/5218
f 5220/5220 5124/5124 5218/5218
f 5221/5221 5124/5124 5220/5220
f 5221/5221 5220/5220 5218/5218
f 5215/5215 4946/4946 4836/4836
f 4948/4948 4946/4946 5215/5215
f 4948/4948 404/404 4946/4946
f 404/404 4948/4948 5258/5258
f 5435/5435 5258/5258 4948/4948
f 5258/5258 5435/5435 4989/4989
f 5320/5320 4989/4989 5198/5198
f 5258/5258 4989/4989 5320/5320
f 5289/5289 5320/5320 5288/5288
f 5195/5195 5289/5289 5288/5288
f 5320/5320 5195/5195 5288/5288
f 5238/5238 5289/5289 5287/5287
f 5287/5287 5289/5289 5111/5111
f 5162/5162 5160/5160 5161/5161
f 5162/5162 5111/5111 5160/5160
f 5161/5161 5111/5111 5162/5162
f 5113/5113 5163/5163 5161/5161
f 5112/5112 5161/5161 5163/5163
f 5112/5112 5163/5163 5113/5113
f 5095/5095 4033/4033 5111/5111
f 5111/5111 4033/4033 5238/5238
f 5238/5238 4033/4033 5258/5258
f 5155/5155 5258/5258 4033/4033
f 5051/5051 5155/5155 4033/4033
f 5093/5093 5051/5051 5155/5155
f 5034/5034 5093/5093 5155/5155
f 5034/5034 5051/5051 5093/5093
f 5238/5238 5258/5258 5320/5320
f 5287/5287 5111/5111 5238/5238
f 5285/5285 5258/5258 5051/5051
f 5155/5155 5051/5051 5258/5258
f 4880/4880 5285/5285 4033/4033
f 5285/5285 4880/4880 4741/4741
f 4741/4741 4880/4880 4033/4033
f 4035/4035 4034/4034 117/117
f 119/119 117/117 4034/4034
f 119/119 4035/4035 117/117
f 119/119 403/403 4035/4035
f 119/119 875/875 403/403
f 142/142 119/119 118/118
f 4153/4153 875/875 119/119
f 142/142 4153/4153 119/119
f 4153/4153 142/142 118/118
f 4033/4033 4153/4153 4035/4035
f 5258/5258 4981/4981 404/404
f 4840/4840 4981/4981 4636/4636
f 4634/4634 4840/4840 4636/4636
f 4728/4728 4655/4655 4903/4903
f 4634/4634 4655/4655 4728/4728
f 4634/4634 4728/4728 4903/4903
f 4903/4903 4840/4840 4634/4634
f 729/729 404/404 728/728
f 684/684 729/729 731/731
f 626/626 729/729 684/684
f 554/554 626/626 684/684
f 559/559 684/684 731/731
f 556/556 554/554 684/684
f 627/627 684/684 559/559
f 556/556 684/684 627/627
f 685/685 559/559 734/734
f 738/738 685/685 734/734
f 557/557 556/556 627/627
f 559/559 557/557 627/627
f 559/559 685/685 738/738
f 404/404 559/559 560/560
f 626/626 554/554 729/729
f 404/404 729/729 559/559
f 4840/4840 404/404 4981/4981
f 4840/4840 5381/5381 4942/4942
f 4903/4903 5381/5381 4840/4840
f 4636/4636 4729/4729 4903/4903
f 4903/4903 4729/4729 4981/4981
f 4981/4981 4729/4729 4636/4636
f 5381/5381 4903/4903 4981/4981
f 5166/5166 5322/5322 5200/5200
f 330/330 5242/5242 5166/5166
f 330/330 5166/5166 5167/5167
f 5200/5200 5199/5199 5166/5166
f 5168/5168 5167/5167 5199/5199
f 5200/5200 5322/5322 5199/5199
f 5196/5196 5167/5167 5168/5168
f 5199/5199 5196/5196 5168/5168
f 330/330 5167/5167 5196/5196
f 5196/5196 5281/5281 330/330
f 5194/5194 5196/5196 5158/5158
f 5109/5109 5194/5194 5157/5157
f 5156/5156 5157/5157 5194/5194
f 5109/5109 5157/5157 5156/5156
f 5290/5290 5158/5158 5196/5196
f 5291/5291 5290/5290 5196/5196
f 5318/5318 5158/5158 5290/5290
f 5196/5196 5165/5165 5291/5291
f 5165/5165 5290/5290 5291/5291
f 5243/5243 5165/5165 5199/5199
f 5322/5322 5243/5243 5199/5199
f 5323/5323 5243/5243 5322/5322
f 5165/5165 5243/5243 5323/5323
f 5381/5381 5318/5318 5166/5166
f 404/404 4840/4840 728/728
f 4977/4977 5041/5041 4942/4942
f 5381/5381 5041/5041 4977/4977
f 4977/4977 4942/4942 4941/4941
f 4941/4941 4942/4942 4940/4940
f 4977/4977 4941/4941 4940/4940
f 4942/4942 5041/5041 4840/4840
f 4977/4977 4942/4942 5381/5381
f 5242/5242 5381/5381 5166/5166
f 5156/5156 5281/5281 5196/5196
f 5194/5194 5193/5193 5156/5156
f 5193/5193 5317/5317 5156/5156
f 5317/5317 5193/5193 5194/5194
f 5286/5286 5317/5317 5194/5194
f 5318/5318 5286/5286 5194/5194
f 5318/5318 5317/5317 5286/5286
f 5237/5237 5317/5317 5284/5284
f 5314/5314 5284/5284 5317/5317
f 5314/5314 5237/5237 5284/5284
f 5156/5156 5317/5317 5281/5281
f 5281/5281 5317/5317 5236/5236
f 5314/5314 5283/5283 5237/5237
f 5237/5237 5283/5283 5236/5236
f 5236/5236 5283/5283 5314/5314
f 403/403 330/330 186/186
f 5285/5285 5281/5281 5258/5258
f 5281/5281 5285/5285 4741/4741
f 4033/4033 5281/5281 4741/4741
f 4882/4882 4880/4880 4881/4881
f 4741/4741 4882/4882 4881/4881
f 4741/4741 4880/4880 4882/4882
f 5125/5125 4981/4981 5258/5258
f 5183/5183 5125/5125 5223/5223
f 5222/5222 5125/5125 5183/5183
f 5223/5223 5222/5222 5183/5183
f 4981/4981 5125/5125 5381/5381
f 5381/5381 5125/5125 5258/5258
f 5381/5381 5258/5258 5313/5313
f 5258/5258 5281/5281 5313/5313
f 641/641 728/728 580/580
f 697/697 756/756 641/641
f 697/697 641/641 648/648
f 648/648 756/756 697/697
f 648/648 641/641 580/580
f 762/762 648/648 580/580
f 643/643 762/762 580/580
f 580/580 527/527 643/643
f 527/527 580/580 530/530
f 527/527 530/530 528/528
f 526/526 527/527 528/528
f 530/530 526/526 528/528
f 643/643 527/527 479/479
f 483/483 479/479 527/527
f 696/696 643/643 479/479
f 696/696 762/762 643/643
f 195/195 196/196 696/696
f 479/479 195/195 696/696
f 277/277 195/195 479/479
f 4349/4349 479/479 483/483
f 277/277 479/479 4349/4349
f 196/196 195/195 277/277
f 277/277 4349/4349 155/155
f 4840/4840 4349/4349 580/580
f 5179/5179 4840/4840 5041/5041
f 4349/4349 4840/4840 5179/5179
f 4349/4349 5179/5179 155/155
f 5408/5408 155/155 5179/5179
f 5381/5381 5242/5242 5324/5324
f 5345/5345 5381/5381 5324/5324
f 5204/5204 5324/5324 5242/5242
f 330/330 5204/5204 5242/5242
f 5041/5041 5381/5381 5345/5345
f 5179/5179 5041/5041 5406/5406
f 5041/5041 5430/5430 5406/5406
f 5345/5345 5430/5430 5041/5041
f 5430/5430 5179/5179 5406/5406
f 5406/5406 5430/5430 5433/5433
f 5464/5464 5406/5406 5433/5433
f 5464/5464 5433/5433 5430/5430
f 5390/5390 5179/5179 5430/5430
f 5408/5408 5179/5179 5442/5442
f 5390/5390 5442/5442 5179/5179
f 5390/5390 5441/5441 5442/5442
f 5437/5437 5441/5441 5390/5390
f 5437/5437 5442/5442 5441/5441
f 5345/5345 5442/5442 5430/5430
f 5408/5408 5442/5442 5345/5345
f 5292/5292 5408/5408 5345/5345
f 5292/5292 5345/5345 5324/5324
f 5324/5324 5204/5204 5203/5203
f 4393/4393 4299/4299 4516/4516
f 4604/4604 4299/4299 4393/4393
f 4525/4525 4393/4393 4516/4516
f 4448/4448 4525/4525 4516/4516
f 4526/4526 4448/4448 4516/4516
f 4525/4525 4448/4448 4526/4526
f 4604/4604 4525/4525 5463/5463
f 4393/4393 4525/4525 4604/4604
f 4604/4604 5463/5463 4814/4814
f 4285/4285 4299/4299 4604/4604
f 4562/4562 4285/4285 4604/4604
f 4966/4966 4604/4604 4814/4814
f 4582/4582 4142/4142 4974/4974
f 4929/4929 4582/4582 4974/4974
f 5010/5010 4969/4969 4929/4929
f 5001/5001 4969/4969 5010/5010
f 4929/4929 4969/4969 5001/5001
f 4582/4582 4929/4929 5001/5001
f 5001/5001 5038/5038 4582/4582
f 4998/4998 5038/5038 5001/5001
f 5040/5040 4998/4998 5001/5001
f 5038/5038 4998/4998 5040/5040
f 4913/4913 4582/4582 5038/5038
f 4913/4913 1106/1106 4582/4582
f 4582/4582 924/924 4142/4142
f 4731/4731 309/309 4845/4845
f 4794/4794 4731/4731 4843/4843
f 4850/4850 4794/4794 4843/4843
f 4850/4850 4731/4731 4794/4794
f 4730/4730 4731/4731 4850/4850
f 309/309 4731/4731 4730/4730
f 4875/4875 4730/4730 4850/4850
f 4730/4730 4875/4875 4732/4732
f 309/309 4730/4730 4221/4221
f 4819/4819 4785/4785 4782/4782
f 4820/4820 4819/4819 4782/4782
f 4582/4582 4370/4370 924/924
f 4428/4428 4370/4370 4582/4582
f 4402/4402 4370/4370 4428/4428
f 4427/4427 4370/4370 4402/4402
f 924/924 4370/4370 4363/4363
f 4428/4428 4427/4427 4402/4402
f 4582/4582 4363/4363 4428/4428
f 1106/1106 924/924 4363/4363
f 4582/4582 1106/1106 4363/4363
f 4727/4727 4157/4157 4592/4592
f 5003/5003 4924/4924 5249/5249
f 4892/4892 4815/4815 5003/5003
f 4924/4924 4815/4815 4892/4892
f 4573/4573 4508/4508 4576/4576
f 4503/4503 4508/4508 4573/4573
f 4576/4576 4503/4503 4573/4573
f 4576/4576 4508/4508 4821/4821
f 4566/4566 4576/4576 4821/4821
f 5214/5214 4904/4904 4821/4821
f 4904/4904 5214/5214 4906/4906
f 4902/4902 4906/4906 5214/5214
f 4906/4906 4902/4902 4931/4931
f 4822/4822 4906/4906 4931/4931
f 4822/4822 4931/4931 4902/4902
f 4930/4930 4901/4901 4902/4902
f 4905/4905 4901/4901 4930/4930
f 4905/4905 4930/4930 4902/4902
f 4722/4722 4905/4905 4902/4902
f 4722/4722 4902/4902 4787/4787
f 4787/4787 4902/4902 5214/5214
f 4722/4722 4566/4566 4821/4821
f 4821/4821 4904/4904 4822/4822
f 5074/5074 4579/4579 4787/4787
f 4976/4976 5074/5074 4787/4787
f 5015/5015 5012/5012 5074/5074
f 5304/5304 5074/5074 5403/5403
f 5110/5110 5304/5304 5214/5214
f 5403/5403 5404/5404 5304/5304
f 5404/5404 5425/5425 5304/5304
f 5425/5425 5404/5404 5426/5426
f 5304/5304 5425/5425 5426/5426
f 4976/4976 5403/5403 5074/5074
f 5214/5214 5403/5403 4976/4976
f 5015/5015 4976/4976 5012/5012
f 5074/5074 4976/4976 5015/5015
f 4787/4787 5214/5214 4976/4976
f 5214/5214 5404/5404 5403/5403
f 5214/5214 5304/5304 5404/5404
f 4910/4910 5214/5214 4821/4821
f 6009/6009 6029/6029 5810/5810
f 5812/5812 5810/5810 5742/5742
f 5746/5746 5812/5812 5742/5742
f 5749/5749 5711/5711 5654/5654
f 5838/5838 5711/5711 5749/5749
f 5838/5838 5749/5749 5654/5654
f 5592/5592 5681/5681 5653/5653
f 6090/6090 5081/5081 4628/4628
f 4862/4862 4621/4621 4704/4704
f 5019/5019 4621/4621 4862/4862
f 5019/5019 4862/4862 4704/4704
f 5679/5679 6090/6090 4628/4628
f 5019/5019 4704/4704 4762/4762
f 5019/5019 4762/4762 5134/5134
f 5134/5134 4762/4762 5901/5901
f 4704/4704 4798/4798 4762/4762
f 4711/4711 4798/4798 4704/4704
f 4643/4643 4711/4711 4704/4704
f 4798/4798 4711/4711 4643/4643
f 4762/4762 4798/4798 4927/4927
f 4791/4791 4992/4992 4750/4750
f 4791/4791 4750/4750 4985/4985
f 4985/4985 4992/4992 4791/4791
f 4992/4992 4985/4985 5566/5566
f 4992/4992 5566/5566 5901/5901
f 4762/4762 4927/4927 4992/4992
f 5901/5901 4762/4762 4992/4992
f 7216/7216 7227/7227 7226/7226
f 7239/7239 7227/7227 7216/7216
f 7238/7238 7227/7227 7239/7239
f 7230/7230 7226/7226 7227/7227
f 7240/7240 7238/7238 7239/7239
f 7227/7227 7238/7238 7299/7299
f 7299/7299 7238/7238 7240/7240
f 7227/7227 7299/7299 7230/7230
f 7248/7248 7251/7251 7240/7240
f 7250/7250 7248/7248 7240/7240
f 7251/7251 7248/7248 7250/7250
f 7299/7299 7290/7290 7261/7261
f 7230/7230 7299/7299 7261/7261
f 7290/7290 7303/7303 7261/7261
f 7309/7309 7261/7261 7303/7303
f 7303/7303 7363/7363 7322/7322
f 7317/7317 7303/7303 7322/7322
f 7315/7315 7314/7314 7322/7322
f 7317/7317 7314/7314 7315/7315
f 7322/7322 7317/7317 7315/7315
f 7303/7303 7371/7371 7363/7363
f 7290/7290 7371/7371 7303/7303
f 7371/7371 7290/7290 7333/7333
f 7371/7371 7309/7309 7363/7363
f 7374/7374 7279/7279 7309/7309
f 7317/7317 7309/7309 7303/7303
f 7309/7309 7317/7317 7363/7363
f 2133/2133 2062/2062 2130/2130
f 71/71 394/394 191/191
f 453/453 4611/4611 4825/4825
f 513/513 4611/4611 453/453
f 265/265 4637/4637 502/502
f 116/116 307/307 5039/5039
f 341/341 730/730 307/307
f 580/580 728/728 4840/4840
f 148/148 389/389 127/127
f 480/480 481/481 421/421
f 577/577 481/481 480/480
f 576/576 525/525 480/480
f 421/421 577/577 480/480
f 935/935 577/577 421/421
f 525/525 576/576 577/577
f 480/480 525/525 577/577
f 481/481 577/577 935/935
f 481/481 935/935 148/148
f 421/421 148/148 127/127
f 148/148 421/421 481/481
f 5443/5443 5033/5033 4157/4157
f 573/573 1106/1106 869/869
f 130/130 5/5 394/394
f 130/130 131/131 83/83
f 80/80 83/83 131/131
f 130/130 80/80 131/131
f 4/4 80/80 48/48
f 48/48 130/130 394/394
f 80/80 130/130 48/48
f 48/48 6/6 4/4
f 80/80 4/4 56/56
f 86/86 80/80 56/56
f 191/191 4/4 6/6
f 5/5 4/4 191/191
f 6/6 4298/4298 191/191
f 56/56 4/4 86/86
f 87/87 86/86 5/5
f 132/132 86/86 87/87
f 5/5 132/132 87/87
f 394/394 5/5 191/191
f 705/705 695/695 48/48
f 596/596 705/705 48/48
f 596/596 48/48 394/394
f 585/585 705/705 596/596
f 640/640 705/705 584/584
f 585/585 705/705 640/640
f 585/585 640/640 584/584
f 4757/4757 4910/4910 4508/4508
f 5338/5338 5214/5214 4910/4910
f 5282/5282 5029/5029 5214/5214
f 5278/5278 5234/5234 5282/5282
f 5152/5152 5282/5282 5234/5234
f 5029/5029 5282/5282 5152/5152
f 5152/5152 5234/5234 5278/5278
f 4821/4821 4508/4508 4910/4910
f 4787/4787 4566/4566 4722/4722
f 4579/4579 4566/4566 4787/4787
f 4562/4562 4721/4721 4650/4650
f 4720/4720 4650/4650 4721/4721
f 4562/4562 4604/4604 4966/4966
f 4822/4822 4722/4722 4821/4821
f 4822/4822 4905/4905 4722/4722
f 4902/4902 4905/4905 4822/4822
f 4897/4897 4237/4237 383/383
f 4721/4721 4909/4909 4720/4720
f 4909/4909 4721/4721 4966/4966
f 4909/4909 4716/4716 4719/4719
f 4714/4714 4719/4719 4716/4716
f 4909/4909 4714/4714 4716/4716
f 4721/4721 4562/4562 4966/4966
f 5173/5173 4909/4909 4966/4966
f 4714/4714 4909/4909 5173/5173
f 4816/4816 4714/4714 5173/5173
f 5455/5455 5428/5428 4814/4814
f 5460/5460 5455/5455 5434/5434
f 5462/5462 5460/5460 5434/5434
f 5455/5455 5462/5462 5434/5434
f 5463/5463 5455/5455 4814/4814
f 236/236 4221/4221 4875/4875
f 487/487 5191/5191 662/662
f 659/659 591/591 587/587
f 662/662 591/591 659/659
f 587/587 591/591 662/662
f 5191/5191 587/587 662/662
f 587/587 5191/5191 654/654
f 583/583 654/654 655/655
f 532/532 583/583 655/655
f 583/583 532/532 654/654
f 4849/4849 4828/4828 4908/4908
f 4907/4907 4849/4849 4908/4908
f 4907/4907 4908/4908 4828/4828
f 4907/4907 4828/4828 5389/5389
f 4960/4960 4907/4907 5389/5389
f 5044/5044 4988/4988 4960/4960
f 5387/5387 4988/4988 5044/5044
f 4960/4960 5387/5387 5044/5044
f 5417/5417 5387/5387 5397/5397
f 5397/5397 5387/5387 5389/5389
f 5387/5387 4960/4960 5389/5389
f 463/463 5452/5452 4896/4896
f 5396/5396 5264/5264 5438/5438
f 5327/5327 5264/5264 5396/5396
f 5264/5264 5327/5327 5379/5379
f 5340/5340 5264/5264 5379/5379
f 5264/5264 5340/5340 5235/5235
f 5235/5235 5340/5340 5319/5319
f 5315/5315 5319/5319 5340/5340
f 5315/5315 5235/5235 5319/5319
f 5340/5340 5379/5379 5100/5100
f 5235/5235 5340/5340 5100/5100
f 5264/5264 5235/5235 5100/5100
f 5173/5173 5100/5100 4816/4816
f 5100/5100 5173/5173 5264/5264
f 5962/5962 6014/6014 5863/5863
f 5602/5602 6014/6014 5046/5046
f 5640/5640 6014/6014 5602/5602
f 5627/5627 5633/5633 5602/5602
f 5633/5633 5640/5640 5602/5602
f 5627/5627 5640/5640 5633/5633
f 7231/7231 6939/6939 7233/7233
f 7233/7233 6939/6939 7276/7276
f 7244/7244 7232/7232 7233/7233
f 7267/7267 7244/7244 7233/7233
f 7232/7232 7244/7244 7267/7267
f 7275/7275 7276/7276 7311/7311
f 7233/7233 7276/7276 7275/7275
f 7232/7232 7275/7275 7243/7243
f 7231/7231 7243/7243 7275/7275
f 7231/7231 7232/7232 7243/7243
f 3489/3489 3245/3245 3603/3603
f 3450/3450 3470/3470 3448/3448
f 3245/3245 3450/3450 3448/3448
f 3245/3245 3470/3470 3450/3450
f 2323/2323 3603/3603 3470/3470
f 2323/2323 3470/3470 3245/3245
f 3245/3245 3347/3347 2323/2323
f 511/511 575/575 389/389
f 511/511 418/418 575/575
f 5094/5094 5456/5456 148/148
f 5326/5326 5456/5456 5094/5094
f 333/333 257/257 4736/4736
f 916/916 861/861 915/915
f 858/858 916/916 915/915
f 861/861 916/916 858/858
f 575/575 858/858 861/861
f 899/899 861/861 858/858
f 859/859 861/861 899/899
f 859/859 899/899 858/858
f 575/575 859/859 858/858
f 575/575 881/881 859/859
f 862/862 859/859 900/900
f 333/333 861/861 918/918
f 918/918 862/862 900/900
f 859/859 918/918 900/900
f 881/881 918/918 859/859
f 333/333 918/918 881/881
f 881/881 575/575 437/437
f 297/297 881/881 437/437
f 297/297 333/333 881/881
f 208/208 255/255 113/113
f 257/257 255/255 208/208
f 113/113 257/257 208/208
f 4736/4736 257/257 113/113
f 5326/5326 4736/4736 113/113
f 297/297 257/257 333/333
f 463/463 558/558 465/465
f 5309/5309 5341/5341 5279/5279
f 5280/5280 5309/5309 5279/5279
f 5341/5341 5280/5280 5279/5279
f 5228/5228 5126/5126 4980/4980
f 5126/5126 5398/5398 4980/4980
f 4980/4980 5186/5186 5228/5228
f 5186/5186 5185/5185 5228/5228
f 5227/5227 5185/5185 5186/5186
f 5228/5228 5185/5185 5227/5227
f 5186/5186 5126/5126 5228/5228
f 4980/4980 5307/5307 5186/5186
f 5126/5126 5186/5186 5307/5307
f 5307/5307 4980/4980 5302/5302
f 5303/5303 5302/5302 4980/4980
f 5332/5332 5307/5307 5302/5302
f 5305/5305 5332/5332 5302/5302
f 5331/5331 5305/5305 5302/5302
f 5332/5332 5305/5305 5331/5331
f 5303/5303 5307/5307 5332/5332
f 5307/5307 5303/5303 5391/5391
f 5398/5398 5307/5307 5391/5391
f 5398/5398 5126/5126 5307/5307
f 5398/5398 5401/5401 5399/5399
f 5423/5423 5399/5399 5400/5400
f 5401/5401 5423/5423 5400/5400
f 5391/5391 5401/5401 5398/5398
f 5033/5033 5401/5401 5391/5391
f 4157/4157 5033/5033 5391/5391
f 4979/4979 4937/4937 5299/5299
f 5025/5025 5191/5191 4046/4046
f 4608/4608 504/504 4229/4229
f 4608/4608 4523/4523 504/504
f 463/463 4611/4611 513/513
f 341/341 116/116 312/312
f 402/402 312/312 116/116
f 310/310 267/267 402/402
f 402/402 340/340 310/310
f 518/518 404/404 786/786
f 935/935 421/421 575/575
f 127/127 575/575 421/421
f 389/389 575/575 127/127
f 5409/5409 5393/5393 5398/5398
f 5409/5409 5398/5398 5033/5033
f 5409/5409 5033/5033 5393/5393
f 5299/5299 5128/5128 5329/5329
f 5393/5393 5329/5329 5398/5398
f 5033/5033 5329/5329 5393/5393
f 5246/5246 5251/5251 5209/5209
f 5301/5301 5246/5246 5209/5209
f 5251/5251 5246/5246 5301/5301
f 5299/5299 5301/5301 4979/4979
f 5299/5299 5424/5424 5389/5389
f 5389/5389 4979/4979 5301/5301
f 5299/5299 5389/5389 5301/5301
f 4089/4089 309/309 4044/4044
f 5443/5443 376/376 4089/4089
f 545/545 376/376 5443/5443
f 545/545 5443/5443 611/611
f 376/376 545/545 520/520
f 546/546 520/520 545/545
f 376/376 520/520 546/546
f 4089/4089 376/376 611/611
f 4089/4089 611/611 309/309
f 4227/4227 4159/4159 5107/5107
f 5107/5107 4159/4159 514/514
f 4228/4228 4158/4158 4159/4159
f 4227/4227 4228/4228 4159/4159
f 4158/4158 4228/4228 4227/4227
f 5173/5173 4966/4966 5264/5264
f 5438/5438 5264/5264 4966/4966
f 5429/5429 5453/5453 5438/5438
f 5428/5428 5453/5453 5429/5429
f 5428/5428 5429/5429 5438/5438
f 5438/5438 4966/4966 5428/5428
f 4419/4419 1598/1598 1659/1659
f 4039/4039 504/504 4523/4523
f 4523/4523 4164/4164 4039/4039
f 104/104 4039/4039 105/105
f 101/101 4039/4039 104/104
f 101/101 504/504 4039/4039
f 101/101 4164/4164 504/504
f 105/105 101/101 104/104
f 4164/4164 101/101 4039/4039
f 273/273 4046/4046 486/486
f 487/487 486/486 4046/4046
f 487/487 599/599 486/486
f 598/598 486/486 599/599
f 598/598 599/599 487/487
f 5191/5191 487/487 4046/4046
f 4959/4959 5398/5398 5329/5329
f 5420/5420 5424/5424 5299/5299
f 5421/5421 5424/5424 5420/5420
f 5449/5449 5424/5424 5421/5421
f 5449/5449 5421/5421 5420/5420
f 5443/5443 5389/5389 5424/5424
f 5420/5420 5443/5443 5424/5424
f 5420/5420 5299/5299 5443/5443
f 5443/5443 5299/5299 5329/5329
f 5397/5397 5389/5389 4044/4044
f 5427/5427 5417/5417 5397/5397
f 5387/5387 5417/5417 5427/5427
f 4044/4044 413/413 5397/5397
f 377/377 5106/5106 5192/5192
f 4036/4036 377/377 544/544
f 61/61 4036/4036 544/544
f 63/63 4036/4036 61/61
f 4037/4037 4036/4036 63/63
f 4037/4037 63/63 61/61
f 5450/5450 5256/5256 5388/5388
f 5388/5388 5256/5256 5405/5405
f 5130/5130 5379/5379 5327/5327
f 5379/5379 5130/5130 5101/5101
f 5102/5102 5101/5101 5130/5130
f 5088/5088 5102/5102 5130/5130
f 5101/5101 5102/5102 5088/5088
f 4816/4816 5379/5379 5101/5101
f 4816/4816 5100/5100 5379/5379
f 5170/5170 5454/5454 5207/5207
f 5261/5261 5170/5170 5207/5207
f 5261/5261 5207/5207 5454/5454
f 5366/5366 5261/5261 5454/5454
f 5206/5206 5261/5261 5366/5366
f 5415/5415 5366/5366 5454/5454
f 2323/2323 3733/3733 3603/3603
f 3733/3733 3641/3641 3720/3720
f 2323/2323 3641/3641 3733/3733
f 2000/2000 2198/2198 2140/2140
f 2059/2059 2009/2009 2140/2140
f 2000/2000 2140/2140 2009/2009
f 476/476 529/529 4928/4928
f 530/530 580/580 4349/4349
f 483/483 530/530 4349/4349
f 511/511 387/387 415/415
f 418/418 415/415 387/387
f 511/511 415/415 418/418
f 861/861 935/935 575/575
f 333/333 935/935 861/861
f 148/148 935/935 333/333
f 548/548 482/482 397/397
f 566/566 548/548 397/397
f 552/552 548/548 566/566
f 4528/4528 4529/4529 4709/4709
f 4530/4530 4528/4528 4594/4594
f 4658/4658 4530/4530 4594/4594
f 4658/4658 4528/4528 4530/4530
f 4657/4657 4528/4528 4709/4709
f 4528/4528 4658/4658 4529/4529
f 4658/4658 4657/4657 4529/4529
f 4897/4897 4529/4529 4657/4657
f 4897/4897 4657/4657 4709/4709
f 4529/4529 4897/4897 4310/4310
f 4310/4310 4161/4161 4529/4529
f 4090/4090 207/207 4529/4529
f 618/618 890/890 607/607
f 690/690 890/890 514/514
f 690/690 717/717 607/607
f 825/825 717/717 888/888
f 690/690 825/825 888/888
f 717/717 825/825 690/690
f 890/890 690/690 607/607
f 717/717 690/690 514/514
f 5107/5107 514/514 5007/5007
f 504/504 650/650 4229/4229
f 531/531 650/650 581/581
f 588/588 531/531 581/581
f 650/650 588/588 581/581
f 597/597 650/650 667/667
f 703/703 597/597 667/667
f 650/650 703/703 667/667
f 504/504 703/703 650/650
f 885/885 703/703 504/504
f 906/906 882/882 885/885
f 848/848 885/885 882/882
f 906/906 848/848 882/882
f 911/911 885/885 504/504
f 878/878 906/906 911/911
f 848/848 906/906 878/878
f 911/911 848/848 878/878
f 885/885 848/848 850/850
f 703/703 885/885 850/850
f 703/703 850/850 848/848
f 848/848 911/911 809/809
f 809/809 748/748 848/848
f 809/809 911/911 748/748
f 1040/1040 911/911 504/504
f 149/149 1040/1040 504/504
f 1219/1219 1223/1223 1221/1221
f 1294/1294 1219/1219 1221/1221
f 1294/1294 1221/1221 1223/1223
f 1057/1057 1223/1223 1040/1040
f 1057/1057 1040/1040 1295/1295
f 1295/1295 1159/1159 1256/1256
f 1223/1223 1057/1057 1295/1295
f 1259/1259 1223/1223 1295/1295
f 1294/1294 1223/1223 1259/1259
f 1295/1295 1294/1294 1259/1259
f 1256/1256 1294/1294 1295/1295
f 1291/1291 1294/1294 1256/1256
f 1159/1159 1291/1291 1256/1256
f 1220/1220 1291/1291 1159/1159
f 1292/1292 1220/1220 1159/1159
f 1292/1292 1291/1291 1220/1220
f 1397/1397 1505/1505 1222/1222
f 1298/1298 1292/1292 1269/1269
f 1305/1305 1269/1269 1292/1292
f 1298/1298 1269/1269 1305/1305
f 1127/1127 1040/1040 987/987
f 815/815 1127/1127 987/987
f 1040/1040 815/815 987/987
f 149/149 815/815 1040/1040
f 815/815 149/149 1179/1179
f 1179/1179 1218/1218 815/815
f 1218/1218 1179/1179 1222/1222
f 1179/1179 149/149 353/353
f 438/438 353/353 149/149
f 57/57 1179/1179 353/353
f 102/102 280/280 262/262
f 438/438 262/262 280/280
f 102/102 262/262 438/438
f 183/183 102/102 185/185
f 125/125 185/185 102/102
f 125/125 183/183 185/185
f 53/53 608/608 126/126
f 102/102 53/53 126/126
f 102/102 608/608 53/53
f 4395/4395 608/608 102/102
f 438/438 4395/4395 102/102
f 49/49 122/122 4032/4032
f 51/51 122/122 49/49
f 4032/4032 51/51 49/49
f 4391/4391 4395/4395 149/149
f 353/353 608/608 57/57
f 1179/1179 57/57 1615/1615
f 4474/4474 4475/4475 4632/4632
f 4360/4360 4474/4474 4632/4632
f 4360/4360 4475/4475 4474/4474
f 4633/4633 4557/4557 4631/4631
f 4360/4360 4631/4631 4557/4557
f 4360/4360 4557/4557 4633/4633
f 4556/4556 4633/4633 4630/4630
f 4361/4361 4360/4360 4278/4278
f 4193/4193 4194/4194 4360/4360
f 4124/4124 4193/4193 4360/4360
f 4361/4361 4124/4124 4360/4360
f 4278/4278 4124/4124 4361/4361
f 4064/4064 4194/4194 4193/4193
f 4064/4064 4193/4193 4124/4124
f 4124/4124 4059/4059 4061/4061
f 4064/4064 4124/4124 4061/4061
f 4059/4059 4278/4278 4275/4275
f 4633/4633 4275/4275 4278/4278
f 4466/4466 4275/4275 4633/4633
f 4556/4556 4466/4466 4633/4633
f 4630/4630 4466/4466 4556/4556
f 4410/4410 4466/4466 4414/4414
f 4623/4623 4353/4353 4624/4624
f 4625/4625 4623/4623 4624/4624
f 4353/4353 4623/4623 4625/4625
f 4547/4547 4353/4353 4625/4625
f 4547/4547 4625/4625 4266/4266
f 4266/4266 4353/4353 4547/4547
f 4125/4125 4269/4269 4266/4266
f 4414/4414 4266/4266 4269/4269
f 4190/4190 4269/4269 4125/4125
f 4130/4130 4269/4269 4190/4190
f 4125/4125 4130/4130 4190/4190
f 4271/4271 4414/4414 4126/4126
f 162/162 97/97 216/216
f 158/158 162/162 216/216
f 214/214 158/158 216/216
f 210/210 214/214 216/216
f 158/158 214/214 210/210
f 97/97 162/162 158/158
f 461/461 291/291 210/210
f 1074/1074 210/210 291/291
f 461/461 1074/1074 291/291
f 209/209 158/158 211/211
f 1074/1074 209/209 211/211
f 371/371 1074/1074 461/461
f 158/158 209/209 1074/1074
f 369/369 1074/1074 371/371
f 461/461 369/369 371/371
f 288/288 158/158 1074/1074
f 1074/1074 2245/2245 288/288
f 2245/2245 4064/4064 288/288
f 1726/1726 1727/1727 2245/2245
f 1731/1731 1727/1727 1726/1726
f 2245/2245 1727/1727 1731/1731
f 2105/2105 2106/2106 2103/2103
f 2170/2170 2105/2105 2103/2103
f 2022/2022 2021/2021 2106/2106
f 2170/2170 2106/2106 2105/2105
f 2022/2022 2106/2106 2023/2023
f 2022/2022 2023/2023 2021/2021
f 2021/2021 2023/2023 1990/1990
f 1910/1910 2021/2021 1990/1990
f 2023/2023 1910/1910 1990/1990
f 2023/2023 1949/1949 1876/1876
f 1876/1876 1949/1949 1955/1955
f 1955/1955 1949/1949 2023/2023
f 1877/1877 1955/1955 1700/1700
f 1876/1876 1955/1955 1877/1877
f 1700/1700 1876/1876 1877/1877
f 1840/1840 1747/1747 1918/1918
f 1954/1954 1840/1840 1918/1918
f 1747/1747 1840/1840 1954/1954
f 2066/2066 2322/2322 2107/2107
f 2178/2178 2107/2107 2322/2322
f 2204/2204 2205/2205 2203/2203
f 2204/2204 2203/2203 2324/2324
f 2205/2205 2204/2204 2324/2324
f 2066/2066 2107/2107 2178/2178
f 2108/2108 2067/2067 2178/2178
f 2576/2576 2540/2540 2578/2578
f 2497/2497 2578/2578 2540/2540
f 2576/2576 2497/2497 2540/2540
f 2352/2352 2466/2466 2385/2385
f 2467/2467 2385/2385 2466/2466
f 2352/2352 2385/2385 2467/2467
f 2416/2416 2467/2467 2611/2611
f 2808/2808 2778/2778 2777/2777
f 2808/2808 2903/2903 2778/2778
f 2808/2808 2777/2777 2903/2903
f 3037/3037 2997/2997 2995/2995
f 3037/3037 2995/2995 3152/3152
f 2997/2997 3152/3152 2995/2995
f 3323/3323 3354/3354 3276/3276
f 3382/3382 3354/3354 3323/3323
f 3276/3276 3354/3354 3382/3382
f 3062/3062 3091/3091 3152/3152
f 3041/3041 3062/3062 3152/3152
f 3091/3091 3062/3062 3041/3041
f 2450/2450 2823/2823 2942/2942
f 2854/2854 2942/2942 2823/2823
f 2854/2854 2823/2823 2450/2450
f 2899/2899 2854/2854 2939/2939
f 2935/2935 2899/2899 2939/2939
f 2854/2854 2935/2935 2939/2939
f 3294/3294 2869/2869 3244/3244
f 3223/3223 2869/2869 3294/3294
f 3179/3179 2450/2450 2869/2869
f 3142/3142 3144/3144 3179/3179
f 3107/3107 3142/3142 3179/3179
f 3107/3107 3144/3144 3142/3142
f 3223/3223 3179/3179 2869/2869
f 3179/3179 3223/3223 3243/3243
f 3200/3200 3179/3179 3243/3243
f 3172/3172 3179/3179 3200/3200
f 3200/3200 3243/3243 3172/3172
f 3280/3280 3243/3243 3223/3223
f 3219/3219 3243/3243 3220/3220
f 3240/3240 3220/3220 3243/3243
f 3240/3240 3219/3219 3220/3220
f 3280/3280 3196/3196 3240/3240
f 3240/3240 3243/3243 3280/3280
f 3196/3196 3280/3280 3237/3237
f 3236/3236 3237/3237 3280/3280
f 3236/3236 3196/3196 3237/3237
f 3193/3193 3236/3236 3266/3266
f 3323/3323 3193/3193 3278/3278
f 3279/3279 3193/3193 3266/3266
f 3326/3326 3278/3278 3193/3193
f 3323/3323 3278/3278 3326/3326
f 3236/3236 3279/3279 3266/3266
f 3193/3193 3279/3279 3301/3301
f 3326/3326 3193/3193 3301/3301
f 3279/3279 3326/3326 3301/3301
f 3300/3300 3326/3326 3355/3355
f 3323/3323 3326/3326 3300/3300
f 3276/3276 3355/3355 3340/3340
f 3300/3300 3355/3355 3323/3323
f 3389/3389 3492/3492 3340/3340
f 3223/3223 3389/3389 3340/3340
f 3294/3294 3389/3389 3223/3223
f 529/529 476/476 383/383
f 437/437 575/575 418/418
f 695/695 4295/4295 48/48
f 5154/5154 5249/5249 4738/4738
f 5154/5154 4738/4738 507/507
f 5042/5042 4665/4665 5214/5214
f 4966/4966 4814/4814 5428/5428
f 2220/2220 2009/2009 2059/2059
f 2059/2059 2140/2140 2220/2220
f 2011/2011 2220/2220 2140/2140
f 2198/2198 2011/2011 2140/2140
f 2000/2000 2011/2011 2198/2198
f 585/585 596/596 563/563
f 821/821 820/820 822/822
f 822/822 768/768 820/820
f 822/822 820/820 821/821
f 377/377 820/820 440/440
f 506/506 377/377 440/440
f 820/820 506/506 440/440
f 768/768 822/822 824/824
f 823/823 770/770 822/822
f 824/824 770/770 823/823
f 824/824 823/823 822/822
f 824/824 822/822 886/886
f 672/672 886/886 822/822
f 631/631 5039/5039 307/307
f 730/730 631/631 307/307
f 671/671 921/921 427/427
f 930/930 992/992 921/921
f 5440/5440 5444/5444 4141/4141
f 715/715 4141/4141 5444/5444
f 5445/5445 715/715 5444/5444
f 5461/5461 5445/5445 5444/5444
f 715/715 5445/5445 5461/5461
f 5439/5439 5440/5440 5413/5413
f 5415/5415 5439/5439 5413/5413
f 5356/5356 5187/5187 5344/5344
f 5321/5321 4093/4093 507/507
f 5344/5344 5354/5354 5333/5333
f 5306/5306 5333/5333 5335/5335
f 5354/5354 5306/5306 5335/5335
f 5148/5148 5276/5276 5341/5341
f 7259/7259 7260/7260 7272/7272
f 7272/7272 7260/7260 7261/7261
f 4164/4164 149/149 504/504
f 4164/4164 4523/4523 4605/4605
f 4605/4605 4432/4432 4164/4164
f 4164/4164 4432/4432 4318/4318
f 4395/4395 4605/4605 608/608
f 4432/4432 4605/4605 4395/4395
f 4391/4391 4432/4432 4395/4395
f 4318/4318 4432/4432 4391/4391
f 4391/4391 4376/4376 4318/4318
f 4317/4317 4376/4376 4391/4391
f 4317/4317 4318/4318 4376/4376
f 149/149 4318/4318 4391/4391
f 438/438 149/149 4395/4395
f 5025/5025 4599/4599 4087/4087
f 4813/4813 5025/5025 4046/4046
f 4813/4813 4752/4752 5025/5025
f 664/664 4752/4752 4813/4813
f 5025/5025 4752/4752 4599/4599
f 4752/4752 664/664 4484/4484
f 4484/4484 4599/4599 4752/4752
f 4484/4484 4527/4527 4599/4599
f 4482/4482 4599/4599 4527/4527
f 4484/4484 4482/4482 4527/4527
f 4087/4087 4599/4599 4484/4484
f 664/664 4087/4087 4484/4484
f 661/661 4087/4087 664/664
f 661/661 663/663 702/702
f 660/660 702/702 663/663
f 660/660 661/661 702/702
f 660/660 4087/4087 661/661
f 5036/5036 5452/5452 5385/5385
f 658/658 4087/4087 660/660
f 621/621 4087/4087 658/658
f 524/524 4087/4087 910/910
f 4087/4087 621/621 910/910
f 910/910 765/765 524/524
f 883/883 765/765 910/910
f 883/883 524/524 765/765
f 818/818 767/767 765/765
f 884/884 818/818 765/765
f 819/819 767/767 818/818
f 884/884 819/819 818/818
f 621/621 658/658 814/814
f 773/773 814/814 658/658
f 621/621 814/814 773/773
f 621/621 744/744 883/883
f 691/691 775/775 883/883
f 692/692 775/775 691/691
f 694/694 775/775 692/692
f 524/524 775/775 691/691
f 691/691 694/694 692/692
f 379/379 524/524 691/691
f 883/883 379/379 691/691
f 744/744 621/621 637/637
f 894/894 744/744 892/892
f 836/836 894/894 892/892
f 779/779 894/894 836/836
f 779/779 836/836 892/892
f 4307/4307 883/883 894/894
f 744/744 894/894 883/883
f 892/892 744/744 4307/4307
f 894/894 892/892 4307/4307
f 5452/5452 379/379 4151/4151
f 4154/4154 379/379 5452/5452
f 4151/4151 4225/4225 5452/5452
f 4151/4151 4224/4224 4223/4223
f 4225/4225 4224/4224 4151/4151
f 4223/4223 4224/4224 4225/4225
f 4307/4307 4151/4151 379/379
f 699/699 744/744 637/637
f 646/646 699/699 637/637
f 699/699 837/837 256/256
f 66/66 4897/4897 256/256
f 66/66 256/256 138/138
f 138/138 256/256 137/137
f 114/114 138/138 139/139
f 66/66 138/138 114/114
f 139/139 66/66 114/114
f 837/837 137/137 256/256
f 839/839 207/207 4090/4090
f 839/839 646/646 607/607
f 646/646 826/826 607/607
f 920/920 890/890 618/618
f 5007/5007 890/890 920/920
f 622/622 672/672 822/822
f 672/672 622/622 796/796
f 632/632 887/887 672/672
f 796/796 632/632 672/672
f 725/725 632/632 796/796
f 623/623 725/725 796/796
f 632/632 725/725 623/623
f 377/377 886/886 544/544
f 672/672 887/887 886/886
f 824/824 886/886 768/768
f 768/768 886/886 377/377
f 768/768 377/377 820/820
f 61/61 544/544 4093/4093
f 4093/4093 377/377 61/61
f 507/507 5092/5092 5321/5321
f 5050/5050 5321/5321 5092/5092
f 5091/5091 5092/5092 5050/5050
f 5104/5104 5092/5092 5091/5091
f 5050/5050 5092/5092 507/507
f 5104/5104 5091/5091 5050/5050
f 507/507 4738/4738 5050/5050
f 5321/5321 5050/5050 4738/4738
f 5344/5344 5321/5321 4738/4738
f 632/632 624/624 670/670
f 625/625 670/670 624/624
f 632/632 670/670 625/625
f 887/887 817/817 886/886
f 727/727 741/741 887/887
f 683/683 629/629 727/727
f 630/630 629/629 683/683
f 727/727 630/630 683/683
f 887/887 632/632 727/727
f 832/832 887/887 777/777
f 741/741 795/795 887/887
f 912/912 922/922 887/887
f 817/817 887/887 922/922
f 923/923 927/927 912/912
f 922/922 927/927 923/923
f 922/922 923/923 912/912
f 912/912 887/887 832/832
f 922/922 912/912 817/817
f 832/832 817/817 912/912
f 4093/4093 4091/4091 4097/4097
f 4098/4098 4097/4097 4038/4038
f 4162/4162 4097/4097 4098/4098
f 4162/4162 4098/4098 4038/4038
f 4162/4162 4038/4038 4101/4101
f 112/112 4162/4162 4101/4101
f 112/112 4101/4101 4038/4038
f 4230/4230 4163/4163 4308/4308
f 4162/4162 4163/4163 4230/4230
f 4162/4162 4230/4230 4308/4308
f 4308/4308 112/112 507/507
f 112/112 4091/4091 507/507
f 689/689 507/507 4091/4091
f 827/827 777/777 795/795
f 777/777 827/827 4091/4091
f 887/887 795/795 777/777
f 5042/5042 4757/4757 4596/4596
f 4665/4665 5042/5042 4596/4596
f 5169/5169 4215/4215 4055/4055
f 4186/4186 4136/4136 4138/4138
f 4186/4186 4247/4247 4136/4136
f 4138/4138 4247/4247 4186/4186
f 4244/4244 4138/4138 4174/4174
f 4174/4174 4138/4138 4055/4055
f 4215/4215 4074/4074 4055/4055
f 4055/4055 4074/4074 4128/4128
f 4174/4174 4055/4055 4244/4244
f 4074/4074 4129/4129 4128/4128
f 4173/4173 4074/4074 4215/4215
f 4129/4129 4074/4074 4173/4173
f 4241/4241 4129/4129 4173/4173
f 4329/4329 4241/4241 4173/4173
f 4129/4129 4241/4241 4329/4329
f 5395/5395 5025/5025 5385/5385
f 5191/5191 5395/5395 5385/5385
f 855/855 856/856 849/849
f 772/772 855/855 849/849
f 856/856 855/855 772/772
f 934/934 856/856 772/772
f 934/934 943/943 856/856
f 938/938 943/943 934/934
f 934/934 944/944 851/851
f 902/902 853/853 851/851
f 941/941 851/851 853/853
f 941/941 934/934 851/851
f 693/693 938/938 853/853
f 902/902 854/854 853/853
f 851/851 854/854 902/902
f 720/720 719/719 851/851
f 784/784 852/852 693/693
f 851/851 852/852 784/784
f 693/693 851/851 784/784
f 938/938 693/693 67/67
f 719/719 67/67 693/693
f 720/720 67/67 719/719
f 944/944 934/934 772/772
f 772/772 804/804 944/944
f 764/764 810/810 769/769
f 810/810 804/804 769/769
f 764/764 804/804 810/810
f 618/618 826/826 794/794
f 681/681 794/794 826/826
f 618/618 794/794 681/681
f 826/826 618/618 607/607
f 717/717 207/207 607/607
f 514/514 207/207 717/717
f 997/997 992/992 991/991
f 1006/1006 921/921 992/992
f 997/997 1006/1006 992/992
f 1006/1006 997/997 991/991
f 5206/5206 921/921 1006/1006
f 737/737 430/430 921/921
f 427/427 921/921 430/430
f 499/499 427/427 430/430
f 430/430 4141/4141 499/499
f 55/55 124/124 5366/5366
f 124/124 737/737 5366/5366
f 55/55 52/52 50/50
f 124/124 50/50 52/52
f 124/124 52/52 55/55
f 430/430 737/737 124/124
f 55/55 430/430 124/124
f 5366/5366 430/430 55/55
f 430/430 5366/5366 4141/4141
f 5344/5344 5187/5187 5106/5106
f 5321/5321 5106/5106 4093/4093
f 5106/5106 5321/5321 5344/5344
f 5435/5435 5388/5388 4989/4989
f 5342/5342 5388/5388 5435/5435
f 5292/5292 5204/5204 5408/5408
f 4079/4079 328/328 5408/5408
f 5204/5204 4915/4915 5408/5408
f 4811/4811 4808/4808 4810/4810
f 4917/4917 4810/4810 4808/4808
f 4811/4811 4810/4810 4917/4917
f 4917/4917 4916/4916 4809/4809
f 4740/4740 4809/4809 4916/4916
f 4917/4917 4809/4809 4740/4740
f 4079/4079 4917/4917 4740/4740
f 5408/5408 4917/4917 4079/4079
f 4915/4915 4917/4917 5408/5408
f 4740/4740 4915/4915 4079/4079
f 4917/4917 4915/4915 4740/4740
f 330/330 4915/4915 5204/5204
f 5325/5325 5203/5203 5248/5248
f 5250/5250 5325/5325 5248/5248
f 5203/5203 5250/5250 5248/5248
f 5204/5204 5250/5250 5203/5203
f 5204/5204 5292/5292 5250/5250
f 4221/4221 4044/4044 679/679
f 621/621 883/883 910/910
f 524/524 883/883 775/775
f 4897/4897 5452/5452 699/699
f 4897/4897 699/699 256/256
f 839/839 837/837 646/646
f 891/891 137/137 837/837
f 62/62 138/138 137/137
f 4897/4897 66/66 62/62
f 137/137 4897/4897 62/62
f 4897/4897 137/137 4090/4090
f 137/137 839/839 4090/4090
f 137/137 895/895 839/839
f 895/895 137/137 891/891
f 842/842 895/895 782/782
f 891/891 842/842 782/782
f 891/891 895/895 842/842
f 839/839 895/895 891/891
f 837/837 839/839 891/891
f 1/1 4231/4231 4709/4709
f 1/1 207/207 4231/4231
f 1/1 4709/4709 4529/4529
f 1/1 4529/4529 188/188
f 219/219 207/207 1/1
f 189/189 219/219 1/1
f 143/143 189/189 1/1
f 143/143 219/219 189/189
f 207/207 219/219 188/188
f 795/795 741/741 917/917
f 742/742 917/917 741/741
f 799/799 742/742 743/743
f 917/917 742/742 739/739
f 799/799 743/743 739/739
f 742/742 799/799 739/739
f 834/834 917/917 739/739
f 847/847 917/917 834/834
f 917/917 896/896 897/897
f 893/893 917/917 897/897
f 843/843 838/838 897/897
f 783/783 843/843 897/897
f 838/838 843/843 783/783
f 896/896 783/783 897/897
f 896/896 781/781 783/783
f 610/610 781/781 896/896
f 517/517 610/610 896/896
f 519/519 896/896 120/120
f 517/517 896/896 519/519
f 797/797 834/834 735/735
f 759/759 797/797 735/735
f 759/759 834/834 797/797
f 847/847 834/834 759/759
f 120/120 847/847 931/931
f 914/914 931/931 847/847
f 936/936 931/931 847/847
f 914/914 936/936 847/847
f 943/943 914/914 847/847
f 120/120 931/931 936/936
f 943/943 936/936 914/914
f 847/847 759/759 943/943
f 938/938 936/936 943/943
f 856/856 943/943 759/759
f 120/120 64/64 4152/4152
f 5388/5388 120/120 4152/4152
f 944/944 804/804 905/905
f 844/844 905/905 736/736
f 908/908 905/905 844/844
f 908/908 905/905 925/925
f 908/908 844/844 736/736
f 908/908 736/736 835/835
f 740/740 835/835 736/736
f 866/866 835/835 740/740
f 745/745 866/866 740/740
f 403/403 866/866 868/868
f 753/753 403/403 868/868
f 803/803 755/755 868/868
f 867/867 803/803 868/868
f 867/867 755/755 803/803
f 711/711 403/403 753/753
f 867/867 868/868 866/866
f 800/800 865/865 758/758
f 800/800 710/710 865/865
f 709/709 710/710 800/800
f 707/707 709/709 800/800
f 707/707 710/710 709/709
f 758/758 751/751 800/800
f 708/708 707/707 751/751
f 708/708 751/751 676/676
f 707/707 708/708 676/676
f 711/711 676/676 751/751
f 865/865 676/676 711/711
f 330/330 403/403 711/711
f 758/758 711/711 751/751
f 330/330 752/752 758/758
f 590/590 674/674 752/752
f 590/590 752/752 540/540
f 677/677 592/592 593/593
f 678/678 592/592 677/677
f 678/678 677/677 593/593
f 678/678 593/593 758/758
f 758/758 593/593 330/330
f 758/758 806/806 678/678
f 807/807 678/678 806/806
f 761/761 678/678 807/807
f 806/806 761/761 807/807
f 712/712 678/678 808/808
f 758/758 871/871 806/806
f 680/680 712/712 808/808
f 678/678 712/712 680/680
f 682/682 593/593 680/680
f 680/680 330/330 593/593
f 682/682 680/680 714/714
f 761/761 714/714 680/680
f 761/761 682/682 714/714
f 330/330 680/680 682/682
f 761/761 498/498 682/682
f 330/330 682/682 498/498
f 871/871 758/758 595/595
f 761/761 871/871 876/876
f 879/879 871/871 595/595
f 876/876 871/871 879/879
f 761/761 876/876 879/879
f 761/761 401/401 498/498
f 495/495 435/435 401/401
f 541/541 495/495 401/401
f 541/541 401/401 595/595
f 595/595 401/401 879/879
f 541/541 595/595 140/140
f 435/435 495/495 541/541
f 434/434 541/541 363/363
f 434/434 363/363 329/329
f 541/541 329/329 363/363
f 4915/4915 330/330 4079/4079
f 866/866 925/925 835/835
f 925/925 403/403 875/875
f 4033/4033 4035/4035 5281/5281
f 186/186 330/330 5281/5281
f 4035/4035 186/186 5281/5281
f 115/115 65/65 4035/4035
f 186/186 65/65 115/115
f 186/186 115/115 4035/4035
f 403/403 186/186 4035/4035
f 754/754 802/802 753/753
f 866/866 754/754 867/867
f 865/865 802/802 754/754
f 865/865 754/754 866/866
f 711/711 753/753 865/865
f 865/865 753/753 802/802
f 758/758 865/865 866/866
f 758/758 866/866 745/745
f 758/758 745/745 595/595
f 870/870 595/595 745/745
f 845/845 870/870 749/749
f 874/874 845/845 749/749
f 846/846 874/874 749/749
f 760/760 846/846 749/749
f 870/870 845/845 874/874
f 872/872 870/870 873/873
f 901/901 870/870 872/872
f 873/873 901/901 872/872
f 874/874 846/846 760/760
f 932/932 874/874 760/760
f 155/155 932/932 760/760
f 877/877 932/932 328/328
f 877/877 328/328 880/880
f 811/811 757/757 880/880
f 877/877 757/757 811/811
f 877/877 811/811 880/880
f 932/932 877/877 880/880
f 140/140 880/880 328/328
f 140/140 328/328 4079/4079
f 932/932 901/901 874/874
f 595/595 901/901 932/932
f 870/870 901/901 595/595
f 5169/5169 505/505 4673/4673
f 4559/4559 4879/4879 4479/4479
f 4478/4478 4879/4879 4559/4559
f 4479/4479 4478/4478 4559/4559
f 5042/5042 4910/4910 4757/4757
f 5447/5447 5419/5419 5418/5418
f 5192/5192 5418/5418 5419/5419
f 5192/5192 5447/5447 5418/5418
f 5192/5192 5106/5106 5447/5447
f 5561/5561 4653/4653 79/79
f 1921/1921 1919/1919 1984/1984
f 1827/1827 1919/1919 1921/1921
f 1827/1827 1984/1984 1919/1919
f 514/514 890/890 5007/5007
f 893/893 781/781 507/507
f 893/893 507/507 780/780
f 917/917 893/893 780/780
f 795/795 917/917 780/780
f 893/893 838/838 781/781
f 783/783 781/781 838/838
f 840/840 783/783 838/838
f 838/838 783/783 840/840
f 896/896 917/917 120/120
f 847/847 120/120 917/917
f 938/938 934/934 929/929
f 929/929 934/934 945/945
f 941/941 945/945 934/934
f 940/940 929/929 945/945
f 929/929 945/945 941/941
f 940/940 945/945 928/928
f 928/928 929/929 940/940
f 938/938 941/941 853/853
f 929/929 941/941 938/938
f 938/938 67/67 120/120
f 67/67 64/64 120/120
f 4152/4152 64/64 5388/5388
f 4085/4085 64/64 4152/4152
f 4084/4084 64/64 4085/4085
f 4084/4084 4085/4085 4152/4152
f 64/64 67/67 5388/5388
f 904/904 835/835 925/925
f 908/908 835/835 904/904
f 905/905 904/904 925/925
f 908/908 925/925 944/944
f 905/905 908/908 944/944
f 4033/4033 875/875 4153/4153
f 925/925 866/866 403/403
f 5386/5386 5293/5293 4715/4715
f 5313/5313 5314/5314 5381/5381
f 5236/5236 5313/5313 5281/5281
f 5317/5317 5381/5381 5314/5314
f 5318/5318 5381/5381 5317/5317
f 5194/5194 5158/5158 5318/5318
f 5014/5014 5466/5466 5515/5515
f 6485/6485 6514/6514 6515/6515
f 6481/6481 6515/6515 6514/6514
f 6485/6485 6707/6707 6014/6014
f 6014/6014 6781/6781 7052/7052
f 4537/4537 6014/6014 7052/7052
f 921/921 5206/5206 737/737
f 737/737 5206/5206 5366/5366
f 4044/4044 309/309 679/679
f 4806/4806 4918/4918 5110/5110
f 4918/4918 4806/4806 4698/4698
f 4662/4662 4698/4698 4806/4806
f 4918/4918 4698/4698 4662/4662
f 4699/4699 4806/4806 5110/5110
f 4700/4700 4806/4806 4743/4743
f 4699/4699 4806/4806 4700/4700
f 4699/4699 4700/4700 4743/4743
f 4699/4699 5110/5110 5214/5214
f 4656/4656 4699/4699 5214/5214
f 4701/4701 4699/4699 4656/4656
f 4661/4661 4699/4699 4701/4701
f 4656/4656 4661/4661 4701/4701
f 5456/5456 389/389 148/148
f 1511/1511 1505/1505 1615/1615
f 1510/1510 1507/1507 1511/1511
f 1505/1505 1511/1511 1507/1507
f 1505/1505 1507/1507 1510/1510
f 1397/1397 1615/1615 1505/1505
f 1816/1816 1749/1749 1716/1716
f 1816/1816 1745/1745 1747/1747
f 1749/1749 1816/1816 1859/1859
f 1716/1716 1749/1749 1859/1859
f 1779/1779 1750/1750 1859/1859
f 1780/1780 1750/1750 1779/1779
f 1780/1780 1779/1779 1859/1859
f 1855/1855 1818/1818 1913/1913
f 1859/1859 1818/1818 1855/1855
f 1913/1913 1859/1859 1855/1855
f 1948/1948 2068/2068 1954/1954
f 2170/2170 1948/1948 1954/1954
f 2068/2068 1948/1948 2170/2170
f 1700/1700 1747/1747 1745/1745
f 1875/1875 1876/1876 1838/1838
f 1874/1874 1838/1838 1876/1876
f 1874/1874 1875/1875 1838/1838
f 1710/1710 1669/1669 1700/1700
f 1641/1641 1710/1710 1700/1700
f 1669/1669 1710/1710 1641/1641
f 1816/1816 1700/1700 1745/1745
f 1179/1179 1615/1615 1352/1352
f 1397/1397 1179/1179 1352/1352
f 1387/1387 1385/1385 1352/1352
f 1389/1389 1385/1385 1387/1387
f 1389/1389 1387/1387 1352/1352
f 1615/1615 1397/1397 1352/1352
f 938/938 120/120 936/936
f 505/505 732/732 4673/4673
f 4415/4415 4215/4215 732/732
f 505/505 4415/4415 732/732
f 1516/1516 213/213 1161/1161
f 1237/1237 1161/1161 213/213
f 1237/1237 1516/1516 1161/1161
f 1363/1363 1330/1330 1365/1365
f 1464/1464 1363/1363 1365/1365
f 1363/1363 1464/1464 1330/1330
f 1408/1408 1464/1464 1442/1442
f 1330/1330 1464/1464 1408/1408
f 1442/1442 1330/1330 1408/1408
f 1462/1462 1461/1461 1442/1442
f 1464/1464 1462/1462 1442/1442
f 1461/1461 1462/1462 1464/1464
f 1546/1546 1461/1461 1464/1464
f 1516/1516 1461/1461 1487/1487
f 1569/1569 1516/1516 1487/1487
f 1461/1461 1569/1569 1487/1487
f 1518/1518 1569/1569 1461/1461
f 1546/1546 1518/1518 1461/1461
f 1546/1546 1569/1569 1518/1518
f 2461/2461 1569/1569 1595/1595
f 1570/1570 1516/1516 2461/2461
f 1596/1596 1488/1488 455/455
f 2461/2461 1924/1924 1570/1570
f 1662/1662 1627/1627 1595/1595
f 1689/1689 1662/1662 1595/1595
f 1760/1760 1689/1689 1595/1595
f 1662/1662 1689/1689 1760/1760
f 1627/1627 1662/1662 1693/1693
f 2461/2461 1627/1627 1693/1693
f 2461/2461 1693/1693 1662/1662
f 1596/1596 1924/1924 1795/1795
f 2031/2031 1924/1924 2073/2073
f 2031/2031 1795/1795 1924/1924
f 1795/1795 2031/2031 1997/1997
f 2031/2031 2073/2073 2209/2209
f 2111/2111 2031/2031 2209/2209
f 2256/2256 2031/2031 2111/2111
f 2256/2256 2111/2111 2209/2209
f 2496/2496 1924/1924 2461/2461
f 2604/2604 2496/2496 2605/2605
f 2693/2693 2604/2604 2605/2605
f 2693/2693 2496/2496 2604/2604
f 2728/2728 2692/2692 2693/2693
f 1924/1924 2496/2496 2295/2295
f 2295/2295 2459/2459 2411/2411
f 2411/2411 2459/2459 2380/2380
f 2380/2380 2295/2295 2411/2411
f 2295/2295 2209/2209 1924/1924
f 2073/2073 1924/1924 2209/2209
f 2148/2148 2256/2256 2208/2208
f 2148/2148 2208/2208 2182/2182
f 2031/2031 2256/2256 2148/2148
f 2182/2182 2147/2147 2148/2148
f 2353/2353 2148/2148 2147/2147
f 2182/2182 2353/2353 2147/2147
f 2353/2353 2075/2075 2148/2148
f 2030/2030 1997/1997 2075/2075
f 2076/2076 2030/2030 2075/2075
f 2076/2076 1997/1997 2030/2030
f 2076/2076 1663/1663 1997/1997
f 1596/1596 1795/1795 1997/1997
f 1663/1663 1596/1596 1997/1997
f 1924/1924 1596/1596 1626/1626
f 1570/1570 1924/1924 1626/1626
f 1596/1596 1570/1570 1626/1626
f 1596/1596 1663/1663 1799/1799
f 1623/1623 1625/1625 1695/1695
f 1623/1623 1695/1695 1622/1622
f 1622/1622 1625/1625 1623/1623
f 1596/1596 1625/1625 1488/1488
f 1622/1622 1488/1488 1625/1625
f 1405/1405 1568/1568 961/961
f 1519/1519 961/961 1568/1568
f 961/961 455/455 1488/1488
f 455/455 1570/1570 1596/1596
f 1570/1570 455/455 295/295
f 372/372 459/459 1570/1570
f 295/295 372/372 1570/1570
f 1519/1519 455/455 961/961
f 156/156 222/222 295/295
f 300/300 459/459 222/222
f 223/223 222/222 156/156
f 295/295 223/223 156/156
f 372/372 295/295 459/459
f 299/299 300/300 222/222
f 459/459 300/300 299/299
f 299/299 1570/1570 459/459
f 4272/4272 299/299 223/223
f 295/295 4272/4272 223/223
f 1570/1570 4272/4272 21/21
f 1516/1516 1570/1570 21/21
f 299/299 4272/4272 1570/1570
f 4418/4418 213/213 4272/4272
f 21/21 4272/4272 213/213
f 212/212 21/21 213/213
f 456/456 212/212 213/213
f 456/456 21/21 212/212
f 4470/4470 4418/4418 4272/4272
f 295/295 4470/4470 4272/4272
f 4552/4552 4470/4470 4473/4473
f 4416/4416 4552/4552 4473/4473
f 4470/4470 4416/4416 4473/4473
f 4416/4416 295/295 455/455
f 4551/4551 4416/4416 4471/4471
f 4472/4472 4416/4416 455/455
f 4472/4472 4551/4551 4471/4471
f 4416/4416 4472/4472 4471/4471
f 4472/4472 455/455 1519/1519
f 1405/1405 1441/1441 1362/1362
f 1568/1568 1362/1362 1441/1441
f 1405/1405 1568/1568 1441/1441
f 1488/1488 1568/1568 1405/1405
f 961/961 1488/1488 1405/1405
f 1729/1729 1622/1622 1696/1696
f 1729/1729 1730/1730 1622/1622
f 1568/1568 1488/1488 1622/1622
f 1517/1517 1568/1568 1547/1547
f 1519/1519 1517/1517 1547/1547
f 1519/1519 1547/1547 2597/2597
f 1517/1517 1519/1519 1568/1568
f 1916/1916 1899/1899 1824/1824
f 1897/1897 1898/1898 1824/1824
f 1917/1917 1824/1824 1898/1898
f 1916/1916 1824/1824 1917/1917
f 1917/1917 1898/1898 1897/1897
f 1822/1822 1865/1865 1751/1751
f 1821/1821 1822/1822 1751/1751
f 1865/1865 1822/1822 1821/1821
f 2068/2068 1915/1915 1893/1893
f 1947/1947 1893/1893 1915/1915
f 2068/2068 1947/1947 1915/1915
f 2175/2175 2176/2176 2109/2109
f 2141/2141 2175/2175 2109/2109
f 2176/2176 2175/2175 2141/2141
f 2352/2352 2141/2141 2231/2231
f 2178/2178 2352/2352 2231/2231
f 2234/2234 2143/2143 2347/2347
f 2234/2234 2235/2235 2143/2143
f 2347/2347 2369/2369 2235/2235
f 2235/2235 2234/2234 2347/2347
f 2467/2467 2416/2416 2347/2347
f 2347/2347 2416/2416 2611/2611
f 2412/2412 2347/2347 2463/2463
f 2392/2392 2347/2347 2412/2412
f 2463/2463 2392/2392 2412/2412
f 2566/2566 2518/2518 2611/2611
f 2518/2518 2463/2463 2611/2611
f 2463/2463 2518/2518 2566/2566
f 2369/2369 2392/2392 2235/2235
f 2347/2347 2392/2392 2369/2369
f 207/207 839/839 607/607
f 777/777 718/718 832/832
f 718/718 817/817 832/832
f 4091/4091 832/832 777/777
f 718/718 832/832 4091/4091
f 817/817 718/718 4091/4091
f 112/112 4097/4097 4091/4091
f 689/689 4091/4091 827/827
f 595/595 880/880 140/140
f 880/880 595/595 932/932
f 671/671 930/930 921/921
f 706/706 930/930 671/671
f 675/675 706/706 671/671
f 675/675 930/930 706/706
f 930/930 427/427 579/579
f 586/586 579/579 427/427
f 930/930 579/579 586/586
f 542/542 586/586 499/499
f 594/594 542/542 499/499
f 594/594 586/586 542/542
f 715/715 594/594 4141/4141
f 499/499 4141/4141 594/594
f 5329/5329 5033/5033 5443/5443
f 67/67 4033/4033 5388/5388
f 5094/5094 148/148 5108/5108
f 4736/4736 5094/5094 5108/5108
f 4736/4736 5326/5326 5094/5094
f 5415/5415 4141/4141 5366/5366
f 744/744 699/699 4307/4307
f 944/944 925/925 851/851
f 925/925 67/67 720/720
f 851/851 925/925 720/720
f 875/875 67/67 925/925
f 1130/1130 537/537 1425/1425
f 521/521 1425/1425 537/537
f 468/468 521/521 537/537
f 1130/1130 468/468 537/537
f 468/468 1130/1130 5014/5014
f 220/220 468/468 5014/5014
f 1594/1594 1130/1130 1425/1425
f 5014/5014 1130/1130 1594/1594
f 406/406 817/817 4093/4093
f 817/817 406/406 410/410
f 408/408 444/444 406/406
f 410/410 408/408 406/406
f 444/444 408/408 410/410
f 4093/4093 410/410 406/406
f 410/410 4093/4093 544/544
f 817/817 410/410 544/544
f 886/886 817/817 544/544
f 732/732 4215/4215 393/393
f 283/283 4673/4673 732/732
f 4215/4215 4673/4673 283/283
f 393/393 283/283 732/732
f 352/352 283/283 393/393
f 351/351 352/352 393/393
f 283/283 352/352 351/351
f 393/393 4215/4215 283/283
f 4673/4673 4215/4215 5169/5169
f 431/431 433/433 539/539
f 539/539 433/433 4282/4282
f 79/79 539/539 4282/4282
f 5232/5232 79/79 285/285
f 285/285 79/79 78/78
f 78/78 79/79 4282/4282
f 260/260 285/285 78/78
f 260/260 433/433 285/285
f 259/259 260/260 192/192
f 226/226 259/259 192/192
f 259/259 433/433 260/260
f 226/226 433/433 259/259
f 226/226 4282/4282 433/433
f 78/78 4282/4282 226/226
f 247/247 433/433 431/431
f 247/247 285/285 433/433
f 5232/5232 285/285 247/247
f 4709/4709 4928/4928 4897/4897
f 5107/5107 4928/4928 4709/4709
f 5415/5415 5440/5440 4141/4141
f 5415/5415 5413/5413 5440/5440
f 2196/2196 2320/2320 2503/2503
f 2228/2228 2320/2320 2196/2196
f 2503/2503 2217/2217 2196/2196
f 2228/2228 2196/2196 2217/2217
f 2202/2202 2228/2228 2227/2227
f 2232/2232 2227/2227 2228/2228
f 2232/2232 2202/2202 2227/2227
f 2254/2254 2217/2217 2503/2503
f 1917/1917 1899/1899 1916/1916
f 1594/1594 5466/5466 5014/5014
f 4910/4910 5042/5042 5338/5338
f 5029/5029 5338/5338 5042/5042
f 5338/5338 5029/5029 5152/5152
f 5282/5282 5338/5338 5152/5152
f 5338/5338 5282/5282 5214/5214
f 5029/5029 5042/5042 5214/5214
f 5443/5443 4089/4089 5389/5389
f 7330/7330 7290/7290 7299/7299
f 7325/7325 7328/7328 7330/7330
f 7327/7327 7325/7325 7330/7330
f 7328/7328 7325/7325 7327/7327
f 7333/7333 7338/7338 7334/7334
f 7333/7333 7290/7290 7330/7330
f 328/328 932/932 155/155
f 5046/5046 5552/5552 5553/5553
f 5500/5500 5553/5553 5519/5519
f 5519/5519 5553/5553 5552/5552
f 5500/5500 5519/5519 5552/5552
f 6014/6014 5552/5552 5046/5046
f 5103/5103 5175/5175 5201/5201
f 4588/4588 5201/5201 6014/6014
f 6030/6030 6067/6067 6029/6029
f 6029/6029 6009/6009 6030/6030
f 5982/5982 6010/6010 6009/6009
f 5812/5812 5837/5837 5931/5931
f 5838/5838 5837/5837 5812/5812
f 5931/5931 5837/5837 5838/5838
f 5982/5982 6009/6009 5931/5931
f 6010/6010 5982/5982 5931/5931
f 5956/5956 5949/5949 5931/5931
f 5919/5919 5956/5956 5931/5931
f 5919/5919 5949/5949 5956/5956
f 6010/6010 6049/6049 6030/6030
f 6030/6030 6049/6049 6061/6061
f 6063/6063 6030/6030 6061/6061
f 6067/6067 6030/6030 6063/6063
f 6061/6061 6067/6067 6063/6063
f 6093/6093 6029/6029 6067/6067
f 6029/6029 6093/6093 6206/6206
f 6093/6093 6238/6238 6206/6206
f 6239/6239 6093/6093 6237/6237
f 6061/6061 6049/6049 6010/6010
f 6093/6093 6010/6010 6131/6131
f 6145/6145 6010/6010 6111/6111
f 6131/6131 6010/6010 6145/6145
f 6112/6112 6111/6111 6010/6010
f 6145/6145 6111/6111 6112/6112
f 6010/6010 6026/6026 6059/6059
f 5949/5949 6026/6026 6010/6010
f 5949/5949 6048/6048 6026/6026
f 5919/5919 6005/6005 5949/5949
f 6004/6004 6048/6048 5949/5949
f 6005/6005 6004/6004 5949/5949
f 6059/6059 6026/6026 6048/6048
f 6005/6005 6048/6048 6004/6004
f 5918/5918 6092/6092 6059/6059
f 6112/6112 6059/6059 6092/6092
f 5918/5918 6112/6112 6092/6092
f 6145/6145 6112/6112 6170/6170
f 6146/6146 6112/6112 5918/5918
f 6170/6170 6112/6112 6146/6146
f 6170/6170 6146/6146 5918/5918
f 6093/6093 6131/6131 6145/6145
f 6171/6171 6237/6237 6145/6145
f 6170/6170 6171/6171 6145/6145
f 6170/6170 6237/6237 6171/6171
f 6238/6238 6093/6093 6239/6239
f 6237/6237 6238/6238 6239/6239
f 6268/6268 6238/6238 6267/6267
f 6384/6384 6170/6170 6939/6939
f 6334/6334 6370/6370 6349/6349
f 6144/6144 6939/6939 6170/6170
f 6356/6356 6317/6317 6384/6384
f 6382/6382 6384/6384 6939/6939
f 6384/6384 6382/6382 6351/6351
f 6206/6206 6238/6238 6269/6269
f 6351/6351 6206/6206 6269/6269
f 6315/6315 6351/6351 6269/6269
f 6315/6315 6269/6269 6350/6350
f 6350/6350 6351/6351 6315/6315
f 6356/6356 6384/6384 6350/6350
f 6317/6317 6356/6356 6350/6350
f 6238/6238 6317/6317 6269/6269
f 6268/6268 6317/6317 6238/6238
f 6267/6267 6317/6317 6268/6268
f 6349/6349 6370/6370 6267/6267
f 6334/6334 6349/6349 6267/6267
f 6206/6206 6382/6382 6939/6939
f 6351/6351 6382/6382 6206/6206
f 4157/4157 309/309 5443/5443
f 6241/6241 6270/6270 6240/6240
f 6207/6207 6270/6270 6241/6241
f 6207/6207 6241/6241 6240/6240
f 6163/6163 6141/6141 6167/6167
f 6166/6166 6167/6167 6141/6141
f 6163/6163 6167/6167 6166/6166
f 6355/6355 6354/6354 6352/6352
f 6388/6388 6355/6355 6352/6352
f 6388/6388 6354/6354 6355/6355
f 6291/6291 6388/6388 6389/6389
f 6389/6389 6415/6415 6291/6291
f 6388/6388 6415/6415 6389/6389
f 6488/6488 6388/6388 6518/6518
f 6488/6488 6518/6518 6519/6519
f 6388/6388 6488/6488 6519/6519
f 6513/6513 6388/6388 6519/6519
f 6566/6566 6388/6388 6513/6513
f 6566/6566 6513/6513 6519/6519
f 6449/6449 6443/6443 6446/6446
f 6412/6412 6449/6449 6446/6446
f 6412/6412 6446/6446 6443/6443
f 6410/6410 6412/6412 6443/6443
f 6444/6444 6410/6410 6443/6443
f 6444/6444 6412/6412 6410/6410
f 6343/6343 6411/6411 6368/6368
f 6444/6444 6368/6368 6411/6411
f 6343/6343 6368/6368 6444/6444
f 6445/6445 6378/6378 6444/6444
f 6445/6445 6426/6426 6378/6378
f 6447/6447 6445/6445 6509/6509
f 6426/6426 6445/6445 6447/6447
f 6537/6537 6581/6581 6563/6563
f 6537/6537 6563/6563 6577/6577
f 6581/6581 6577/6577 6563/6563
f 6447/6447 6509/6509 6426/6426
f 6576/6576 6508/6508 6509/6509
f 6536/6536 6509/6509 6508/6508
f 6576/6576 6536/6536 6508/6508
f 6426/6426 6509/6509 6448/6448
f 6562/6562 6472/6472 6579/6579
f 6528/6528 6472/6472 6562/6562
f 6528/6528 6562/6562 6579/6579
f 6523/6523 6534/6534 6528/6528
f 6448/6448 6509/6509 6472/6472
f 6502/6502 6523/6523 6528/6528
f 6502/6502 6534/6534 6523/6523
f 6526/6526 6502/6502 6555/6555
f 6564/6564 6555/6555 6528/6528
f 6555/6555 6262/6262 6526/6526
f 6579/6579 6564/6564 6528/6528
f 6555/6555 6564/6564 6579/6579
f 6535/6535 6555/6555 6579/6579
f 6532/6532 6535/6535 6631/6631
f 6532/6532 6555/6555 6535/6535
f 6262/6262 6555/6555 6532/6532
f 6502/6502 6526/6526 6262/6262
f 6262/6262 6469/6469 6470/6470
f 6497/6497 6502/6502 6404/6404
f 6534/6534 6502/6502 6497/6497
f 6469/6469 6404/6404 6470/6470
f 6472/6472 6534/6534 6497/6497
f 6472/6472 6497/6497 6404/6404
f 6262/6262 6404/6404 6469/6469
f 6472/6472 6404/6404 6448/6448
f 6426/6426 6448/6448 6404/6404
f 6380/6380 6404/6404 6285/6285
f 6444/6444 6378/6378 6426/6426
f 6426/6426 6311/6311 6444/6444
f 6343/6343 6444/6444 6339/6339
f 6339/6339 6444/6444 6311/6311
f 6339/6339 6311/6311 6343/6343
f 6312/6312 6266/6266 6380/6380
f 6314/6314 6312/6312 6380/6380
f 6266/6266 6312/6312 6314/6314
f 6314/6314 6380/6380 6285/6285
f 6404/6404 6262/6262 6285/6285
f 6464/6464 6262/6262 6532/6532
f 6262/6262 6464/6464 6463/6463
f 6463/6463 6464/6464 6532/6532
f 6503/6503 6532/6532 6580/6580
f 6580/6580 6578/6578 6560/6560
f 6617/6617 6560/6560 6578/6578
f 6619/6619 6636/6636 6532/6532
f 6580/6580 6560/6560 6617/6617
f 6281/6281 6503/6503 6431/6431
f 6457/6457 6456/6456 6484/6484
f 6431/6431 6457/6457 6484/6484
f 6456/6456 6457/6457 6431/6431
f 6460/6460 6431/6431 6598/6598
f 6405/6405 6431/6431 6460/6460
f 6503/6503 6598/6598 6431/6431
f 6598/6598 6405/6405 6460/6460
f 6507/6507 6405/6405 6598/6598
f 6456/6456 6405/6405 6381/6381
f 6281/6281 6456/6456 6381/6381
f 6405/6405 6281/6281 6381/6381
f 6345/6345 6385/6385 6386/6386
f 6386/6386 6385/6385 6413/6413
f 6413/6413 6345/6345 6386/6386
f 6489/6489 6332/6332 6345/6345
f 6405/6405 6507/6507 6489/6489
f 6451/6451 6489/6489 6599/6599
f 6332/6332 6489/6489 6451/6451
f 6599/6599 6332/6332 6451/6451
f 6305/6305 6308/6308 6332/6332
f 6306/6306 6305/6305 6332/6332
f 6306/6306 6308/6308 6305/6305
f 6905/6905 6050/6050 6140/6140
f 6140/6140 6599/6599 6905/6905
f 6507/6507 6599/6599 6489/6489
f 6140/6140 6416/6416 6599/6599
f 6598/6598 6599/6599 6507/6507
f 6598/6598 6643/6643 6599/6599
f 6705/6705 6599/6599 6643/6643
f 6598/6598 6705/6705 6643/6643
f 6598/6598 6672/6672 6705/6705
f 6667/6667 6598/6598 6617/6617
f 6617/6617 6666/6666 6667/6667
f 6666/6666 6598/6598 6667/6667
f 6672/6672 6598/6598 6666/6666
f 6705/6705 6672/6672 6666/6666
f 6631/6631 6666/6666 6671/6671
f 6654/6654 6671/6671 6666/6666
f 6631/6631 6671/6671 6654/6654
f 6631/6631 6636/6636 6619/6619
f 6532/6532 6631/6631 6619/6619
f 6705/6705 6631/6631 6711/6711
f 6711/6711 6734/6734 6733/6733
f 6947/6947 6733/6733 6734/6734
f 6711/6711 6733/6733 6947/6947
f 6905/6905 6705/6705 6947/6947
f 6599/6599 6705/6705 6905/6905
f 6734/6734 6889/6889 6947/6947
f 6631/6631 6737/6737 6734/6734
f 6763/6763 6734/6734 6737/6737
f 6763/6763 6737/6737 6631/6631
f 6579/6579 6631/6631 6535/6535
f 6670/6670 6631/6631 6579/6579
f 6631/6631 6670/6670 6669/6669
f 6579/6579 6669/6669 6670/6670
f 6693/6693 6735/6735 6669/6669
f 6787/6787 6763/6763 6669/6669
f 6735/6735 6787/6787 6669/6669
f 6693/6693 6787/6787 6735/6735
f 6763/6763 6787/6787 6889/6889
f 6950/6950 6889/6889 6787/6787
f 6889/6889 6734/6734 6763/6763
f 7062/7062 6050/6050 6905/6905
f 7258/7258 7062/7062 6905/6905
f 7225/7225 7258/7258 7154/7154
f 7225/7225 7252/7252 7258/7258
f 7274/7274 7062/7062 7258/7258
f 7274/7274 7258/7258 7374/7374
f 7225/7225 7268/7268 7246/7246
f 7252/7252 7246/7246 7270/7270
f 7074/7074 7045/7045 7071/7071
f 7092/7092 7074/7074 7071/7071
f 7045/7045 7074/7074 7092/7092
f 7108/7108 7135/7135 7092/7092
f 7211/7211 7115/7115 7092/7092
f 7211/7211 7092/7092 7135/7135
f 7211/7211 7135/7135 7108/7108
f 7115/7115 7211/7211 7134/7134
f 7153/7153 7152/7152 7211/7211
f 7092/7092 7115/7115 7134/7134
f 7134/7134 7211/7211 7152/7152
f 7134/7134 7152/7152 7153/7153
f 7153/7153 7114/7114 7134/7134
f 7030/7030 7045/7045 7092/7092
f 7030/7030 7044/7044 7045/7045
f 7033/7033 7045/7045 7044/7044
f 7033/7033 7044/7044 7030/7030
f 7114/7114 7091/7091 7030/7030
f 7091/7091 7032/7032 7030/7030
f 7114/7114 7032/7032 7091/7091
f 7014/7014 7033/7033 7032/7032
f 7001/7001 7033/7033 7014/7014
f 7016/7016 7033/7033 7001/7001
f 7043/7043 7016/7016 7029/7029
f 7015/7015 7029/7029 7016/7016
f 7043/7043 7029/7029 7015/7015
f 7001/7001 6971/6971 7016/7016
f 7014/7014 6971/6971 7001/7001
f 6984/6984 6971/6971 7014/7014
f 6948/6948 6984/6984 7014/7014
f 6963/6963 7016/7016 6971/6971
f 7000/7000 7016/7016 6963/6963
f 6971/6971 6984/6984 6948/6948
f 7013/7013 6985/6985 7032/7032
f 6962/6962 6948/6948 6961/6961
f 6947/6947 6961/6961 6948/6948
f 6947/6947 6962/6962 6961/6961
f 7013/7013 7046/7046 6985/6985
f 7032/7032 7046/7046 7013/7013
f 7047/7047 6948/6948 7046/7046
f 7047/7047 7046/7046 7154/7154
f 7032/7032 7094/7094 7046/7046
f 6948/6948 7047/7047 7154/7154
f 6905/6905 7154/7154 7258/7258
f 6947/6947 6889/6889 6898/6898
f 6898/6898 6889/6889 6950/6950
f 6950/6950 6890/6890 6891/6891
f 6794/6794 6818/6818 6792/6792
f 6816/6816 6818/6818 6794/6794
f 6816/6816 6794/6794 6792/6792
f 6693/6693 6816/6816 6787/6787
f 6844/6844 6866/6866 6788/6788
f 6854/6854 6844/6844 6788/6788
f 6854/6854 6866/6866 6844/6844
f 6853/6853 6819/6819 6887/6887
f 6819/6819 6853/6853 6866/6866
f 6866/6866 6853/6853 6887/6887
f 6873/6873 6946/6946 6888/6888
f 6910/6910 6873/6873 6888/6888
f 6865/6865 6910/6910 6888/6888
f 6676/6676 6625/6625 6603/6603
f 6674/6674 6676/6676 6603/6603
f 6674/6674 6519/6519 6583/6583
f 6565/6565 6583/6583 6519/6519
f 6674/6674 6583/6583 6565/6565
f 6625/6625 6676/6676 6674/6674
f 6565/6565 6585/6585 6674/6674
f 6585/6585 6602/6602 6674/6674
f 6585/6585 6565/6565 6602/6602
f 6602/6602 6565/6565 6582/6582
f 6602/6602 6624/6624 6644/6644
f 6584/6584 6602/6602 6582/6582
f 6565/6565 6584/6584 6582/6582
f 6623/6623 6624/6624 6602/6602
f 6644/6644 6624/6624 6623/6623
f 6450/6450 6538/6538 6561/6561
f 6538/6538 6466/6466 6561/6561
f 6450/6450 6466/6466 6538/6538
f 6512/6512 6466/6466 6450/6450
f 6369/6369 6466/6466 6512/6512
f 6450/6450 6369/6369 6512/6512
f 6353/6353 6474/6474 6473/6473
f 6390/6390 6473/6473 6474/6474
f 6390/6390 6353/6353 6473/6473
f 2660/2660 2686/2686 2661/2661
f 2566/2566 2660/2660 2661/2661
f 2686/2686 2660/2660 2566/2566
f 2638/2638 2686/2686 2566/2566
f 2801/2801 2686/2686 2638/2638
f 2566/2566 2801/2801 2638/2638
f 136/136 60/60 110/110
f 4040/4040 136/136 110/110
f 4040/4040 110/110 60/60
f 4040/4040 4736/4736 148/148
f 5214/5214 4665/4665 4664/4664
f 4597/4597 4666/4666 4665/4665
f 4664/4664 4666/4666 4597/4597
f 4665/4665 4666/4666 4664/4664
f 4656/4656 5214/5214 4664/4664
f 1218/1218 1169/1169 1125/1125
f 1169/1169 1305/1305 1125/1125
f 1218/1218 1305/1305 1169/1169
f 1179/1179 1397/1397 1222/1222
f 379/379 883/883 4307/4307
f 379/379 5036/5036 524/524
f 4306/4306 5036/5036 379/379
f 4154/4154 4306/4306 379/379
f 4226/4226 4155/4155 4154/4154
f 4306/4306 4155/4155 4226/4226
f 4306/4306 4226/4226 4154/4154
f 4306/4306 4154/4154 5452/5452
f 5036/5036 4306/4306 5452/5452
f 4151/4151 4307/4307 4225/4225
f 5452/5452 4225/4225 4307/4307
f 752/752 540/540 758/758
f 590/590 540/540 674/674
f 540/540 711/711 758/758
f 752/752 711/711 540/540
f 330/330 711/711 752/752
f 4079/4079 330/330 140/140
f 5293/5293 5046/5046 4748/4748
f 4709/4709 4227/4227 5107/5107
f 4227/4227 4709/4709 4231/4231
f 5113/5113 5198/5198 5197/5197
f 5164/5164 5197/5197 5198/5198
f 5113/5113 5197/5197 5164/5164
f 4989/4989 5164/5164 5198/5198
f 5095/5095 5111/5111 5164/5164
f 4989/4989 4742/4742 5095/5095
f 5095/5095 5164/5164 4989/4989
f 4033/4033 4742/4742 4989/4989
f 4887/4887 4742/4742 4886/4886
f 4885/4885 4887/4887 4886/4886
f 4742/4742 4885/4885 4886/4886
f 4159/4159 4231/4231 514/514
f 4231/4231 4159/4159 4227/4227
f 514/514 4231/4231 207/207
f 446/446 445/445 517/517
f 517/517 445/445 409/409
f 446/446 409/409 445/445
f 409/409 610/610 517/517
f 610/610 507/507 781/781
f 519/519 610/610 409/409
f 519/519 120/120 610/610
f 330/330 498/498 140/140
f 140/140 498/498 401/401
f 541/541 140/140 401/401
f 5515/5515 220/220 5014/5014
f 5295/5295 220/220 5515/5515
f 5328/5328 220/220 5295/5295
f 5515/5515 5328/5328 5295/5295
f 5466/5466 5328/5328 5515/5515
f 7055/7055 7088/7088 7127/7127
f 7055/7055 7072/7072 7073/7073
f 7056/7056 7073/7073 7072/7072
f 7055/7055 7073/7073 7056/7056
f 7017/7017 7088/7088 7055/7055
f 7017/7017 7127/7127 7088/7088
f 3412/3412 3459/3459 3458/3458
f 3291/3291 3412/3412 3458/3458
f 3477/3477 3516/3516 3458/3458
f 3291/3291 3516/3516 3477/3477
f 3291/3291 3458/3458 3516/3516
f 4993/4993 5304/5304 4994/4994
f 4918/4918 4993/4993 4994/4994
f 5304/5304 4918/4918 4994/4994
f 4918/4918 5304/5304 5110/5110
f 4156/4156 4310/4310 4897/4897
f 4309/4309 4232/4232 4310/4310
f 4161/4161 4310/4310 4232/4232
f 4309/4309 4161/4161 4232/4232
f 4529/4529 4161/4161 4090/4090
f 4156/4156 4090/4090 4161/4161
f 4090/4090 4156/4156 4897/4897
f 5108/5108 148/148 4736/4736
f 3492/3492 3276/3276 3340/3340
f 2693/2693 2776/2776 2728/2728
f 2776/2776 2692/2692 2728/2728
f 2806/2806 2776/2776 2842/2842
f 2775/2775 2776/2776 2806/2806
f 2906/2906 2905/2905 2776/2776
f 2998/2998 2905/2905 2906/2906
f 2776/2776 2905/2905 2998/2998
f 3039/3039 2998/2998 3106/3106
f 2947/2947 2998/2998 3039/3039
f 3106/3106 2947/2947 3039/3039
f 3139/3139 3075/3075 3191/3191
f 3190/3190 3139/3139 3191/3191
f 3104/3104 3165/3165 3190/3190
f 3075/3075 3165/3165 3104/3104
f 3190/3190 3165/3165 3075/3075
f 3076/3076 3104/3104 3072/3072
f 3076/3076 3072/3072 3034/3034
f 3034/3034 3104/3104 3076/3076
f 3034/3034 3075/3075 3104/3104
f 3139/3139 3190/3190 3075/3075
f 3034/3034 3035/3035 3075/3075
f 2842/2842 3075/3075 3035/3035
f 2842/2842 3035/3035 3034/3034
f 3075/3075 2842/2842 2996/2996
f 3077/3077 3075/3075 2996/2996
f 2842/2842 3077/3077 2996/2996
f 2945/2945 2842/2842 2904/2904
f 2947/2947 2842/2842 2945/2945
f 2947/2947 2945/2945 2904/2904
f 2881/2881 2842/2842 3034/3034
f 2841/2841 2842/2842 2881/2881
f 2841/2841 2882/2882 2842/2842
f 3034/3034 2841/2841 2881/2881
f 2880/2880 2841/2841 3034/3034
f 2841/2841 2880/2880 2993/2993
f 3034/3034 2993/2993 2880/2880
f 2598/2598 2993/2993 3072/3072
f 2721/2721 2683/2683 2879/2879
f 2839/2839 2838/2838 2598/2598
f 2839/2839 2598/2598 3100/3100
f 2876/2876 2838/2838 2839/2839
f 3072/3072 3100/3100 2598/2598
f 2988/2988 3100/3100 2983/2983
f 3100/3100 2988/2988 2940/2940
f 2983/2983 2940/2940 2988/2988
f 2940/2940 2983/2983 2938/2938
f 2938/2938 2839/2839 2940/2940
f 2839/2839 2938/2938 2983/2983
f 2876/2876 2839/2839 2983/2983
f 2983/2983 2838/2838 2876/2876
f 2763/2763 2833/2833 2870/2870
f 3096/3096 2870/2870 2900/2900
f 3138/3138 2870/2870 3096/3096
f 3180/3180 3138/3138 3096/3096
f 3138/3138 3180/3180 2870/2870
f 3155/3155 2870/2870 3154/3154
f 3141/3141 2870/2870 3155/3155
f 3154/3154 3141/3141 3155/3155
f 1255/1255 3141/3141 3123/3123
f 3124/3124 3123/3123 3141/3141
f 1255/1255 3123/3123 3124/3124
f 2870/2870 1255/1255 2597/2597
f 2764/2764 2833/2833 2763/2763
f 2870/2870 2833/2833 2764/2764
f 2900/2900 2870/2870 2680/2680
f 2983/2983 2900/2900 2680/2680
f 2900/2900 2983/2983 3096/3096
f 2870/2870 2597/2597 2680/2680
f 2650/2650 2597/2597 2598/2598
f 2838/2838 2650/2650 2598/2598
f 2650/2650 2838/2838 2651/2651
f 2652/2652 2597/2597 2650/2650
f 2652/2652 2650/2650 2651/2651
f 2652/2652 2651/2651 2838/2838
f 2597/2597 2652/2652 2680/2680
f 2717/2717 2680/2680 2652/2652
f 2838/2838 2717/2717 2652/2652
f 2838/2838 2680/2680 2717/2717
f 103/103 4088/4088 4243/4243
f 4368/4368 4042/4042 4243/4243
f 4042/4042 4368/4368 4047/4047
f 103/103 4243/4243 4042/4042
f 103/103 4042/4042 4047/4047
f 4077/4077 4553/4553 4139/4139
f 4077/4077 4139/4139 4181/4181
f 4105/4105 4175/4175 135/135
f 4077/4077 4105/4105 135/135
f 539/539 79/79 4653/4653
f 4033/4033 4989/4989 5388/5388
f 4033/4033 5095/5095 4742/4742
f 5285/5285 5051/5051 4033/4033
f 155/155 5408/5408 328/328
f 3521/3521 3308/3308 3472/3472
f 3525/3525 3521/3521 3472/3472
f 3515/3515 3525/3525 3472/3472
f 3348/3348 3298/3298 3361/3361
f 3327/3327 3324/3324 3298/3298
f 3348/3348 3324/3324 3327/3327
f 3269/3269 3298/3298 3348/3348
f 3348/3348 3341/3341 3269/3269
f 3327/3327 3298/3298 3348/3348
f 3472/3472 3269/3269 3341/3341
f 3361/3361 3400/3400 3348/3348
f 3472/3472 3400/3400 3361/3361
f 2310/2310 1970/1970 2339/2339
f 2246/2246 2339/2339 1970/1970
f 5452/5452 4307/4307 699/699
f 188/188 4529/4529 207/207
f 4091/4091 4093/4093 817/817
f 4033/4033 67/67 875/875
f 333/333 4040/4040 148/148
f 4736/4736 4040/4040 333/333
f 5388/5388 5405/5405 507/507
f 120/120 5388/5388 507/507
f 3540/3540 3520/3520 3541/3541
f 3563/3563 3540/3540 3541/3541
f 3520/3520 3540/3540 3563/3563
f 3525/3525 3515/3515 3520/3520
f 3521/3521 3525/3525 3520/3520
f 3522/3522 3515/3515 3523/3523
f 3541/3541 3515/3515 3522/3522
f 3541/3541 3522/3522 3523/3523
f 3472/3472 3523/3523 3515/3515
f 3361/3361 3523/3523 3472/3472
f 3305/3305 3164/3164 3302/3302
f 3228/3228 3248/3248 3281/3281
f 3183/3183 3281/3281 3302/3302
f 3228/3228 3281/3281 3183/3183
f 3183/3183 3302/3302 3097/3097
f 3228/3228 3183/3183 3248/3248
f 3163/3163 3162/3162 3129/3129
f 3099/3099 3129/3129 3162/3162
f 3163/3163 3129/3129 3099/3099
f 3137/3137 3136/3136 3073/3073
f 3229/3229 3136/3136 3137/3137
f 3073/3073 3136/3136 3229/3229
f 3188/3188 3229/3229 3137/3137
f 3229/3229 3188/3188 3187/3187
f 3229/3229 3187/3187 3253/3253
f 3253/3253 3187/3187 3188/3188
f 3312/3312 3206/3206 3284/3284
f 3390/3390 3286/3286 3313/3313
f 3312/3312 3395/3395 3331/3331
f 3331/3331 3390/3390 3312/3312
f 3482/3482 3312/3312 3390/3390
f 3482/3482 3435/3435 3312/3312
f 3395/3395 3390/3390 3331/3331
f 3461/3461 3435/3435 3482/3482
f 3383/3383 3312/3312 3435/3435
f 3247/3247 3312/3312 3383/3383
f 3247/3247 3383/3383 3288/3288
f 3247/3247 3288/3288 3270/3270
f 3271/3271 3270/3270 3288/3288
f 3247/3247 3270/3270 3271/3271
f 3164/3164 3305/3305 3383/3383
f 3288/3288 3383/3383 3305/3305
f 3383/3383 3435/3435 3164/3164
f 3461/3461 3361/3361 3435/3435
f 3361/3361 3461/3461 3482/3482
f 3361/3361 3164/3164 3435/3435
f 3411/3411 3390/3390 3388/3388
f 3387/3387 3390/3390 3411/3411
f 3482/3482 3390/3390 3387/3387
f 3361/3361 3482/3482 3554/3554
f 3533/3533 3532/3532 3560/3560
f 3559/3559 3533/3533 3560/3560
f 3532/3532 3533/3533 3559/3559
f 3531/3531 3532/3532 3524/3524
f 3554/3554 3532/3532 3531/3531
f 3531/3531 3524/3524 3554/3554
f 3566/3566 3361/3361 3554/3554
f 3556/3556 3566/3566 3554/3554
f 3570/3570 3556/3556 3554/3554
f 3566/3566 3556/3556 3570/3570
f 3566/3566 3523/3523 3361/3361
f 2275/2275 2277/2277 2279/2279
f 2276/2276 2279/2279 2277/2277
f 2276/2276 2277/2277 2275/2275
f 2339/2339 2307/2307 2310/2310
f 2307/2307 1970/1970 2310/2310
f 2064/2064 2020/2020 2024/2024
f 377/377 4093/4093 5106/5106
f 4164/4164 4318/4318 149/149
f 3230/3230 3208/3208 3255/3255
f 3230/3230 3287/3287 3208/3208
f 3287/3287 3230/3230 3255/3255
f 3272/3272 3290/3290 3289/3289
f 3314/3314 3290/3290 3272/3272
f 3289/3289 3290/3290 3314/3314
f 3386/3386 3314/3314 3409/3409
f 3387/3387 3314/3314 3386/3386
f 3409/3409 3387/3387 3386/3386
f 3410/3410 3387/3387 3409/3409
f 3387/3387 3411/3411 3388/3388
f 3409/3409 3517/3517 3410/3410
f 3517/3517 3387/3387 3410/3410
f 3387/3387 3517/3517 3482/3482
f 3554/3554 3482/3482 3517/3517
f 2806/2806 2842/2842 2775/2775
f 2775/2775 2842/2842 2725/2725
f 2725/2725 2842/2842 2882/2882
f 2882/2882 2775/2775 2725/2725
f 2726/2726 2775/2775 2882/2882
f 2692/2692 2775/2775 2726/2726
f 2692/2692 2726/2726 2882/2882
f 2724/2724 2684/2684 2882/2882
f 2772/2772 2724/2724 2882/2882
f 2772/2772 2684/2684 2724/2724
f 2626/2626 2684/2684 2879/2879
f 2562/2562 2684/2684 2626/2626
f 2879/2879 2562/2562 2626/2626
f 2599/2599 2684/2684 2562/2562
f 2600/2600 2684/2684 2599/2599
f 2562/2562 2600/2600 2599/2599
f 2535/2535 2600/2600 2562/2562
f 2562/2562 2456/2456 2535/2535
f 2600/2600 2535/2535 2456/2456
f 2326/2326 2292/2292 2410/2410
f 2295/2295 2292/2292 2294/2294
f 2256/2256 2295/2295 2294/2294
f 2292/2292 2256/2256 2294/2294
f 2326/2326 2410/2410 2325/2325
f 2292/2292 2326/2326 2325/2325
f 2208/2208 2256/2256 2182/2182
f 2076/2076 2353/2353 1923/1923
f 2146/2146 1886/1886 1923/1923
f 1798/1798 1762/1762 1922/1922
f 1692/1692 1798/1798 1922/1922
f 1762/1762 1798/1798 1692/1692
f 1622/1622 1762/1762 1692/1692
f 1886/1886 1762/1762 1843/1843
f 1888/1888 1843/1843 1762/1762
f 1886/1886 1843/1843 1888/1888
f 1696/1696 1762/1762 1763/1763
f 1730/1730 1763/1763 1762/1762
f 1696/1696 1763/1763 1730/1730
f 1729/1729 1696/1696 1730/1730
f 1799/1799 1761/1761 1696/1696
f 1888/1888 1696/1696 1761/1761
f 1888/1888 1761/1761 1799/1799
f 1663/1663 1888/1888 1799/1799
f 1886/1886 1888/1888 1923/1923
f 1663/1663 1923/1923 1888/1888
f 2076/2076 1923/1923 1663/1663
f 4088/4088 238/238 4243/4243
f 4088/4088 129/129 238/238
f 4388/4388 4292/4292 4348/4348
f 4234/4234 4348/4348 4292/4292
f 4234/4234 4388/4388 4348/4348
f 4086/4086 4235/4235 4234/4234
f 4222/4222 4235/4235 4086/4086
f 4222/4222 4234/4234 4235/4235
f 4383/4383 4382/4382 4222/4222
f 4217/4217 4382/4382 4383/4383
f 4217/4217 4383/4383 4222/4222
f 129/129 4047/4047 4368/4368
f 4368/4368 4243/4243 129/129
f 5202/5202 4139/4139 4553/4553
f 4773/4773 5202/5202 5481/5481
f 5548/5548 4773/4773 5481/5481
f 4454/4454 5548/5548 5481/5481
f 5508/5508 5505/5505 5507/5507
f 4608/4608 4605/4605 4523/4523
f 3329/3329 3472/3472 3308/3308
f 3432/3432 3472/3472 3329/3329
f 3432/3432 3329/3329 3358/3358
f 3364/3364 3472/3472 3432/3432
f 2723/2723 3329/3329 3308/3308
f 3358/3358 3329/3329 3310/3310
f 3358/3358 3310/3310 3333/3333
f 3353/3353 3328/3328 3334/3334
f 3353/3353 3334/3334 3333/3333
f 3328/3328 3353/3353 3333/3333
f 3269/3269 3472/3472 3333/3333
f 3310/3310 3269/3269 3333/3333
f 3298/3298 3269/3269 3164/3164
f 3298/3298 3164/3164 3361/3361
f 3310/3310 3122/3122 3164/3164
f 3122/3122 3093/3093 3164/3164
f 3042/3042 3093/3093 3122/3122
f 3042/3042 3122/3122 3040/3040
f 3021/3021 3024/3024 3053/3053
f 3023/3023 3021/3021 3053/3053
f 3023/3023 3040/3040 2825/2825
f 3024/3024 3021/3021 3023/3023
f 2987/2987 3023/3023 2825/2825
f 3040/3040 3122/3122 2825/2825
f 2825/2825 3016/3016 2987/2987
f 3014/3014 2987/2987 3016/3016
f 2984/2984 2987/2987 3020/3020
f 2986/2986 2987/2987 2984/2984
f 2986/2986 2984/2984 3020/3020
f 3014/3014 3019/3019 3020/3020
f 3025/3025 3019/3019 3014/3014
f 3020/3020 3019/3019 3025/3025
f 3014/3014 3042/3042 3040/3040
f 3093/3093 3042/3042 3066/3066
f 3014/3014 3016/3016 3042/3042
f 2825/2825 2861/2861 2976/2976
f 2825/2825 2976/2976 3016/3016
f 3012/3012 2976/2976 3013/3013
f 3070/3070 3012/3012 3013/3013
f 3016/3016 2976/2976 3070/3070
f 3070/3070 3013/3013 2976/2976
f 3070/3070 2976/2976 3008/3008
f 3006/3006 3070/3070 3008/3008
f 2976/2976 3006/3006 3008/3008
f 2828/2828 2976/2976 2861/2861
f 2868/2868 2828/2828 2861/2861
f 2790/2790 2829/2829 2868/2868
f 2859/2859 2790/2790 2868/2868
f 2789/2789 2788/2788 2761/2761
f 2829/2829 2790/2790 2859/2859
f 2861/2861 2859/2859 2868/2868
f 2789/2789 2761/2761 2760/2760
f 2788/2788 2789/2789 2760/2760
f 2545/2545 2746/2746 2760/2760
f 2712/2712 2545/2545 2760/2760
f 2712/2712 2760/2760 2829/2829
f 2141/2141 2067/2067 2108/2108
f 2178/2178 2141/2141 2108/2108
f 2178/2178 2231/2231 2141/2141
f 5036/5036 4087/4087 524/524
f 4162/4162 4093/4093 4097/4097
f 4308/4308 4093/4093 4162/4162
f 4308/4308 507/507 4093/4093
f 5316/5316 5330/5330 5311/5311
f 5294/5294 5330/5330 5316/5316
f 5294/5294 5316/5316 5311/5311
f 5294/5294 5271/5271 5272/5272
f 5561/5561 5272/5272 5271/5271
f 5294/5294 5272/5272 5561/5561
f 5277/5277 5561/5561 5259/5259
f 5232/5232 5561/5561 79/79
f 5232/5232 5277/5277 5259/5259
f 5561/5561 5232/5232 5259/5259
f 3371/3371 3374/3374 3364/3364
f 3358/3358 3371/3371 3364/3364
f 3374/3374 3371/3371 3358/3358
f 3313/3313 3285/3285 3390/3390
f 3286/3286 3285/3285 3313/3313
f 3251/3251 3253/3253 3287/3287
f 3395/3395 3251/3251 3287/3287
f 3253/3253 3251/3251 3395/3395
f 1830/1830 1831/1831 1787/1787
f 6144/6144 6409/6409 6939/6939
f 6939/6939 6409/6409 6784/6784
f 2291/2291 2309/2309 2313/2313
f 2135/2135 2089/2089 2086/2086
f 1966/1966 2052/2052 2162/2162
f 1725/1725 1966/1966 2162/2162
f 1934/1934 1976/1976 1857/1857
f 1857/1857 1941/1941 1934/1934
f 2025/2025 1976/1976 2053/2053
f 2056/2056 1976/1976 2025/2025
f 2053/2053 2056/2056 2025/2025
f 2040/2040 2056/2056 2095/2095
f 2012/2012 2056/2056 2040/2040
f 2095/2095 2012/2012 2040/2040
f 1857/1857 1976/1976 1863/1863
f 2014/2014 2043/2043 2044/2044
f 2057/2057 2044/2044 2043/2043
f 2061/2061 2057/2057 2043/2043
f 2098/2098 2061/2061 2043/2043
f 2057/2057 2061/2061 2098/2098
f 1976/1976 2162/2162 2052/2052
f 1976/1976 1934/1934 2162/2162
f 2156/2156 2180/2180 2162/2162
f 2156/2156 2162/2162 1934/1934
f 1941/1941 2156/2156 1934/1934
f 1941/1941 1857/1857 1863/1863
f 2014/2014 2044/2044 2057/2057
f 2048/2048 2099/2099 2049/2049
f 1863/1863 2099/2099 2048/2048
f 2049/2049 1863/1863 2048/2048
f 4354/4354 4351/4351 4379/4379
f 4323/4323 4354/4354 4379/4379
f 4351/4351 4354/4354 4323/4323
f 4773/4773 4139/4139 5202/5202
f 4695/4695 4139/4139 4773/4773
f 4695/4695 4702/4702 4747/4747
f 4753/4753 4747/4747 4702/4702
f 4695/4695 4747/4747 4753/4753
f 4695/4695 5548/5548 4139/4139
f 5548/5548 4695/4695 4773/4773
f 4139/4139 5548/5548 4181/4181
f 4175/4175 4105/4105 4181/4181
f 4105/4105 4077/4077 4181/4181
f 5118/5118 5114/5114 5233/5233
f 5049/5049 5118/5118 5233/5233
f 5114/5114 5118/5118 5049/5049
f 5374/5374 5312/5312 5132/5132
f 5047/5047 5312/5312 5374/5374
f 5132/5132 5312/5312 5047/5047
f 5205/5205 4858/4858 5047/5047
f 4986/4986 5080/5080 5026/5026
f 5026/5026 5080/5080 4858/4858
f 4986/4986 5026/5026 4858/4858
f 4534/4534 4450/4450 4324/4324
f 4629/4629 4534/4534 4324/4324
f 4629/4629 4450/4450 4534/4534
f 135/135 4327/4327 4324/4324
f 135/135 4175/4175 4327/4327
f 4486/4486 4324/4324 4327/4327
f 4453/4453 4324/4324 4486/4486
f 4454/4454 4453/4453 4486/4486
f 4454/4454 4486/4486 4175/4175
f 4175/4175 4486/4486 4327/4327
f 5681/5681 5748/5748 5653/5653
f 5592/5592 5748/5748 5681/5681
f 5592/5592 6090/6090 5710/5710
f 5710/5710 6090/6090 5811/5811
f 5835/5835 5710/5710 5811/5811
f 5835/5835 5859/5859 5710/5710
f 5784/5784 5748/5748 5860/5860
f 5811/5811 5859/5859 5835/5835
f 5881/5881 5859/5859 5898/5898
f 5881/5881 5880/5880 5859/5859
f 5784/5784 5860/5860 5919/5919
f 5748/5748 5784/5784 5919/5919
f 5881/5881 5898/5898 5880/5880
f 6005/6005 5919/5919 5950/5950
f 5951/5951 6005/6005 5950/5950
f 5919/5919 5951/5951 5950/5950
f 5918/5918 5811/5811 6144/6144
f 6144/6144 6170/6170 5918/5918
f 6090/6090 6144/6144 5811/5811
f 2353/2353 2534/2534 1923/1923
f 2598/2598 1923/1923 2534/2534
f 2993/2993 2598/2598 2534/2534
f 2683/2683 2721/2721 2655/2655
f 2879/2879 2683/2683 2655/2655
f 2879/2879 2655/2655 2562/2562
f 2562/2562 2655/2655 2563/2563
f 2563/2563 2534/2534 2562/2562
f 2655/2655 2534/2534 2563/2563
f 2222/2222 2058/2058 2137/2137
f 2088/2088 2137/2137 2058/2058
f 2070/2070 2088/2088 2058/2058
f 2070/2070 2092/2092 2088/2088
f 2137/2137 2088/2088 2097/2097
f 2094/2094 2088/2088 2092/2092
f 2097/2097 2088/2088 2094/2094
f 2137/2137 2092/2092 2070/2070
f 2093/2093 2094/2094 2092/2092
f 2097/2097 2094/2094 2093/2093
f 2137/2137 2093/2093 2092/2092
f 2137/2137 2097/2097 2093/2093
f 1903/1903 2137/2137 2070/2070
f 2137/2137 1903/1903 2139/2139
f 2137/2137 2139/2139 1994/1994
f 2137/2137 1994/1994 2222/2222
f 2169/2169 1615/1615 2245/2245
f 1511/1511 1615/1615 2169/2169
f 1511/1511 2169/2169 2103/2103
f 1757/1757 1793/1793 1874/1874
f 1685/1685 1793/1793 1757/1757
f 1874/1874 1793/1793 1685/1685
f 4415/4415 4173/4173 4215/4215
f 3279/3279 3340/3340 3355/3355
f 3279/3279 3223/3223 3340/3340
f 3280/3280 3223/3223 3279/3279
f 2161/2161 2222/2222 1994/1994
f 6644/6644 6622/6622 6692/6692
f 6913/6913 6910/6910 6925/6925
f 2169/2169 2450/2450 2103/2103
f 2245/2245 3244/3244 2169/2169
f 4104/4104 4106/4106 4096/4096
f 4096/4096 4106/4106 4160/4160
f 4160/4160 4106/4106 4104/4104
f 4396/4396 4242/4242 4255/4255
f 4276/4276 4255/4255 4242/4242
f 4396/4396 4255/4255 4276/4276
f 4311/4311 4328/4328 4276/4276
f 5551/5551 5367/5367 5018/5018
f 5487/5487 5486/5486 5485/5485
f 5504/5504 5487/5487 5485/5485
f 5504/5504 5486/5486 5487/5487
f 5024/5024 5018/5018 5004/5004
f 5024/5024 5004/5004 5559/5559
f 5018/5018 5024/5024 5559/5559
f 5559/5559 5551/5551 5018/5018
f 5172/5172 5551/5551 5559/5559
f 5023/5023 5559/5559 5021/5021
f 4884/4884 5021/5021 5559/5559
f 5023/5023 5021/5021 4884/4884
f 4601/4601 4671/4671 4672/4672
f 4876/4876 4672/4672 4671/4671
f 4601/4601 4876/4876 4671/4671
f 5172/5172 5559/5559 5529/5529
f 5560/5560 5556/5556 5557/5557
f 4364/4364 5560/5560 5557/5557
f 5556/5556 5560/5560 4364/4364
f 5556/5556 5529/5529 5559/5559
f 5556/5556 4364/4364 5529/5529
f 5048/5048 5367/5367 4431/4431
f 4110/4110 4165/4165 4127/4127
f 4431/4431 4060/4060 4127/4127
f 4110/4110 4127/4127 4060/4060
f 4060/4060 4431/4431 4150/4150
f 4364/4364 4150/4150 4431/4431
f 4150/4150 4110/4110 4060/4060
f 4220/4220 4219/4219 4149/4149
f 4294/4294 4219/4219 4220/4220
f 4149/4149 4219/4219 4294/4294
f 4110/4110 4150/4150 4165/4165
f 5018/5018 5367/5367 5048/5048
f 5529/5529 4431/4431 5367/5367
f 5529/5529 5367/5367 5504/5504
f 7351/7351 7334/7334 7338/7338
f 7351/7351 7333/7333 7334/7334
f 7353/7353 7354/7354 7333/7333
f 7354/7354 7360/7360 7333/7333
f 7333/7333 7360/7360 7371/7371
f 7360/7360 7354/7354 7353/7353
f 7349/7349 7350/7350 7351/7351
f 7359/7359 7349/7349 7351/7351
f 7350/7350 7349/7349 7359/7359
f 7367/7367 7358/7358 7359/7359
f 7362/7362 7359/7359 7358/7358
f 7367/7367 7362/7362 7358/7358
f 7367/7367 7369/7369 7362/7362
f 7372/7372 7369/7369 7367/7367
f 7360/7360 7362/7362 7371/7371
f 7360/7360 7361/7361 7368/7368
f 7351/7351 7368/7368 7361/7361
f 7360/7360 7351/7351 7361/7361
f 7369/7369 7371/7371 7362/7362
f 7374/7374 7309/7309 7371/7371
f 7323/7323 7319/7319 7348/7348
f 7323/7323 7348/7348 7339/7339
f 7313/7313 7339/7339 7318/7318
f 7312/7312 7313/7313 7318/7318
f 7307/7307 7312/7312 7318/7318
f 7308/7308 7307/7307 7318/7318
f 7308/7308 7312/7312 7307/7307
f 7313/7313 7312/7312 7297/7297
f 7323/7323 7339/7339 7319/7319
f 7297/7297 7339/7339 7313/7313
f 7236/7236 7237/7237 7277/7277
f 7235/7235 7237/7237 7236/7236
f 7277/7277 7235/7235 7236/7236
f 7268/7268 7223/7223 7277/7277
f 7268/7268 7277/7277 7312/7312
f 7246/7246 7268/7268 7312/7312
f 7331/7331 7246/7246 7312/7312
f 7270/7270 7246/7246 7331/7331
f 7252/7252 7270/7270 7331/7331
f 7258/7258 7252/7252 7331/7331
f 7331/7331 7348/7348 7374/7374
f 7258/7258 7331/7331 7374/7374
f 7366/7366 7274/7274 7374/7374
f 7369/7369 7366/7366 7374/7374
f 129/129 4243/4243 238/238
f 2450/2450 2169/2169 2869/2869
f 2698/2698 2743/2743 2836/2836
f 2698/2698 2623/2623 2743/2743
f 2715/2715 2701/2701 2836/2836
f 2701/2701 2623/2623 2698/2698
f 2701/2701 2698/2698 2836/2836
f 2715/2715 2762/2762 2701/2701
f 2762/2762 2715/2715 2836/2836
f 2837/2837 2762/2762 2836/2836
f 2877/2877 2837/2837 2836/2836
f 2877/2877 2762/2762 2837/2837
f 1615/1615 57/57 608/608
f 7109/7109 7028/7028 7147/7147
f 7028/7028 7109/7109 7110/7110
f 7041/7041 7042/7042 7028/7028
f 7012/7012 7042/7042 7041/7041
f 7028/7028 7042/7042 7012/7012
f 7105/7105 7126/7126 7041/7041
f 7110/7110 7105/7105 7041/7041
f 7126/7126 7087/7087 7041/7041
f 7126/7126 7105/7105 7110/7110
f 7162/7162 7138/7138 7161/7161
f 7144/7144 7149/7149 7110/7110
f 7169/7169 7162/7162 7161/7161
f 7169/7169 7138/7138 7162/7162
f 7104/7104 7139/7139 7087/7087
f 7126/7126 7139/7139 7104/7104
f 7087/7087 7126/7126 7104/7104
f 7027/7027 6999/6999 7011/7011
f 7040/7040 6999/6999 7027/7027
f 7011/7011 7040/7040 7027/7027
f 6980/6980 7012/7012 7011/7011
f 6982/6982 7012/7012 6980/6980
f 6983/6983 6980/6980 7011/7011
f 6983/6983 6982/6982 6980/6980
f 6926/6926 6950/6950 6949/6949
f 6926/6926 6890/6890 6950/6950
f 6926/6926 6891/6891 6890/6890
f 6947/6947 6926/6926 6971/6971
f 6949/6949 7000/7000 6926/6926
f 6963/6963 6926/6926 7000/7000
f 6971/6971 6926/6926 6963/6963
f 6950/6950 7000/7000 6949/6949
f 6950/6950 6936/6936 7000/7000
f 6936/6936 7000/7000 6950/6950
f 2246/2246 1970/1970 2307/2307
f 5861/5861 5786/5786 5882/5882
f 5895/5895 5786/5786 5861/5861
f 5895/5895 5861/5861 5882/5882
f 5930/5930 5895/5895 6036/6036
f 6036/6036 5947/5947 5930/5930
f 5979/5979 6007/6007 5947/5947
f 6036/6036 5979/5979 5947/5947
f 6036/6036 6007/6007 5979/5979
f 6007/6007 6036/6036 6011/6011
f 6011/6011 6036/6036 6094/6094
f 6028/6028 6006/6006 6007/6007
f 6094/6094 6007/6007 6011/6011
f 6028/6028 6007/6007 6094/6094
f 6094/6094 6006/6006 6028/6028
f 6006/6006 6094/6094 6079/6079
f 6079/6079 6008/6008 6006/6006
f 6079/6079 6094/6094 6200/6200
f 6200/6200 6094/6094 6126/6126
f 6227/6227 6008/6008 6079/6079
f 6314/6314 6285/6285 6280/6280
f 6264/6264 6314/6314 6280/6280
f 6253/6253 6314/6314 6264/6264
f 6253/6253 6264/6264 6280/6280
f 6250/6250 6008/6008 6253/6253
f 6250/6250 6236/6236 6008/6008
f 6201/6201 6230/6230 6231/6231
f 6236/6236 6250/6250 6253/6253
f 6201/6201 6231/6231 6236/6236
f 6236/6236 6157/6157 6139/6139
f 6157/6157 6047/6047 6139/6139
f 6125/6125 6047/6047 6157/6157
f 6263/6263 6233/6233 6236/6236
f 6262/6262 6263/6263 6236/6236
f 6262/6262 6233/6233 6263/6263
f 6365/6365 6281/6281 6313/6313
f 6262/6262 6313/6313 6236/6236
f 6366/6366 6344/6344 6313/6313
f 6364/6364 6313/6313 6344/6344
f 6364/6364 6344/6344 6366/6366
f 6280/6280 6285/6285 6262/6262
f 6262/6262 6532/6532 6398/6398
f 6281/6281 6398/6398 6532/6532
f 6281/6281 6262/6262 6398/6398
f 6503/6503 6281/6281 6532/6532
f 6365/6365 6313/6313 6379/6379
f 6281/6281 6313/6313 6262/6262
f 6281/6281 6365/6365 6379/6379
f 7110/7110 7109/7109 7147/7147
f 7144/7144 7110/7110 7147/7147
f 7149/7149 7144/7144 7147/7147
f 6761/6761 6784/6784 6783/6783
f 6842/6842 6761/6761 6783/6783
f 6842/6842 6783/6783 6784/6784
f 6784/6784 6815/6815 6842/6842
f 6843/6843 6842/6842 6815/6815
f 6784/6784 6843/6843 6815/6815
f 6843/6843 6874/6874 6842/6842
f 6511/6511 6712/6712 6409/6409
f 6409/6409 6712/6712 6785/6785
f 6843/6843 6785/6785 6712/6712
f 6409/6409 6785/6785 6784/6784
f 6511/6511 6409/6409 6487/6487
f 6409/6409 6372/6372 6487/6487
f 6408/6408 6442/6442 6487/6487
f 6372/6372 6408/6408 6487/6487
f 6442/6442 6408/6408 6372/6372
f 6406/6406 6400/6400 6442/6442
f 6403/6403 6406/6406 6442/6442
f 6400/6400 6406/6406 6403/6403
f 6372/6372 6144/6144 6403/6403
f 6409/6409 6144/6144 6372/6372
f 6939/6939 6842/6842 6874/6874
f 6785/6785 6843/6843 6784/6784
f 6501/6501 6527/6527 6658/6658
f 6530/6530 6501/6501 6658/6658
f 6530/6530 6527/6527 6501/6501
f 6712/6712 6511/6511 6397/6397
f 6400/6400 6511/6511 6487/6487
f 6144/6144 6511/6511 6400/6400
f 6397/6397 6511/6511 6144/6144
f 6403/6403 6144/6144 6400/6400
f 6658/6658 6397/6397 6391/6391
f 6843/6843 6658/6658 6391/6391
f 6805/6805 6843/6843 6391/6391
f 6969/6969 6978/6978 6805/6805
f 7157/7157 6987/6987 6969/6969
f 6978/6978 7024/7024 6987/6987
f 7024/7024 6978/6978 7039/7039
f 6987/6987 7024/7024 7039/7039
f 6987/6987 7157/7157 6805/6805
f 6978/6978 6987/6987 6805/6805
f 7276/7276 6939/6939 6874/6874
f 6805/6805 7157/7157 6874/6874
f 7369/7369 7374/7374 7371/7371
f 7372/7372 7366/7366 7369/7369
f 3472/3472 3364/3364 3333/3333
f 3400/3400 3341/3341 3362/3362
f 3362/3362 3341/3341 3363/3363
f 3362/3362 3363/3363 3400/3400
f 3472/3472 3341/3341 3400/3400
f 3073/3073 3284/3284 3206/3206
f 3312/3312 3073/3073 3206/3206
f 3246/3246 3227/3227 3288/3288
f 3246/3246 3288/3288 3281/3281
f 3305/3305 3281/3281 3288/3288
f 3281/3281 3227/3227 3246/3246
f 3305/3305 3302/3302 3281/3281
f 4171/4171 4254/4254 4476/4476
f 4259/4259 4254/4254 4171/4171
f 4476/4476 4254/4254 4259/4259
f 4371/4371 4476/4476 4263/4263
f 4212/4212 4263/4263 4476/4476
f 4355/4355 4263/4263 4212/4212
f 4371/4371 4355/4355 4212/4212
f 4263/4263 4355/4355 4371/4371
f 1725/1725 2162/2162 2180/2180
f 2598/2598 2597/2597 2146/2146
f 1923/1923 2598/2598 2146/2146
f 2071/2071 2146/2146 2110/2110
f 2150/2150 2110/2110 2146/2146
f 2150/2150 2071/2071 2110/2110
f 1886/1886 2146/2146 1965/1965
f 1922/1922 1886/1886 1965/1965
f 1922/1922 1965/1965 2146/2146
f 1841/1841 1922/1922 1885/1885
f 2072/2072 1922/1922 2071/2071
f 2072/2072 1885/1885 1922/1922
f 2072/2072 1841/1841 1885/1885
f 1759/1759 1841/1841 2072/2072
f 1547/1547 1759/1759 2072/2072
f 1547/1547 1841/1841 1759/1759
f 1692/1692 1841/1841 1728/1728
f 1728/1728 1841/1841 1691/1691
f 1691/1691 1692/1692 1728/1728
f 1660/1660 1691/1691 1547/1547
f 2072/2072 2597/2597 1547/1547
f 2146/2146 2597/2597 2072/2072
f 1622/1622 1692/1692 1661/1661
f 1568/1568 1661/1661 1692/1692
f 1568/1568 1622/1622 1661/1661
f 1660/1660 1547/1547 1568/1568
f 1691/1691 1660/1660 1568/1568
f 6126/6126 6138/6138 6200/6200
f 6094/6094 6138/6138 6126/6126
f 6227/6227 6079/6079 6200/6200
f 6229/6229 6226/6226 6200/6200
f 6229/6229 6266/6266 6226/6226
f 6200/6200 6266/6266 6229/6229
f 1286/1286 1445/1445 1640/1640
f 1434/1434 1445/1445 1286/1286
f 1288/1288 1286/1286 1210/1210
f 1434/1434 1286/1286 1288/1288
f 1493/1493 1445/1445 1434/1434
f 1445/1445 1493/1493 1664/1664
f 1664/1664 1493/1493 1573/1573
f 1573/1573 1493/1493 1578/1578
f 1958/1958 1445/1445 1664/1664
f 1640/1640 1445/1445 2255/2255
f 2154/2154 1640/1640 2255/2255
f 2181/2181 2255/2255 1958/1958
f 1445/1445 1958/1958 2255/2255
f 1698/1698 1958/1958 1664/1664
f 1699/1699 1958/1958 1698/1698
f 1765/1765 1958/1958 1699/1699
f 1664/1664 1699/1699 1698/1698
f 1573/1573 1578/1578 1664/1664
f 1632/1632 1703/1703 1664/1664
f 1578/1578 1632/1632 1664/1664
f 1765/1765 1699/1699 1735/1735
f 1703/1703 1735/1735 1699/1699
f 1765/1765 1735/1735 1703/1703
f 1703/1703 1632/1632 1578/1578
f 1522/1522 1496/1496 1495/1495
f 1466/1466 1495/1495 1496/1496
f 1467/1467 1466/1466 1496/1496
f 1466/1466 1522/1522 1495/1495
f 1667/1667 1634/1634 1522/1522
f 1704/1704 1667/1667 1522/1522
f 1704/1704 1634/1634 1667/1667
f 1920/1920 1957/1957 1995/1995
f 1995/1995 1957/1957 2079/2079
f 1839/1839 1957/1957 1920/1920
f 1839/1839 2079/2079 1957/1957
f 1850/1850 1920/1920 1767/1767
f 1839/1839 1920/1920 1850/1850
f 1704/1704 1739/1739 1767/1767
f 1704/1704 1839/1839 1739/1739
f 1767/1767 1739/1739 1839/1839
f 1850/1850 1767/1767 1839/1839
f 2079/2079 2122/2122 2123/2123
f 2123/2123 2216/2216 2263/2263
f 2263/2263 2236/2236 2206/2206
f 2236/2236 2181/2181 2206/2206
f 2263/2263 2181/2181 2236/2236
f 2255/2255 2181/2181 2263/2263
f 2263/2263 2469/2469 2255/2255
f 2469/2469 2263/2263 2417/2417
f 2216/2216 2303/2303 2263/2263
f 2417/2417 2263/2263 2357/2357
f 2469/2469 2417/2417 2357/2357
f 2469/2469 2632/2632 2539/2539
f 2423/2423 2541/2541 2632/2632
f 2344/2344 2541/2541 2423/2423
f 2242/2242 2267/2267 2218/2218
f 2244/2244 2267/2267 2242/2242
f 2218/2218 2244/2244 2242/2242
f 2219/2219 2155/2155 2218/2218
f 2219/2219 2218/2218 2158/2158
f 2158/2158 2155/2155 2219/2219
f 2302/2302 2305/2305 2155/2155
f 2301/2301 2302/2302 2155/2155
f 2264/2264 2301/2301 2155/2155
f 2298/2298 2264/2264 2155/2155
f 2301/2301 2264/2264 2298/2298
f 2305/2305 2302/2302 2301/2301
f 2341/2341 2423/2423 2305/2305
f 2344/2344 2423/2423 2341/2341
f 2305/2305 2344/2344 2341/2341
f 2541/2541 2344/2344 2632/2632
f 2664/2664 2632/2632 2364/2364
f 2389/2389 2364/2364 2344/2344
f 2298/2298 2389/2389 2344/2344
f 2298/2298 2364/2364 2389/2389
f 2538/2538 2298/2298 2187/2187
f 2364/2364 2298/2298 2538/2538
f 2354/2354 2538/2538 2187/2187
f 2187/2187 1794/1794 2387/2387
f 2707/2707 2705/2705 2259/2259
f 2707/2707 2710/2710 2705/2705
f 2712/2712 2259/2259 2705/2705
f 2860/2860 2712/2712 2825/2825
f 2889/2889 2712/2712 2860/2860
f 2885/2885 2664/2664 2712/2712
f 2892/2892 2894/2894 2664/2664
f 2885/2885 2892/2892 2664/2664
f 2895/2895 2664/2664 2894/2894
f 2893/2893 2894/2894 2892/2892
f 2895/2895 2894/2894 2893/2893
f 2885/2885 2893/2893 2892/2892
f 2889/2889 2893/2893 2885/2885
f 2712/2712 2889/2889 2885/2885
f 2895/2895 2893/2893 2860/2860
f 2895/2895 2860/2860 2664/2664
f 3094/3094 3120/3120 2664/2664
f 5551/5551 5504/5504 5367/5367
f 5504/5504 5551/5551 5529/5529
f 5172/5172 5529/5529 5551/5551
f 6784/6784 6842/6842 6939/6939
f 4364/4364 4431/4431 5529/5529
f 6874/6874 7215/7215 7276/7276
f 7373/7373 7370/7370 7346/7346
f 7310/7310 7373/7373 7346/7346
f 7352/7352 7345/7345 7344/7344
f 7329/7329 7352/7352 7344/7344
f 7345/7345 7329/7329 7344/7344
f 7212/7212 7329/7329 7345/7345
f 7310/7310 7345/7345 7329/7329
f 7292/7292 7373/7373 7310/7310
f 7166/7166 7292/7292 7310/7310
f 7166/7166 7310/7310 7266/7266
f 7266/7266 7310/7310 7306/7306
f 7212/7212 7310/7310 7329/7329
f 7343/7343 7345/7345 7310/7310
f 7212/7212 7345/7345 7343/7343
f 7212/7212 7343/7343 7335/7335
f 7346/7346 7343/7343 7310/7310
f 7343/7343 7346/7346 7335/7335
f 7332/7332 7343/7343 7336/7336
f 7335/7335 7343/7343 7332/7332
f 7335/7335 7332/7332 7336/7336
f 3244/3244 2869/2869 2169/2169
f 3120/3120 2154/2154 2255/2255
f 2723/2723 2154/2154 3120/3120
f 2255/2255 2469/2469 2639/2639
f 2469/2469 2539/2539 2639/2639
f 2612/2612 2613/2613 2639/2639
f 2696/2696 2612/2612 2639/2639
f 2696/2696 2613/2613 2612/2612
f 2632/2632 2639/2639 2539/2539
f 2627/2627 2657/2657 2568/2568
f 2632/2632 2627/2627 2568/2568
f 2632/2632 2657/2657 2627/2627
f 2696/2696 2632/2632 2735/2735
f 2734/2734 2735/2735 2632/2632
f 2639/2639 2696/2696 3120/3120
f 2639/2639 3120/3120 2255/2255
f 3329/3329 2723/2723 3120/3120
f 3310/3310 3329/3329 3120/3120
f 3103/3103 3310/3310 3130/3130
f 3164/3164 3269/3269 3310/3310
f 3130/3130 3126/3126 3103/3103
f 3121/3121 3126/3126 3130/3130
f 3121/3121 3103/3103 3126/3126
f 3103/3103 3122/3122 3310/3310
f 3094/3094 3122/3122 3103/3103
f 2664/2664 3122/3122 3094/3094
f 3130/3130 3120/3120 3094/3094
f 3131/3131 3130/3130 3153/3153
f 3159/3159 3153/3153 3130/3130
f 3159/3159 3131/3131 3153/3153
f 3120/3120 3130/3130 3310/3310
f 1615/1615 608/608 2245/2245
f 158/158 4064/4064 4061/4061
f 4064/4064 158/158 288/288
f 4690/4690 4629/4629 4777/4777
f 4996/4996 4777/4777 4629/4629
f 4996/4996 4690/4690 4777/4777
f 5139/5139 4858/4858 5205/5205
f 5139/5139 5205/5205 5047/5047
f 1128/1128 2003/2003 1147/1147
f 1147/1147 2003/2003 1167/1167
f 1167/1167 1128/1128 1147/1147
f 2003/2003 1137/1137 1167/1167
f 2003/2003 1167/1167 1137/1137
f 1817/1817 2003/2003 1873/1873
f 1151/1151 2003/2003 1817/1817
f 2452/2452 1873/1873 2003/2003
f 7223/7223 7268/7268 7225/7225
f 7159/7159 7203/7203 7204/7204
f 7150/7150 7164/7164 7159/7159
f 7150/7150 7160/7160 7164/7164
f 7150/7150 7225/7225 7165/7165
f 7133/7133 7165/7165 7225/7225
f 7150/7150 7165/7165 7133/7133
f 7090/7090 7114/7114 7094/7094
f 7032/7032 7090/7090 7094/7094
f 7114/7114 7090/7090 7032/7032
f 7159/7159 7164/7164 7160/7160
f 7203/7203 7159/7159 7193/7193
f 7204/7204 7203/7203 7193/7193
f 2058/2058 2222/2222 2161/2161
f 1543/1543 1565/1565 1564/1564
f 1483/1483 1543/1543 1564/1564
f 1483/1483 1565/1565 1543/1543
f 4127/4127 4165/4165 5048/5048
f 4431/4431 4211/4211 5048/5048
f 4127/4127 4211/4211 4431/4431
f 5048/5048 4211/4211 4127/4127
f 5066/5066 4688/4688 4772/4772
f 4772/4772 5268/5268 5066/5066
f 4689/4689 4688/4688 5066/5066
f 4686/4686 4688/4688 4689/4689
f 5066/5066 4686/4686 4689/4689
f 4681/4681 4680/4680 4686/4686
f 4681/4681 4686/4686 5066/5066
f 4680/4680 4681/4681 5066/5066
f 5362/5362 4955/4955 5268/5268
f 4863/4863 5066/5066 4947/4947
f 4626/4626 5066/5066 4863/4863
f 4947/4947 4626/4626 4863/4863
f 4774/4774 4952/4952 4771/4771
f 4771/4771 4952/4952 4987/4987
f 4987/4987 4774/4774 4771/4771
f 4957/4957 4682/4682 4774/4774
f 4987/4987 4957/4957 4774/4774
f 4957/4957 4987/4987 5145/5145
f 4953/4953 4951/4951 4950/4950
f 4872/4872 4950/4950 4951/4951
f 4953/4953 4872/4872 4951/4951
f 4872/4872 5544/5544 5253/5253
f 5360/5360 5544/5544 5470/5470
f 5350/5350 5544/5544 5252/5252
f 5067/5067 5253/5253 5360/5360
f 5349/5349 5350/5350 5252/5252
f 5349/5349 5544/5544 5350/5350
f 5140/5140 5349/5349 5252/5252
f 4872/4872 5140/5140 5252/5252
f 5349/5349 5140/5140 4872/4872
f 4868/4868 5254/5254 5349/5349
f 5257/5257 5349/5349 5254/5254
f 5257/5257 5254/5254 4868/4868
f 5470/5470 5544/5544 5471/5471
f 5360/5360 5470/5470 5471/5471
f 5224/5224 5067/5067 5360/5360
f 5253/5253 5067/5067 5224/5224
f 5142/5142 5253/5253 5224/5224
f 5145/5145 5253/5253 5142/5142
f 5145/5145 5142/5142 5224/5224
f 5262/5262 5145/5145 5224/5224
f 5359/5359 5262/5262 5224/5224
f 5359/5359 5145/5145 5262/5262
f 4957/4957 5145/5145 4682/4682
f 4956/4956 4682/4682 4873/4873
f 4776/4776 4682/4682 4956/4956
f 4873/4873 4776/4776 4956/4956
f 4873/4873 4871/4871 4775/4775
f 4775/4775 4871/4871 5068/5068
f 5068/5068 5876/5876 5065/5065
f 4871/4871 4873/4873 5068/5068
f 5069/5069 5068/5068 5065/5065
f 5631/5631 5543/5543 5639/5639
f 5639/5639 5543/5543 5593/5593
f 5644/5644 5632/5632 5631/5631
f 5876/5876 5632/5632 5644/5644
f 5593/5593 5631/5631 5639/5639
f 5876/5876 5644/5644 5631/5631
f 5876/5876 5631/5631 5690/5690
f 5687/5687 5631/5631 5593/5593
f 5687/5687 5593/5593 5686/5686
f 5631/5631 5687/5687 5686/5686
f 5069/5069 5876/5876 6140/6140
f 5069/5069 5065/5065 5876/5876
f 4181/4181 5548/5548 4454/4454
f 4454/4454 4175/4175 4181/4181
f 6904/6904 6926/6926 6947/6947
f 6898/6898 6926/6926 6904/6904
f 6947/6947 6898/6898 6904/6904
f 6905/6905 6947/6947 6948/6948
f 7154/7154 6905/6905 6948/6948
f 3097/3097 3302/3302 3164/3164
f 3070/3070 3097/3097 3016/3016
f 3066/3066 3042/3042 3016/3016
f 3089/3089 3088/3088 3093/3093
f 3066/3066 3089/3089 3093/3093
f 3066/3066 3088/3088 3089/3089
f 3066/3066 3164/3164 3093/3093
f 3066/3066 3097/3097 3164/3164
f 3016/3016 3097/3097 3066/3066
f 1211/1211 1191/1191 1171/1171
f 1210/1210 1171/1171 1191/1191
f 1211/1211 1210/1210 1191/1191
f 1434/1434 1288/1288 1210/1210
f 1287/1287 1416/1416 1210/1210
f 1467/1467 1496/1496 1331/1331
f 1466/1466 1467/1467 1331/1331
f 1396/1396 1466/1466 1331/1331
f 1549/1549 1522/1522 1466/1466
f 1839/1839 1549/1549 1466/1466
f 1839/1839 1466/1466 2122/2122
f 2123/2123 2122/2122 2124/2124
f 2080/2080 1849/1849 2074/2074
f 1963/1963 2074/2074 1849/1849
f 1962/1962 1963/1963 1849/1849
f 2074/2074 1963/1963 1962/1962
f 2185/2185 2074/2074 1961/1961
f 1847/1847 1962/1962 1808/1808
f 1964/1964 1962/1962 1847/1847
f 1925/1925 1962/1962 1964/1964
f 1961/1961 1962/1962 1925/1925
f 1808/1808 1964/1964 1847/1847
f 1961/1961 1925/1925 1964/1964
f 1740/1740 1964/1964 1810/1810
f 1586/1586 1794/1794 1964/1964
f 2711/2711 2710/2710 2707/2707
f 2705/2705 2710/2710 2711/2711
f 2668/2668 2712/2712 2705/2705
f 2668/2668 2705/2705 2707/2707
f 2668/2668 2707/2707 2259/2259
f 2526/2526 2547/2547 2504/2504
f 2526/2526 2545/2545 2547/2547
f 2668/2668 2547/2547 2545/2545
f 2509/2509 2526/2526 2510/2510
f 2510/2510 2526/2526 2486/2486
f 2509/2509 2510/2510 2486/2486
f 2504/2504 2499/2499 2485/2485
f 2545/2545 2485/2485 2499/2499
f 2526/2526 2485/2485 2545/2545
f 2513/2513 2489/2489 2545/2545
f 2513/2513 2545/2545 2499/2499
f 2512/2512 2514/2514 2498/2498
f 2513/2513 2512/2512 2498/2498
f 2514/2514 2512/2512 2513/2513
f 1977/1977 1900/1900 1978/1978
f 1931/1931 1977/1977 1978/1978
f 1900/1900 1977/1977 1931/1931
f 2050/2050 1931/1931 2555/2555
f 2131/2131 2555/2555 1931/1931
f 1900/1900 2131/2131 1931/1931
f 2555/2555 2131/2131 2499/2499
f 2055/2055 2050/2050 2555/2555
f 1794/1794 2055/2055 2555/2555
f 2054/2054 2087/2087 2055/2055
f 2042/2042 2087/2087 2054/2054
f 2042/2042 2054/2054 2055/2055
f 1794/1794 1900/1900 2055/2055
f 2499/2499 2504/2504 2433/2433
f 2555/2555 2499/2499 2433/2433
f 2508/2508 2433/2433 2520/2520
f 2504/2504 2508/2508 2520/2520
f 2433/2433 2508/2508 2504/2504
f 2555/2555 2433/2433 2504/2504
f 2555/2555 2504/2504 2547/2547
f 2259/2259 2547/2547 2668/2668
f 2555/2555 2547/2547 2259/2259
f 2555/2555 2259/2259 1794/1794
f 792/792 907/907 953/953
f 460/460 907/907 792/792
f 953/953 907/907 460/460
f 460/460 469/469 589/589
f 373/373 447/447 460/460
f 378/378 460/460 589/589
f 469/469 378/378 589/589
f 469/469 447/447 373/373
f 460/460 447/447 469/469
f 331/331 469/469 373/373
f 366/366 331/331 373/373
f 469/469 331/331 366/366
f 396/396 366/366 166/166
f 605/605 396/396 166/166
f 4123/4123 100/100 4184/4184
f 4184/4184 4113/4113 4123/4123
f 4113/4113 100/100 4123/4123
f 98/98 100/100 99/99
f 98/98 368/368 100/100
f 4549/4549 4408/4408 4683/4683
f 4408/4408 4540/4540 4612/4612
f 4477/4477 4549/4549 4683/4683
f 4477/4477 4408/4408 4549/4549
f 4116/4116 4408/4408 160/160
f 4540/4540 4408/4408 4116/4116
f 4612/4612 4540/4540 4116/4116
f 4403/4403 4612/4612 4116/4116
f 28/28 4192/4192 4056/4056
f 4403/4403 27/27 4612/4612
f 4116/4116 27/27 4403/4403
f 368/368 27/27 30/30
f 368/368 98/98 99/99
f 605/605 368/368 230/230
f 303/303 605/605 230/230
f 368/368 303/303 230/230
f 306/306 605/605 303/303
f 227/227 303/303 368/368
f 1012/1012 306/306 303/303
f 605/605 306/306 1012/1012
f 303/303 227/227 167/167
f 167/167 227/227 368/368
f 167/167 368/368 30/30
f 27/27 167/167 30/30
f 1118/1118 952/952 167/167
f 4056/4056 4122/4122 28/28
f 4192/4192 4122/4122 4056/4056
f 4115/4115 4122/4122 4192/4192
f 289/289 25/25 169/169
f 160/160 4115/4115 4192/4192
f 4122/4122 4115/4115 160/160
f 4315/4315 23/23 4131/4131
f 4253/4253 23/23 4315/4315
f 4131/4131 4253/4253 4315/4315
f 4131/4131 4679/4679 4639/4639
f 4687/4687 4639/4639 4679/4679
f 4131/4131 4639/4639 4687/4687
f 4620/4620 4131/4131 4687/4687
f 4131/4131 4620/4620 4205/4205
f 4687/4687 4205/4205 4620/4620
f 4622/4622 4205/4205 4687/4687
f 4131/4131 4205/4205 90/90
f 4627/4627 4205/4205 4622/4622
f 4687/4687 4627/4627 4622/4622
f 4205/4205 22/22 90/90
f 4134/4134 22/22 4205/4205
f 17/17 4134/4134 4205/4205
f 17/17 22/22 4134/4134
f 488/488 17/17 4205/4205
f 22/22 17/17 4065/4065
f 20/20 4065/4065 17/17
f 22/22 4065/4065 20/20
f 153/153 290/290 225/225
f 154/154 225/225 290/290
f 154/154 153/153 225/225
f 22/22 153/153 90/90
f 153/153 367/367 90/90
f 467/467 293/293 154/154
f 293/293 367/367 154/154
f 467/467 367/367 293/293
f 90/90 367/367 4131/4131
f 969/969 615/615 290/290
f 467/467 290/290 615/615
f 470/470 367/367 467/467
f 947/947 470/470 467/467
f 367/367 470/470 947/947
f 289/289 169/169 221/221
f 25/25 221/221 169/169
f 361/361 364/364 362/362
f 466/466 364/364 361/361
f 362/362 364/364 466/466
f 370/370 612/612 292/292
f 365/365 370/370 292/292
f 365/365 612/612 370/370
f 948/948 1014/1014 614/614
f 1077/1077 1014/1014 1013/1013
f 1013/1013 1014/1014 947/947
f 1077/1077 1013/1013 947/947
f 947/947 948/948 614/614
f 1014/1014 948/948 947/947
f 2139/2139 2161/2161 1994/1994
f 1552/1552 1597/1597 1203/1203
f 1974/1974 1851/1851 1973/1973
f 1851/1851 1974/1974 1945/1945
f 1972/1972 1974/1974 1973/1973
f 1945/1945 1974/1974 1972/1972
f 1597/1597 1851/1851 1945/1945
f 1945/1945 1203/1203 1597/1597
f 1247/1247 1416/1416 1287/1287
f 1210/1210 1247/1247 1287/1287
f 1285/1285 1416/1416 1247/1247
f 1396/1396 1094/1094 1466/1466
f 1370/1370 1466/1466 1094/1094
f 1284/1284 1370/1370 1094/1094
f 1466/1466 1370/1370 1284/1284
f 1331/1331 1094/1094 1396/1396
f 1163/1163 2122/2122 1466/1466
f 1015/1015 1211/1211 378/378
f 1015/1015 378/378 1120/1120
f 366/366 396/396 605/605
f 1012/1012 366/366 605/605
f 952/952 963/963 167/167
f 1211/1211 1015/1015 1120/1120
f 1209/1209 1210/1210 1120/1120
f 1209/1209 1247/1247 1210/1210
f 1120/1120 1247/1247 1209/1209
f 1248/1248 1285/1285 1247/1247
f 1248/1248 1247/1247 1245/1245
f 1170/1170 1245/1245 1120/1120
f 1094/1094 1170/1170 1120/1120
f 1245/1245 1170/1170 1094/1094
f 1207/1207 1094/1094 1012/1012
f 1284/1284 1207/1207 1012/1012
f 1094/1094 1207/1207 1284/1284
f 1282/1282 1163/1163 1284/1284
f 1244/1244 1282/1282 1284/1284
f 1244/1244 1163/1163 1282/1282
f 963/963 2122/2122 1163/1163
f 963/963 968/968 2122/2122
f 952/952 1118/1118 963/963
f 1069/1069 963/963 1163/1163
f 1066/1066 1069/1069 1163/1163
f 963/963 1069/1069 1066/1066
f 4466/4466 4059/4059 4275/4275
f 4410/4410 97/97 4466/4466
f 4414/4414 97/97 4410/4410
f 4271/4271 97/97 4414/4414
f 4126/4126 97/97 4271/4271
f 4061/4061 4059/4059 97/97
f 158/158 4061/4061 97/97
f 7215/7215 7346/7346 7276/7276
f 7215/7215 6874/6874 7157/7157
f 1823/1823 1946/1946 1901/1901
f 1946/1946 1971/1971 1901/1901
f 1823/1823 1901/1901 1971/1971
f 2223/2223 1680/1680 1837/1837
f 4333/4333 4399/4399 4334/4334
f 4316/4316 4333/4333 4334/4334
f 4399/4399 4333/4333 4316/4316
f 6805/6805 6874/6874 6843/6843
f 7335/7335 7346/7346 7212/7212
f 7283/7283 7296/7296 7284/7284
f 7306/7306 7284/7284 7296/7296
f 7310/7310 7284/7284 7306/7306
f 7306/7306 7296/7296 7283/7283
f 7264/7264 7263/7263 7265/7265
f 7284/7284 7212/7212 7254/7254
f 7254/7254 7265/7265 7284/7284
f 7166/7166 7265/7265 7254/7254
f 7271/7271 7264/7264 7265/7265
f 7263/7263 7264/7264 7271/7271
f 7166/7166 7266/7266 7265/7265
f 7100/7100 7065/7065 7166/7166
f 7037/7037 6988/6988 7097/7097
f 7065/7065 7037/7037 7097/7097
f 7037/7037 6979/6979 6988/6988
f 7065/7065 7084/7084 7037/7037
f 7098/7098 7099/7099 7084/7084
f 7100/7100 7099/7099 7098/7098
f 7100/7100 7084/7084 7099/7099
f 7100/7100 7102/7102 7101/7101
f 7102/7102 7100/7100 7166/7166
f 7101/7101 7102/7102 7119/7119
f 7100/7100 7101/7101 7119/7119
f 7084/7084 7102/7102 7157/7157
f 7037/7037 7084/7084 7157/7157
f 7065/7065 7097/7097 7166/7166
f 7097/7097 7292/7292 7166/7166
f 7137/7137 7292/7292 7097/7097
f 6932/6932 7137/7137 7097/7097
f 7097/7097 6988/6988 6932/6932
f 7002/7002 7137/7137 6932/6932
f 6908/6908 7002/7002 6932/6932
f 6811/6811 6908/6908 6932/6932
f 6840/6840 6811/6811 6932/6932
f 6933/6933 6840/6840 6923/6923
f 6958/6958 6923/6923 6840/6840
f 6958/6958 6933/6933 6923/6923
f 6977/6977 6932/6932 6988/6988
f 6977/6977 6979/6979 6932/6932
f 6840/6840 6932/6932 6979/6979
f 6958/6958 6840/6840 6979/6979
f 6977/6977 6988/6988 6979/6979
f 6998/6998 6988/6988 6977/6977
f 6991/6991 6988/6988 6998/6998
f 6977/6977 6991/6991 6998/6998
f 1678/1678 1912/1912 1896/1896
f 1819/1819 1678/1678 1896/1896
f 1819/1819 1896/1896 1912/1912
f 2122/2122 2079/2079 1839/1839
f 1719/1719 1837/1837 1680/1680
f 1562/1562 1837/1837 1719/1719
f 2223/2223 1837/1837 1562/1562
f 1704/1704 1522/1522 1839/1839
f 1549/1549 1839/1839 1522/1522
f 4381/4381 4328/4328 4311/4311
f 4276/4276 4328/4328 4381/4381
f 4420/4420 4398/4398 4381/4381
f 4425/4425 4398/4398 4420/4420
f 4381/4381 4425/4425 4420/4420
f 4735/4735 4458/4458 4708/4708
f 4805/4805 4735/4735 4708/4708
f 4668/4668 4735/4735 4805/4805
f 4458/4458 4735/4735 4668/4668
f 4708/4708 4458/4458 4859/4859
f 5526/5526 5495/5495 5657/5657
f 5493/5493 5495/5495 5526/5526
f 5657/5657 5493/5493 5526/5526
f 5524/5524 5525/5525 5494/5494
f 5257/5257 5525/5525 5524/5524
f 5257/5257 5578/5578 5577/5577
f 5598/5598 5577/5577 5578/5578
f 5257/5257 5577/5577 5598/5598
f 5524/5524 5657/5657 5579/5579
f 5721/5721 5579/5579 5657/5657
f 2735/2735 2734/2734 2696/2696
f 2632/2632 3120/3120 2696/2696
f 2664/2664 3120/3120 2632/2632
f 7284/7284 7310/7310 7212/7212
f 1498/1498 1680/1680 2223/2223
f 1501/1501 1680/1680 1498/1498
f 1458/1458 1498/1498 1478/1478
f 1458/1458 1501/1501 1498/1498
f 1501/1501 1458/1458 1392/1392
f 1386/1386 1501/1501 1392/1392
f 1458/1458 1478/1478 1392/1392
f 1421/1421 1386/1386 1392/1392
f 1449/1449 1421/1421 1392/1392
f 1478/1478 1449/1449 1392/1392
f 1449/1449 1478/1478 1539/1539
f 2223/2223 1449/1449 1539/1539
f 1539/1539 1478/1478 2223/2223
f 1498/1498 2223/2223 1478/1478
f 1503/1503 1561/1561 1539/1539
f 1478/1478 1503/1503 1539/1539
f 1561/1561 1503/1503 1478/1478
f 1245/1245 1285/1285 1248/1248
f 5257/5257 5494/5494 5525/5525
f 5257/5257 5473/5473 5494/5494
f 4868/4868 5473/5473 5257/5257
f 5494/5494 5473/5473 4868/4868
f 7215/7215 7212/7212 7346/7346
f 7254/7254 7212/7212 7215/7215
f 7215/7215 7157/7157 7254/7254
f 1597/1597 1552/1552 1851/1851
f 2356/2356 2632/2632 2357/2357
f 2423/2423 2632/2632 2356/2356
f 2423/2423 2356/2356 2357/2357
f 2124/2124 2122/2122 2084/2084
f 2157/2157 2158/2158 2124/2124
f 2157/2157 2124/2124 2084/2084
f 2084/2084 2158/2158 2157/2157
f 1964/1964 2084/2084 2122/2122
f 2155/2155 2121/2121 2190/2190
f 2189/2189 2190/2190 2121/2121
f 2155/2155 2190/2190 2189/2189
f 2116/2116 2152/2152 2121/2121
f 2080/2080 2116/2116 2121/2121
f 2080/2080 2152/2152 2116/2116
f 2074/2074 2113/2113 2080/2080
f 2185/2185 1961/1961 1794/1794
f 1794/1794 1961/1961 1964/1964
f 1794/1794 2187/2187 2185/2185
f 2187/2187 2074/2074 2185/2185
f 2113/2113 2074/2074 2187/2187
f 2080/2080 2113/2113 2187/2187
f 1973/1973 1851/1851 1982/1982
f 2177/2177 1982/1982 1851/1851
f 2194/2194 1982/1982 2177/2177
f 1851/1851 2194/2194 2177/2177
f 6503/6503 6580/6580 6617/6617
f 6503/6503 6617/6617 6598/6598
f 2560/2560 2616/2616 2614/2614
f 2594/2594 2560/2560 2614/2614
f 2404/2404 2560/2560 2594/2594
f 2573/2573 2594/2594 2614/2614
f 2615/2615 2614/2614 2616/2616
f 2573/2573 2614/2614 2615/2615
f 2678/2678 2615/2615 2616/2616
f 2573/2573 2615/2615 2678/2678
f 2678/2678 2616/2616 2560/2560
f 2451/2451 2791/2791 2404/2404
f 2560/2560 2404/2404 2678/2678
f 2350/2350 2451/2451 2404/2404
f 2350/2350 2791/2791 2451/2451
f 2791/2791 2678/2678 2404/2404
f 2573/2573 2678/2678 2666/2666
f 2594/2594 2573/2573 2582/2582
f 2583/2583 2594/2594 2582/2582
f 2554/2554 2583/2583 2582/2582
f 2573/2573 2666/2666 2582/2582
f 2554/2554 2582/2582 2666/2666
f 2519/2519 2554/2554 2666/2666
f 2678/2678 2791/2791 2666/2666
f 2666/2666 2791/2791 2523/2523
f 2791/2791 2835/2835 2523/2523
f 2847/2847 2835/2835 2791/2791
f 2523/2523 2835/2835 2847/2847
f 2865/2865 2523/2523 2847/2847
f 2855/2855 2523/2523 2865/2865
f 2878/2878 2855/2855 2865/2865
f 2878/2878 2523/2523 2855/2855
f 2919/2919 2523/2523 2878/2878
f 2452/2452 1817/1817 1873/1873
f 1151/1151 1817/1817 2452/2452
f 2798/2798 2665/2665 2677/2677
f 2702/2702 2784/2784 2742/2742
f 2799/2799 2742/2742 2784/2784
f 2934/2934 2665/2665 2798/2798
f 2799/2799 2934/2934 2798/2798
f 2934/2934 3249/3249 2665/2665
f 2702/2702 2934/2934 2799/2799
f 2784/2784 2702/2702 2799/2799
f 2702/2702 2677/2677 2934/2934
f 2677/2677 2702/2702 2798/2798
f 3249/3249 2934/2934 2677/2677
f 2834/2834 1653/1653 2794/2794
f 2665/2665 2794/2794 1653/1653
f 2846/2846 2834/2834 2794/2794
f 2856/2856 2846/2846 2794/2794
f 2864/2864 2846/2846 2856/2856
f 2665/2665 2864/2864 2856/2856
f 2665/2665 2856/2856 2794/2794
f 2896/2896 2864/2864 2665/2665
f 2912/2912 2896/2896 2665/2665
f 2931/2931 2896/2896 2912/2912
f 2931/2931 2912/2912 2665/2665
f 2980/2980 2931/2931 2665/2665
f 2982/2982 2931/2931 2980/2980
f 2665/2665 2982/2982 2980/2980
f 3033/3033 2982/2982 2665/2665
f 3017/3017 3033/3033 2665/2665
f 3128/3128 3017/3017 3125/3125
f 3033/3033 3017/3017 3128/3128
f 3033/3033 3128/3128 3125/3125
f 3319/3319 3125/3125 3017/3017
f 2123/2123 2303/2303 2216/2216
f 5679/5679 5901/5901 5846/5846
f 6041/6041 6144/6144 6090/6090
f 6023/6023 6041/6041 6090/6090
f 5679/5679 6023/6023 6090/6090
f 5866/5866 5888/5888 5679/5679
f 5846/5846 5866/5866 5679/5679
f 5888/5888 5866/5866 5846/5846
f 5901/5901 6023/6023 5846/5846
f 6023/6023 5901/5901 6041/6041
f 6198/6198 6425/6425 6041/6041
f 6198/6198 6041/6041 6199/6199
f 6198/6198 6155/6155 6425/6425
f 6136/6136 6202/6202 6198/6198
f 6155/6155 6198/6198 6202/6202
f 6155/6155 6202/6202 6136/6136
f 6425/6425 6155/6155 6218/6218
f 6199/6199 6218/6218 6155/6155
f 6041/6041 6218/6218 6199/6199
f 6041/6041 5884/5884 5757/5757
f 5884/5884 6041/6041 5901/5901
f 6161/6161 6125/6125 6157/6157
f 6047/6047 6125/6125 6161/6161
f 6024/6024 6047/6047 6068/6068
f 6129/6129 6068/6068 6161/6161
f 6416/6416 6129/6129 6161/6161
f 6416/6416 6068/6068 6129/6129
f 6013/6013 6416/6416 6140/6140
f 5069/5069 6140/6140 6050/6050
f 6013/6013 5889/5889 5915/5915
f 5999/5999 5915/5915 5889/5889
f 5999/5999 6013/6013 5915/5915
f 5874/5874 5889/5889 5877/5877
f 5872/5872 5889/5889 5874/5874
f 5872/5872 5874/5874 5877/5877
f 6003/6003 5967/5967 5923/5923
f 5953/5953 5923/5923 5967/5967
f 5953/5953 5967/5967 6003/6003
f 6416/6416 6002/6002 6024/6024
f 6043/6043 6024/6024 6002/6002
f 6043/6043 6002/6002 6416/6416
f 5990/5990 5953/5953 6416/6416
f 5999/5999 5953/5953 5990/5990
f 5999/5999 5990/5990 6416/6416
f 7254/7254 7157/7157 7166/7166
f 7102/7102 7166/7166 7157/7157
f 6871/6871 7037/7037 7157/7157
f 6872/6872 6812/6812 6871/6871
f 6872/6872 6817/6817 6812/6812
f 6862/6862 6817/6817 6872/6872
f 6817/6817 6862/6862 6861/6861
f 6872/6872 6861/6861 6862/6862
f 6884/6884 6872/6872 6871/6871
f 6969/6969 6871/6871 7157/7157
f 6805/6805 6871/6871 6969/6969
f 5524/5524 5595/5595 5597/5597
f 5683/5683 5597/5597 5595/5595
f 5524/5524 5683/5683 5595/5595
f 5593/5593 5683/5683 5645/5645
f 5685/5685 5645/5645 5683/5683
f 5645/5645 5686/5686 5593/5593
f 5686/5686 5645/5645 5685/5685
f 5686/5686 5685/5685 5718/5718
f 5719/5719 5686/5686 5718/5718
f 5739/5739 5719/5719 5718/5718
f 5686/5686 5719/5719 5739/5739
f 5690/5690 5631/5631 5747/5747
f 5767/5767 5631/5631 5739/5739
f 5772/5772 5631/5631 5767/5767
f 5739/5739 5718/5718 5767/5767
f 5718/5718 5772/5772 5767/5767
f 6140/6140 5876/5876 6013/6013
f 5690/5690 5747/5747 5876/5876
f 2484/2484 2519/2519 2666/2666
f 2505/2505 2519/2519 2484/2484
f 2482/2482 2484/2484 2666/2666
f 2507/2507 2484/2484 2482/2482
f 2506/2506 2484/2484 2507/2507
f 2505/2505 2484/2484 2506/2506
f 2507/2507 2505/2505 2506/2506
f 2194/2194 1686/1686 1552/1552
f 1851/1851 1686/1686 2194/2194
f 1552/1552 1686/1686 1851/1851
f 1053/1053 4963/4963 1123/1123
f 1444/1444 1053/1053 1427/1427
f 1401/1401 1444/1444 1427/1427
f 1053/1053 1401/1401 1427/1427
f 4492/4492 1053/1053 1123/1123
f 4859/4859 4458/4458 4668/4668
f 1421/1421 1449/1449 2223/2223
f 5585/5585 5583/5583 5587/5587
f 5588/5588 5583/5583 5605/5605
f 5605/5605 5583/5583 5588/5588
f 5585/5585 5605/5605 5583/5583
f 5587/5587 5605/5605 5585/5585
f 5115/5115 5052/5052 5054/5054
f 5058/5058 5054/5054 5052/5052
f 4982/4982 4869/4869 4647/4647
f 4920/4920 4647/4647 4869/4869
f 5606/5606 5605/5605 5604/5604
f 5608/5608 5606/5606 5604/5604
f 5608/5608 5605/5605 5606/5606
f 5587/5587 5730/5730 5605/5605
f 5503/5503 5468/5468 5502/5502
f 5058/5058 5115/5115 5054/5054
f 7136/7136 7172/7172 7262/7262
f 7136/7136 6907/6907 7172/7172
f 7213/7213 6907/6907 7136/7136
f 7262/7262 7213/7213 7136/7136
f 179/179 4492/4492 1123/1123
f 4963/4963 179/179 1123/1123
f 4963/4963 123/123 179/179
f 121/121 179/179 123/123
f 121/121 123/123 4963/4963
f 179/179 4963/4963 4492/4492
f 5789/5789 5484/5484 5584/5584
f 5484/5484 5547/5547 5584/5584
f 5547/5547 4854/4854 5584/5584
f 4524/4524 4535/4535 4558/4558
f 4533/4533 4535/4535 4524/4524
f 4590/4590 4558/4558 4535/4535
f 4590/4590 4535/4535 4533/4533
f 7037/7037 6871/6871 6958/6958
f 6979/6979 7037/7037 6958/6958
f 6675/6675 6533/6533 6424/6424
f 5988/5988 6546/6546 6424/6424
f 5988/5988 6424/6424 5656/5656
f 6189/6189 5924/5924 5656/5656
f 6424/6424 6189/6189 5656/5656
f 6134/6134 6189/6189 6147/6147
f 6213/6213 6675/6675 5988/5988
f 5986/5986 6213/6213 6032/6032
f 5986/5986 6032/6032 6017/6017
f 5987/5987 5986/5986 6017/6017
f 6032/6032 5987/5987 6017/6017
f 5988/5988 6032/6032 6213/6213
f 6907/6907 7262/7262 7172/7172
f 3017/3017 2665/2665 3249/3249
f 1421/1421 2223/2223 1562/1562
f 4801/4801 4807/4807 4890/4890
f 4954/4954 4807/4807 4801/4801
f 4954/4954 4890/4890 4807/4807
f 4954/4954 4982/4982 4647/4647
f 5230/5230 4982/4982 4954/4954
f 4982/4982 4851/4851 4869/4869
f 5363/5363 5506/5506 5489/5489
f 5517/5517 5489/5489 5506/5506
f 5363/5363 5489/5489 5517/5517
f 5587/5587 5605/5605 5730/5730
f 4667/4667 4778/4778 4694/4694
f 4745/4745 4778/4778 4667/4667
f 4832/4832 4778/4778 4745/4745
f 4832/4832 4745/4745 4667/4667
f 4619/4619 4667/4667 4694/4694
f 4923/4923 4826/4826 5056/5056
f 4925/4925 4826/4826 4923/4923
f 5056/5056 4925/4925 4923/4923
f 4778/4778 4818/4818 4694/4694
f 4694/4694 4818/4818 4619/4619
f 4744/4744 4667/4667 4619/4619
f 5057/5057 5147/5147 5056/5056
f 5146/5146 5056/5056 5147/5147
f 5382/5382 5002/5002 5056/5056
f 5002/5002 5382/5382 5273/5273
f 4497/4497 5273/5273 5382/5382
f 4497/4497 5002/5002 5273/5273
f 5376/5376 5380/5380 5150/5150
f 5376/5376 5377/5377 5380/5380
f 5150/5150 5377/5377 5376/5376
f 5070/5070 5378/5378 5159/5159
f 4749/4749 5070/5070 5159/5159
f 5061/5061 5064/5064 4997/4997
f 4749/4749 5378/5378 5070/5070
f 4746/4746 4744/4744 4786/4786
f 4619/4619 4786/4786 4744/4744
f 4818/4818 4786/4786 4619/4619
f 4786/4786 4824/4824 4746/4746
f 4824/4824 4786/4786 4874/4874
f 4874/4874 4786/4786 4818/4818
f 4795/4795 4874/4874 4856/4856
f 4824/4824 4874/4874 4795/4795
f 5901/5901 5679/5679 5134/5134
f 4628/4628 5019/5019 5134/5134
f 5679/5679 4628/4628 5134/5134
f 4737/4737 4497/4497 5446/5446
f 5086/5086 4737/4737 5446/5446
f 4377/4377 4330/4330 4336/4336
f 41/41 108/108 258/258
f 258/258 108/108 42/42
f 42/42 108/108 41/41
f 5190/5190 5467/5467 147/147
f 6871/6871 6840/6840 6958/6958
f 6812/6812 6840/6840 6871/6871
f 6817/6817 6730/6730 6812/6812
f 6731/6731 6812/6812 6730/6730
f 6840/6840 6812/6812 6731/6731
f 6731/6731 6811/6811 6840/6840
f 6687/6687 6731/6731 6730/6730
f 6689/6689 6687/6687 6690/6690
f 6688/6688 6687/6687 6689/6689
f 6688/6688 6689/6689 6690/6690
f 6861/6861 6850/6850 6817/6817
f 6823/6823 6817/6817 6850/6850
f 6861/6861 6823/6823 6850/6850
f 6851/6851 6841/6841 6823/6823
f 6777/6777 6823/6823 6841/6841
f 6777/6777 6841/6841 6851/6851
f 6823/6823 6777/6777 6810/6810
f 6810/6810 6749/6749 6823/6823
f 6749/6749 6810/6810 6777/6777
f 6730/6730 6817/6817 6749/6749
f 6884/6884 6778/6778 6777/6777
f 6687/6687 6730/6730 6594/6594
f 6731/6731 6690/6690 6684/6684
f 6731/6731 6684/6684 6811/6811
f 6731/6731 6687/6687 6690/6690
f 6531/6531 6908/6908 6811/6811
f 6395/6395 6414/6414 6811/6811
f 6421/6421 6427/6427 6395/6395
f 6392/6392 6414/6414 6393/6393
f 6394/6394 6414/6414 6395/6395
f 6375/6375 6393/6393 6414/6414
f 6392/6392 6393/6393 6375/6375
f 6194/6194 6811/6811 6414/6414
f 6333/6333 6811/6811 6327/6327
f 6194/6194 6327/6327 6811/6811
f 6811/6811 6333/6333 6531/6531
f 6454/6454 6531/6531 6333/6333
f 6150/6150 6454/6454 6153/6153
f 6153/6153 6454/6454 6333/6333
f 6333/6333 6327/6327 6300/6300
f 6327/6327 6259/6259 6300/6300
f 6301/6301 6275/6275 6259/6259
f 6275/6275 6301/6301 6214/6214
f 6194/6194 6214/6214 6327/6327
f 6259/6259 6275/6275 6214/6214
f 6300/6300 6259/6259 6214/6214
f 6194/6194 6300/6300 6214/6214
f 6423/6423 6152/6152 6194/6194
f 6425/6425 6152/6152 6423/6423
f 6684/6684 6425/6425 6811/6811
f 6684/6684 6391/6391 6425/6425
f 6884/6884 6805/6805 6684/6684
f 6884/6884 6871/6871 6805/6805
f 6684/6684 6594/6594 6884/6884
f 6778/6778 6884/6884 6780/6780
f 6777/6777 6778/6778 6780/6780
f 6749/6749 6594/6594 6730/6730
f 6690/6690 6594/6594 6684/6684
f 6395/6395 6811/6811 6421/6421
f 2665/2665 1653/1653 2677/2677
f 5043/5043 4818/4818 4652/4652
f 4778/4778 5043/5043 4652/4652
f 4778/4778 4652/4652 4818/4818
f 5086/5086 4497/4497 4696/4696
f 5086/5086 5446/5446 4497/4497
f 4696/4696 4737/4737 5086/5086
f 2825/2825 3122/3122 2664/2664
f 2860/2860 2825/2825 2664/2664
f 2829/2829 2825/2825 2712/2712
f 4696/4696 4497/4497 4737/4737
f 6397/6397 6144/6144 6391/6391
f 6391/6391 6144/6144 6041/6041
f 6425/6425 6391/6391 6041/6041
f 6805/6805 6391/6391 6684/6684
f 6189/6189 6424/6424 5924/5924
f 6032/6032 5988/5988 5656/5656
f 5656/5656 6213/6213 5986/5986
f 6032/6032 5656/5656 5986/5986
f 5818/5818 6213/6213 5694/5694
f 5611/5611 5647/5647 5694/5694
f 5985/5985 5647/5647 5611/5611
f 5985/5985 5694/5694 5647/5647
f 5694/5694 5985/5985 5818/5818
f 6186/6186 5818/5818 5985/5985
f 6533/6533 5924/5924 6424/6424
f 6572/6572 6424/6424 6546/6546
f 6533/6533 6675/6675 7116/7116
f 7182/7182 6533/6533 7116/7116
f 7156/7156 7182/7182 7116/7116
f 7123/7123 7116/7116 6495/6495
f 7123/7123 7156/7156 7116/7116
f 7095/7095 7123/7123 7096/7096
f 7080/7080 7096/7096 7123/7123
f 7095/7095 7096/7096 7080/7080
f 6495/6495 7080/7080 7123/7123
f 7080/7080 7068/7068 7095/7095
f 7080/7080 7095/7095 7068/7068
f 7023/7023 7080/7080 6495/6495
f 6976/6976 6990/6990 7023/7023
f 6970/6970 6990/6990 6976/6976
f 7023/7023 6970/6970 6976/6976
f 6495/6495 6970/6970 7023/7023
f 6795/6795 6970/6970 6495/6495
f 547/547 4472/4472 1519/1519
f 1051/1051 547/547 1111/1111
f 1519/1519 1111/1111 547/547
f 1196/1196 1051/1051 1111/1111
f 2597/2597 1255/1255 1196/1196
f 6571/6571 6546/6546 5988/5988
f 6524/6524 6571/6571 6548/6548
f 6546/6546 6524/6524 6548/6548
f 6571/6571 6546/6546 6548/6548
f 6571/6571 6572/6572 6546/6546
f 5988/5988 6572/6572 6571/6571
f 6424/6424 6572/6572 6675/6675
f 2859/2859 2861/2861 2825/2825
f 2859/2859 2825/2825 2829/2829
f 2538/2538 2664/2664 2364/2364
f 2381/2381 2538/2538 2354/2354
f 2386/2386 2381/2381 2354/2354
f 2538/2538 2381/2381 2386/2386
f 2386/2386 2712/2712 2538/2538
f 2664/2664 2538/2538 2712/2712
f 6572/6572 5988/5988 6675/6675
f 6058/6058 6213/6213 5818/5818
f 6058/6058 6245/6245 6795/6795
f 6058/6058 6178/6178 6245/6245
f 6219/6219 6245/6245 6178/6178
f 5818/5818 6178/6178 6058/6058
f 6675/6675 6213/6213 6058/6058
f 6495/6495 6675/6675 6058/6058
f 6495/6495 6058/6058 6795/6795
f 6396/6396 6419/6419 6421/6421
f 6419/6419 6396/6396 6376/6376
f 6421/6421 6419/6419 6376/6376
f 6260/6260 6261/6261 6246/6246
f 6277/6277 6246/6246 6261/6261
f 6260/6260 6277/6277 6261/6261
f 6328/6328 6299/6299 6298/6298
f 6423/6423 6328/6328 6298/6298
f 6299/6299 6328/6328 6423/6423
f 6359/6359 6360/6360 6423/6423
f 6376/6376 6360/6360 6359/6359
f 6376/6376 6359/6359 6423/6423
f 6427/6427 6421/6421 6418/6418
f 6395/6395 6427/6427 6418/6418
f 6423/6423 6395/6395 6376/6376
f 6394/6394 6395/6395 6423/6423
f 6414/6414 6394/6394 6423/6423
f 6423/6423 6194/6194 6414/6414
f 2454/2454 2666/2666 2523/2523
f 2454/2454 2523/2523 2919/2919
f 485/485 793/793 988/988
f 988/988 793/793 441/441
f 6421/6421 6811/6811 6425/6425
f 6423/6423 6421/6421 6425/6425
f 1883/1883 1889/1889 1907/1907
f 1883/1883 1907/1907 1879/1879
f 1889/1889 1883/1883 1879/1879
f 3249/3249 1889/1889 3319/3319
f 5734/5734 5484/5484 5789/5789
f 5664/5664 5484/5484 5734/5734
f 5842/5842 5734/5734 5789/5789
f 5664/5664 5734/5734 5698/5698
f 5664/5664 5677/5677 5663/5663
f 5628/5628 5664/5664 5663/5663
f 5628/5628 5484/5484 5664/5664
f 5628/5628 5547/5547 5484/5484
f 5146/5146 5147/5147 5057/5057
f 1653/1653 3249/3249 2677/2677
f 5239/5239 4854/4854 5547/5547
f 5483/5483 5239/5239 5547/5547
f 5483/5483 5547/5547 5734/5734
f 5483/5483 5734/5734 5842/5842
f 5547/5547 5698/5698 5734/5734
f 5665/5665 5708/5708 5642/5642
f 5628/5628 5708/5708 5665/5665
f 5663/5663 5677/5677 5628/5628
f 5642/5642 5628/5628 5665/5665
f 5628/5628 5698/5698 5547/5547
f 4803/4803 4759/4759 4756/4756
f 147/147 4078/4078 5190/5190
f 84/84 81/81 4078/4078
f 4072/4072 81/81 84/84
f 4072/4072 4078/4078 81/81
f 5190/5190 4078/4078 4072/4072
f 1083/1083 4072/4072 1092/1092
f 4072/4072 1083/1083 4197/4197
f 5554/5554 5467/5467 5190/5190
f 2454/2454 2482/2482 2666/2666
f 1778/1778 1648/1648 2013/2013
f 1353/1353 1964/1964 2122/2122
f 1636/1636 1635/1635 1283/1283
f 1604/1604 1283/1283 1635/1635
f 1604/1604 1635/1635 1636/1636
f 1283/1283 1586/1586 1964/1964
f 1283/1283 1740/1740 1810/1810
f 1964/1964 1283/1283 1810/1810
f 1604/1604 1636/1636 1606/1606
f 1637/1637 1606/1606 1636/1636
f 1637/1637 1604/1604 1606/1606
f 1016/1016 1250/1250 968/968
f 2122/2122 968/968 1250/1250
f 969/969 1016/1016 968/968
f 1250/1250 1016/1016 969/969
f 615/615 969/969 467/467
f 1283/1283 290/290 1198/1198
f 1353/1353 1250/1250 1246/1246
f 290/290 1353/1353 1246/1246
f 1250/1250 290/290 1246/1246
f 2122/2122 1250/1250 1353/1353
f 1111/1111 1519/1519 2597/2597
f 2597/2597 1196/1196 1111/1111
f 5759/5759 4303/4303 5703/5703
f 5703/5703 4303/4303 92/92
f 6213/6213 5656/5656 5694/5694
f 6194/6194 6333/6333 6300/6300
f 6066/6066 6153/6153 6333/6333
f 6066/6066 6333/6333 5969/5969
f 6194/6194 5969/5969 6333/6333
f 5969/5969 6194/6194 6117/6117
f 6194/6194 6121/6121 5757/5757
f 6121/6121 6194/6194 6152/6152
f 5902/5902 6194/6194 5757/5757
f 6117/6117 6194/6194 5902/5902
f 6152/6152 5757/5757 6121/6121
f 5757/5757 6218/6218 6041/6041
f 5823/5823 5884/5884 5901/5901
f 5763/5763 5884/5884 5823/5823
f 5761/5761 5884/5884 5763/5763
f 5671/5671 5823/5823 5901/5901
f 5566/5566 5671/5671 5901/5901
f 5671/5671 5566/5566 5757/5757
f 5678/5678 5672/5672 5700/5700
f 5671/5671 5700/5700 5672/5672
f 5678/5678 5700/5700 5671/5671
f 5763/5763 5823/5823 5761/5761
f 5757/5757 5884/5884 5671/5671
f 5610/5610 5757/5757 5566/5566
f 5902/5902 5757/5757 5841/5841
f 2359/2359 3277/3277 3408/3408
f 3249/3249 3319/3319 3017/3017
f 6425/6425 6218/6218 6152/6152
f 6218/6218 5757/5757 6152/6152
f 6150/6150 6153/6153 5998/5998
f 5969/5969 6105/6105 6066/6066
f 6118/6118 6119/6119 6117/6117
f 5969/5969 6117/6117 5902/5902
f 6083/6083 6118/6118 6117/6117
f 6119/6119 6118/6118 6083/6083
f 6105/6105 5969/5969 6021/6021
f 6066/6066 6105/6105 6104/6104
f 6104/6104 6105/6105 6082/6082
f 6066/6066 6104/6104 6082/6082
f 5998/5998 6153/6153 6066/6066
f 6065/6065 5998/5998 6066/6066
f 6065/6065 6021/6021 5998/5998
f 6055/6055 6065/6065 6105/6105
f 6055/6055 6021/6021 6065/6065
f 6021/6021 6055/6055 6105/6105
f 5969/5969 5994/5994 6021/6021
f 5948/5948 5969/5969 5902/5902
f 5994/5994 5969/5969 5948/5948
f 5902/5902 5864/5864 5948/5948
f 5948/5948 5864/5864 5925/5925
f 5757/5757 5669/5669 5841/5841
f 5865/5865 5841/5841 5845/5845
f 5925/5925 5864/5864 5887/5887
f 5887/5887 5865/5865 5845/5845
f 5841/5841 5887/5887 5845/5845
f 5669/5669 5887/5887 5841/5841
f 5925/5925 5998/5998 5943/5943
f 5943/5943 5948/5948 5925/5925
f 5948/5948 5943/5943 5994/5994
f 6021/6021 5943/5943 5998/5998
f 6021/6021 6015/6015 6020/6020
f 5994/5994 6020/6020 6015/6015
f 5994/5994 6015/6015 6021/6021
f 3268/3268 3151/3151 3150/3150
f 3132/3132 3156/3156 3176/3176
f 3268/3268 3156/3156 3132/3132
f 3176/3176 3156/3156 3268/3268
f 3268/3268 3150/3150 3176/3176
f 3268/3268 3476/3476 3151/3151
f 3419/3419 3408/3408 3495/3495
f 3419/3419 3495/3495 3430/3430
f 3430/3430 3495/3495 3408/3408
f 3399/3399 3408/3408 3495/3495
f 2359/2359 3408/3408 3399/3399
f 3495/3495 3408/3408 3399/3399
f 2565/2565 3408/3408 2265/2265
f 147/147 5467/5467 5676/5676
f 1083/1083 4283/4283 147/147
f 5676/5676 1083/1083 147/147
f 6212/6212 5694/5694 5924/5924
f 6187/6187 6188/6188 6176/6176
f 6212/6212 6188/6188 6187/6187
f 6212/6212 6187/6187 6176/6176
f 3277/3277 2359/2359 2265/2265
f 2297/2297 1599/1599 2293/2293
f 1599/1599 2265/2265 2359/2359
f 2258/2258 2297/2297 2293/2293
f 2258/2258 1599/1599 2297/2297
f 4214/4214 2265/2265 1599/1599
f 3277/3277 2265/2265 3408/3408
f 1889/1889 3249/3249 1653/1653
f 175/175 441/441 181/181
f 234/234 181/181 441/441
f 234/234 175/175 181/181
f 357/357 414/414 399/399
f 448/448 399/399 414/414
f 448/448 357/357 399/399
f 793/793 485/485 441/441
f 3065/3065 3176/3176 3150/3150
f 3150/3150 2866/2866 3065/3065
f 3150/3150 3151/3151 2866/2866
f 1794/1794 2259/2259 2712/2712
f 1794/1794 2712/2712 2386/2386
f 1794/1794 2386/2386 2387/2387
f 2327/2327 2187/2187 2387/2387
f 2354/2354 2327/2327 2387/2387
f 2327/2327 2354/2354 2187/2187
f 5656/5656 5924/5924 5694/5694
f 4870/4870 4878/4878 4804/4804
f 2786/2786 2766/2766 2709/2709
f 2793/2793 2766/2766 2786/2786
f 2793/2793 2709/2709 2766/2766
f 2706/2706 2592/2592 2478/2478
f 2592/2592 2511/2511 2478/2478
f 2465/2465 2447/2447 2478/2478
f 2448/2448 2447/2447 2465/2465
f 2448/2448 2465/2465 2478/2478
f 2438/2438 2447/2447 2448/2448
f 2401/2401 2447/2447 2438/2438
f 2401/2401 2438/2438 2448/2448
f 2548/2548 2546/2546 2713/2713
f 2546/2546 2550/2550 2713/2713
f 2528/2528 2544/2544 2546/2546
f 2544/2544 2550/2550 2546/2546
f 2528/2528 2550/2550 2544/2544
f 2549/2549 2550/2550 2475/2475
f 2750/2750 2713/2713 2932/2932
f 2774/2774 2750/2750 2932/2932
f 2755/2755 2750/2750 2774/2774
f 2759/2759 2750/2750 2755/2755
f 2774/2774 2759/2759 2755/2755
f 2713/2713 2750/2750 2774/2774
f 3026/3026 2548/2548 2713/2713
f 2774/2774 3026/3026 2713/2713
f 2918/2918 3026/3026 2932/2932
f 2932/2932 3026/3026 2774/2774
f 2549/2549 2713/2713 2550/2550
f 2927/2927 2918/2918 2932/2932
f 2969/2969 2918/2918 2927/2927
f 2970/2970 2918/2918 2969/2969
f 2927/2927 2970/2970 2969/2969
f 3026/3026 2918/2918 3064/3064
f 2548/2548 3026/3026 2922/2922
f 1870/1870 1648/1648 1778/1778
f 2013/2013 1648/1648 1870/1870
f 4303/4303 478/478 92/92
f 4856/4856 4818/4818 4867/4867
f 4795/4795 4856/4856 4867/4867
f 4856/4856 4874/4874 4818/4818
f 5998/5998 5925/5925 6150/6150
f 5669/5669 5925/5925 5887/5887
f 5857/5857 6150/6150 5925/5925
f 5669/5669 5857/5857 5925/5925
f 5099/5099 4995/4995 5669/5669
f 5116/5116 5857/5857 5669/5669
f 5339/5339 5231/5231 5099/5099
f 4995/4995 5116/5116 5669/5669
f 5516/5516 4995/4995 5099/5099
f 5516/5516 5099/5099 5231/5231
f 5339/5339 5516/5516 5231/5231
f 4983/4983 5116/5116 4995/4995
f 4751/4751 5116/5116 4853/4853
f 4755/4755 4751/4751 4754/4754
f 4754/4754 4751/4751 4853/4853
f 4983/4983 4943/4943 4853/4853
f 4991/4991 4853/4853 4943/4943
f 4991/4991 4943/4943 4983/4983
f 4995/4995 4985/4985 4983/4983
f 5099/5099 5669/5669 5516/5516
f 6533/6533 6212/6212 5924/5924
f 2866/2866 3151/3151 2971/2971
f 2965/2965 2971/2971 2973/2973
f 3022/3022 2965/2965 2973/2973
f 2971/2971 3022/3022 2973/2973
f 3151/3151 3022/3022 2971/2971
f 3022/3022 3151/3151 3071/3071
f 2971/2971 3022/3022 3071/3071
f 2866/2866 2971/2971 3071/3071
f 3065/3065 2866/2866 2818/2818
f 2820/2820 2787/2787 2793/2793
f 2787/2787 2758/2758 2793/2793
f 2714/2714 2751/2751 2745/2745
f 2745/2745 2751/2751 2758/2758
f 2714/2714 2745/2745 2758/2758
f 2592/2592 2706/2706 2758/2758
f 2511/2511 2448/2448 2474/2474
f 2478/2478 2474/2474 2448/2448
f 2478/2478 2511/2511 2474/2474
f 2549/2549 2475/2475 2511/2511
f 2592/2592 2549/2549 2511/2511
f 2472/2472 2358/2358 2586/2586
f 5610/5610 5669/5669 5757/5757
f 5516/5516 5669/5669 5610/5610
f 4853/4853 4991/4991 4961/4961
f 4755/4755 4754/4754 4853/4853
f 4912/4912 4853/4853 4961/4961
f 4852/4852 4853/4853 4912/4912
f 4961/4961 4852/4852 4912/4912
f 5566/5566 4995/4995 5610/5610
f 4985/4985 4995/4995 5566/5566
f 5516/5516 5610/5610 4995/4995
f 2414/2414 2397/2397 2398/2398
f 2370/2370 2398/2398 2397/2397
f 2370/2370 2397/2397 2414/2414
f 2396/2396 2370/2370 2414/2414
f 2431/2431 2396/2396 2414/2414
f 2396/2396 2251/2251 2273/2273
f 2586/2586 2396/2396 2273/2273
f 2586/2586 2273/2273 1558/1558
f 2269/2269 1563/1563 1558/1558
f 2269/2269 1558/1558 2273/2273
f 2273/2273 2280/2280 2269/2269
f 2251/2251 2274/2274 2257/2257
f 2280/2280 2257/2257 2274/2274
f 2280/2280 2274/2274 2251/2251
f 2396/2396 2280/2280 2251/2251
f 2396/2396 2269/2269 2280/2280
f 2455/2455 1563/1563 2269/2269
f 2476/2476 2455/2455 2269/2269
f 2517/2517 2521/2521 2455/2455
f 2476/2476 2517/2517 2455/2455
f 2476/2476 2521/2521 2517/2517
f 2431/2431 2476/2476 2396/2396
f 2396/2396 2586/2586 2370/2370
f 2269/2269 2396/2396 2476/2476
f 2370/2370 2586/2586 2358/2358
f 2444/2444 2374/2374 2472/2472
f 2443/2443 2374/2374 2444/2444
f 2442/2442 2443/2443 2444/2444
f 2472/2472 2442/2442 2444/2444
f 2441/2441 2443/2443 2442/2442
f 2472/2472 2441/2441 2442/2442
f 2440/2440 2443/2443 2441/2441
f 2374/2374 2443/2443 2440/2440
f 2436/2436 2440/2440 2441/2441
f 2472/2472 2436/2436 2441/2441
f 2374/2374 2440/2440 2436/2436
f 2436/2436 2472/2472 1558/1558
f 2374/2374 2436/2436 1558/1558
f 4920/4920 4869/4869 4851/4851
f 4919/4919 4920/4920 4899/4899
f 4914/4914 4899/4899 4920/4920
f 4919/4919 4899/4899 4914/4914
f 6686/6686 6685/6685 6668/6668
f 6704/6704 6685/6685 6686/6686
f 6704/6704 6668/6668 6685/6685
f 6668/6668 5843/5843 5904/5904
f 6496/6496 6668/6668 5904/5904
f 3493/3493 3519/3519 3350/3350
f 3476/3476 3493/3493 3350/3350
f 3476/3476 3519/3519 3493/3493
f 3151/3151 3476/3476 3350/3350
f 2545/2545 2712/2712 2668/2668
f 1755/1755 2131/2131 1544/1544
f 2499/2499 2131/2131 1858/1858
f 1783/1783 2499/2499 1858/1858
f 1860/1860 1858/1858 1783/1783
f 1881/1881 1858/1858 1860/1860
f 1783/1783 1881/1881 1860/1860
f 1528/1528 2499/2499 1783/1783
f 1528/1528 1711/1711 2499/2499
f 1566/1566 1711/1711 1528/1528
f 1776/1776 1786/1786 1784/1784
f 1711/1711 1784/1784 1786/1786
f 1711/1711 1786/1786 1776/1776
f 1528/1528 1783/1783 1858/1858
f 1528/1528 1858/1858 1755/1755
f 2131/2131 1755/1755 1858/1858
f 1544/1544 1528/1528 1755/1755
f 1544/1544 1582/1582 1611/1611
f 1672/1672 1484/1484 1312/1312
f 1590/1590 1672/1672 1612/1612
f 1589/1589 1672/1672 1590/1590
f 1612/1612 1589/1589 1590/1590
f 1586/1586 1394/1394 1484/1484
f 1672/1672 1586/1586 1484/1484
f 1592/1592 1586/1586 1672/1672
f 1794/1794 1586/1586 1592/1592
f 1312/1312 1794/1794 1592/1592
f 1733/1733 1794/1794 1312/1312
f 1900/1900 1794/1794 1733/1733
f 2131/2131 1900/1900 1733/1733
f 1544/1544 2131/2131 1733/1733
f 3408/3408 2565/2565 2584/2584
f 2565/2565 2643/2643 2584/2584
f 2595/2595 2643/2643 2565/2565
f 2565/2565 2265/2265 2595/2595
f 2587/2587 2643/2643 2590/2590
f 2595/2595 2587/2587 2590/2590
f 2643/2643 2587/2587 2595/2595
f 2643/2643 2595/2595 2584/2584
f 2265/2265 2584/2584 2595/2595
f 2584/2584 2265/2265 2041/2041
f 2041/2041 2051/2051 2120/2120
f 1937/1937 2041/2041 2265/2265
f 2039/2039 2041/2041 1975/1975
f 1975/1975 2041/2041 1937/1937
f 1937/1937 2039/2039 1975/1975
f 2051/2051 2041/2041 2008/2008
f 2120/2120 2051/2051 2008/2008
f 1937/1937 2584/2584 2041/2041
f 1937/1937 1616/1616 2584/2584
f 2265/2265 1616/1616 1937/1937
f 2129/2129 2700/2700 2584/2584
f 1555/1555 1545/1545 1553/1553
f 1674/1674 1545/1545 1555/1555
f 1531/1531 1553/1553 1534/1534
f 1531/1531 1534/1534 1529/1529
f 1508/1508 1475/1475 1529/1529
f 1553/1553 1531/1531 1529/1529
f 1529/1529 1555/1555 1553/1553
f 1529/1529 1475/1475 1555/1555
f 1532/1532 3437/3437 1555/1555
f 1475/1475 1532/1532 1555/1555
f 1508/1508 1532/1532 1475/1475
f 1227/1227 1031/1031 1430/1430
f 1031/1031 1545/1545 1430/1430
f 2374/2374 1588/1588 2472/2472
f 2374/2374 1558/1558 1588/1588
f 1588/1588 2358/2358 2472/2472
f 5703/5703 92/92 5759/5759
f 478/478 5759/5759 92/92
f 471/471 5759/5759 478/478
f 578/578 471/471 478/478
f 578/578 5759/5759 471/471
f 2937/2937 2866/2866 3071/3071
f 2818/2818 2866/2866 2937/2937
f 2929/2929 2818/2818 2962/2962
f 2937/2937 2929/2929 2962/2962
f 2962/2962 2818/2818 2937/2937
f 2974/2974 2937/2937 3071/3071
f 3350/3350 2974/2974 3151/3151
f 2974/2974 3071/3071 3151/3151
f 2758/2758 2787/2787 2820/2820
f 3431/3431 2822/2822 2820/2820
f 2822/2822 2758/2758 2820/2820
f 2592/2592 2758/2758 2822/2822
f 2822/2822 2862/2862 2757/2757
f 2757/2757 2592/2592 2822/2822
f 2785/2785 2592/2592 2757/2757
f 2785/2785 2757/2757 2765/2765
f 2765/2765 2757/2757 2792/2792
f 2785/2785 2765/2765 2792/2792
f 2592/2592 2785/2785 2549/2549
f 343/343 2265/2265 4214/4214
f 4214/4214 5037/5037 343/343
f 4172/4172 4216/4216 5037/5037
f 4214/4214 4172/4172 5037/5037
f 4216/4216 4172/4172 4214/4214
f 5533/5533 343/343 5037/5037
f 5533/5533 5511/5511 343/343
f 4659/4659 5511/5511 5533/5533
f 1554/1554 4659/4659 5533/5533
f 4911/4911 4659/4659 1554/1554
f 5511/5511 4659/4659 4561/4561
f 4705/4705 4580/4580 4644/4644
f 4561/4561 4580/4580 4705/4705
f 5511/5511 4561/4561 4705/4705
f 4640/4640 4705/4705 4644/4644
f 4580/4580 4640/4640 4644/4644
f 4485/4485 5511/5511 4705/4705
f 4717/4717 4706/4706 4649/4649
f 4649/4649 4659/4659 4697/4697
f 4706/4706 4717/4717 4697/4697
f 4697/4697 4659/4659 4911/4911
f 4649/4649 4706/4706 4697/4697
f 4697/4697 4911/4911 4561/4561
f 4561/4561 4649/4649 4697/4697
f 4561/4561 4659/4659 4649/4649
f 4485/4485 4580/4580 4561/4561
f 5511/5511 4485/4485 4494/4494
f 4494/4494 343/343 5511/5511
f 2265/2265 343/343 1616/1616
f 1450/1450 1616/1616 172/172
f 1450/1450 172/172 1554/1554
f 1227/1227 1450/1450 1554/1554
f 1227/1227 1674/1674 1450/1450
f 1861/1861 1450/1450 1674/1674
f 1430/1430 1674/1674 1227/1227
f 1545/1545 1674/1674 1430/1430
f 1668/1668 1861/1861 1744/1744
f 1758/1758 1744/1744 1861/1861
f 1758/1758 1668/1668 1744/1744
f 10/10 1053/1053 4492/4492
f 4492/4492 4963/4963 10/10
f 798/798 327/327 698/698
f 668/668 698/698 327/327
f 798/798 698/698 668/668
f 668/668 327/327 1270/1270
f 550/550 1270/1270 327/327
f 939/939 1270/1270 550/550
f 939/939 1864/1864 1270/1270
f 1270/1270 1864/1864 1149/1149
f 939/939 240/240 1864/1864
f 1296/1296 1290/1290 1278/1278
f 1290/1290 1215/1215 1278/1278
f 1215/1215 1290/1290 1296/1296
f 4703/4703 488/488 4205/4205
f 4401/4401 4457/4457 488/488
f 4703/4703 4401/4401 488/488
f 308/308 4457/4457 4401/4401
f 1262/1262 488/488 388/388
f 4457/4457 388/388 488/488
f 1380/1380 1272/1272 1347/1347
f 1422/1422 1380/1380 1347/1347
f 1198/1198 1394/1394 1272/1272
f 1198/1198 1484/1484 1394/1394
f 1312/1312 1484/1484 1198/1198
f 1262/1262 1312/1312 488/488
f 388/388 533/533 776/776
f 388/388 776/776 1030/1030
f 308/308 1344/1344 1030/1030
f 458/458 533/533 452/452
f 450/450 533/533 458/458
f 450/450 458/458 452/452
f 388/388 450/450 533/533
f 776/776 533/533 450/450
f 776/776 308/308 1030/1030
f 450/450 308/308 776/776
f 450/450 4457/4457 308/308
f 4457/4457 450/450 388/388
f 6495/6495 7116/7116 6675/6675
f 1515/1515 1559/1559 1542/1542
f 1420/1420 1542/1542 1559/1559
f 1515/1515 1542/1542 1420/1420
f 2358/2358 1588/1588 1213/1213
f 1420/1420 1213/1213 1588/1588
f 1149/1149 668/668 1270/1270
f 2545/2545 2405/2405 2746/2746
f 1264/1264 1030/1030 1344/1344
f 1264/1264 1236/1236 1030/1030
f 1236/1236 388/388 1030/1030
f 1262/1262 388/388 1236/1236
f 1299/1299 1264/1264 1368/1368
f 1264/1264 1299/1299 1345/1345
f 1345/1345 1299/1299 1368/1368
f 1236/1236 1264/1264 1368/1368
f 1528/1528 1236/1236 1368/1368
f 1528/1528 1509/1509 1566/1566
f 1509/1509 1344/1344 1448/1448
f 2405/2405 1509/1509 1448/1448
f 2405/2405 1448/1448 1344/1344
f 1528/1528 1368/1368 1509/1509
f 1524/1524 1521/1521 1722/1722
f 4877/4877 1609/1609 4734/4734
f 613/613 4734/4734 1609/1609
f 1556/1556 613/613 1609/1609
f 1656/1656 1556/1556 1609/1609
f 613/613 1556/1556 1656/1656
f 1656/1656 1679/1679 613/613
f 1100/1100 1679/1679 1656/1656
f 2405/2405 2545/2545 2489/2489
f 290/290 17/17 1198/1198
f 17/17 488/488 1198/1198
f 1272/1272 1586/1586 1198/1198
f 1394/1394 1586/1586 1272/1272
f 1272/1272 1380/1380 1422/1422
f 4867/4867 4818/4818 5043/5043
f 1870/1870 1778/1778 2013/2013
f 613/613 412/412 4734/4734
f 412/412 613/613 1355/1355
f 4076/4076 145/145 164/164
f 164/164 54/54 75/75
f 24/24 75/75 54/54
f 24/24 164/164 75/75
f 1355/1355 4076/4076 164/164
f 4076/4076 4877/4877 4734/4734
f 4076/4076 4734/4734 4359/4359
f 4352/4352 4375/4375 4359/4359
f 4095/4095 4375/4375 4352/4352
f 164/164 412/412 1355/1355
f 4359/4359 4734/4734 412/412
f 4095/4095 4359/4359 4238/4238
f 412/412 24/24 4359/4359
f 24/24 4094/4094 4082/4082
f 164/164 24/24 412/412
f 4095/4095 24/24 4045/4045
f 4094/4094 24/24 4095/4095
f 145/145 4045/4045 24/24
f 4095/4095 4045/4045 145/145
f 4095/4095 145/145 4076/4076
f 4094/4094 4095/4095 4082/4082
f 4238/4238 4082/4082 4095/4095
f 4359/4359 4082/4082 4238/4238
f 4359/4359 4375/4375 4095/4095
f 4076/4076 4359/4359 4095/4095
f 4076/4076 1355/1355 1679/1679
f 613/613 1536/1536 1355/1355
f 5372/5372 5310/5310 5129/5129
f 7009/7009 6732/6732 7010/7010
f 6732/6732 7009/7009 6453/6453
f 6453/6453 7009/7009 7010/7010
f 6732/6732 6192/6192 7010/7010
f 2400/2400 2422/2422 2366/2366
f 2408/2408 2400/2400 2366/2366
f 2408/2408 2366/2366 2407/2407
f 2422/2422 2407/2407 2366/2366
f 2432/2432 2407/2407 2422/2422
f 1524/1524 1722/1722 1878/1878
f 1617/1617 1530/1530 1619/1619
f 1618/1618 1617/1617 1619/1619
f 1530/1530 1618/1618 1619/1619
f 1684/1684 1618/1618 1530/1530
f 1724/1724 1684/1684 1530/1530
f 1618/1618 1684/1684 1724/1724
f 1524/1524 1724/1724 1530/1530
f 1878/1878 1724/1724 1524/1524
f 1854/1854 1724/1724 1878/1878
f 1829/1829 1854/1854 1878/1878
f 1724/1724 1854/1854 1829/1829
f 1530/1530 1521/1521 1524/1524
f 5071/5071 5090/5090 4999/4999
f 5085/5085 4999/4999 5090/5090
f 5085/5085 5090/5090 5071/5071
f 5840/5840 5085/5085 5071/5071
f 5589/5589 5840/5840 5562/5562
f 5637/5637 5607/5607 5562/5562
f 5636/5636 5635/5635 5607/5607
f 5637/5637 5636/5636 5607/5607
f 5637/5637 5635/5635 5636/5636
f 5609/5609 5638/5638 5637/5637
f 5562/5562 5609/5609 5637/5637
f 5562/5562 5638/5638 5609/5609
f 5071/5071 5562/5562 5840/5840
f 5230/5230 5605/5605 4982/4982
f 1833/1833 1815/1815 2018/2018
f 1833/1833 2018/2018 1868/1868
f 1815/1815 1833/1833 1868/1868
f 1869/1869 1815/1815 1868/1868
f 1905/1905 1815/1815 1869/1869
f 1905/1905 1869/1869 1868/1868
f 2200/2200 1905/1905 1992/1992
f 1198/1198 488/488 1312/1312
f 4147/4147 4855/4855 235/235
f 4147/4147 235/235 128/128
f 14/14 4147/4147 128/128
f 85/85 14/14 128/128
f 85/85 128/128 235/235
f 85/85 235/235 4855/4855
f 5554/5554 5190/5190 5097/5097
f 5554/5554 5676/5676 5467/5467
f 5031/5031 5097/5097 5144/5144
f 5144/5144 5097/5097 5028/5028
f 5031/5031 5144/5144 5028/5028
f 5045/5045 5676/5676 5097/5097
f 4613/4613 4459/4459 4583/4583
f 4456/4456 4613/4613 4583/4583
f 4456/4456 4583/4583 4459/4459
f 4613/4613 4197/4197 1083/1083
f 4613/4613 1083/1083 5045/5045
f 4581/4581 4197/4197 4600/4600
f 4635/4635 4197/4197 4581/4581
f 4635/4635 4581/4581 4600/4600
f 4613/4613 5045/5045 5190/5190
f 5028/5028 5190/5190 5045/5045
f 5097/5097 5028/5028 5045/5045
f 1558/1558 2472/2472 2586/2586
f 1681/1681 2192/2192 1486/1486
f 1523/1523 1681/1681 1486/1486
f 2192/2192 1681/1681 1523/1523
f 1419/1419 1143/1143 1435/1435
f 1008/1008 1143/1143 1018/1018
f 993/993 1008/1008 1018/1018
f 993/993 1143/1143 1008/1008
f 1143/1143 1419/1419 1435/1435
f 4851/4851 4982/4982 5605/5605
f 1905/1905 2018/2018 1992/1992
f 1868/1868 2018/2018 1905/1905
f 1586/1586 1283/1283 1198/1198
f 1262/1262 1528/1528 1544/1544
f 1733/1733 1262/1262 1544/1544
f 1560/1560 1611/1611 1582/1582
f 1544/1544 1560/1560 1582/1582
f 1733/1733 1312/1312 1262/1262
f 111/111 1864/1864 240/240
f 205/205 111/111 240/240
f 193/193 205/205 240/240
f 193/193 111/111 205/205
f 1433/1433 1864/1864 111/111
f 5296/5296 5372/5372 5129/5129
f 5298/5298 5296/5296 5129/5129
f 5371/5371 5296/5296 5298/5298
f 5372/5372 5296/5296 5371/5371
f 5310/5310 5371/5371 5298/5298
f 5310/5310 5298/5298 5129/5129
f 2489/2489 1566/1566 2405/2405
f 1566/1566 2489/2489 2091/2091
f 2499/2499 1566/1566 2091/2091
f 1566/1566 2499/2499 1711/1711
f 1262/1262 1236/1236 1528/1528
f 2405/2405 1566/1566 1509/1509
f 1474/1474 1394/1394 1473/1473
f 1423/1423 1474/1474 1473/1473
f 1394/1394 1423/1423 1473/1473
f 2785/2785 2862/2862 2549/2549
f 2822/2822 2827/2827 2862/2862
f 2827/2827 2830/2830 2862/2862
f 2830/2830 2821/2821 2862/2862
f 2824/2824 2827/2827 2822/2822
f 2830/2830 2827/2827 2821/2821
f 2821/2821 2863/2863 2857/2857
f 2857/2857 2863/2863 2871/2871
f 2871/2871 2821/2821 2857/2857
f 3265/3265 2824/2824 2822/2822
f 3431/3431 3265/3265 2822/2822
f 2824/2824 3018/3018 2858/2858
f 2862/2862 2824/2824 2858/2858
f 3018/3018 2862/2862 2858/2858
f 2549/2549 2862/2862 3018/3018
f 3018/3018 2932/2932 2549/2549
f 2985/2985 3018/3018 3058/3058
f 2549/2549 2932/2932 2713/2713
f 2944/2944 2926/2926 2936/2936
f 2972/2972 2927/2927 2932/2932
f 2936/2936 2926/2926 2972/2972
f 2944/2944 2936/2936 2972/2972
f 3026/3026 3064/3064 2922/2922
f 2927/2927 3064/3064 2918/2918
f 3063/3063 3064/3064 2927/2927
f 3063/3063 2972/2972 2977/2977
f 2977/2977 2985/2985 3063/3063
f 2972/2972 2985/2985 2977/2977
f 3018/3018 2972/2972 2932/2932
f 3010/3010 3038/3038 2985/2985
f 3015/3015 3010/3010 2985/2985
f 3038/3038 3010/3010 3015/3015
f 3058/3058 3015/3015 2985/2985
f 3064/3064 3063/3063 3015/3015
f 3015/3015 3265/3265 3064/3064
f 3058/3058 3265/3265 3015/3015
f 3018/3018 3265/3265 3058/3058
f 3265/3265 3018/3018 2824/2824
f 200/200 1129/1129 1005/1005
f 994/994 200/200 1005/1005
f 996/996 200/200 994/994
f 996/996 994/994 1005/1005
f 1097/1097 996/996 1005/1005
f 1089/1089 996/996 1097/1097
f 1129/1129 1097/1097 1005/1005
f 1089/1089 1097/1097 1129/1129
f 4195/4195 4258/4258 4257/4257
f 5308/5308 4258/4258 4195/4195
f 5308/5308 4195/4195 4257/4257
f 4188/4188 5308/5308 5255/5255
f 5534/5534 4188/4188 5189/5189
f 4188/4188 5255/5255 5208/5208
f 5535/5535 5189/5189 4188/4188
f 5534/5534 5189/5189 5535/5535
f 2091/2091 2489/2489 2513/2513
f 2091/2091 2513/2513 2499/2499
f 5208/5208 5255/5255 5308/5308
f 6453/6453 6054/6054 6732/6732
f 6337/6337 6054/6054 6453/6453
f 6337/6337 6340/6340 6054/6054
f 6148/6148 6340/6340 6337/6337
f 6054/6054 6340/6340 6148/6148
f 6732/6732 6054/6054 6192/6192
f 5905/5905 5937/5937 5839/5839
f 5792/5792 5794/5794 5839/5839
f 5793/5793 5819/5819 5792/5792
f 5791/5791 5792/5792 5819/5819
f 5794/5794 5792/5792 5905/5905
f 5839/5839 5794/5794 5905/5905
f 5905/5905 6054/6054 5937/5937
f 5905/5905 6192/6192 6054/6054
f 2407/2407 2428/2428 2408/2408
f 2428/2428 2429/2429 2408/2408
f 2400/2400 2408/2408 2429/2429
f 2432/2432 2428/2428 2407/2407
f 2432/2432 2400/2400 2429/2429
f 2430/2430 2429/2429 2428/2428
f 2432/2432 2430/2430 2428/2428
f 2429/2429 2430/2430 2432/2432
f 1558/1558 1213/1213 1420/1420
f 1588/1588 1558/1558 1420/1420
f 1310/1310 1558/1558 1563/1563
f 5469/5469 5085/5085 5840/5840
f 5667/5667 5704/5704 5764/5764
f 5634/5634 5764/5764 5704/5704
f 5634/5634 5704/5704 5667/5667
f 5667/5667 5469/5469 5668/5668
f 5589/5589 5668/5668 5469/5469
f 5667/5667 5668/5668 5589/5589
f 5589/5589 5469/5469 5840/5840
f 7213/7213 7262/7262 6907/6907
f 7010/7010 6192/6192 6244/6244
f 6244/6244 6192/6192 6274/6274
f 6216/6216 6208/6208 6274/6274
f 6215/6215 6208/6208 6216/6216
f 6274/6274 6215/6215 6216/6216
f 6274/6274 6256/6256 6244/6244
f 6256/6256 6257/6257 6244/6244
f 6274/6274 6257/6257 6256/6256
f 6274/6274 6192/6192 6215/6215
f 5997/5997 5843/5843 6016/6016
f 5996/5996 5843/5843 5997/5997
f 6016/6016 5996/5996 5997/5997
f 6496/6496 5904/5904 5843/5843
f 4485/4485 4561/4561 4494/4494
f 1554/1554 172/172 4911/4911
f 1616/1616 4494/4494 385/385
f 172/172 1616/1616 385/385
f 254/254 385/385 4494/4494
f 249/249 385/385 199/199
f 251/251 385/385 249/249
f 172/172 385/385 251/251
f 199/199 251/251 249/249
f 254/254 172/172 251/251
f 172/172 4494/4494 4911/4911
f 4494/4494 4561/4561 4911/4911
f 254/254 4494/4494 172/172
f 937/937 1095/1095 949/949
f 766/766 1095/1095 1616/1616
f 949/949 1095/1095 766/766
f 937/937 949/949 766/766
f 766/766 343/343 4494/4494
f 1616/1616 343/343 766/766
f 5028/5028 5097/5097 5190/5190
f 5554/5554 5097/5097 5676/5676
f 6219/6219 6178/6178 6186/6186
f 6186/6186 6178/6178 5818/5818
f 1027/1027 1045/1045 1076/1076
f 913/913 1027/1027 1076/1076
f 913/913 1076/1076 1045/1045
f 1178/1178 1274/1274 1214/1214
f 1190/1190 1178/1178 1214/1214
f 1274/1274 1190/1190 1214/1214
f 4072/4072 4613/4613 5190/5190
f 5993/5993 5995/5995 6101/6101
f 6022/6022 5993/5993 6101/6101
f 6022/6022 5961/5961 5993/5993
f 5941/5941 5995/5995 5993/5993
f 5961/5961 5941/5941 5993/5993
f 5961/5961 5995/5995 5941/5941
f 6078/6078 6022/6022 6101/6101
f 5961/5961 6022/6022 5963/5963
f 5938/5938 5961/5961 5963/5963
f 6022/6022 5938/5938 5963/5963
f 6056/6056 6154/6154 6103/6103
f 6154/6154 6135/6135 6103/6103
f 6103/6103 6132/6132 6120/6120
f 6056/6056 6103/6103 6120/6120
f 6132/6132 6056/6056 6120/6120
f 6132/6132 5940/5940 6056/6056
f 6242/6242 6132/6132 6211/6211
f 6255/6255 6242/6242 6211/6211
f 6211/6211 6132/6132 6255/6255
f 6116/6116 6078/6078 6101/6101
f 6135/6135 6078/6078 6116/6116
f 6078/6078 6135/6135 6154/6154
f 6022/6022 6078/6078 6154/6154
f 6154/6154 5938/5938 6022/6022
f 5816/5816 6054/6054 6148/6148
f 6018/6018 6054/6054 5816/5816
f 5816/5816 6084/6084 6018/6018
f 5839/5839 6084/6084 5816/5816
f 5937/5937 6084/6084 5839/5839
f 6084/6084 5937/5937 6054/6054
f 3420/3420 3430/3430 3408/3408
f 3419/3419 3430/3430 3420/3420
f 3421/3421 3420/3420 3408/3408
f 3419/3419 3420/3420 3421/3421
f 3419/3419 3421/3421 3408/3408
f 6084/6084 6054/6054 6018/6018
f 2018/2018 2200/2200 1992/1992
f 5765/5765 5862/5862 5817/5817
f 5822/5822 5765/5765 5817/5817
f 5765/5765 5822/5822 5790/5790
f 5790/5790 5862/5862 5765/5765
f 5817/5817 5862/5862 5790/5790
f 766/766 4494/4494 1095/1095
f 4494/4494 1616/1616 1095/1095
f 3311/3311 3397/3397 3401/3401
f 3401/3401 3299/3299 3311/3311
f 3397/3397 3299/3299 3401/3401
f 5022/5022 1679/1679 1100/1100
f 5022/5022 4877/4877 4076/4076
f 3431/3431 3181/3181 3265/3265
f 5701/5701 6056/6056 5940/5940
f 5701/5701 6154/6154 6056/6056
f 5938/5938 6154/6154 5701/5701
f 3399/3399 3408/3408 2584/2584
f 3181/3181 3064/3064 3265/3265
f 2922/2922 3064/3064 3181/3181
f 1149/1149 1864/1864 1433/1433
f 6019/6019 5641/5641 5760/5760
f 5736/5736 5706/5706 5760/5760
f 5735/5735 5736/5736 5760/5760
f 5706/5706 5736/5736 5735/5735
f 5674/5674 5756/5756 5733/5733
f 5762/5762 5674/5674 5733/5733
f 5762/5762 5641/5641 5675/5675
f 5756/5756 5762/5762 5733/5733
f 5796/5796 5762/5762 5795/5795
f 5760/5760 5796/5796 5795/5795
f 5760/5760 5762/5762 5796/5796
f 5760/5760 5641/5641 5762/5762
f 5707/5707 5641/5641 6019/6019
f 5707/5707 5675/5675 5641/5641
f 5939/5939 5707/5707 6019/6019
f 5899/5899 5939/5939 6019/6019
f 5670/5670 5939/5939 5899/5899
f 5707/5707 5939/5939 5670/5670
f 5549/5549 5707/5707 5670/5670
f 5536/5536 5707/5707 5549/5549
f 5541/5541 5558/5558 5549/5549
f 5536/5536 5558/5558 5541/5541
f 5274/5274 5530/5530 5549/5549
f 5541/5541 5549/5549 5536/5536
f 5530/5530 5536/5536 5549/5549
f 5707/5707 5536/5536 5530/5530
f 5707/5707 5530/5530 5675/5675
f 5905/5905 6215/6215 6192/6192
f 5758/5758 5821/5821 5793/5793
f 5820/5820 5793/5793 5821/5821
f 5758/5758 5820/5820 5821/5821
f 5819/5819 5793/5793 5820/5820
f 5791/5791 5819/5819 5820/5820
f 1351/1351 1355/1355 1348/1348
f 1271/1271 1348/1348 1313/1313
f 1313/1313 1348/1348 1351/1351
f 1351/1351 1271/1271 1313/1313
f 1351/1351 1348/1348 1536/1536
f 1355/1355 1351/1351 1679/1679
f 2078/2078 2311/2311 2522/2522
f 1928/1928 1991/1991 2311/2311
f 2078/2078 1928/1928 2311/2311
f 2078/2078 2029/2029 1928/1928
f 2002/2002 2029/2029 2078/2078
f 1928/1928 2029/2029 2002/2002
f 1993/1993 2010/2010 1928/1928
f 2063/2063 1928/1928 2010/2010
f 2063/2063 2010/2010 1993/1993
f 2522/2522 2311/2311 1991/1991
f 1991/1991 1769/1769 2522/2522
f 2019/2019 1769/1769 1991/1991
f 1769/1769 1914/1914 2522/2522
f 1741/1741 2522/2522 1914/1914
f 1741/1741 1914/1914 1985/1985
f 1906/1906 1911/1911 1769/1769
f 1892/1892 1906/1906 1769/1769
f 1777/1777 1866/1866 1769/1769
f 2019/2019 1880/1880 1769/1769
f 1935/1935 1880/1880 1953/1953
f 2019/2019 1991/1991 1880/1880
f 1882/1882 1935/1935 1953/1953
f 1935/1935 1882/1882 1880/1880
f 1807/1807 2002/2002 1764/1764
f 1709/1709 1764/1764 2002/2002
f 1708/1708 1709/1709 2002/2002
f 1709/1709 1807/1807 1764/1764
f 1472/1472 1708/1708 1225/1225
f 1225/1225 1708/1708 2002/2002
f 1258/1258 1217/1217 1301/1301
f 1381/1381 1301/1301 1426/1426
f 1453/1453 1426/1426 1301/1301
f 1381/1381 1426/1426 1453/1453
f 1183/1183 1217/1217 1258/1258
f 1301/1301 1217/1217 1183/1183
f 411/411 978/978 979/979
f 978/978 411/411 543/543
f 979/979 978/978 543/543
f 244/244 248/248 246/246
f 4051/4051 248/248 244/244
f 4051/4051 109/109 248/248
f 4248/4248 4677/4677 4676/4676
f 4455/4455 4677/4677 4248/4248
f 4182/4182 4455/4455 4248/4248
f 4677/4677 4455/4455 4182/4182
f 4645/4645 4676/4676 4677/4677
f 4645/4645 4248/4248 4676/4676
f 4248/4248 248/248 109/109
f 4103/4103 4145/4145 4092/4092
f 4102/4102 4092/4092 4145/4145
f 4103/4103 4092/4092 4102/4102
f 1472/1472 1225/1225 1301/1301
f 1384/1384 1403/1403 1373/1373
f 1400/1400 1403/1403 1384/1384
f 1373/1373 1403/1403 1400/1400
f 1460/1460 1373/1373 1400/1400
f 1471/1471 1373/1373 1460/1460
f 1472/1472 1373/1373 1471/1471
f 1460/1460 1472/1472 1471/1471
f 1708/1708 1472/1472 1460/1460
f 1457/1457 1460/1460 1438/1438
f 1647/1647 1457/1457 1438/1438
f 1647/1647 1460/1460 1457/1457
f 1677/1677 1708/1708 1460/1460
f 1647/1647 1677/1677 1460/1460
f 2645/2645 1677/1677 1647/1647
f 2522/2522 1677/1677 2645/2645
f 1741/1741 1708/1708 1677/1677
f 1709/1709 1708/1708 1741/1741
f 1892/1892 1848/1848 1771/1771
f 1848/1848 1769/1769 1771/1771
f 1866/1866 1777/1777 1807/1807
f 1866/1866 1807/1807 1769/1769
f 1848/1848 1892/1892 1769/1769
f 1906/1906 1892/1892 1911/1911
f 1985/1985 1914/1914 1939/1939
f 1741/1741 1985/1985 1939/1939
f 1677/1677 2522/2522 1741/1741
f 5675/5675 5530/5530 5274/5274
f 4076/4076 1679/1679 5022/5022
f 2403/2403 2816/2816 2620/2620
f 2362/2362 2816/2816 2186/2186
f 2186/2186 2816/2816 2403/2403
f 2437/2437 2362/2362 2186/2186
f 2617/2617 2403/2403 2620/2620
f 2816/2816 2617/2617 2620/2620
f 2780/2780 2617/2617 2816/2816
f 2979/2979 2816/2816 3101/3101
f 3101/3101 2816/2816 2362/2362
f 2780/2780 2816/2816 2979/2979
f 1679/1679 1536/1536 613/613
f 1355/1355 1536/1536 1348/1348
f 1351/1351 1536/1536 1679/1679
f 1310/1310 1213/1213 1558/1558
f 3119/3119 2979/2979 3101/3101
f 3119/3119 2780/2780 2979/2979
f 3119/3119 2720/2720 3098/3098
f 3009/3009 2720/2720 2949/2949
f 2720/2720 2946/2946 2949/2949
f 2946/2946 3009/3009 2949/2949
f 3054/3054 3098/3098 3009/3009
f 3047/3047 3098/3098 3054/3054
f 3047/3047 3054/3054 3009/3009
f 3098/3098 2622/2622 3119/3119
f 2720/2720 2622/2622 3098/3098
f 2832/2832 2622/2622 2720/2720
f 2832/2832 2720/2720 3101/3101
f 3119/3119 3101/3101 2720/2720
f 2832/2832 2898/2898 2622/2622
f 2898/2898 2832/2832 2525/2525
f 2481/2481 2525/2525 2832/2832
f 3101/3101 2481/2481 2832/2832
f 2473/2473 2525/2525 2481/2481
f 2479/2479 2525/2525 2473/2473
f 2481/2481 2479/2479 2473/2473
f 2479/2479 2481/2481 3101/3101
f 3101/3101 2362/2362 2479/2479
f 2437/2437 2479/2479 2362/2362
f 2522/2522 2645/2645 2078/2078
f 1856/1856 2744/2744 2924/2924
f 1506/1506 1585/1585 1613/1613
f 1613/1613 1585/1585 1856/1856
f 1856/1856 1506/1506 1613/1613
f 1712/1712 1676/1676 1856/1856
f 1713/1713 1712/1712 1856/1856
f 1713/1713 1676/1676 1712/1712
f 1713/1713 1856/1856 2924/2924
f 1904/1904 1713/1713 2924/2924
f 3092/3092 2780/2780 3119/3119
f 3293/3293 2780/2780 3092/3092
f 3381/3381 3293/3293 3174/3174
f 3360/3360 3293/3293 3381/3381
f 3391/3391 3293/3293 3360/3360
f 3360/3360 2780/2780 3391/3391
f 1083/1083 5676/5676 5045/5045
f 3437/3437 2359/2359 3399/3399
f 3293/3293 3391/3391 2780/2780
f 3081/3081 3105/3105 3087/3087
f 3105/3105 3381/3381 3174/3174
f 3087/3087 3105/3105 3174/3174
f 3095/3095 3087/3087 3174/3174
f 3059/3059 3081/3081 3087/3087
f 3095/3095 3069/3069 3087/3087
f 3059/3059 3087/3087 3069/3069
f 3030/3030 3059/3059 3069/3069
f 3030/3030 3069/3069 3095/3095
f 3030/3030 3095/3095 3092/3092
f 3030/3030 3092/3092 2992/2992
f 3011/3011 3030/3030 2992/2992
f 3059/3059 3030/3030 3011/3011
f 3090/3090 2992/2992 3092/3092
f 3002/3002 3059/3059 3011/3011
f 2992/2992 3002/3002 3011/3011
f 3090/3090 3002/3002 2992/2992
f 3119/3119 2622/2622 3090/3090
f 2898/2898 3090/3090 2622/2622
f 3090/3090 3092/3092 3119/3119
f 3293/3293 3092/3092 3174/3174
f 3095/3095 3174/3174 3092/3092
f 1251/1251 1208/1208 1092/1092
f 4283/4283 1083/1083 1092/1092
f 1208/1208 4283/4283 1092/1092
f 1251/1251 4283/4283 1208/1208
f 4338/4338 4207/4207 4182/4182
f 4677/4677 4182/4182 4207/4207
f 4338/4338 4677/4677 4207/4207
f 4051/4051 4248/4248 109/109
f 178/178 107/107 4051/4051
f 243/243 178/178 4051/4051
f 243/243 107/107 178/178
f 4051/4051 244/244 246/246
f 2036/2036 2083/2083 2038/2038
f 2002/2002 2083/2083 2036/2036
f 2002/2002 2036/2036 2038/2038
f 1225/1225 2002/2002 1301/1301
f 1554/1554 1508/1508 1031/1031
f 1031/1031 245/245 1554/1554
f 833/833 245/245 652/652
f 628/628 652/652 245/245
f 833/833 652/652 628/628
f 1183/1183 1024/1024 1301/1301
f 1084/1084 1024/1024 1183/1183
f 979/979 1084/1084 1183/1183
f 979/979 1024/1024 1084/1084
f 245/245 1031/1031 1227/1227
f 984/984 833/833 245/245
f 1032/1032 984/984 245/245
f 833/833 984/984 1032/1032
f 1031/1031 1508/1508 1545/1545
f 2744/2744 1904/1904 2924/2924
f 1555/1555 3437/3437 1674/1674
f 2700/2700 1674/1674 3437/3437
f 1902/1902 2700/2700 2129/2129
f 2584/2584 1832/1832 2129/2129
f 1832/1832 2584/2584 1450/1450
f 1861/1861 1758/1758 1832/1832
f 1832/1832 1450/1450 1861/1861
f 1450/1450 2584/2584 1616/1616
f 1902/1902 1861/1861 1674/1674
f 2700/2700 1902/1902 1674/1674
f 1932/1932 1861/1861 1902/1902
f 1933/1933 1861/1861 1932/1932
f 1902/1902 1933/1933 1932/1932
f 3437/3437 3399/3399 2584/2584
f 3437/3437 2584/2584 2700/2700

