# https://github.com/mikedh/trimesh
mtllib CourtBall.mtl
usemtl tripo_material_6b67517e-08df-4da6-a48e-beda50f59c7c
v 0.19802166 0.17725371 -0.00121304
v 0.19978157 0.18903874 0.02150438
v 0.19921990 0.18956921 -0.02451085
v 0.19591225 0.16859923 -0.01550064
v 0.19739757 0.19470971 0.00949077
v 0.19530065 0.16815301 0.02298346
v 0.19592474 0.17625830 0.03370365
v 0.19235497 0.18079539 0.05658566
v 0.19406497 0.15796485 0.01713892
v 0.19297906 0.15065372 -0.00552857
v 0.18972135 0.14557993 -0.02829591
v 0.18983368 0.13780385 0.01484073
v 0.19144382 0.14774550 0.02438920
v 0.18315598 0.13805348 0.04750213
v 0.19022060 0.15658564 0.04074331
v 0.18179548 0.14639124 0.06069837
v 0.17650325 0.13181265 0.06136614
v 0.18818609 0.16393734 0.05584301
v 0.17725215 0.15202359 0.07708680
v 0.16812805 0.12768122 0.07896530
v 0.18079694 0.16613100 0.07891537
v 0.15744374 0.14659094 0.10938312
v 0.15431084 0.13485818 0.10732364
v 0.17888725 0.17588386 0.08921898
v 0.14835708 0.15853590 0.12793088
v 0.16102598 0.17270571 0.11744628
v 0.16314786 0.18775470 0.11822014
v 0.18440414 0.18833744 0.08280965
v 0.19588729 0.19064966 0.04379820
v 0.16918899 0.19437350 0.10228729
v 0.14755826 0.19384693 0.13097640
v 0.15092831 0.20555161 0.12791839
v 0.18884762 0.19480880 0.05920681
v 0.18984615 0.20514089 0.05608640
v 0.17243423 0.20533786 0.09620248
v 0.15937840 0.21351765 0.12180238
v 0.14799512 0.22237651 0.13513280
v 0.15638280 0.22685431 0.12542206
v 0.17032482 0.21185836 0.10628766
v 0.19689831 0.20531290 0.01212129
v 0.19547540 0.20552470 -0.02889816
v 0.19903267 0.20935657 -0.01619026
v 0.19885793 0.21071551 0.02192876
v 0.19845851 0.22401317 -0.00622209
v 0.19233000 0.21235763 0.06204015
v 0.17871250 0.22216744 0.09208353
v 0.16427121 0.23008394 0.11377666
v 0.15755608 0.23585047 0.12125318
v 0.14323960 0.23432459 0.13867759
v 0.19473898 0.23169719 0.03376294
v 0.19038286 0.22199114 0.06381255
v 0.19503854 0.23730458 -0.02061189
v 0.16261115 0.24456579 0.10932071
v 0.14918088 0.24397604 0.12819299
v 0.15069116 0.25279745 0.12099107
v 0.16801571 0.23946391 0.10374140
v 0.19247980 0.24491528 0.03041785
v 0.19076981 0.25643586 -0.00869268
v 0.18889754 0.23447749 0.05875123
v 0.17835054 0.23035542 0.08938125
v 0.18169562 0.24077449 0.07537681
v 0.19012076 0.25365869 0.02894501
v 0.18368022 0.27881549 0.00226642
v 0.18102161 0.25339033 0.06620903
v 0.17932412 0.28467563 0.02736608
v 0.17339534 0.29801229 -0.01525882
v 0.17450619 0.29620869 0.01634008
v 0.17046212 0.25541236 0.08760885
v 0.17398195 0.26678940 0.07092086
v 0.15630791 0.26370019 0.10505198
v 0.13493930 0.25959996 0.13533249
v 0.13913314 0.27465285 0.12141543
v 0.16757887 0.29810591 0.04794522
v 0.16886448 0.30652479 0.01508567
v 0.16719195 0.30869660 -0.01717164
v 0.16257372 0.31799544 0.00211449
v 0.15935344 0.28630449 0.08220427
v 0.14915592 0.29716978 0.09044842
v 0.15723157 0.31234125 0.05441384
v 0.16076388 0.31860705 0.02572005
v 0.15288796 0.32980310 -0.02188191
v 0.15084095 0.32889194 0.03858397
v 0.14502450 0.33393453 0.02640498
v 0.14961775 0.32354979 0.05746561
v 0.13970729 0.30471495 0.09942274
v 0.11974911 0.27650014 0.14287142
v 0.11364557 0.30085811 0.13157551
v 0.12782475 0.31502481 0.10426562
v 0.10935188 0.30468999 0.12779357
v 0.13573813 0.32613349 0.07448436
v 0.11571753 0.32463569 0.10256186
v 0.10186288 0.31284052 0.12766875
v 0.10589446 0.32487284 0.11604832
v 0.13558835 0.34056230 0.03812527
v 0.13774770 0.34196025 -0.02247323
v 0.12510375 0.33271133 0.07744876
v 0.11730270 0.33432147 0.09405562
v 0.13596280 0.34621649 0.02789030
v 0.12661404 0.34067463 0.06874280
v 0.08481917 0.35549037 0.08981809
v 0.08394545 0.34411957 0.10726121
v 0.10035260 0.35194558 0.08100603
v 0.12274472 0.34768933 0.06021158
v 0.09071052 0.36847131 0.05860144
v 0.07285549 0.36304178 0.08722814
v 0.06980996 0.34483103 0.11527444
v 0.04929946 0.37084282 0.09059818
v 0.05674166 0.37692140 0.07287422
v 0.07853466 0.38137735 0.03605330
v 0.05514401 0.38827971 0.03912066
v 0.06170937 0.38947795 0.01351921
v 0.08342123 0.38221362 0.01571598
v 0.09487316 0.37519893 0.02954411
v 0.10498331 0.36773489 0.03472089
v 0.10629389 0.37000655 0.01046042
v 0.11822636 0.35969670 0.02970326
v 0.12113460 0.36000874 0.00324817
v 0.12589010 0.35580242 0.01831218
v 0.12794957 0.35115923 0.03815959
v 0.13310450 0.35080975 0.00528756
v 0.13658690 0.34715262 -0.01828719
v 0.19903267 0.20935657 -0.01619026
v 0.19845851 0.22401317 -0.00622209
v 0.19361564 0.21271648 -0.05453238
v 0.19547540 0.20552470 -0.02889816
v 0.18968391 0.23254907 -0.05575558
v 0.19503854 0.23730458 -0.02061189
v 0.18650109 0.20506990 -0.06364400
v 0.18808626 0.25415171 -0.03815956
v 0.19076981 0.25643586 -0.00869268
v 0.18522796 0.26499828 -0.03575059
v 0.18371768 0.27366056 -0.02712264
v 0.18368022 0.27881549 0.00226642
v 0.17631605 0.25996817 -0.06991604
v 0.17580430 0.27306768 -0.05666051
v 0.17617875 0.28700346 -0.03356006
v 0.17339534 0.29801229 -0.01525882
v 0.16992543 0.28599869 -0.05696631
v 0.16650546 0.30057104 -0.04443472
v 0.16719195 0.30869660 -0.01717164
v 0.17450619 0.29620869 0.01634008
v 0.16122571 0.28894436 -0.07470901
v 0.15976536 0.31169220 -0.04464691
v 0.16257372 0.31799544 0.00211449
v 0.15288796 0.32980310 -0.02188191
v 0.14644742 0.32608356 -0.05863886
v 0.16135053 0.27737386 -0.08463193
v 0.16702969 0.26346304 -0.08644176
v 0.14780792 0.29285112 -0.09565325
v 0.13789748 0.30593815 -0.09944767
v 0.13274256 0.29361251 -0.11657252
v 0.12223299 0.30501451 -0.11996754
v 0.13528881 0.32035448 -0.08765250
v 0.14607297 0.33388461 -0.01972570
v 0.14502450 0.33393453 0.02640498
v 0.13929542 0.32955347 -0.05748431
v 0.13774770 0.34196025 -0.02247323
v 0.12470436 0.31808282 -0.09962866
v 0.11357072 0.30764814 -0.12116578
v 0.11166102 0.32122820 -0.10964520
v 0.12783725 0.33447125 -0.06958528
v 0.12828659 0.34279652 -0.06284518
v 0.13596280 0.34621649 0.02789030
v 0.13658690 0.34715262 -0.01828719
v 0.12916031 0.35286922 -0.02264173
v 0.13310450 0.35080975 0.00528756
v 0.12589010 0.35580242 0.01831218
v 0.12113460 0.36000874 0.00324817
v 0.12209568 0.35766218 -0.02446718
v 0.11901271 0.35110931 -0.05709738
v 0.11469407 0.33259900 -0.09863013
v 0.10404721 0.32228914 -0.12145285
v 0.10058978 0.35429213 -0.07579492
v 0.09800607 0.33115112 -0.11358940
v 0.19921990 0.18956921 -0.02451085
v 0.19739757 0.19470971 0.00949077
v 0.19267950 0.19449167 -0.04374822
v 0.19065748 0.18875791 -0.06773174
v 0.19591225 0.16859923 -0.01550064
v 0.17753925 0.19470815 -0.08563670
v 0.16985054 0.20538974 -0.09984083
v 0.19125659 0.16981620 -0.04831027
v 0.18972135 0.14557993 -0.02829591
v 0.16892690 0.18732719 -0.10965767
v 0.18542765 0.14378257 -0.04656595
v 0.18799888 0.13415920 -0.01276560
v 0.18285643 0.12974693 -0.03822196
v 0.18306863 0.16661465 -0.07230628
v 0.17798858 0.12796206 -0.05449493
v 0.18155834 0.11810778 -0.02025148
v 0.17523013 0.11390770 -0.04428805
v 0.16857741 0.16711391 -0.10241830
v 0.17001281 0.13900832 -0.08226041
v 0.17210971 0.11760227 -0.05980588
v 0.16714201 0.10073953 -0.04986736
v 0.17720223 0.10498331 -0.00682433
v 0.16368459 0.08828282 -0.03206226
v 0.16573159 0.12787467 -0.08349608
v 0.16294818 0.11156113 -0.07655628
v 0.15533435 0.09021748 -0.06623394
v 0.15031672 0.06978499 -0.03367551
v 0.15167724 0.11547414 -0.10054605
v 0.14587326 0.09110368 -0.08694103
v 0.13568822 0.11164850 -0.12066651
v 0.12721317 0.14763315 -0.14589196
v 0.11474398 0.13911441 -0.15434205
v 0.14124256 0.15892906 -0.13571939
v 0.14834463 0.17618809 -0.13357254
v 0.11848849 0.17435016 -0.16174368
v 0.14709646 0.18733032 -0.13643084
v 0.15567137 0.19396861 -0.12029205
v 0.12627705 0.19369050 -0.15102192
v 0.14643494 0.20533981 -0.13142569
v 0.15589604 0.21084033 -0.12583391
v 0.12071023 0.21163291 -0.16074514
v 0.13824697 0.22564983 -0.14347052
v 0.14737107 0.23051456 -0.13287357
v 0.18240710 0.21187241 -0.08538082
v 0.16458328 0.22925391 -0.11096824
v 0.14636006 0.23820326 -0.13098884
v 0.12283211 0.24553000 -0.15175834
v 0.16780355 0.23699878 -0.10285516
v 0.18273163 0.22787468 -0.07854711
v 0.17260899 0.24404468 -0.09005521
v 0.15396138 0.24300247 -0.11959307
v 0.16336008 0.24893750 -0.10300494
v 0.16028959 0.26189035 -0.09901081
v 0.15403627 0.25335913 -0.11386399
v 0.15303774 0.26376884 -0.10869658
v 0.13095768 0.28068774 -0.12670764
v 0.13880865 0.26297625 -0.12770617
v 0.14251570 0.25456361 -0.12776857
v 0.12358101 0.25891971 -0.14560488
v 0.18983368 0.13780385 0.01484073
v 0.18972135 0.14557993 -0.02829591
v 0.18799888 0.13415920 -0.01276560
v 0.18701282 0.12990920 0.01832624
v 0.18315598 0.13805348 0.04750213
v 0.18535276 0.12370581 0.00027355
v 0.18285643 0.12974693 -0.03822196
v 0.18199518 0.12266359 0.03317630
v 0.18155834 0.11810778 -0.02025148
v 0.17650325 0.13181265 0.06136614
v 0.18199519 0.11473149 0.00786270
v 0.17720223 0.10498331 -0.00682433
v 0.17523013 0.11390770 -0.04428805
v 0.17775142 0.11101819 0.03325743
v 0.17577931 0.12434861 0.05650454
v 0.17245919 0.11421350 0.05637348
v 0.16812805 0.12768122 0.07896530
v 0.18179548 0.14639124 0.06069837
v 0.16292319 0.12003620 0.08488785
v 0.17021249 0.10713639 0.05563082
v 0.17058694 0.09756918 0.03595659
v 0.15972789 0.11013199 0.08364592
v 0.16072642 0.12935376 0.09392457
v 0.17725215 0.15202359 0.07708680
v 0.15431084 0.13485818 0.10732364
v 0.14196646 0.11838238 0.11685964
v 0.14559864 0.10966393 0.10728620
v 0.13417790 0.10959528 0.12247638
v 0.16355976 0.09938527 0.06348179
v 0.14987985 0.09818080 0.09100386
v 0.14054356 0.09597153 0.10296754
v 0.12658905 0.08884451 0.11151747
v 0.12330637 0.10461510 0.13006523
v 0.13907073 0.07862202 0.08229166
v 0.15479763 0.09154054 0.07330486
v 0.15850468 0.08196710 0.04314603
v 0.14554871 0.07196928 0.05505666
v 0.12908539 0.07843480 0.09132215
v 0.11571752 0.09014260 0.11879428
v 0.10851559 0.08307798 0.11880676
v 0.14020656 0.06942302 0.05638596
v 0.12431740 0.06992230 0.08588638
v 0.11394512 0.07657503 0.10508941
v 0.14519923 0.06604049 0.02813682
v 0.13098261 0.06264549 0.06067965
v 0.13608761 0.05932537 0.03701753
v 0.15477268 0.07129527 0.00233410
v 0.16516989 0.08703466 0.02681377
v 0.16777858 0.08956843 0.00053832
v 0.16368459 0.08828282 -0.03206226
v 0.15031672 0.06978499 -0.03367551
v 0.14621025 0.06458014 -0.00879721
v 0.13803475 0.05681655 -0.00078486
v 0.13491434 0.05979967 -0.04167314
v 0.13254283 0.05335913 -0.03236494
v 0.13312945 0.05505664 0.03383470
v 0.12423002 0.04401036 0.01014294
v 0.12557805 0.04801698 0.03319502
v 0.11739008 0.03995382 -0.01907821
v 0.12753767 0.05621743 0.05604271
v 0.12477922 0.06177177 0.07303650
v 0.11637906 0.05177396 0.06724500
v 0.11929977 0.06521671 0.08721568
v 0.11249725 0.07072113 0.10259933
v 0.09974723 0.07455300 0.11885669
v 0.10029017 0.08334009 0.12653292
v 0.10780414 0.06433051 0.09939154
v 0.08546819 0.06655225 0.12046683
v 0.09321932 0.05740319 0.10317973
v 0.08176739 0.05223578 0.10520176
v 0.10279900 0.04920273 0.08068152
v 0.11349579 0.04539582 0.05715981
v 0.11290915 0.03799420 0.03219960
v 0.10346053 0.03950448 0.05895717
v 0.08226041 0.04227541 0.08976193
v 0.07219395 0.04396043 0.10031518
v 0.04045306 0.04837894 0.12459826
v 0.05867006 0.03234000 0.09091024
v 0.04302741 0.03124161 0.09846165
v 0.08797077 0.03137891 0.06200894
v 0.04681560 0.02191781 0.07885919
v 0.01817797 0.03290168 0.11116798
v 0.01205415 0.01953381 0.08818923
v 0.06241456 0.01955877 0.06087310
v 0.01339437 0.00773863 0.05861392
v 0.04657845 0.01198240 0.05393330
v 0.05483819 0.00962337 0.03688646
v 0.03623427 0.00515493 0.03546979
v 0.08271600 0.02066964 0.03725780
v 0.05666052 0.00715200 0.01875372
v 0.09679532 0.02687303 0.02862984
v 0.08838892 0.01984585 0.00544320
v 0.09997814 0.03124161 0.04005993
v 0.10928947 0.03340094 0.01121090
v 0.09730707 0.02531282 -0.00416652
v 0.08902549 0.02184292 -0.02449525
v 0.10458389 0.03471152 -0.03981026
v 0.06257059 0.00851250 -0.01075450
v 0.07983899 0.02034512 -0.03949822
v 0.04591380 0.00368209 0.00236744
v 0.04375136 0.00571660 -0.03287982
v 0.03375354 0.00234655 -0.00598417
v 0.02199581 0.00315786 0.03192188
v 0.02280556 0.00129809 -0.00108219
v 0.01536649 0.00303305 -0.03864947
v 0.01434299 0.00061160 -0.01774892
v 0.00580865 0.00128561 -0.00649826
v 0.01063047 0.00069897 0.01336476
v 0.00573453 0.00338253 0.02989672
v 0.00560308 0.01406684 0.06937311
v 0.00580005 0.02669829 0.09595283
v -0.00528601 0.02481356 0.09202110
v -0.00519824 0.00818797 0.05191750
v -0.00985040 0.01922177 0.08665398
v -0.00533202 0.00127313 0.01213687
v -0.00635005 0.00495522 -0.04177301
v -0.01144179 0.00000000 -0.01926701
v -0.01256437 0.00697725 0.05750305
v -0.01806879 0.02222985 0.09389959
v -0.01234906 0.00033701 0.02133586
v -0.02034045 0.00129809 -0.00664102
v -0.05792744 0.02477611 0.07798546
v -0.06001188 0.01702499 0.05668549
v -0.05294725 0.01062190 0.04052798
v -0.05101883 0.00705214 0.01433676
v -0.06672076 0.00974818 -0.00063657
v -0.05297844 0.00711455 -0.01143789
v -0.03927358 0.00471807 -0.00243529
v -0.01798140 0.00599120 -0.04865665
v 0.13642460 0.16778482 0.14454396
v 0.16314786 0.18775470 0.11822014
v 0.16102598 0.17270571 0.11744628
v 0.14835708 0.15853590 0.12793088
v 0.11740254 0.12164633 0.14540520
v 0.13492680 0.17641589 0.14822606
v 0.11956187 0.17091771 0.16090743
v 0.13394075 0.18716104 0.14904985
v 0.14755826 0.19384693 0.13097640
v 0.12504132 0.19399983 0.15335602
v 0.15092831 0.20555161 0.12791839
v 0.10799136 0.18501420 0.17050583
v 0.09832431 0.16732611 0.17517398
v 0.10741721 0.12942865 0.15652636
v 0.08598618 0.19399749 0.17943022
v 0.12308170 0.20553211 0.15544046
v 0.09271380 0.18760804 0.17900585
v 0.08426371 0.17487128 0.18372392
v 0.09172775 0.15046650 0.17432522
v 0.07626921 0.15421724 0.18277531
v 0.06910473 0.18894358 0.18887885
v 0.07030297 0.17635192 0.18905359
v 0.06647734 0.15914750 0.18774301
v 0.05438884 0.16624021 0.19228634
v 0.05129963 0.18322309 0.19498238
v 0.04634440 0.17099885 0.19159984
v 0.04228474 0.19362812 0.19429588
v 0.03392827 0.19227776 0.19595594
v 0.04450648 0.15457297 0.18724374
v 0.03375976 0.16500142 0.19621805
v 0.02196615 0.18405156 0.20001248
v 0.00889238 0.19576912 0.19843979
v 0.04035009 0.20614917 0.19433332
v 0.07123285 0.20528794 0.18630762
v 0.08599867 0.20542601 0.17919307
v 0.05362122 0.21012887 0.19447063
v 0.08526225 0.21246919 0.18313728
v 0.10099539 0.21272116 0.17461230
v 0.07012198 0.22121103 0.18947797
v 0.05789619 0.22846756 0.19247357
v 0.05830809 0.23851843 0.19006460
v 0.08539955 0.22881393 0.18243831
v 0.04852558 0.22805879 0.19463290
v 0.04204135 0.21370019 0.19433332
v 0.05004210 0.23950448 0.18831717
v 0.03268946 0.21532281 0.19754111
v 0.01267199 0.21050254 0.20083627
v 0.02164787 0.23672419 0.19757856
v 0.03739817 0.23190314 0.19439573
v 0.07641899 0.23957313 0.18432304
v 0.06229598 0.24660343 0.18640748
v 0.10271162 0.23122601 0.17255283
v 0.07821010 0.24724935 0.18176430
v 0.06628388 0.25823946 0.17833184
v 0.04248445 0.24420071 0.18891628
v 0.03472397 0.23538553 0.19007707
v 0.03248664 0.24216931 0.18188910
v 0.03773518 0.24424751 0.18790526
v 0.06632756 0.27501482 0.17147940
v 0.04101474 0.24905295 0.19110057
v 0.03472397 0.23538553 0.19007707
v 0.02886383 0.23798796 0.19636783
v 0.03739817 0.23190314 0.19439573
v 0.02886383 0.23798796 0.19636783
v 0.05745310 0.27453428 0.17770775
v 0.02864541 0.26736356 0.18775548
v 0.02749397 0.28636690 0.17969233
v 0.05056634 0.29758168 0.16626206
v 0.07334226 0.29280744 0.16306676
v 0.05000154 0.31025681 0.15762475
v 0.08402033 0.30344182 0.15068494
v 0.05013885 0.33186258 0.13927670
v 0.08519984 0.29518520 0.15164603
v 0.08722187 0.28080632 0.15947204
v 0.08005116 0.32401161 0.13297346
v 0.06980996 0.34483103 0.11527444
v 0.08394545 0.34411957 0.10726121
v 0.09350640 0.31378912 0.13651825
v 0.10589446 0.32487284 0.11604832
v 0.10186288 0.31284052 0.12766875
v 0.10935188 0.30468999 0.12779357
v 0.09525383 0.28005117 0.15911007
v 0.08007612 0.26773177 0.17162918
v 0.11364557 0.30085811 0.13157551
v 0.08506255 0.25297844 0.17640966
v 0.11974911 0.27650014 0.14287142
v 0.09977843 0.24421319 0.17122977
v 0.10313601 0.27130153 0.15914751
v 0.11382030 0.24966143 0.16064531
v 0.13493930 0.25959996 0.13533249
v 0.13913314 0.27465285 0.12141543
v 0.15069116 0.25279745 0.12099107
v 0.13296719 0.24196025 0.14690300
v 0.14918088 0.24397604 0.12819299
v 0.14323960 0.23432459 0.13867759
v 0.11772706 0.23743252 0.16099480
v 0.12265732 0.22934752 0.15852343
v 0.11594219 0.21544918 0.16531346
v 0.13525134 0.22738790 0.14780168
v 0.15638280 0.22685431 0.12542206
v 0.14799512 0.22237651 0.13513280
v 0.13273003 0.21601086 0.15039787
v 0.15031672 0.06978499 -0.03367551
v 0.15533435 0.09021748 -0.06623394
v 0.13843417 0.07793553 -0.08206070
v 0.14587326 0.09110368 -0.08694103
v 0.13986957 0.06913594 -0.05518767
v 0.14621025 0.06458014 -0.00879721
v 0.13491434 0.05979967 -0.04167314
v 0.12652668 0.08752145 -0.10938308
v 0.13568822 0.11164850 -0.12066651
v 0.10599433 0.10756700 -0.14531780
v 0.10747965 0.12930382 -0.15591474
v 0.13161918 0.07617562 -0.08335879
v 0.11494369 0.09106625 -0.11926856
v 0.09718852 0.10853433 -0.14696538
v 0.12727556 0.06552875 -0.07193183
v 0.11269699 0.07873436 -0.10786032
v 0.09519145 0.09540987 -0.13806595
v 0.07679972 0.11494991 -0.16119448
v 0.09916686 0.08408899 -0.12870470
v 0.07654384 0.10195649 -0.15577744
v 0.11394516 0.07094580 -0.10133864
v 0.12584017 0.06096046 -0.07047147
v 0.13254283 0.05335913 -0.03236494
v 0.12048554 0.05511904 -0.06854929
v 0.10444661 0.06326957 -0.10057726
v 0.09130965 0.07588854 -0.12554684
v 0.10458389 0.03471152 -0.03981026
v 0.11739008 0.03995382 -0.01907821
v 0.07814149 0.08591131 -0.14228476
v 0.06510440 0.09130339 -0.15295658
v 0.08579275 0.06814990 -0.12121570
v 0.06648986 0.07679969 -0.14042499
v 0.03190940 0.07526444 -0.15499111
v 0.10550754 0.05404562 -0.08518736
v 0.08159267 0.05971230 -0.11402625
v 0.11231004 0.04847880 -0.06534775
v 0.09775019 0.04998908 -0.08676629
v 0.09694511 0.03577246 -0.05857021
v 0.08902549 0.02184292 -0.02449525
v 0.07983899 0.02034512 -0.03949822
v 0.06670204 0.06067339 -0.12424875
v 0.08119325 0.04766749 -0.09794363
v 0.08426374 0.03724530 -0.07750490
v 0.07226886 0.02703529 -0.06819981
v 0.06269542 0.04103972 -0.10144474
v 0.04873155 0.01019752 -0.04727430
v 0.06257059 0.00851250 -0.01075450
v 0.04375136 0.00571660 -0.03287982
v 0.05817705 0.02441414 -0.07531437
v 0.03007771 0.05279745 -0.13384715
v 0.04532406 0.03131650 -0.09580927
v 0.04422879 0.02058227 -0.07651261
v 0.01233346 0.05315942 -0.13654319
v 0.01304180 0.08048178 -0.16044560
v 0.02074922 0.03219022 -0.10819732
v 0.00570140 0.06399350 -0.14147346
v 0.01254018 0.01340531 -0.07396636
v 0.01084033 0.02812120 -0.10191904
v 0.00590501 0.03734515 -0.11146752
v 0.00568384 0.01541486 -0.07213155
v 0.01536649 0.00303305 -0.03864947
v 0.03375354 0.00234655 -0.00598417
v 0.00558242 0.00599120 -0.04140168
v 0.00580865 0.00128561 -0.00649826
v -0.00635005 0.00495522 -0.04177301
v -0.00533396 0.01918432 -0.08118700
v -0.00548178 0.04236278 -0.11792054
v -0.00565457 0.07198176 -0.14858801
v 0.00611876 0.08805815 -0.16099479
v -0.01128966 0.03371298 -0.11144256
v -0.01267356 0.04836646 -0.13128841
v -0.01590631 0.05635472 -0.14098666
v -0.01075138 0.08578649 -0.16321653
v -0.02005336 0.02020782 -0.08824538
v -0.02605547 0.03639654 -0.11351451
v -0.01222579 0.01386713 -0.07582612
v -0.01798140 0.00599120 -0.04865665
v -0.01144179 0.00000000 -0.01926701
v -0.02034045 0.00129809 -0.00664102
v -0.02480731 0.01349268 -0.06959778
v -0.04778607 0.01001030 -0.04215371
v -0.05297844 0.00711455 -0.01143789
v -0.03927358 0.00471807 -0.00243529
v -0.06796269 0.01349268 -0.03207477
v -0.05784005 0.01878491 -0.06240834
v -0.02233282 0.02828346 -0.10223109
v -0.04575779 0.02712266 -0.08793335
v -0.06718258 0.02759697 -0.07386651
v -0.09118482 0.02996848 -0.05207352
v -0.05951883 0.03241489 -0.08958717
v -0.09702001 0.02587450 -0.02161513
v -0.06672076 0.00974818 -0.00063657
v -0.11949949 0.04278716 -0.02932257
v -0.12316911 0.04293694 0.00350383
v -0.13270509 0.05302212 -0.03344464
v -0.12603988 0.05897588 -0.06672701
v -0.11521827 0.05118732 -0.06718258
v -0.09223328 0.04649421 -0.08646676
v -0.10963896 0.06408088 -0.09683278
v -0.11446936 0.06926077 -0.09967236
v -0.13103255 0.06238337 -0.05760291
v -0.11916247 0.07170718 -0.09184012
v -0.10515804 0.08405155 -0.12065405
v -0.08682871 0.07480263 -0.12790590
v -0.08506256 0.05908821 -0.11081849
v -0.06823726 0.05817705 -0.12040441
v -0.07306143 0.08207943 -0.14263427
v -0.06722001 0.04542079 -0.10477736
v -0.04276530 0.06148469 -0.13726714
v -0.04713076 0.07194432 -0.14577965
v -0.05452616 0.03775704 -0.10157581
v -0.03976970 0.04761756 -0.12220175
v -0.02581831 0.08154272 -0.16145661
v -0.03312946 0.04005367 -0.11492494
v 0.12871093 0.11939963 0.13349769
v 0.15431084 0.13485818 0.10732364
v 0.14196646 0.11838238 0.11685964
v 0.13417790 0.10959528 0.12247638
v 0.12330637 0.10461510 0.13006523
v 0.14835708 0.15853590 0.12793088
v 0.15744374 0.14659094 0.10938312
v 0.11740254 0.12164633 0.14540520
v 0.11372045 0.10113895 0.13545731
v 0.12658905 0.08884451 0.11151747
v 0.11571752 0.09014260 0.11879428
v 0.09476080 0.11088089 0.15130903
v 0.10741721 0.12942865 0.15652636
v 0.11956187 0.17091771 0.16090743
v 0.10168188 0.11151122 0.15117173
v 0.09033604 0.12162137 0.16253005
v 0.09564075 0.12861734 0.16416514
v 0.09172775 0.15046650 0.17432522
v 0.09832431 0.16732611 0.17517398
v 0.07848470 0.13718601 0.17606017
v 0.07626921 0.15421724 0.18277531
v 0.06610289 0.14103660 0.17855651
v 0.06647734 0.15914750 0.18774301
v 0.05438884 0.16624021 0.19228634
v 0.04634440 0.17099885 0.19159984
v 0.12871093 0.11939963 0.13349769
v 0.15744374 0.14659094 0.10938312
v 0.15431084 0.13485818 0.10732364
v 0.13824697 0.22564983 -0.14347052
v 0.14737107 0.23051456 -0.13287357
v 0.11715296 0.23114800 -0.16084500
v 0.12283211 0.24553000 -0.15175834
v 0.12071023 0.21163291 -0.16074514
v 0.10120138 0.25466970 -0.16607482
v 0.08111214 0.22882953 -0.18408586
v 0.12358101 0.25891971 -0.14560488
v 0.14636006 0.23820326 -0.13098884
v 0.10067091 0.27284301 -0.15952194
v 0.11197306 0.28498767 -0.14454394
v 0.13880865 0.26297625 -0.12770617
v 0.13095768 0.28068774 -0.12670764
v 0.13274256 0.29361251 -0.11657252
v 0.07970795 0.25458857 -0.17826940
v 0.08860738 0.27606952 -0.16320403
v 0.10741726 0.29506662 -0.14013791
v 0.12223299 0.30501451 -0.11996754
v 0.11357072 0.30764814 -0.12116578
v 0.09996570 0.29423035 -0.14254687
v 0.11166102 0.32122820 -0.10964520
v 0.06368149 0.24911224 -0.18499702
v 0.08677258 0.29750055 -0.14843822
v 0.08196714 0.27555777 -0.16366585
v 0.05892598 0.25139951 -0.18228850
v 0.04943991 0.22961588 -0.19387149
v 0.06235844 0.27055263 -0.17372608
v 0.10404721 0.32228914 -0.12145285
v 0.04322404 0.24420383 -0.18774300
v 0.04321780 0.22421131 -0.19168721
v 0.11469407 0.33259900 -0.09863013
v 0.09800607 0.33115112 -0.11358940
v 0.04549883 0.21001186 -0.19496989
v 0.06923583 0.28825163 -0.16662401
v 0.06372518 0.21028567 -0.19062626
v 0.04214125 0.20514167 -0.19292289
v 0.08773991 0.21067573 -0.18049114
v 0.07743629 0.20536400 -0.18252565
v 0.11684091 0.20501373 -0.15912253
v 0.14643494 0.20533981 -0.13142569
v 0.12627705 0.19369050 -0.15102192
v 0.09682032 0.19395847 -0.17204105
v 0.04098982 0.19442497 -0.19330983
v 0.03350706 0.19484194 -0.19498237
v 0.03168786 0.20469974 -0.19531937
v 0.07020316 0.19410318 -0.18475987
v 0.04832280 0.18956297 -0.19472024
v 0.05413302 0.16803132 -0.19264829
v 0.09044219 0.18655879 -0.17999187
v 0.08740290 0.16811557 -0.18031640
v 0.11951199 0.18489873 -0.16166879
v 0.14709646 0.18733032 -0.13643084
v 0.11848849 0.17435016 -0.16174368
v 0.11474398 0.13911441 -0.15434205
v 0.07671235 0.13943894 -0.17739569
v 0.12721317 0.14763315 -0.14589196
v 0.14124256 0.15892906 -0.13571939
v 0.04015667 0.23873061 -0.18980248
v 0.03146007 0.21477361 -0.19734140
v 0.01190208 0.21540706 -0.20083627
v 0.02888573 0.24033451 -0.19482011
v 0.03272384 0.23890224 -0.18309982
v 0.01164542 0.24277155 -0.19393391
v 0.03713611 0.24739289 -0.19211159
v 0.00670814 0.24016289 -0.19173714
v 0.00562185 0.22151215 -0.19618061
v 0.00467012 0.25269136 -0.19042656
v 0.00618742 0.26536649 -0.18389865
v -0.00500941 0.23149125 -0.19508222
v -0.00458269 0.25415171 -0.18993978
v -0.00607698 0.24259681 -0.19022685
v -0.01296218 0.23855587 -0.19272319
v -0.01048770 0.24102412 -0.18570849
v -0.01056648 0.23673667 -0.19677973
v 0.01294976 0.25058820 -0.19549412
v 0.04766752 0.26543514 -0.18329952
v 0.02673888 0.27147627 -0.18562112
v 0.01361597 0.29731332 -0.17397572
v 0.03337913 0.28557431 -0.17765782
v 0.05805850 0.27497738 -0.17658438
v 0.04314915 0.30069585 -0.16608731
v 0.06283274 0.30082691 -0.15932223
v 0.07208165 0.32101601 -0.13883982
v 0.08702221 0.30753581 -0.14680312
v 0.08451964 0.31774581 -0.13724216
v 0.08446347 0.33307330 -0.11980527
v 0.07756110 0.35313134 -0.09836178
v 0.13568822 0.11164850 -0.12066651
v 0.11474398 0.13911441 -0.15434205
v 0.10747965 0.12930382 -0.15591474
v 0.10388493 0.36608731 -0.04293693
v 0.11901271 0.35110931 -0.05709738
v 0.12209568 0.35766218 -0.02446718
v 0.12113460 0.36000874 0.00324817
v 0.10058978 0.35429213 -0.07579492
v 0.09761913 0.37487440 -0.01856804
v 0.10629389 0.37000655 0.01046042
v 0.09487316 0.37519893 0.02954411
v 0.08699724 0.38075327 -0.01253003
v 0.08342123 0.38221362 0.01571598
v 0.08521236 0.37915562 -0.03138827
v 0.07878430 0.37463725 -0.05697881
v 0.06343185 0.38827971 -0.02603364
v 0.06170937 0.38947795 0.01351921
v 0.04673761 0.39342216 -0.01224608
v 0.04119263 0.39440821 0.01446157
v 0.03481450 0.39352201 -0.03473337
v 0.04230351 0.38448529 -0.06403095
v 0.01163371 0.39902643 -0.01856025
v 0.01298250 0.39810279 0.03081099
v 0.00551496 0.39795301 -0.00115378
v 0.01449123 0.39437077 -0.05015759
v 0.00546347 0.39511967 -0.03387213
v 0.00595064 0.39267326 0.04646612
v -0.00555005 0.39772834 0.01737759
v -0.00542093 0.39511967 -0.03317628
v 0.00540107 0.39046401 -0.05209849
v -0.01243173 0.39943832 -0.02742848
v -0.01135129 0.40000000 0.02263393
v -0.02225169 0.39831497 0.00627827
v -0.02474645 0.39639280 -0.03044592
v -0.02109712 0.39362187 -0.05008582
v -0.03529814 0.39123787 -0.04781416
v -0.01449744 0.39286049 -0.05521266
v -0.00496964 0.38394858 -0.06926702
v -0.01925451 0.37951758 -0.08871970
v -0.03758228 0.38296252 -0.07140139
v -0.02754390 0.37709614 -0.09034856
v -0.01289042 0.38373639 -0.07693700
v -0.02265265 0.36718570 -0.10923333
v -0.02938182 0.36037071 -0.11636036
v -0.03467717 0.37189128 -0.09611509
v -0.03635596 0.35928480 -0.11461292
v -0.01919678 0.36070771 -0.11953070
v -0.01415731 0.37259026 -0.09969108
v -0.01262050 0.36124442 -0.11556153
v -0.00528207 0.36893313 -0.09904828
v -0.00580239 0.34855057 -0.12387432
v 0.00645733 0.37753300 -0.08506257
v -0.00453628 0.34585453 -0.13070179
v 0.00647450 0.36307923 -0.10838457
v 0.00611487 0.37127968 -0.09588418
v 0.01529319 0.35985896 -0.12010486
v 0.00646514 0.35275689 -0.12029208
v 0.01700161 0.36818423 -0.10864669
v 0.02573722 0.35575249 -0.12418636
v 0.01324931 0.38488470 -0.07572004
v 0.02188038 0.37356383 -0.09971605
v 0.02584643 0.38934066 -0.06175305
v 0.03091711 0.37443754 -0.09333791
v 0.03874624 0.36239274 -0.10874654
v 0.04241897 0.37328923 -0.08857615
v 0.04872221 0.35144631 -0.11805785
v 0.05110933 0.36467688 -0.09851156
v 0.07756110 0.35313134 -0.09836178
v 0.05598654 0.37306456 -0.08063157
v 0.07585735 0.36495148 -0.07993883
v 0.09800607 0.33115112 -0.11358940
v 0.10851559 0.08307798 0.11880676
v 0.11394512 0.07657503 0.10508941
v 0.09657064 0.09241427 0.13566950
v 0.10029017 0.08334009 0.12653292
v 0.11571752 0.09014260 0.11879428
v 0.09476080 0.11088089 0.15130903
v 0.08337127 0.08864482 0.14302120
v 0.08103720 0.10955784 0.15708804
v 0.08275343 0.07814772 0.13389710
v 0.09974723 0.07455300 0.11885669
v 0.08546819 0.06655225 0.12046683
v 0.08248508 0.09957250 0.15225763
v 0.03059878 0.07865948 0.15871064
v 0.03814083 0.06185916 0.14102412
v 0.04045306 0.04837894 0.12459826
v 0.08176739 0.05223578 0.10520176
v 0.02253719 0.04575779 0.12783101
v 0.01634004 0.05620496 0.14107406
v 0.01817797 0.03290168 0.11116798
v 0.04302741 0.03124161 0.09846165
v 0.01016083 0.03836865 0.11804538
v 0.01205415 0.01953381 0.08818923
v 0.00580005 0.02669829 0.09595283
v 0.00576807 0.04634443 0.12369958
v 0.01030827 0.05702874 0.13950137
v 0.00511707 0.07702438 0.15390520
v 0.01200656 0.08360222 0.16275470
v 0.00591745 0.11671607 0.17762037
v 0.01256667 0.11206041 0.17936780
v 0.02815237 0.10808500 0.17668425
v 0.06062968 0.10807252 0.16721067
v 0.02773736 0.11640403 0.18131494
v 0.06977874 0.11528068 0.16802198
v 0.01204868 0.12882329 0.18685680
v 0.00612028 0.15163979 0.19143758
v 0.00453628 0.15439824 0.19328486
v 0.02793394 0.12538459 0.18514682
v 0.00736026 0.15545918 0.18979000
v 0.00568537 0.16438045 0.19553156
v 0.02332353 0.14461884 0.19360939
v 0.05754046 0.12655787 0.17909322
v 0.06521045 0.12680126 0.17280246
v 0.06610289 0.14103660 0.17855651
v 0.05421410 0.13981340 0.18198897
v 0.04634440 0.17099885 0.19159984
v 0.04450648 0.15457297 0.18724374
v 0.03818451 0.14899055 0.19211159
v 0.01886601 0.15290980 0.19500733
v 0.03307951 0.14808250 0.18794271
v 0.03375976 0.16500142 0.19621805
v 0.02934125 0.15791807 0.19531937
v 0.04010981 0.16051112 0.18625768
v 0.03570067 0.15779324 0.18252567
v 0.02581518 0.16311356 0.18855431
v 0.01661931 0.15662310 0.18398602
v 0.01779727 0.15817706 0.18861672
v 0.01907508 0.16227105 0.19736637
v 0.10747965 0.12930382 -0.15591474
v 0.11474398 0.13911441 -0.15434205
v 0.07671235 0.13943894 -0.17739569
v 0.08961839 0.12413641 -0.16421505
v 0.10599433 0.10756700 -0.14531780
v 0.09718852 0.10853433 -0.14696538
v 0.07534560 0.13177519 -0.17048084
v 0.07679972 0.11494991 -0.16119448
v 0.08740290 0.16811557 -0.18031640
v 0.05413302 0.16803132 -0.19264829
v 0.05227949 0.15857021 -0.18634504
v 0.04098982 0.19442497 -0.19330983
v 0.03350706 0.19484194 -0.19498237
v 0.04414456 0.15518768 -0.18668206
v 0.05704748 0.13664930 -0.17815707
v 0.04037510 0.14988297 -0.19060130
v 0.03365060 0.15393639 -0.18185166
v 0.04952104 0.13437139 -0.18408586
v 0.03149127 0.15124659 -0.19382157
v 0.01346150 0.15213279 -0.19348457
v 0.00598654 0.15642649 -0.19203670
v 0.00526261 0.14016913 -0.18726870
v 0.01458797 0.13376603 -0.18890380
v 0.06756328 0.11456923 -0.16785969
v 0.09519145 0.09540987 -0.13806595
v 0.01438670 0.12293194 -0.18454770
v 0.07654384 0.10195649 -0.15577744
v 0.03165977 0.12059787 -0.18138983
v 0.01342249 0.11240366 -0.17895591
v 0.02592444 0.11004462 -0.17724592
v 0.04939622 0.10683059 -0.16914531
v 0.06510440 0.09130339 -0.15295658
v 0.03190940 0.07526444 -0.15499111
v 0.01304180 0.08048178 -0.16044560
v 0.00611876 0.08805815 -0.16099479
v 0.00570140 0.06399350 -0.14147346
v 0.00486943 0.10962649 -0.17492433
v -0.00423399 0.14076825 -0.18822979
v -0.00496222 0.10968889 -0.17391331
v -0.00565457 0.07198176 -0.14858801
v -0.00547826 0.15283801 -0.19038912
v -0.01075138 0.08578649 -0.16321653
v -0.01268915 0.12223921 -0.18354916
v -0.01155410 0.10947671 -0.17712110
v -0.02581831 0.08154272 -0.16145661
v -0.01590631 0.05635472 -0.14098666
v -0.01134269 0.14893125 -0.19251100
v -0.01928884 0.12987799 -0.18695666
v -0.02257307 0.14671576 -0.19269822
v -0.04088368 0.12979062 -0.18401098
v -0.03046149 0.15752799 -0.19384654
v -0.01296375 0.15910068 -0.19561893
v -0.02915091 0.11654757 -0.18005430
v -0.05865134 0.12502262 -0.17680907
v -0.02839265 0.10719880 -0.17562330
v -0.05235433 0.14235342 -0.18160203
v -0.03829061 0.15579617 -0.18719381
v -0.06985363 0.12089119 -0.16751023
v -0.01644145 0.15194557 -0.18890380
v -0.00687348 0.15544043 -0.19108809
v -0.02520203 0.15584921 -0.18110276
v -0.01539299 0.15954066 -0.18634506
v -0.07658749 0.10425313 -0.15851095
v -0.04276530 0.06148469 -0.13726714
v -0.04713076 0.07194432 -0.14577965
v -0.07306143 0.08207943 -0.14263427
v -0.06823726 0.05817705 -0.12040441
v -0.09303834 0.08815802 -0.13762912
v -0.08682871 0.07480263 -0.12790590
v -0.08506256 0.05908821 -0.11081849
v -0.11446936 0.06926077 -0.09967236
v -0.10515804 0.08405155 -0.12065405
v -0.08768994 0.10318595 -0.14892503
v -0.07782942 0.12873592 -0.16797205
v -0.11896276 0.08740912 -0.11221644
v -0.11916247 0.07170718 -0.09184012
v -0.09833056 0.10674322 -0.14405718
v -0.09261395 0.12005492 -0.15965926
v -0.11247229 0.10015914 -0.13306083
v 0.07756110 0.35313134 -0.09836178
v 0.04872221 0.35144631 -0.11805785
v 0.08446347 0.33307330 -0.11980527
v 0.07208165 0.32101601 -0.13883982
v 0.03874624 0.36239274 -0.10874654
v 0.02573722 0.35575249 -0.12418636
v 0.02256220 0.33885231 -0.14430680
v 0.01529319 0.35985896 -0.12010486
v 0.03766034 0.31703436 -0.15680095
v 0.04314915 0.30069585 -0.16608731
v 0.01151202 0.34736481 -0.13274879
v 0.00646514 0.35275689 -0.12029208
v 0.02369491 0.31988018 -0.15911006
v 0.01989737 0.30522670 -0.16985677
v 0.03337913 0.28557431 -0.17765782
v 0.01361597 0.29731332 -0.17397572
v 0.01314010 0.31728399 -0.16078260
v 0.00631107 0.29727588 -0.16748526
v 0.01337101 0.33231192 -0.14888757
v 0.00646241 0.32060411 -0.15115923
v 0.00631536 0.33580678 -0.13806597
v 0.00530161 0.31378912 -0.15914750
v 0.00509099 0.29198989 -0.17363872
v 0.00518304 0.33383468 -0.14268418
v 0.00500946 0.35144631 -0.12423629
v 0.00647450 0.36307923 -0.10838457
v -0.00502580 0.31880675 -0.15542797
v -0.00453628 0.34585453 -0.13070179
v -0.00580239 0.34855057 -0.12387432
v -0.00528207 0.36893313 -0.09904828
v -0.00593891 0.33575686 -0.13722969
v -0.00571346 0.29526633 -0.16790963
v -0.00577548 0.31264081 -0.15625176
v -0.01403405 0.34914969 -0.13145069
v -0.01262050 0.36124442 -0.11556153
v -0.01919678 0.36070771 -0.11953070
v -0.01976938 0.35052267 -0.13216215
v -0.02938182 0.36037071 -0.11636036
v -0.01709674 0.33801604 -0.14500577
v -0.02970634 0.34319593 -0.13684277
v -0.01118355 0.32819297 -0.14943676
v -0.03635596 0.35928480 -0.11461292
v -0.02616155 0.33492059 -0.14619153
v -0.04468123 0.34362031 -0.12890443
v -0.04175116 0.35542797 -0.11641028
v -0.07969542 0.31949324 -0.13645584
v -0.05583672 0.35135894 -0.11408871
v -0.03707989 0.32049178 -0.15400506
v -0.02878582 0.31765844 -0.15893531
v -0.01830278 0.32870471 -0.15294411
v -0.02070394 0.32302556 -0.15708803
v -0.01294190 0.31870690 -0.15848597
v -0.01497017 0.31507473 -0.16248011
v -0.02149653 0.31026929 -0.16582519
v -0.01467841 0.30431554 -0.16960714
v 0.05674166 0.37692140 0.07287422
v 0.07285549 0.36304178 0.08722814
v 0.04929946 0.37084282 0.09059818
v 0.03951384 0.37707118 0.08465691
v 0.03426217 0.36753518 0.10449027
v 0.06980996 0.34483103 0.11527444
v 0.03669922 0.38770556 0.05945018
v 0.05514401 0.38827971 0.03912066
v 0.02607420 0.37707118 0.09248292
v 0.02278996 0.36022093 0.12095359
v 0.05013885 0.33186258 0.13927670
v 0.03124472 0.33209973 0.14868786
v 0.04119263 0.39440821 0.01446157
v 0.06170937 0.38947795 0.01351921
v 0.01298250 0.39810279 0.03081099
v 0.02102849 0.39186195 0.05792117
v 0.01292788 0.38304990 0.08108715
v 0.00595064 0.39267326 0.04646612
v 0.00551496 0.39795301 -0.00115378
v 0.00646745 0.37256529 0.09586544
v 0.01488906 0.35646394 0.12451086
v 0.01397634 0.34496833 0.13846537
v 0.03119167 0.32026711 0.15781196
v 0.01345834 0.33072675 0.15112179
v 0.00674243 0.32638312 0.14775174
v 0.00659226 0.35373046 0.12200205
v 0.00508120 0.33686773 0.14081193
v -0.00528170 0.37814460 0.08345242
v -0.00419814 0.35915998 0.11583610
v -0.00454295 0.33528255 0.14279652
v 0.00486510 0.29793116 0.17180391
v -0.00607663 0.35421724 0.11870689
v -0.00610082 0.33772896 0.13570693
v -0.00549858 0.30391612 0.16518863
v -0.01451931 0.33291104 0.14962399
v -0.01534778 0.36296689 0.11668486
v -0.02306301 0.34991107 0.13317314
v -0.02418481 0.32041689 0.15852342
v -0.01665055 0.38062845 0.08773988
v -0.02439855 0.36332886 0.11527443
v -0.01574874 0.39211159 0.05986207
v -0.03282679 0.36356601 0.11186693
v -0.02889818 0.37905576 0.08672885
v -0.00600329 0.38806753 0.05964988
v -0.00555005 0.39772834 0.01737759
v -0.01135129 0.40000000 0.02263393
v -0.02523013 0.39347209 0.04705587
v -0.02225169 0.39831497 0.00627827
v -0.03113239 0.39553156 0.02963147
v -0.03855587 0.38094049 0.07742377
v -0.04061222 0.39072612 0.04675631
v -0.04268730 0.39434580 0.02430647
v -0.05636096 0.39012700 0.03300463
v -0.05883858 0.38293756 0.05676037
v -0.06548506 0.38723125 0.03181263
v -0.03909259 0.36385309 0.10773550
v -0.07277436 0.38001685 0.04924016
v -0.07813523 0.38280026 0.02796204
v -0.08638562 0.37649702 0.04063405
v -0.05945643 0.37141698 0.08249133
v -0.07960808 0.36607483 0.07572626
v -0.06735733 0.35915998 0.09759415
v -0.04518676 0.37160421 0.09197116
v -0.04543952 0.35596468 0.11521202
v -0.05629857 0.34182295 0.12583391
v -0.07203171 0.34967392 0.10758571
v -0.03799421 0.34383250 0.13289854
v -0.04227230 0.33168783 0.14287141
v -0.02936626 0.33716729 0.14332075
v -0.05262896 0.32444847 0.14463131
v -0.04229415 0.31951821 0.15336849
v -0.03345713 0.31139264 0.16233033
v -0.05125599 0.31269074 0.15519080
v 0.05000154 0.31025681 0.15762475
v 0.03124472 0.33209973 0.14868786
v 0.05013885 0.33186258 0.13927670
v 0.03119167 0.32026711 0.15781196
v 0.05056634 0.29758168 0.16626206
v 0.02720378 0.30068337 0.17166661
v 0.02749397 0.28636690 0.17969233
v 0.01434766 0.31462539 0.16453958
v 0.01345834 0.33072675 0.15112179
v 0.00674243 0.32638312 0.14775174
v 0.01300744 0.29259525 0.17695884
v 0.00641595 0.30278029 0.16573782
v 0.00486510 0.29793116 0.17180391
v 0.00508120 0.33686773 0.14081193
v 0.00643038 0.27449683 0.18074079
v 0.02864541 0.26736356 0.18775548
v 0.05745310 0.27453428 0.17770775
v 0.01340373 0.27489625 0.18590820
v 0.02566072 0.25424533 0.19378413
v 0.04101474 0.24905295 0.19110057
v 0.01233186 0.25966237 0.19206166
v 0.01254951 0.24551440 0.19604331
v 0.00680249 0.23938902 0.19474522
v 0.00357558 0.24991419 0.19229881
v -0.00433779 0.27068368 0.18478485
v -0.00612150 0.25657940 0.18861672
v -0.00602906 0.27623178 0.17987955
v -0.00549858 0.30391612 0.16518863
v -0.00454295 0.33528255 0.14279652
v 0.03365060 0.15393639 -0.18185166
v 0.04414456 0.15518768 -0.18668206
v 0.03564455 0.16264860 -0.19424595
v 0.02521455 0.16125689 -0.18589572
v 0.00598654 0.15642649 -0.19203670
v 0.03350706 0.19484194 -0.19498237
v 0.01342094 0.16188410 -0.19603083
v 0.00555281 0.19369519 -0.19727900
v -0.00475237 0.16860859 -0.19493244
v 0.01311358 0.18676786 -0.19985022
v 0.03088903 0.18548537 -0.19775330
v 0.03168786 0.20469974 -0.19531937
v 0.00714656 0.20580554 -0.19702936
v 0.01190208 0.21540706 -0.20083627
v 0.00562185 0.22151215 -0.19618061
v -0.00628293 0.19388865 -0.19709177
v -0.00553325 0.20641480 -0.19651761
v -0.00500941 0.23149125 -0.19508222
v -0.01056648 0.23673667 -0.19677973
v -0.01132241 0.21771773 -0.20017474
v -0.02200359 0.22484320 -0.19902643
v -0.01665676 0.20535854 -0.19796549
v -0.02652664 0.21134818 -0.19838986
v -0.03004023 0.22363092 -0.19697944
v -0.03576307 0.20664805 -0.19348457
v -0.03243047 0.19564272 -0.19482011
v -0.04834147 0.20469974 -0.19194934
v -0.05118105 0.19469763 -0.19081350
v -0.04533651 0.18918073 -0.19513215
v -0.01072875 0.18541360 -0.19912628
v -0.01296375 0.15910068 -0.19561893
v -0.02790274 0.18312321 -0.19819016
v -0.04289947 0.17894341 -0.19187443
v -0.04092112 0.16147221 -0.18961525
v -0.05075980 0.15891971 -0.18661966
v -0.01539299 0.15954066 -0.18634506
v -0.00687348 0.15544043 -0.19108809
v -0.02520203 0.15584921 -0.18110276
v -0.03829061 0.15579617 -0.18719381
v -0.05235433 0.14235342 -0.18160203
v -0.07782942 0.12873592 -0.16797205
v -0.06985363 0.12089119 -0.16751023
v -0.07657501 0.13991949 -0.17699630
v -0.09261395 0.12005492 -0.15965926
v -0.10373513 0.12487284 -0.15590228
v -0.05797108 0.15948139 -0.18945300
v -0.07635034 0.15506600 -0.18226356
v -0.06569723 0.16947608 -0.18970264
v 0.03375976 0.16500142 0.19621805
v 0.02884199 0.16040816 0.19459544
v 0.04010981 0.16051112 0.18625768
v 0.02934125 0.15791807 0.19531937
v 0.01970385 0.16703593 0.19900147
v 0.02196615 0.18405156 0.20001248
v 0.02884199 0.16040816 0.19459544
v 0.03375976 0.16500142 0.19621805
v 0.02853619 0.16187788 0.19634287
v 0.02934125 0.15791807 0.19531937
v 0.02581518 0.16311356 0.18855431
v 0.01907508 0.16227105 0.19736637
v 0.02884199 0.16040816 0.19459544
v 0.02581518 0.16311356 0.18855431
v 0.01970385 0.16703593 0.19900147
v 0.04010981 0.16051112 0.18625768
v 0.00568537 0.16438045 0.19553156
v 0.01191138 0.18632322 0.20018723
v 0.01779727 0.15817706 0.18861672
v 0.00736026 0.15545918 0.18979000
v 0.03773518 0.24424751 0.18790526
v 0.03248664 0.24216931 0.18188910
v 0.01371889 0.24775174 0.19214903
v 0.02886383 0.23798796 0.19636783
v 0.01822633 0.23937342 0.19711673
v 0.02164787 0.23672419 0.19757856
v 0.01813896 0.23877430 0.19491996
v 0.00674476 0.24085250 0.18785534
v 0.00680249 0.23938902 0.19474522
v 0.03472397 0.23538553 0.19007707
v 0.01813896 0.23877430 0.19491996
v 0.01822633 0.23937342 0.19711673
v 0.02164787 0.23672419 0.19757856
v 0.02886383 0.23798796 0.19636783
v 0.03739817 0.23190314 0.19439573
v 0.02886383 0.23798796 0.19636783
v 0.02566072 0.25424533 0.19378413
v 0.04101474 0.24905295 0.19110057
v 0.01254951 0.24551440 0.19604331
v 0.01822633 0.23937342 0.19711673
v 0.01813896 0.23877430 0.19491996
v 0.01371889 0.24775174 0.19214903
v 0.00680249 0.23938902 0.19474522
v 0.01233186 0.25966237 0.19206166
v 0.04035009 0.20614917 0.19433332
v 0.00629581 0.20519900 0.19829001
v 0.01267199 0.21050254 0.20083627
v 0.00889238 0.19576912 0.19843979
v 0.01191138 0.18632322 0.20018723
v 0.02196615 0.18405156 0.20001248
v 0.00568537 0.16438045 0.19553156
v -0.00408543 0.19547346 0.19858957
v -0.00573145 0.15725966 0.19362187
v -0.00563238 0.16269543 0.19498237
v 0.01251051 0.22537991 0.20052423
v 0.03268946 0.21532281 0.19754111
v 0.02164787 0.23672419 0.19757856
v 0.01822633 0.23937342 0.19711673
v 0.00680249 0.23938902 0.19474522
v -0.00503560 0.23451181 0.19564390
v 0.00357558 0.24991419 0.19229881
v -0.00612150 0.25657940 0.18861672
v -0.01473463 0.25097201 0.19620557
v -0.00755768 0.20476605 0.19838986
v -0.01027166 0.22686679 0.19991263
v -0.01977567 0.23871813 0.19712922
v -0.02424567 0.21856804 0.19973788
v -0.02011735 0.23350392 0.19837738
v -0.02421134 0.23390021 0.18819234
v -0.01214703 0.24357038 0.18869161
v -0.03358195 0.23644647 0.19287297
v -0.02990610 0.24086810 0.18235092
v -0.03871815 0.24246887 0.18784286
v -0.03674605 0.22273224 0.19423347
v -0.05404564 0.26252067 0.18137734
v -0.02813994 0.20532460 0.19677973
v -0.04251570 0.20624551 0.19360939
v -0.03837179 0.19592748 0.19506974
v -0.02129063 0.19476824 0.19729148
v -0.00736577 0.19351345 0.19760352
v -0.03212472 0.19397020 0.19569382
v -0.04515246 0.17121105 0.19132524
v -0.01000486 0.17692141 0.19916373
v -0.01815929 0.16234906 0.19717914
v -0.01782853 0.18687866 0.20008737
v -0.03022751 0.17647831 0.19805286
v -0.03987583 0.15994322 0.19091335
v 0.03337913 0.28557431 -0.17765782
v 0.01361597 0.29731332 -0.17397572
v 0.02673888 0.27147627 -0.18562112
v 0.01970385 0.16703593 0.19900147
v 0.01191138 0.18632322 0.20018723
v 0.02196615 0.18405156 0.20001248
v 0.00618742 0.26536649 -0.18389865
v 0.01294976 0.25058820 -0.19549412
v 0.01361597 0.29731332 -0.17397572
v 0.00631107 0.29727588 -0.16748526
v 0.00509099 0.29198989 -0.17363872
v 0.00467012 0.25269136 -0.19042656
v -0.00458269 0.25415171 -0.18993978
v -0.00531794 0.28658533 -0.17462477
v -0.00502580 0.31880675 -0.15542797
v -0.00571346 0.29526633 -0.16790963
v -0.00583359 0.26268293 -0.18453521
v -0.00607698 0.24259681 -0.19022685
v -0.01352698 0.27260586 -0.18659469
v -0.01249022 0.28497519 -0.17964240
v -0.01641493 0.26291385 -0.19112553
v -0.01940428 0.27811652 -0.18438543
v -0.01235136 0.25068493 -0.19474522
v -0.01298559 0.24665647 -0.19545667
v -0.01048770 0.24102412 -0.18570849
v -0.03613440 0.24707461 -0.19234874
v -0.02931005 0.26328830 -0.18839205
v -0.02946295 0.24416326 -0.18865416
v -0.02896993 0.23660873 -0.18339938
v -0.02258087 0.23519830 -0.19073860
v -0.01296218 0.23855587 -0.19272319
v -0.03778510 0.24022217 -0.18784286
v -0.03665239 0.23548538 -0.19026430
v -0.02371514 0.24103972 -0.19470777
v -0.01056648 0.23673667 -0.19677973
v -0.02200359 0.22484320 -0.19902643
v -0.03004023 0.22363092 -0.19697944
v -0.03965423 0.22573096 -0.19184947
v -0.03576307 0.20664805 -0.19348457
v -0.04648482 0.25035105 -0.18577091
v -0.04850685 0.22527226 -0.19465786
v -0.05750302 0.24190096 -0.18916592
v -0.06339437 0.22580897 -0.19103817
v -0.07308638 0.23710176 -0.18588325
v -0.07577618 0.25146192 -0.18097795
v -0.07557023 0.26209006 -0.17578558
v -0.08842011 0.24850064 -0.17558587
v -0.05708488 0.24846632 -0.18378633
v -0.09971602 0.26570974 -0.16270479
v -0.09018626 0.27721160 -0.16163137
v -0.10761691 0.28079383 -0.14961152
v -0.08319653 0.27726776 -0.16211815
v -0.05623613 0.26398727 -0.17858147
v -0.11526818 0.30203763 -0.12889195
v -0.11937464 0.29250164 -0.13211222
v -0.10017160 0.29467969 -0.14144851
v -0.13236807 0.31608575 -0.09732583
v -0.13842167 0.27673105 -0.11934348
v -0.11496862 0.30950791 -0.11750867
v -0.13058319 0.32276344 -0.08420135
v -0.07610694 0.28575530 -0.16126940
v -0.10593189 0.31470028 -0.12101602
v -0.12157143 0.32765625 -0.09003029
v -0.11564263 0.32479795 -0.09851158
v -0.08987422 0.30087684 -0.14359536
v -0.10490839 0.31569882 -0.11905640
v -0.09995941 0.31930602 -0.12704467
v -0.10547007 0.32578400 -0.11529942
v -0.08713450 0.30652479 -0.14741475
v -0.07969542 0.31949324 -0.13645584
v -0.05583672 0.35135894 -0.11408871
v -0.07879674 0.29773770 -0.15784942
v -0.06953535 0.30607545 -0.15355573
v -0.05323429 0.30915842 -0.15630169
v -0.03707989 0.32049178 -0.15400506
v -0.06123504 0.30004057 -0.16055794
v -0.06804379 0.28882579 -0.16687367
v -0.06106029 0.27733641 -0.17464975
v -0.05787123 0.29179018 -0.16708585
v -0.04988608 0.29791244 -0.16530098
v -0.04492461 0.30517677 -0.16225544
v -0.04974878 0.28846382 -0.17110495
v -0.03855584 0.29737573 -0.16919524
v -0.03411549 0.30757325 -0.16430243
v -0.02878582 0.31765844 -0.15893531
v -0.02744092 0.30641246 -0.16704840
v -0.02149653 0.31026929 -0.16582519
v -0.01467841 0.30431554 -0.16960714
v -0.01497017 0.31507473 -0.16248011
v -0.02959713 0.29761912 -0.17176647
v -0.03368487 0.29100384 -0.17454988
v -0.02357784 0.29338784 -0.17573564
v -0.00577548 0.31264081 -0.15625176
v -0.01413546 0.29443006 -0.17562330
v -0.01858518 0.28754018 -0.17987955
v -0.03024929 0.28385184 -0.17890598
v -0.02845505 0.27585109 -0.18311230
v -0.03770709 0.27892782 -0.17916810
v -0.03684273 0.26429931 -0.18643243
v -0.04066837 0.28714700 -0.17423784
v -0.04358596 0.26867413 -0.18309982
v -0.04740847 0.28002621 -0.17622244
v -0.04269352 0.25644210 -0.18808001
v -0.05221703 0.26735732 -0.18132744
v 0.00453628 0.15439824 0.19328486
v 0.00591745 0.11671607 0.17762037
v -0.00571936 0.13190626 0.18534652
v -0.00572365 0.10213125 0.17089275
v -0.01437423 0.11584236 0.18188910
v 0.00511707 0.07702438 0.15390520
v -0.01162358 0.10451524 0.17556089
v -0.00554813 0.07597592 0.15321871
v -0.00560039 0.04539582 0.12275097
v 0.00576807 0.04634443 0.12369958
v 0.00580005 0.02669829 0.09595283
v -0.00528601 0.02481356 0.09202110
v -0.01418700 0.02923207 0.10737356
v -0.00985040 0.01922177 0.08665398
v -0.01806879 0.02222985 0.09389959
v -0.01256437 0.00697725 0.05750305
v -0.05792744 0.02477611 0.07798546
v -0.05118734 0.03880550 0.10575093
v -0.02008303 0.03756982 0.11846976
v -0.03065500 0.04870347 0.12915407
v -0.01146366 0.04409773 0.12620839
v -0.01261431 0.05319687 0.13777890
v -0.03537307 0.06169689 0.14198521
v -0.01255658 0.06363155 0.14787656
v -0.02677632 0.07359192 0.15587731
v -0.01104786 0.07752365 0.15831123
v -0.02114709 0.10263051 0.17511155
v -0.00571936 0.13190626 0.18534652
v -0.00573145 0.15725966 0.19362187
v 0.00453628 0.15439824 0.19328486
v 0.00568537 0.16438045 0.19553156
v -0.01429778 0.15166475 0.19515711
v -0.01225234 0.15828316 0.19450807
v -0.01325712 0.12838643 0.18688177
v -0.01437423 0.11584236 0.18188910
v -0.02895126 0.12390551 0.18452273
v -0.02177118 0.15409244 0.19545667
v -0.05508162 0.11928730 0.17604767
v -0.04347056 0.14352670 0.18839205
v -0.03622807 0.10827847 0.17511155
v -0.01162358 0.10451524 0.17556089
v -0.02114709 0.10263051 0.17511155
v -0.02677632 0.07359192 0.15587731
v -0.07548291 0.10512062 0.16088244
v -0.05641092 0.13737323 0.17992947
v -0.08454460 0.09506039 0.14957405
v -0.08954351 0.08824540 0.14141104
v -0.03537307 0.06169689 0.14198521
v -0.07654385 0.11338348 0.16129434
v -0.09005526 0.09887978 0.14460635
v -0.08007616 0.12603989 0.16679875
v -0.07549539 0.06229600 0.12233905
v -0.03065500 0.04870347 0.12915407
v -0.05118734 0.03880550 0.10575093
v -0.10158832 0.07908385 0.12374948
v -0.10437173 0.08447593 0.12218927
v -0.10109529 0.10389117 0.14111148
v -0.11495618 0.09044216 0.11941834
v -0.11564267 0.07485256 0.10128249
v -0.11586734 0.06796268 0.09660810
v -0.10745470 0.06277031 0.09730083
v -0.11852594 0.09484819 0.12399911
v -0.12668894 0.08021968 0.09579679
v -0.10271167 0.11044405 0.14947420
v -0.12802449 0.10548883 0.12392422
v -0.08772742 0.05212344 0.10032764
v -0.10943927 0.05762786 0.08633569
v -0.10543266 0.04890317 0.07677473
v -0.08978689 0.03221518 0.06107279
v -0.06987239 0.03256467 0.08299684
v -0.05792744 0.02477611 0.07798546
v -0.07693701 0.02436422 0.05730957
v -0.06001188 0.01702499 0.05668549
v -0.07048399 0.01475333 0.03401254
v -0.05294725 0.01062190 0.04052798
v -0.11672858 0.12142167 0.14466876
v -0.13487692 0.11750243 0.12363715
v -0.13591290 0.12861736 0.12851748
v -0.13859646 0.15305958 0.13634348
v -0.12535341 0.16304179 0.15361811
v -0.10860301 0.16409962 0.16754765
v -0.08692860 0.12850502 0.16827159
v -0.06901116 0.14714638 0.18329952
v -0.05276003 0.15681344 0.18640745
v -0.14237841 0.17582302 0.14006301
v -0.13414051 0.18536058 0.14783910
v -0.12326897 0.18491904 0.15768713
v -0.11982403 0.19407707 0.15715042
v -0.13545108 0.19436337 0.14339563
v -0.10429684 0.18710645 0.17176646
v -0.11554282 0.20533552 0.16060785
v -0.07312387 0.20552431 0.18520921
v -0.09902957 0.21083799 0.17524884
v -0.08790217 0.19394211 0.17768277
v -0.11835120 0.21104160 0.16233032
v -0.10650609 0.22749711 0.16999406
v -0.13198118 0.21324305 0.15178331
v -0.06257062 0.18980405 0.19115049
v -0.05496305 0.19451081 0.19113800
v -0.07811030 0.18559305 0.18645738
v -0.09472964 0.17402566 0.17795736
v -0.05783383 0.17626144 0.19301025
v -0.04792339 0.18601586 0.19515710
v -0.06693297 0.16749151 0.18916590
v -0.07969547 0.15758107 0.18202639
v -0.04515246 0.17121105 0.19132524
v -0.05511907 0.16304491 0.19132523
v -0.03987583 0.15994322 0.19091335
v -0.03212472 0.19397020 0.19569382
v -0.01815929 0.16234906 0.19717914
v -0.03022751 0.17647831 0.19805286
v -0.02600870 0.16245828 0.18708147
v -0.03210912 0.15642963 0.19313508
v -0.03299843 0.15797424 0.18257559
v -0.00573145 0.15725966 0.19362187
v -0.01225234 0.15828316 0.19450807
v -0.00563238 0.16269543 0.19498237
v 0.00526261 0.14016913 -0.18726870
v 0.00598654 0.15642649 -0.19203670
v -0.00475237 0.16860859 -0.19493244
v -0.00423399 0.14076825 -0.18822979
v -0.00547826 0.15283801 -0.19038912
v -0.01644145 0.15194557 -0.18890380
v -0.00687348 0.15544043 -0.19108809
v -0.01539299 0.15954066 -0.18634506
v -0.00687348 0.15544043 -0.19108809
v -0.01134269 0.14893125 -0.19251100
v -0.00547826 0.15283801 -0.19038912
v -0.01296375 0.15910068 -0.19561893
v -0.01473463 0.25097201 0.19620557
v -0.01382347 0.26609667 0.19037663
v -0.00612150 0.25657940 0.18861672
v -0.00602906 0.27623178 0.17987955
v -0.02774053 0.26776297 0.18776797
v -0.01453336 0.28842013 0.17994196
v -0.02260900 0.28407651 0.18156458
v -0.01346306 0.30113895 0.17172902
v -0.00549858 0.30391612 0.16518863
v -0.01451931 0.33291104 0.14962399
v -0.02418481 0.32041689 0.15852342
v -0.03937968 0.25169283 0.19156239
v -0.01977567 0.23871813 0.19712922
v -0.02945051 0.29970356 0.17109246
v -0.03345713 0.31139264 0.16233033
v -0.04120200 0.30558867 0.16414017
v -0.05125599 0.31269074 0.15519080
v -0.03692391 0.29653946 0.17125472
v -0.05263521 0.29800605 0.16521358
v -0.03723907 0.28476300 0.17742066
v -0.06683311 0.30028396 0.15901019
v -0.06473618 0.31342715 0.14932442
v -0.04144228 0.27121415 0.18338690
v -0.04856307 0.28395794 0.17487439
v -0.05819579 0.28510625 0.17161668
v -0.07678100 0.29444878 0.16062033
v -0.05404564 0.26252067 0.18137734
v -0.03871815 0.24246887 0.18784286
v -0.03674605 0.22273224 0.19423347
v -0.05631107 0.24747714 0.18480980
v -0.07742380 0.27161357 0.16852122
v -0.06450528 0.27195057 0.17316440
v -0.07253099 0.28246014 0.16566292
v -0.09841796 0.29321933 0.14468124
v -0.09206479 0.30278029 0.14280899
v -0.06939185 0.28667270 0.16763502
v -0.05591165 0.27873436 0.16542577
v -0.06754456 0.28414516 0.16059536
v -0.01225234 0.15828316 0.19450807
v -0.00563238 0.16269543 0.19498237
v -0.02600870 0.16245828 0.18708147
v -0.01815929 0.16234906 0.19717914
v -0.01429778 0.15166475 0.19515711
v -0.02177118 0.15409244 0.19545667
v -0.01815929 0.16234906 0.19717914
v -0.01225234 0.15828316 0.19450807
v -0.01977567 0.23871813 0.19712922
v -0.01214703 0.24357038 0.18869161
v -0.03871815 0.24246887 0.18784286
v -0.03937968 0.25169283 0.19156239
v -0.02109712 0.39362187 -0.05008582
v -0.03529814 0.39123787 -0.04781416
v -0.03758228 0.38296252 -0.07140139
v -0.03467717 0.37189128 -0.09611509
v -0.02754390 0.37709614 -0.09034856
v -0.04174180 0.37467470 -0.08645428
v -0.03635596 0.35928480 -0.11461292
v -0.04869097 0.38218866 -0.06597187
v -0.04522106 0.36864605 -0.09551597
v -0.04175116 0.35542797 -0.11641028
v -0.04872217 0.36409024 -0.10079572
v -0.04468123 0.34362031 -0.12890443
v -0.05583672 0.35135894 -0.11408871
v -0.05425779 0.36950729 -0.08817675
v -0.06120384 0.37823197 -0.06496085
v -0.06011170 0.38799264 -0.03672108
v -0.06684555 0.36999407 -0.07805412
v -0.07832869 0.37838175 -0.04624148
v -0.06507940 0.36088245 -0.09497302
v -0.08020718 0.36691110 -0.07240617
v -0.08368332 0.35416732 -0.09182141
v -0.10547007 0.32578400 -0.11529942
v -0.09290727 0.36249259 -0.06764442
v -0.11767715 0.33518270 -0.09114116
v -0.11564263 0.32479795 -0.09851158
v -0.12358098 0.34016289 -0.07464040
v -0.12531593 0.33282367 -0.07293041
v -0.12157143 0.32765625 -0.09003029
v -0.13200610 0.33233688 -0.06674574
v -0.13058319 0.32276344 -0.08420135
v -0.11496862 0.30950791 -0.11750867
v -0.13458981 0.33992573 -0.03931104
v -0.14180421 0.33140076 -0.04376075
v -0.14584827 0.32543452 -0.05905079
v -0.13236807 0.31608575 -0.09732583
v -0.15258837 0.29540987 -0.08373953
v -0.15114050 0.32965332 -0.02718198
v -0.16001497 0.31477517 -0.03127597
v -0.14624769 0.33418417 -0.00950091
v -0.15311262 0.32991544 0.01433673
v -0.15796798 0.32190221 -0.00375740
v -0.14206634 0.33197491 0.04543013
v -0.13820950 0.34245951 0.00829170
v -0.13057072 0.35120916 0.01967109
v -0.13294224 0.34483103 0.04142975
v -0.13606265 0.34700284 -0.01110481
v -0.13133209 0.34494336 -0.04648175
v -0.12849876 0.35361812 -0.00508006
v -0.12187100 0.35662621 0.02818358
v -0.13042093 0.35006085 -0.02864857
v -0.12026085 0.35486629 -0.04099606
v -0.12364339 0.35556526 -0.02580899
v -0.11913750 0.36044560 -0.01138720
v -0.10282397 0.36379068 -0.05006711
v -0.10991355 0.36452710 -0.02957533
v -0.10834086 0.36822167 -0.00643822
v -0.10732986 0.36757263 0.02361529
v -0.09564077 0.37211595 -0.03683342
v -0.09575934 0.37537367 -0.01712019
v -0.09835553 0.37446251 0.00877615
v -0.09519767 0.37512404 0.02344055
v -0.08498142 0.38092801 -0.02089121
v -0.08361468 0.38187662 0.01162353
v -0.08638562 0.37649702 0.04063405
v -0.07813523 0.38280026 0.02796204
v -0.07803537 0.38418573 -0.01551161
v -0.06592192 0.38945299 0.00841575
v -0.06548506 0.38723125 0.03181263
v -0.05636096 0.39012700 0.03300463
v -0.06609042 0.38855431 -0.02191782
v -0.04844758 0.39403376 -0.01580649
v -0.04039691 0.39598090 -0.00787049
v -0.04268730 0.39434580 0.02430647
v -0.02474645 0.39639280 -0.03044592
v -0.03239928 0.39689206 0.00381977
v -0.03113239 0.39553156 0.02963147
v -0.02225169 0.39831497 0.00627827
v -0.05471341 0.23871501 0.19229880
v -0.03674605 0.22273224 0.19423347
v -0.04995166 0.22054014 0.19606826
v -0.05631107 0.24747714 0.18480980
v -0.04251570 0.20624551 0.19360939
v -0.07919620 0.23407807 0.18436046
v -0.07347336 0.24612912 0.18437294
v -0.06277033 0.21006959 0.19156238
v -0.07729275 0.21934971 0.18689424
v -0.10650609 0.22749711 0.16999406
v -0.11415736 0.23852467 0.16156893
v -0.13198118 0.21324305 0.15178331
v -0.09902957 0.21083799 0.17524884
v -0.07312387 0.20552431 0.18520921
v -0.05496305 0.19451081 0.19113800
v -0.08790217 0.19394211 0.17768277
v -0.03837179 0.19592748 0.19506974
v -0.04229103 0.19378453 0.19161232
v -0.04515246 0.17121105 0.19132524
v -0.04792339 0.18601586 0.19515710
v -0.06257062 0.18980405 0.19115049
v -0.05023244 0.21068041 -0.19493246
v -0.03576307 0.20664805 -0.19348457
v -0.04850685 0.22527226 -0.19465786
v -0.06339437 0.22580897 -0.19103817
v -0.04834147 0.20469974 -0.19194934
v -0.08180482 0.20971542 -0.18285020
v -0.08369580 0.22628639 -0.18248823
v -0.07308638 0.23710176 -0.18588325
v -0.10525788 0.23077979 -0.16954474
v -0.07577618 0.25146192 -0.18097795
v -0.08842011 0.24850064 -0.17558587
v -0.11322118 0.21110166 -0.16591258
v -0.08821416 0.20521812 -0.17679659
v -0.10891501 0.23925796 -0.16455208
v -0.07195679 0.19425999 -0.18388618
v -0.05118105 0.19469763 -0.19081350
v -0.11242236 0.24720567 -0.15953445
v -0.09971602 0.26570974 -0.16270479
v -0.13611256 0.22334696 -0.14540520
v -0.07865944 0.18946937 -0.18387370
v -0.04533651 0.18918073 -0.19513215
v -0.10653101 0.19477213 -0.16548820
v -0.07817890 0.17996692 -0.18589573
v -0.06569723 0.16947608 -0.18970264
v -0.10472117 0.18760024 -0.17029364
v -0.10985113 0.16859924 -0.16709834
v -0.07635034 0.15506600 -0.18226356
v -0.12366834 0.20550988 -0.15358069
v -0.13772270 0.18584735 -0.14428185
v -0.12514117 0.18043967 -0.15662622
v -0.13397821 0.16767248 -0.14627892
v -0.09335661 0.15093456 -0.17225327
v -0.07657501 0.13991949 -0.17699630
v -0.11358315 0.14892190 -0.15782446
v -0.10802882 0.13788498 -0.15811154
v -0.10373513 0.12487284 -0.15590228
v -0.13561331 0.14019409 -0.13286112
v -0.12455455 0.13504540 -0.14257186
v -0.12261989 0.12137174 -0.13845291
v -0.12200829 0.10771679 -0.13102632
v -0.09261395 0.12005492 -0.15965926
v -0.13306705 0.11327113 -0.12266360
v -0.11247229 0.10015914 -0.13306083
v -0.14076823 0.11664742 -0.11538680
v -0.13758541 0.09532250 -0.10251819
v -0.12821168 0.08647299 -0.10500204
v -0.11896276 0.08740912 -0.11221644
v -0.09833056 0.10674322 -0.14405718
v -0.14015664 0.07517710 -0.07362937
v -0.14501200 0.09226450 -0.08719694
v -0.13844666 0.07095828 -0.06096672
v -0.11916247 0.07170718 -0.09184012
v -0.13103255 0.06238337 -0.05760291
v -0.15413610 0.10763566 -0.08716574
v -0.14980497 0.08321529 -0.06460512
v -0.15060380 0.07083348 -0.03405312
v -0.14517428 0.06544140 -0.01866947
v -0.14613538 0.06554125 0.01018503
v -0.13768527 0.05776516 -0.01967112
v -0.13759792 0.05779012 0.02053077
v -0.13270509 0.05302212 -0.03344464
v -0.12603988 0.05897588 -0.06672701
v -0.13481449 0.05213593 -0.00653806
v -0.12316911 0.04293694 0.00350383
v -0.15689456 0.09082911 -0.05989329
v -0.16115081 0.08335259 -0.01989267
v -0.16546947 0.09584674 -0.04017539
v -0.16160015 0.10135739 -0.06370644
v -0.17131089 0.10938309 -0.04479672
v -0.17096140 0.11664742 -0.05805225
v -0.15880424 0.12194589 -0.09024871
v -0.14770804 0.11768340 -0.10571351
v -0.14743344 0.13573189 -0.11569884
v -0.15112802 0.14775798 -0.11745876
v -0.16413392 0.12974693 -0.08562426
v -0.17275876 0.12497270 -0.06169066
v -0.15241363 0.17626923 -0.12915408
v -0.15937840 0.15642026 -0.11078106
v -0.16921395 0.13854651 -0.08193593
v -0.17757668 0.13284863 -0.05699756
v -0.17559209 0.14505570 -0.07345464
v -0.16575653 0.16354729 -0.10527665
v -0.17478078 0.15827379 -0.08603616
v -0.18345555 0.14917777 -0.05566826
v -0.17275875 0.17079602 -0.09779389
v -0.18505319 0.16505757 -0.06615286
v -0.17723967 0.18274722 -0.09457362
v -0.16700470 0.18562424 -0.11054391
v -0.18612661 0.19451743 -0.06507320
v -0.16932629 0.19398618 -0.09926673
v -0.13380345 0.19451431 -0.14344558
v -0.15461040 0.19532406 -0.12149034
v -0.15629543 0.20552431 -0.11914378
v -0.18369269 0.20481012 -0.07295537
v -0.17374480 0.20999314 -0.10131372
v -0.15067868 0.21000874 -0.13136333
v -0.12881078 0.21072487 -0.15314383
v -0.15428588 0.22796206 -0.12391178
v -0.16462070 0.22742534 -0.11015698
v -0.12756262 0.24220052 -0.14791401
v -0.12114704 0.26255188 -0.14575469
v -0.10761691 0.28079383 -0.14961152
v -0.11937464 0.29250164 -0.13211222
v -0.13794737 0.24230037 -0.13731708
v -0.12990917 0.26411833 -0.13614380
v -0.13842167 0.27673105 -0.11934348
v -0.14809496 0.24714014 -0.12388682
v -0.15724404 0.25129341 -0.10974509
v -0.15965300 0.23998814 -0.11204171
v -0.16805316 0.23785690 -0.10028398
v -0.06491717 0.32221425 0.14132367
v -0.05262896 0.32444847 0.14463131
v -0.05125599 0.31269074 0.15519080
v -0.06712642 0.33070178 0.13226198
v -0.05629857 0.34182295 0.12583391
v -0.06473618 0.31342715 0.14932442
v -0.05263521 0.29800605 0.16521358
v -0.07203171 0.34967392 0.10758571
v -0.07733642 0.32447343 0.13314818
v -0.07556403 0.31377664 0.14463131
v -0.06683311 0.30028396 0.15901019
v -0.08363967 0.30441539 0.15142134
v -0.07678100 0.29444878 0.16062033
v -0.09206479 0.30278029 0.14280899
v -0.09519145 0.31443817 0.13620618
v -0.10183170 0.32077886 0.12446094
v -0.10349800 0.31405124 0.12432364
v -0.09841796 0.29321933 0.14468124
v -0.07253099 0.28246014 0.16566292
v -0.09114115 0.33056448 0.11905637
v -0.09646459 0.28229163 0.15648889
v -0.10705527 0.28916279 0.14662838
v -0.10856556 0.32642057 0.11239116
v -0.11328363 0.30797267 0.12191468
v -0.11795177 0.32640809 0.09607137
v -0.12633945 0.30644990 0.11551158
v -0.11858834 0.27968297 0.14177301
v -0.12235780 0.26355041 0.14545510
v -0.10693046 0.33495803 0.10212499
v -0.11753986 0.33598153 0.09144067
v -0.10008426 0.34309608 0.09587791
v -0.12648923 0.31964302 0.09552842
v -0.11227260 0.34332075 0.08355226
v -0.11943708 0.34616657 0.06856178
v -0.08981184 0.34389490 0.10345428
v -0.08468188 0.34818860 0.10118886
v -0.09408682 0.35650139 0.07895277
v -0.07960808 0.36607483 0.07572626
v -0.06735733 0.35915998 0.09759415
v -0.10955160 0.35304397 0.06755701
v -0.09492932 0.36939495 0.04934001
v -0.08638562 0.37649702 0.04063405
v -0.07277436 0.38001685 0.04924016
v -0.09519767 0.37512404 0.02344055
v -0.10104534 0.36687365 0.04469683
v -0.10732986 0.36757263 0.02361529
v -0.11877555 0.35246981 0.05329046
v -0.12187100 0.35662621 0.02818358
v -0.12813680 0.34446906 0.05824568
v -0.13057072 0.35120916 0.01967109
v -0.13294224 0.34483103 0.04142975
v -0.13059569 0.33710488 0.05926293
v -0.13820950 0.34245951 0.00829170
v -0.14206634 0.33197491 0.04543013
v -0.13581304 0.32097856 0.08772114
v -0.14934315 0.32843012 0.04359844
v -0.15311262 0.32991544 0.01433673
v -0.16106344 0.30883390 0.04343618
v -0.15085343 0.31476269 0.06444283
v -0.13935783 0.30058976 0.10253063
v -0.16682997 0.28007614 0.07188189
v -0.17053702 0.29263270 0.04349547
v -0.16388429 0.31182950 0.01498890
v -0.18078447 0.26424938 0.05303458
v -0.13205605 0.27009704 0.13157549
v -0.14582333 0.24186039 0.13012760
v -0.15356197 0.24822292 0.11738382
v -0.14440042 0.27827254 0.11113050
v -0.16202454 0.24105845 0.10914592
v -0.16382190 0.24668768 0.10305486
v -0.16387183 0.27019066 0.08628574
v -0.17801355 0.25231691 0.07166971
v -0.05297844 0.00711455 -0.01143789
v -0.06796269 0.01349268 -0.03207477
v -0.06672076 0.00974818 -0.00063657
v -0.05294725 0.01062190 0.04052798
v -0.06672076 0.00974818 -0.00063657
v -0.07048399 0.01475333 0.03401254
v -0.09193998 0.02186788 0.01145193
v -0.09702001 0.02587450 -0.02161513
v -0.09270760 0.02584953 0.03620307
v -0.07693701 0.02436422 0.05730957
v -0.08978689 0.03221518 0.06107279
v -0.11781447 0.04100228 0.02741909
v -0.12316911 0.04293694 0.00350383
v -0.10339815 0.03709552 0.05155864
v -0.10543266 0.04890317 0.07677473
v -0.12509128 0.04800449 0.03938589
v -0.13481449 0.05213593 -0.00653806
v -0.12514121 0.06038631 0.07148250
v -0.10943927 0.05762786 0.08633569
v -0.11586734 0.06796268 0.09660810
v -0.10745470 0.06277031 0.09730083
v -0.13437765 0.05474459 0.03247417
v -0.12969702 0.06336943 0.06424937
v -0.11564267 0.07485256 0.10128249
v -0.13759792 0.05779012 0.02053077
v -0.13768527 0.05776516 -0.01967112
v -0.12668894 0.08021968 0.09579679
v -0.11495618 0.09044216 0.11941834
v -0.13815959 0.07093332 0.06230847
v -0.14297751 0.06717635 0.03916434
v -0.14613538 0.06554125 0.01018503
v -0.14517428 0.06544140 -0.01866947
v -0.15165227 0.07145756 0.03350078
v -0.15510968 0.07311762 -0.00185491
v -0.14385123 0.07521454 0.06703902
v -0.13602523 0.08131806 0.09087901
v -0.11852594 0.09484819 0.12399911
v -0.12802449 0.10548883 0.12392422
v -0.15582115 0.07713672 0.03023370
v -0.16066404 0.08118078 0.01077400
v -0.15550911 0.08863233 0.06076075
v -0.14648486 0.09149064 0.08529970
v -0.14141731 0.10536401 0.10642491
v -0.13487692 0.11750243 0.12363715
v -0.15428590 0.10046495 0.07978905
v -0.14366401 0.11352078 0.10934562
v -0.16048929 0.08810810 0.04365774
v -0.15977784 0.10434051 0.07349205
v -0.16407153 0.11425720 0.07419725
v -0.16500766 0.09172779 0.03376914
v -0.16759135 0.09170282 -0.00943382
v -0.16988799 0.09695761 0.02039347
v -0.17455612 0.10452148 0.01380783
v -0.16835274 0.10243705 0.04557367
v -0.17192250 0.11491871 0.05304083
v -0.17660313 0.11740256 0.03680842
v -0.17691516 0.11011327 0.00684422
v -0.18105908 0.12603364 0.03453987
v -0.18179549 0.11974912 0.00278125
v -0.05631107 0.24747714 0.18480980
v -0.07277438 0.26064218 0.17833181
v -0.07742380 0.27161357 0.16852122
v -0.05471341 0.23871501 0.19229880
v -0.07347336 0.24612912 0.18437294
v -0.09646459 0.28229163 0.15648889
v -0.09841796 0.29321933 0.14468124
v -0.09157177 0.26090430 0.17063062
v -0.10705527 0.28916279 0.14662838
v -0.11858834 0.27968297 0.14177301
v -0.12235780 0.26355041 0.14545510
v -0.10208758 0.24767997 0.16820918
v -0.07919620 0.23407807 0.18436046
v -0.11415736 0.23852467 0.16156893
v -0.14582333 0.24186039 0.13012760
v -0.14682187 0.20535659 0.13187503
v -0.13198118 0.21324305 0.15178331
v -0.11554282 0.20533552 0.16060785
v -0.13545108 0.19436337 0.14339563
v -0.14582333 0.24186039 0.13012760
v -0.11415736 0.23852467 0.16156893
v -0.14939309 0.21158223 0.13437137
v -0.16122571 0.22635816 0.11618558
v -0.15356197 0.24822292 0.11738382
v -0.16202454 0.24105845 0.10914592
v -0.17068682 0.21042453 0.10664958
v -0.17126097 0.23035542 0.09843041
v -0.16382190 0.24668768 0.10305486
v -0.17385716 0.20471339 0.09308201
v -0.16907668 0.24552064 0.09502291
v -0.16387183 0.27019066 0.08628574
v -0.17991077 0.21019596 0.09057944
v -0.17914939 0.22700721 0.08484411
v -0.16938872 0.25231691 0.08962459
v -0.17619123 0.24567666 0.08060658
v -0.17801355 0.25231691 0.07166971
v -0.19180580 0.21027787 0.06216492
v -0.18435424 0.22630823 0.07369798
v -0.18652605 0.23455862 0.06205259
v -0.18416700 0.25196118 0.05511278
v -0.16682997 0.28007614 0.07188189
v -0.18078447 0.26424938 0.05303458
v -0.19048273 0.23061753 0.05184258
v -0.18540269 0.25928792 0.04251565
v -0.19038288 0.24022529 0.04194774
v -0.17053702 0.29263270 0.04349547
v -0.18459138 0.27052142 0.02476828
v -0.19116922 0.25085967 0.02069302
v -0.19357818 0.23816894 0.02405839
v -0.19804662 0.21073111 0.03248039
v -0.19621181 0.20507380 0.02014851
v -0.18831093 0.20500359 0.05828312
v -0.19531313 0.19437858 0.02807437
v -0.18127127 0.19485444 0.07730518
v -0.16011484 0.19449716 0.11400129
v -0.15170220 0.18625458 0.12876710
v -0.13414051 0.18536058 0.14783910
v -0.14237841 0.17582302 0.14006301
v -0.16083878 0.18220896 0.12002993
v -0.17421913 0.18480670 0.09917307
v -0.18125879 0.18710645 0.08414514
v -0.14318971 0.16359411 0.13643084
v -0.12535341 0.16304179 0.15361811
v -0.13859646 0.15305958 0.13634348
v -0.19040785 0.18809016 0.06096668
v -0.18169565 0.17961589 0.08632943
v -0.16888946 0.17810249 0.10863417
v -0.19609948 0.18929074 0.03781943
v -0.19905763 0.18985866 0.00841106
v -0.19706057 0.17967986 0.03229629
v -0.15844230 0.17211909 0.12197707
v -0.17288359 0.17096141 0.10072079
v -0.18421694 0.17591507 0.07941459
v -0.18984618 0.17578246 0.06266419
v -0.19470154 0.17235312 0.03888661
v -0.19531313 0.16715450 0.02353416
v -0.18183295 0.16785972 0.08071892
v -0.18989610 0.16637440 0.05501917
v -0.19103193 0.15757482 0.03823133
v -0.19301651 0.15305334 -0.00108622
v -0.18960901 0.14059350 0.00674515
v -0.18356790 0.16150031 0.07156362
v -0.17428154 0.16207759 0.09384339
v -0.16167505 0.16645865 0.11588602
v -0.18847319 0.14531781 0.03094827
v -0.18766187 0.13372235 0.00443721
v -0.18617655 0.13331045 0.02111740
v -0.15352452 0.16064219 0.12379940
v -0.15866697 0.15704123 0.11499982
v -0.15371175 0.14802011 0.11531186
v -0.17334541 0.15594285 0.09110991
v -0.13591290 0.12861736 0.12851748
v -0.18251944 0.15506289 0.06787528
v -0.17265892 0.15037914 0.08795829
v -0.18733736 0.14932132 0.04295876
v -0.18520300 0.14440041 0.04690609
v -0.16721691 0.14357039 0.09162166
v -0.17763910 0.14057478 0.06537271
v -0.18451650 0.13052704 0.02548442
v -0.18430430 0.12536587 -0.00842827
v -0.18152090 0.13634974 0.04881890
v -0.16383438 0.12786221 0.08533714
v -0.14869412 0.12394297 0.10822227
v -0.13487692 0.11750243 0.12363715
v -0.14366401 0.11352078 0.10934562
v -0.14141731 0.10536401 0.10642491
v -0.16407153 0.11425720 0.07419725
v -0.17192250 0.11491871 0.05304083
v -0.17460606 0.13216838 0.06365024
v -0.17644086 0.12479795 0.05000778
v -0.17660313 0.11740256 0.03680842
v -0.18105908 0.12603364 0.03453987
v -0.18179549 0.11974912 0.00278125
v -0.15019189 0.27543920 -0.10374140
v -0.13842167 0.27673105 -0.11934348
v -0.13236807 0.31608575 -0.09732583
v -0.15258837 0.29540987 -0.08373953
v -0.16021467 0.25515025 -0.10276783
v -0.15724404 0.25129341 -0.10974509
v -0.16155021 0.27311137 -0.08705966
v -0.16805316 0.23785690 -0.10028398
v -0.15965300 0.23998814 -0.11204171
v -0.16875213 0.25813961 -0.08647926
v -0.17016256 0.24708709 -0.09142824
v -0.16796579 0.27239991 -0.07548916
v -0.16643054 0.29159672 -0.05764661
v -0.14584827 0.32543452 -0.05905079
v -0.17798857 0.25911942 -0.06597188
v -0.16001497 0.31477517 -0.03127597
v -0.17971104 0.24053734 -0.07581991
v -0.17863761 0.23064561 -0.08407030
v -0.17575435 0.27777951 -0.04970827
v -0.17469341 0.22615533 -0.09408683
v -0.16462070 0.22742534 -0.11015698
v -0.17374480 0.20999314 -0.10131372
v -0.18844820 0.21075140 -0.07098951
v -0.18369269 0.20481012 -0.07295537
v -0.18657595 0.22890754 -0.06533531
v -0.18676318 0.25768403 -0.03704250
v -0.18216994 0.27979530 -0.01388432
v -0.19552531 0.21026071 -0.04675635
v -0.19186818 0.23023684 -0.04456582
v -0.19521328 0.20490920 -0.02564985
v -0.19978157 0.20955628 -0.00477309
v -0.19593722 0.19422217 -0.02008771
v -0.19098200 0.24716198 -0.02859241
v -0.19621181 0.20507380 0.02014851
v -0.19804662 0.21073111 0.03248039
v -0.19531313 0.19437858 0.02807437
v -0.19679845 0.22683559 0.00804051
v -0.19905763 0.18985866 0.00841106
v -0.19357818 0.23816894 0.02405839
v -0.19626174 0.22828034 -0.01307925
v -0.19473898 0.23870253 0.00027350
v -0.19116922 0.25085967 0.02069302
v -0.19354074 0.24425375 -0.00787908
v -0.19070740 0.25506912 0.01335692
v -0.18459138 0.27052142 0.02476828
v -0.19064499 0.25767154 0.00198709
v -0.18844822 0.26383749 0.00225818
v -0.18561487 0.26700783 -0.02679193
v -0.18562736 0.27201298 -0.00616363
v -0.17796362 0.28918776 0.00149816
v -0.17053702 0.29263270 0.04349547
v -0.17297095 0.29636471 0.01734637
v -0.16388429 0.31182950 0.01498890
v -0.17269634 0.29209598 -0.03346650
v -0.17176023 0.29938528 -0.01080993
v -0.16616843 0.30842201 -0.01487817
v -0.15796798 0.32190221 -0.00375740
v -0.15114050 0.32965332 -0.02718198
v -0.15311262 0.32991544 0.01433673
v -0.16106344 0.30883390 0.04343618
v -0.14613538 0.06554125 0.01018503
v -0.15060380 0.07083348 -0.03405312
v -0.15510968 0.07311762 -0.00185491
v -0.16115081 0.08335259 -0.01989267
v -0.16066404 0.08118078 0.01077400
v -0.16759135 0.09170282 -0.00943382
v -0.16546947 0.09584674 -0.04017539
v -0.17546728 0.10824726 -0.02020160
v -0.17455612 0.10452148 0.01380783
v -0.17691516 0.11011327 0.00684422
v -0.17131089 0.10938309 -0.04479672
v -0.18179549 0.11974912 0.00278125
v -0.17972353 0.11913128 -0.02610231
v -0.17096140 0.11664742 -0.05805225
v -0.17275876 0.12497270 -0.06169066
v -0.18430430 0.12536587 -0.00842827
v -0.18451650 0.13052704 0.02548442
v -0.18119637 0.12821169 -0.03803478
v -0.17757668 0.13284863 -0.05699756
v -0.18766187 0.13372235 0.00443721
v -0.18617655 0.13331045 0.02111740
v -0.18577714 0.13581302 -0.03061755
v -0.17559209 0.14505570 -0.07345464
v -0.18960901 0.14059350 0.00674515
v -0.18345555 0.14917777 -0.05566826
v -0.18944675 0.14204762 -0.01527446
v -0.19301651 0.15305334 -0.00108622
v -0.19023310 0.15410804 -0.03300779
v -0.19552532 0.16729180 -0.00949155
v -0.19531313 0.16715450 0.02353416
v -0.19706057 0.17967986 0.03229629
v -0.18505319 0.16505757 -0.06615286
v -0.17478078 0.15827379 -0.08603616
v -0.19335351 0.17006896 -0.03704249
v -0.19727276 0.17781697 -0.01557090
v -0.19437701 0.18109965 -0.04516494
v -0.19721035 0.18888587 -0.03403129
v -0.18695040 0.18470684 -0.07435956
v -0.17723967 0.18274722 -0.09457362
v -0.18612661 0.19451743 -0.06507320
v -0.16932629 0.19398618 -0.09926673
vt 0.48071289 0.51440430
vt 0.47924805 0.53613281
vt 0.46313477 0.50073242
vt 0.48266602 0.50048828
vt 0.47021484 0.52880859
vt 0.49633789 0.53002930
vt 0.49389648 0.54101562
vt 0.49877930 0.56030273
vt 0.50244141 0.52197266
vt 0.50048828 0.50195312
vt 0.49682617 0.48242188
vt 0.51782227 0.51293945
vt 0.51318359 0.52392578
vt 0.53027344 0.53857422
vt 0.51220703 0.53955078
vt 0.52880859 0.55151367
vt 0.54125977 0.54736328
vt 0.51245117 0.55371094
vt 0.53125000 0.56665039
vt 0.55249023 0.56005859
vt 0.52026367 0.57275391
vt 0.55175781 0.59155273
vt 0.56079102 0.58593750
vt 0.51708984 0.58447266
vt 0.55224609 0.61157227
vt 0.53198242 0.60864258
vt 0.52001953 0.61376953
vt 0.50415039 0.58276367
vt 0.48413086 0.55444336
vt 0.50756836 0.60131836
vt 0.51757812 0.63012695
vt 0.50927734 0.62915039
vt 0.48364258 0.56909180
vt 0.47436523 0.56933594
vt 0.49511719 0.60009766
vt 0.49902344 0.62500000
vt 0.49975586 0.64160156
vt 0.49096680 0.63403320
vt 0.49487305 0.61035156
vt 0.46240234 0.53369141
vt 0.45092773 0.50097656
vt 0.45263672 0.51147461
vt 0.45971680 0.54296875
vt 0.44262695 0.52270508
vt 0.47045898 0.57641602
vt 0.47973633 0.60400391
vt 0.48437500 0.62646484
vt 0.48388672 0.63623047
vt 0.49780273 0.64965820
vt 0.44653320 0.55688477
vt 0.46484375 0.58276367
vt 0.42773438 0.51489258
vt 0.47070312 0.63403320
vt 0.48461914 0.64794922
vt 0.47485352 0.64916992
vt 0.47290039 0.62255859
vt 0.43481445 0.55786133
vt 0.41503906 0.52954102
vt 0.45361328 0.58618164
vt 0.47241211 0.60595703
vt 0.45825195 0.60180664
vt 0.42700195 0.55908203
vt 0.39892578 0.54467773
vt 0.44506836 0.60205078
vt 0.40014648 0.56665039
vt 0.37622070 0.53662109
vt 0.38696289 0.56127930
vt 0.45288086 0.62060547
vt 0.43725586 0.61303711
vt 0.45703125 0.64038086
vt 0.47460938 0.66674805
vt 0.45727539 0.66235352
vt 0.39282227 0.58862305
vt 0.37719727 0.56396484
vt 0.36499023 0.53930664
vt 0.36254883 0.55786133
vt 0.42919922 0.63427734
vt 0.42553711 0.64794922
vt 0.38256836 0.60058594
vt 0.36767578 0.58032227
vt 0.34423828 0.54223633
vt 0.36279297 0.59570312
vt 0.35131836 0.59130859
vt 0.37377930 0.60839844
vt 0.42431641 0.66064453
vt 0.46484375 0.68530273
vt 0.44213867 0.69116211
vt 0.41918945 0.67358398
vt 0.43676758 0.69384766
vt 0.37500000 0.62695312
vt 0.38647461 0.65380859
vt 0.40039062 0.67626953
vt 0.38818359 0.66772461
vt 0.34912109 0.60498047
vt 0.31982422 0.56274414
vt 0.36743164 0.63476562
vt 0.37353516 0.64916992
vt 0.34033203 0.60034180
vt 0.35839844 0.63037109
vt 0.34887695 0.67138672
vt 0.36450195 0.67968750
vt 0.35009766 0.65454102
vt 0.34912109 0.62841797
vt 0.32519531 0.65039062
vt 0.33911133 0.67871094
vt 0.36376953 0.69360352
vt 0.32861328 0.69726562
vt 0.31665039 0.68115234
vt 0.29931641 0.64184570
vt 0.28808594 0.65942383
vt 0.27465820 0.63793945
vt 0.29052734 0.62646484
vt 0.30688477 0.62817383
vt 0.31787109 0.62426758
vt 0.30493164 0.60815430
vt 0.32568359 0.61303711
vt 0.31347656 0.59399414
vt 0.32543945 0.60083008
vt 0.33886719 0.61206055
vt 0.32543945 0.58740234
vt 0.31738281 0.56860352
vt 0.13647461 0.19897461
vt 0.15039062 0.19360352
vt 0.13745117 0.22680664
vt 0.13085938 0.20825195
vt 0.15600586 0.22949219
vt 0.16259766 0.20239258
vt 0.12939453 0.23510742
vt 0.17407227 0.21655273
vt 0.17944336 0.19506836
vt 0.18334961 0.21582031
vt 0.19189453 0.21118164
vt 0.20019531 0.19140625
vt 0.17968750 0.24145508
vt 0.19042969 0.23266602
vt 0.20410156 0.21777344
vt 0.21557617 0.20678711
vt 0.20141602 0.23510742
vt 0.21557617 0.22851562
vt 0.22534180 0.20996094
vt 0.22998047 0.19580078
vt 0.20263672 0.25073242
vt 0.22583008 0.23095703
vt 0.24072266 0.20361328
vt 0.24707031 0.21704102
vt 0.23583984 0.24682617
vt 0.19189453 0.25732422
vt 0.17993164 0.25659180
vt 0.20483398 0.27050781
vt 0.21655273 0.27783203
vt 0.20410156 0.29101562
vt 0.21533203 0.29638672
vt 0.23022461 0.27172852
vt 0.25317383 0.22363281
vt 0.27563477 0.21240234
vt 0.24267578 0.24926758
vt 0.26074219 0.22851562
vt 0.23266602 0.28344727
vt 0.22094727 0.30029297
vt 0.23510742 0.29565430
vt 0.24902344 0.26196289
vt 0.25634766 0.25805664
vt 0.29467773 0.22045898
vt 0.26562500 0.22827148
vt 0.27416992 0.23437500
vt 0.28222656 0.22387695
vt 0.29345703 0.22167969
vt 0.29272461 0.22875977
vt 0.27880859 0.23730469
vt 0.26757812 0.25903320
vt 0.24829102 0.28979492
vt 0.24243164 0.30175781
vt 0.27343750 0.28149414
vt 0.26098633 0.29833984
vt 0.11499023 0.20825195
vt 0.11425781 0.18823242
vt 0.12207031 0.21923828
vt 0.11083984 0.23583984
vt 0.09179688 0.20141602
vt 0.11694336 0.25219727
vt 0.12548828 0.26538086
vt 0.08935547 0.22338867
vt 0.07397461 0.20581055
vt 0.10864258 0.27050781
vt 0.07128906 0.21972656
vt 0.06127930 0.19970703
vt 0.06030273 0.21289062
vt 0.08764648 0.23974609
vt 0.05737305 0.22656250
vt 0.04565430 0.20751953
vt 0.04101562 0.22021484
vt 0.09130859 0.26318359
vt 0.06762695 0.24902344
vt 0.04956055 0.23291016
vt 0.03564453 0.23217773
vt 0.01342773 0.21044922
vt 0.01928711 0.23193359
vt 0.05957031 0.25219727
vt 0.04638672 0.24951172
vt 0.02807617 0.24829102
vt 0.00439453 0.23754883
vt 0.05029297 0.26879883
vt 0.02880859 0.26660156
vt 0.04345703 0.28710938
vt 0.06860352 0.30297852
vt 0.05810547 0.30883789
vt 0.08105469 0.29541016
vt 0.09570312 0.29077148
vt 0.08349609 0.31201172
vt 0.10400391 0.29418945
vt 0.11425781 0.28344727
vt 0.11181641 0.30981445
vt 0.12573242 0.29443359
vt 0.13134766 0.28710938
vt 0.13183594 0.32006836
vt 0.14453125 0.30468750
vt 0.14892578 0.29760742
vt 0.13378906 0.25244141
vt 0.14843750 0.27612305
vt 0.15576172 0.29711914
vt 0.15283203 0.31494141
vt 0.15551758 0.26904297
vt 0.14868164 0.24755859
vt 0.16259766 0.25854492
vt 0.15966797 0.28588867
vt 0.16601562 0.27099609
vt 0.17773438 0.26879883
vt 0.16918945 0.28222656
vt 0.17846680 0.27856445
vt 0.19311523 0.30004883
vt 0.17700195 0.29833984
vt 0.16943359 0.29541016
vt 0.17187500 0.31152344
vt 0.33984375 0.53173828
vt 0.30346680 0.54345703
vt 0.31542969 0.53173828
vt 0.34179688 0.52416992
vt 0.36840820 0.52612305
vt 0.32543945 0.52099609
vt 0.29272461 0.53002930
vt 0.35375977 0.51513672
vt 0.30688477 0.51806641
vt 0.37988281 0.51757812
vt 0.33081055 0.51196289
vt 0.31689453 0.50439453
vt 0.28515625 0.51538086
vt 0.35229492 0.50463867
vt 0.37475586 0.51196289
vt 0.37329102 0.50292969
vt 0.39550781 0.50976562
vt 0.38110352 0.53076172
vt 0.39990234 0.50122070
vt 0.37158203 0.49658203
vt 0.35278320 0.49121094
vt 0.39770508 0.49267578
vt 0.40991211 0.50708008
vt 0.39672852 0.53198242
vt 0.42358398 0.50781250
vt 0.43115234 0.48999023
vt 0.42041016 0.48510742
vt 0.43627930 0.47973633
vt 0.37792969 0.48730469
vt 0.40380859 0.47900391
vt 0.41577148 0.47290039
vt 0.42578125 0.46118164
vt 0.44482422 0.47094727
vt 0.39624023 0.45996094
vt 0.38671875 0.47729492
vt 0.35839844 0.47387695
vt 0.36938477 0.45971680
vt 0.40698242 0.45434570
vt 0.43554688 0.45532227
vt 0.43627930 0.44677734
vt 0.37036133 0.45458984
vt 0.40209961 0.44628906
vt 0.42163086 0.44287109
vt 0.34326172 0.45751953
vt 0.37377930 0.44458008
vt 0.35253906 0.44726562
vt 0.32031250 0.46875000
vt 0.34350586 0.48217773
vt 0.32128906 0.48828125
vt 0.29248047 0.48876953
vt 0.28857422 0.46948242
vt 0.30932617 0.46093750
vt 0.31713867 0.45043945
vt 0.28125000 0.44970703
vt 0.28955078 0.44433594
vt 0.34936523 0.44311523
vt 0.32690430 0.43432617
vt 0.34790039 0.43432617
vt 0.30151367 0.42724609
vt 0.36889648 0.43896484
vt 0.38476562 0.43969727
vt 0.37890625 0.42871094
vt 0.40307617 0.43847656
vt 0.41845703 0.43798828
vt 0.43627930 0.43359375
vt 0.44433594 0.43969727
vt 0.41577148 0.43115234
vt 0.44042969 0.42016602
vt 0.41943359 0.41748047
vt 0.42309570 0.40722656
vt 0.39135742 0.41772461
vt 0.36938477 0.42382812
vt 0.34497070 0.42065430
vt 0.37060547 0.41357422
vt 0.40039062 0.39941406
vt 0.41918945 0.39599609
vt 0.44799805 0.37622070
vt 0.40283203 0.37744141
vt 0.42236328 0.36669922
vt 0.37255859 0.39843750
vt 0.39184570 0.36425781
vt 0.43823242 0.34814453
vt 0.39990234 0.33422852
vt 0.36865234 0.37451172
vt 0.37060547 0.33178711
vt 0.36230469 0.35961914
vt 0.35205078 0.36791992
vt 0.35180664 0.35156250
vt 0.35156250 0.39379883
vt 0.33593750 0.36816406
vt 0.34350586 0.40673828
vt 0.32348633 0.39721680
vt 0.35009766 0.40747070
vt 0.32812500 0.41870117
vt 0.31494141 0.40600586
vt 0.29736328 0.39819336
vt 0.28344727 0.41528320
vt 0.30957031 0.37280273
vt 0.28417969 0.39013672
vt 0.32202148 0.35791016
vt 0.29125977 0.35522461
vt 0.31518555 0.34716797
vt 0.34936523 0.33886719
vt 0.32055664 0.33789062
vt 0.28857422 0.32836914
vt 0.30639648 0.32958984
vt 0.31396484 0.32373047
vt 0.33056641 0.33032227
vt 0.34497070 0.32568359
vt 0.38378906 0.32641602
vt 0.40942383 0.32910156
vt 0.40649414 0.31909180
vt 0.36791992 0.31665039
vt 0.40063477 0.31396484
vt 0.33007812 0.31518555
vt 0.28295898 0.31201172
vt 0.30322266 0.30761719
vt 0.37280273 0.31030273
vt 0.40771484 0.30737305
vt 0.34082031 0.30883789
vt 0.31665039 0.30053711
vt 0.39575195 0.27075195
vt 0.37597656 0.26855469
vt 0.36059570 0.27441406
vt 0.33764648 0.27465820
vt 0.32568359 0.25976562
vt 0.31518555 0.27124023
vt 0.32226562 0.28369141
vt 0.28002930 0.29785156
vt 0.85156250 0.18750000
vt 0.81860352 0.19458008
vt 0.82006836 0.18066406
vt 0.83544922 0.17529297
vt 0.85498047 0.15185547
vt 0.85498047 0.19702148
vt 0.87646484 0.19213867
vt 0.85571289 0.20874023
vt 0.83398438 0.20947266
vt 0.86401367 0.21777344
vt 0.82836914 0.22143555
vt 0.88989258 0.20922852
vt 0.90405273 0.19360352
vt 0.88793945 0.16113281
vt 0.91235352 0.22192383
vt 0.86523438 0.23095703
vt 0.90747070 0.21411133
vt 0.91845703 0.20166016
vt 0.91137695 0.17846680
vt 0.92993164 0.18432617
vt 0.93261719 0.21850586
vt 0.93383789 0.20507812
vt 0.94116211 0.18994141
vt 0.95336914 0.19921875
vt 0.95190430 0.21655273
vt 0.96118164 0.20678711
vt 0.95751953 0.22924805
vt 0.96630859 0.22900391
vt 0.97412109 0.19677734
vt 0.97778320 0.20874023
vt 0.98193359 0.22265625
vt 0.99096680 0.23413086
vt 0.95971680 0.24389648
vt 0.92700195 0.23608398
vt 0.91015625 0.23510742
vt 0.94726562 0.24633789
vt 0.91284180 0.24414062
vt 0.89379883 0.24291992
vt 0.92944336 0.25634766
vt 0.93994141 0.26440430
vt 0.93701172 0.27416992
vt 0.90942383 0.26196289
vt 0.94873047 0.26538086
vt 0.95898438 0.25292969
vt 0.94628906 0.27880859
vt 0.96704102 0.25488281
vt 0.98364258 0.24926758
vt 0.97656250 0.27099609
vt 0.96069336 0.27343750
vt 0.91699219 0.27416992
vt 0.93090820 0.28247070
vt 0.88842773 0.26269531
vt 0.91210938 0.28173828
vt 0.92309570 0.29565430
vt 0.95190430 0.28393555
vt 0.96362305 0.27563477
vt 0.96362305 0.28198242
vt 0.95605469 0.28442383
vt 0.91845703 0.31372070
vt 0.95629883 0.29077148
vt 0.96215820 0.28784180
vt 0.96630859 0.28588867
vt 0.96533203 0.29077148
vt 0.96557617 0.29638672
vt 0.92871094 0.31372070
vt 0.96215820 0.30761719
vt 0.95385742 0.33349609
vt 0.93432617 0.34741211
vt 0.91308594 0.33471680
vt 0.93481445 0.35937500
vt 0.90063477 0.34545898
vt 0.92041016 0.38305664
vt 0.89672852 0.33740234
vt 0.89575195 0.32080078
vt 0.89453125 0.37280273
vt 0.89233398 0.40014648
vt 0.87451172 0.39843750
vt 0.88574219 0.36083984
vt 0.86450195 0.37548828
vt 0.86914062 0.35937500
vt 0.86181641 0.34985352
vt 0.88720703 0.31811523
vt 0.90649414 0.30419922
vt 0.85839844 0.34326172
vt 0.90356445 0.28808594
vt 0.85668945 0.31665039
vt 0.88720703 0.27758789
vt 0.87939453 0.30810547
vt 0.86840820 0.28491211
vt 0.83764648 0.30078125
vt 0.82983398 0.31616211
vt 0.81835938 0.28466797
vt 0.84838867 0.27148438
vt 0.82495117 0.27221680
vt 0.83618164 0.26098633
vt 0.86840820 0.26611328
vt 0.86376953 0.25634766
vt 0.87524414 0.24365234
vt 0.84741211 0.25219727
vt 0.82104492 0.24926758
vt 0.82958984 0.24389648
vt 0.85278320 0.23950195
vt 0.55273438 0.28344727
vt 0.58276367 0.28100586
vt 0.58813477 0.30053711
vt 0.59667969 0.29174805
vt 0.56665039 0.29589844
vt 0.53271484 0.28198242
vt 0.55371094 0.29931641
vt 0.61010742 0.31054688
vt 0.62792969 0.29760742
vt 0.64355469 0.32324219
vt 0.66088867 0.31567383
vt 0.58764648 0.30590820
vt 0.61767578 0.31933594
vt 0.64477539 0.32934570
vt 0.57568359 0.30957031
vt 0.60424805 0.32324219
vt 0.63208008 0.33471680
vt 0.65795898 0.34326172
vt 0.62036133 0.33471680
vt 0.64819336 0.34741211
vt 0.59619141 0.32397461
vt 0.57324219 0.31225586
vt 0.54492188 0.30078125
vt 0.56909180 0.31713867
vt 0.59277344 0.33276367
vt 0.61499023 0.34204102
vt 0.54077148 0.32666016
vt 0.52954102 0.31127930
vt 0.63208008 0.34985352
vt 0.64282227 0.35839844
vt 0.60888672 0.34741211
vt 0.62817383 0.36083984
vt 0.64086914 0.38647461
vt 0.57910156 0.33129883
vt 0.60034180 0.35131836
vt 0.56396484 0.32373047
vt 0.57788086 0.33813477
vt 0.55346680 0.33618164
vt 0.52416992 0.33715820
vt 0.53320312 0.34741211
vt 0.61059570 0.36425781
vt 0.58447266 0.35205078
vt 0.56591797 0.34863281
vt 0.55468750 0.35742188
vt 0.58251953 0.36718750
vt 0.53198242 0.37304688
vt 0.50708008 0.35595703
vt 0.51953125 0.37451172
vt 0.55786133 0.36938477
vt 0.61791992 0.39306641
vt 0.57690430 0.38208008
vt 0.55517578 0.38037109
vt 0.62231445 0.40600586
vt 0.64990234 0.39941406
vt 0.59423828 0.40502930
vt 0.63232422 0.40966797
vt 0.54736328 0.40405273
vt 0.59008789 0.41357422
vt 0.60229492 0.41821289
vt 0.54589844 0.40966797
vt 0.51879883 0.39672852
vt 0.49731445 0.37744141
vt 0.52001953 0.40478516
vt 0.49291992 0.40087891
vt 0.52319336 0.42333984
vt 0.57836914 0.43408203
vt 0.61083984 0.42480469
vt 0.64282227 0.41577148
vt 0.65527344 0.40283203
vt 0.60498047 0.43212891
vt 0.62304688 0.42822266
vt 0.63305664 0.42797852
vt 0.65869141 0.41479492
vt 0.58642578 0.44384766
vt 0.61035156 0.44238281
vt 0.54858398 0.43408203
vt 0.52612305 0.43334961
vt 0.50488281 0.42309570
vt 0.49389648 0.42773438
vt 0.54687500 0.44482422
vt 0.55810547 0.47509766
vt 0.52758789 0.47241211
vt 0.51489258 0.47070312
vt 0.55664062 0.49267578
vt 0.57666016 0.47778320
vt 0.59912109 0.44238281
vt 0.59448242 0.46289062
vt 0.58935547 0.48217773
vt 0.58056641 0.50561523
vt 0.59960938 0.47216797
vt 0.55957031 0.51806641
vt 0.53344727 0.50097656
vt 0.57470703 0.53466797
vt 0.55297852 0.54809570
vt 0.58349609 0.54467773
vt 0.60766602 0.53051758
vt 0.60278320 0.52148438
vt 0.61401367 0.49804688
vt 0.63232422 0.50805664
vt 0.63769531 0.51074219
vt 0.60473633 0.53833008
vt 0.62866211 0.52221680
vt 0.65429688 0.51489258
vt 0.65014648 0.48291016
vt 0.63232422 0.48608398
vt 0.63354492 0.47119141
vt 0.65917969 0.46875000
vt 0.61840820 0.47460938
vt 0.63916016 0.44824219
vt 0.65014648 0.44921875
vt 0.60986328 0.46630859
vt 0.62329102 0.45019531
vt 0.65942383 0.42944336
vt 0.61401367 0.44750977
vt 0.77124023 0.92163086
vt 0.75732422 0.96118164
vt 0.75537109 0.94409180
vt 0.75170898 0.93627930
vt 0.74853516 0.92846680
vt 0.82202148 0.92968750
vt 0.82153320 0.94970703
vt 0.74877930 0.90429688
vt 0.73095703 0.91796875
vt 0.71704102 0.95312500
vt 0.71411133 0.93872070
vt 0.72412109 0.88647461
vt 0.75341797 0.87597656
vt 0.77148438 0.88574219
vt 0.73168945 0.89013672
vt 0.72949219 0.86840820
vt 0.73876953 0.86621094
vt 0.74340820 0.84033203
vt 0.75537109 0.83325195
vt 0.73071289 0.84033203
vt 0.74243164 0.81835938
vt 0.72363281 0.82543945
vt 0.72973633 0.80541992
vt 0.72143555 0.78881836
vt 0.71459961 0.77954102
vt 0.37988281 1.00000000
vt 0.33935547 1.00000000
vt 0.34619141 0.99169922
vt 0.89843750 0.14526367
vt 0.88378906 0.14770508
vt 0.90405273 0.12304688
vt 0.88452148 0.11962891
vt 0.91674805 0.13818359
vt 0.89721680 0.09643555
vt 0.93188477 0.09594727
vt 0.87280273 0.11059570
vt 0.86621094 0.12939453
vt 0.88330078 0.08398438
vt 0.86303711 0.08593750
vt 0.85253906 0.11401367
vt 0.84423828 0.09814453
vt 0.83105469 0.09008789
vt 0.91259766 0.07910156
vt 0.88818359 0.07202148
vt 0.85668945 0.07592773
vt 0.83154297 0.07714844
vt 0.83471680 0.07177734
vt 0.86108398 0.07031250
vt 0.81958008 0.06225586
vt 0.92700195 0.06982422
vt 0.86645508 0.05737305
vt 0.89160156 0.06640625
vt 0.92675781 0.06250000
vt 0.94921875 0.07275391
vt 0.90869141 0.05346680
vt 0.82910156 0.04980469
vt 0.94091797 0.05200195
vt 0.95727539 0.06787109
vt 0.80615234 0.04077148
vt 0.82177734 0.04077148
vt 0.96655273 0.07934570
vt 0.89038086 0.04687500
vt 0.95678711 0.09375000
vt 0.97290039 0.07983398
vt 0.94213867 0.11230469
vt 0.95361328 0.10937500
vt 0.92480469 0.14062500
vt 0.91381836 0.17187500
vt 0.92895508 0.15673828
vt 0.94946289 0.13208008
vt 0.98193359 0.08496094
vt 0.98510742 0.07910156
vt 0.97851562 0.07128906
vt 0.96655273 0.11083984
vt 0.98315430 0.09521484
vt 0.99755859 0.10986328
vt 0.96191406 0.13159180
vt 0.97583008 0.14184570
vt 0.94262695 0.15649414
vt 0.93286133 0.17797852
vt 0.94995117 0.16650391
vt 0.97534180 0.18383789
vt 0.99145508 0.16235352
vt 0.96752930 0.18798828
vt 0.96069336 0.19628906
vt 0.95214844 0.05688477
vt 0.97216797 0.06274414
vt 0.98095703 0.04687500
vt 0.95996094 0.04760742
vt 0.95141602 0.04907227
vt 0.96337891 0.03149414
vt 0.94335938 0.04492188
vt 0.96777344 0.02978516
vt 0.97851562 0.03735352
vt 0.96777344 0.02197266
vt 0.96337891 0.01562500
vt 0.99096680 0.03247070
vt 0.98583984 0.01049805
vt 0.99291992 0.01831055
vt 0.99731445 0.02075195
vt 0.99829102 0.01562500
vt 1.00000000 0.02514648
vt 0.95703125 0.02661133
vt 0.92456055 0.04150391
vt 0.93139648 0.02148438
vt 0.93994141 0.00000000
vt 0.91625977 0.02343750
vt 0.90966797 0.04663086
vt 0.89477539 0.01733398
vt 0.88159180 0.03417969
vt 0.85473633 0.02856445
vt 0.86059570 0.04980469
vt 0.85083008 0.04077148
vt 0.83203125 0.03149414
vt 0.80712891 0.02172852
vt 0.38012695 0.98168945
vt 0.33593750 0.98168945
vt 0.33715820 0.97070312
vt 0.46630859 0.87475586
vt 0.44970703 0.90356445
vt 0.43579102 0.87133789
vt 0.42675781 0.82739258
vt 0.47705078 0.91625977
vt 0.46777344 0.84057617
vt 0.43725586 0.81250000
vt 0.45507812 0.78637695
vt 0.48242188 0.82934570
vt 0.47949219 0.79492188
vt 0.48950195 0.85180664
vt 0.50341797 0.88061523
vt 0.51879883 0.83813477
vt 0.51098633 0.78955078
vt 0.53784180 0.81713867
vt 0.53735352 0.77978516
vt 0.55981445 0.83813477
vt 0.55712891 0.87719727
vt 0.58837891 0.80834961
vt 0.56958008 0.75244141
vt 0.59155273 0.78271484
vt 0.59033203 0.84887695
vt 0.60034180 0.82690430
vt 0.61718750 0.73095703
vt 0.61157227 0.76269531
vt 0.61425781 0.82397461
vt 0.60449219 0.85058594
vt 0.62451172 0.81542969
vt 0.61865234 0.75512695
vt 0.63745117 0.77294922
vt 0.64086914 0.81738281
vt 0.64184570 0.84155273
vt 0.65478516 0.83349609
vt 0.63354492 0.84863281
vt 0.62377930 0.87011719
vt 0.64941406 0.88891602
vt 0.66918945 0.86596680
vt 0.66015625 0.89135742
vt 0.63671875 0.87670898
vt 0.66088867 0.91406250
vt 0.67260742 0.92382812
vt 0.67163086 0.89697266
vt 0.68139648 0.92041016
vt 0.66259766 0.92724609
vt 0.64599609 0.90478516
vt 0.65429688 0.92333984
vt 0.63208008 0.91625977
vt 0.66308594 0.93579102
vt 0.61450195 0.89428711
vt 0.65039062 0.95166016
vt 0.62524414 0.92919922
vt 0.61791992 0.91333008
vt 0.61083984 0.94531250
vt 0.62402344 0.94775391
vt 0.60473633 0.92871094
vt 0.59863281 0.95483398
vt 0.60058594 0.88256836
vt 0.59521484 0.91674805
vt 0.57910156 0.86889648
vt 0.58056641 0.91259766
vt 0.57421875 0.93872070
vt 0.56152344 0.91064453
vt 0.55566406 0.95458984
vt 0.54760742 0.92602539
vt 0.51000977 0.93847656
vt 0.53881836 0.90356445
vt 0.50976562 0.91064453
vt 0.47778320 0.96362305
vt 0.01342773 0.02954102
vt 0.01440430 0.01196289
vt 0.02221680 0.04858398
vt 0.02661133 0.03540039
vt 0.00000000 0.03076172
vt 0.01000977 0.07055664
vt 0.03540039 0.05712891
vt 0.02124023 0.07983398
vt 0.04516602 0.04492188
vt 0.03881836 0.02465820
vt 0.05468750 0.02758789
vt 0.02734375 0.07006836
vt 0.08349609 0.08911133
vt 0.09228516 0.06518555
vt 0.10571289 0.04736328
vt 0.06689453 0.01269531
vt 0.11938477 0.05957031
vt 0.11401367 0.07568359
vt 0.13623047 0.04663086
vt 0.13232422 0.03173828
vt 0.13769531 0.06005859
vt 0.16259766 0.03759766
vt 0.16137695 0.05224609
vt 0.13500977 0.07128906
vt 0.11987305 0.08007812
vt 0.10888672 0.10351562
vt 0.09594727 0.10668945
vt 0.07910156 0.14135742
vt 0.07519531 0.13305664
vt 0.06567383 0.11962891
vt 0.03979492 0.09594727
vt 0.05957031 0.12768555
vt 0.02685547 0.09594727
vt 0.06396484 0.14819336
vt 0.05590820 0.17089844
vt 0.05566406 0.17480469
vt 0.05273438 0.13525391
vt 0.05078125 0.17529297
vt 0.05346680 0.18432617
vt 0.04321289 0.15429688
vt 0.02636719 0.11621094
vt 0.02001953 0.10766602
vt 0.00927734 0.11987305
vt 0.01977539 0.12890625
vt 0.00195312 0.15405273
vt 0.01611328 0.14770508
vt 0.02685547 0.14843750
vt 0.04296875 0.16235352
vt 0.02661133 0.15527344
vt 0.00341797 0.15747070
vt 0.00366211 0.15966797
vt 0.01196289 0.15551758
vt 0.01806641 0.15771484
vt 0.02026367 0.16796875
vt 0.03686523 0.17138672
vt 0.03613281 0.17480469
vt 0.02832031 0.17822266
vt 0.28759766 0.36547852
vt 0.29418945 0.37255859
vt 0.25366211 0.38281250
vt 0.26806641 0.36547852
vt 0.27880859 0.33984375
vt 0.27075195 0.34643555
vt 0.25097656 0.37280273
vt 0.24365234 0.35107422
vt 0.27172852 0.40185547
vt 0.24487305 0.40454102
vt 0.23486328 0.40063477
vt 0.25415039 0.42089844
vt 0.25097656 0.42382812
vt 0.22412109 0.40209961
vt 0.23339844 0.38085938
vt 0.21826172 0.39819336
vt 0.21704102 0.40844727
vt 0.22290039 0.38305664
vt 0.21020508 0.39916992
vt 0.19482422 0.40039062
vt 0.18896484 0.40332031
vt 0.18188477 0.39257812
vt 0.19140625 0.38696289
vt 0.23242188 0.35253906
vt 0.26025391 0.32617188
vt 0.19116211 0.37719727
vt 0.23828125 0.33398438
vt 0.20507812 0.37207031
vt 0.18408203 0.36718750
vt 0.19726562 0.36181641
vt 0.21484375 0.34936523
vt 0.22460938 0.32397461
vt 0.18896484 0.32348633
vt 0.17285156 0.33740234
vt 0.16235352 0.33959961
vt 0.17163086 0.32226562
vt 0.16674805 0.36376953
vt 0.16577148 0.39941406
vt 0.15258789 0.36425781
vt 0.14282227 0.32104492
vt 0.16503906 0.41162109
vt 0.13647461 0.33837891
vt 0.14428711 0.38085938
vt 0.14257812 0.36547852
vt 0.12304688 0.33740234
vt 0.12231445 0.31884766
vt 0.15478516 0.40673828
vt 0.14160156 0.39038086
vt 0.14282227 0.40625000
vt 0.12377930 0.39477539
vt 0.13500977 0.41601562
vt 0.15136719 0.41625977
vt 0.12841797 0.37744141
vt 0.10571289 0.39453125
vt 0.12524414 0.36718750
vt 0.11206055 0.41015625
vt 0.12695312 0.41943359
vt 0.09350586 0.39819336
vt 0.14306641 0.42333984
vt 0.14990234 0.42333984
vt 0.13281250 0.42773438
vt 0.14062500 0.42993164
vt 0.07519531 0.37524414
vt 0.09619141 0.32080078
vt 0.09619141 0.32934570
vt 0.06982422 0.34155273
vt 0.06762695 0.32348633
vt 0.04785156 0.36132812
vt 0.04956055 0.34082031
vt 0.04003906 0.33032227
vt 0.01245117 0.34667969
vt 0.02441406 0.35864258
vt 0.06054688 0.38403320
vt 0.08154297 0.40527344
vt 0.01342773 0.36694336
vt 0.00048828 0.35083008
vt 0.05102539 0.39746094
vt 0.06689453 0.40551758
vt 0.02978516 0.40625000
vt 0.64819336 0.76342773
vt 0.67773438 0.72680664
vt 0.67871094 0.78710938
vt 0.71630859 0.77124023
vt 0.66821289 0.71240234
vt 0.69116211 0.69702148
vt 0.72729492 0.70434570
vt 0.69189453 0.67895508
vt 0.75317383 0.73583984
vt 0.77636719 0.75195312
vt 0.71679688 0.68115234
vt 0.70214844 0.66699219
vt 0.75830078 0.71728516
vt 0.78149414 0.72021484
vt 0.80126953 0.74560547
vt 0.79638672 0.71484375
vt 0.76708984 0.70141602
vt 0.79711914 0.69799805
vt 0.74340820 0.69335938
vt 0.76123047 0.68164062
vt 0.73510742 0.67431641
vt 0.77563477 0.68310547
vt 0.80566406 0.69873047
vt 0.74267578 0.67163086
vt 0.70825195 0.66455078
vt 0.68725586 0.66503906
vt 0.77368164 0.66455078
vt 0.72143555 0.65136719
vt 0.71972656 0.64184570
vt 0.70214844 0.62207031
vt 0.74072266 0.65112305
vt 0.79907227 0.65429688
vt 0.78002930 0.65869141
vt 0.72924805 0.62817383
vt 0.71118164 0.62182617
vt 0.71606445 0.61303711
vt 0.73071289 0.61645508
vt 0.71728516 0.59765625
vt 0.75073242 0.63012695
vt 0.74267578 0.60815430
vt 0.76171875 0.64355469
vt 0.71875000 0.58715820
vt 0.75732422 0.61767578
vt 0.74023438 0.58593750
vt 0.72485352 0.57958984
vt 0.78222656 0.55786133
vt 0.73950195 0.55712891
vt 0.78271484 0.60986328
vt 0.78735352 0.62329102
vt 0.76684570 0.63281250
vt 0.77709961 0.63183594
vt 0.77880859 0.64477539
vt 0.78637695 0.64379883
vt 0.79418945 0.63671875
vt 0.79687500 0.64599609
vt 0.32641602 0.90185547
vt 0.30981445 0.91992188
vt 0.29858398 0.89575195
vt 0.31030273 0.88208008
vt 0.28222656 0.87426758
vt 0.25708008 0.91748047
vt 0.34545898 0.87670898
vt 0.37084961 0.90161133
vt 0.30224609 0.86523438
vt 0.26049805 0.85400391
vt 0.22216797 0.88769531
vt 0.21459961 0.86840820
vt 0.40039062 0.88232422
vt 0.40014648 0.91259766
vt 0.37670898 0.84790039
vt 0.34692383 0.85473633
vt 0.31713867 0.84375000
vt 0.36108398 0.83081055
vt 0.40844727 0.85375977
vt 0.29296875 0.83105469
vt 0.25146484 0.84301758
vt 0.22973633 0.84570312
vt 0.19287109 0.86987305
vt 0.20434570 0.85009766
vt 0.20263672 0.84057617
vt 0.24780273 0.82958984
vt 0.21435547 0.82910156
vt 0.31103516 0.81396484
vt 0.25512695 0.81445312
vt 0.21093750 0.81420898
vt 0.16381836 0.83007812
vt 0.24780273 0.80859375
vt 0.21801758 0.80664062
vt 0.16992188 0.79638672
vt 0.20532227 0.78686523
vt 0.26074219 0.79321289
vt 0.23754883 0.77587891
vt 0.18969727 0.76757812
vt 0.30712891 0.79492188
vt 0.26538086 0.78002930
vt 0.34497070 0.79614258
vt 0.27001953 0.76733398
vt 0.30834961 0.77539062
vt 0.34448242 0.81274414
vt 0.39672852 0.81030273
vt 0.39062500 0.79858398
vt 0.36083984 0.78100586
vt 0.41040039 0.78149414
vt 0.38110352 0.76757812
vt 0.32006836 0.76098633
vt 0.36035156 0.75903320
vt 0.38745117 0.75048828
vt 0.37890625 0.73583984
vt 0.34765625 0.73461914
vt 0.37866211 0.72290039
vt 0.27563477 0.75708008
vt 0.35644531 0.71435547
vt 0.38232422 0.70507812
vt 0.36938477 0.69897461
vt 0.31030273 0.72802734
vt 0.31567383 0.69921875
vt 0.28466797 0.71313477
vt 0.29882812 0.74926758
vt 0.26513672 0.74414062
vt 0.24316406 0.72583008
vt 0.26831055 0.70385742
vt 0.23828125 0.75097656
vt 0.21728516 0.74291992
vt 0.22094727 0.76245117
vt 0.21069336 0.72851562
vt 0.19628906 0.74145508
vt 0.17944336 0.75341797
vt 0.18969727 0.72656250
vt 0.93872070 0.61914062
vt 0.96020508 0.61108398
vt 0.96191406 0.63208008
vt 0.95288086 0.59912109
vt 0.92138672 0.61401367
vt 0.92700195 0.58789062
vt 0.91040039 0.58276367
vt 0.94409180 0.57788086
vt 0.96679688 0.58715820
vt 0.96777344 0.57861328
vt 0.92309570 0.56542969
vt 0.94335938 0.56225586
vt 0.94091797 0.55493164
vt 0.97680664 0.58178711
vt 0.91064453 0.54638672
vt 0.89135742 0.56909180
vt 0.88354492 0.58984375
vt 0.90161133 0.55590820
vt 0.87304688 0.56201172
vt 0.86181641 0.57104492
vt 0.88574219 0.54711914
vt 0.86987305 0.54687500
vt 0.86889648 0.52856445
vt 0.88208008 0.53027344
vt 0.91259766 0.52685547
vt 0.90356445 0.51538086
vt 0.92456055 0.52172852
vt 0.94653320 0.53662109
vt 0.97436523 0.51562500
vt 0.59228516 0.10717773
vt 0.57934570 0.10351562
vt 0.58715820 0.09057617
vt 0.59790039 0.09594727
vt 0.61816406 0.08764648
vt 0.57885742 0.06225586
vt 0.60839844 0.08447266
vt 0.60888672 0.05346680
vt 0.63012695 0.07324219
vt 0.60107422 0.06201172
vt 0.58520508 0.06933594
vt 0.58569336 0.05346680
vt 0.60302734 0.04028320
vt 0.59106445 0.03515625
vt 0.59521484 0.02661133
vt 0.61987305 0.04736328
vt 0.61132812 0.02905273
vt 0.59326172 0.00927734
vt 0.59912109 0.00146484
vt 0.61181641 0.01806641
vt 0.61791992 0.00952148
vt 0.62377930 0.03100586
vt 0.62817383 0.02075195
vt 0.62524414 0.00781250
vt 0.63867188 0.02099609
vt 0.64306641 0.03344727
vt 0.64770508 0.01660156
vt 0.65600586 0.02197266
vt 0.65820312 0.03076172
vt 0.62841797 0.05395508
vt 0.64599609 0.07470703
vt 0.64599609 0.04736328
vt 0.66235352 0.04199219
vt 0.67041016 0.05908203
vt 0.68188477 0.05664062
vt 0.65185547 0.07934570
vt 0.64477539 0.07885742
vt 0.66381836 0.07690430
vt 0.67358398 0.06420898
vt 0.69360352 0.06347656
vt 0.72631836 0.06201172
vt 0.72265625 0.07055664
vt 0.71533203 0.05566406
vt 0.74487305 0.06396484
vt 0.75390625 0.06005859
vt 0.68701172 0.05102539
vt 0.70483398 0.04760742
vt 0.68676758 0.03784180
vt 0.53613281 0.98510742
vt 0.54174805 0.97875977
vt 0.54980469 0.99023438
vt 0.54443359 0.97705078
vt 0.52490234 0.99438477
vt 0.51074219 0.98754883
vt 0.30126953 0.98413086
vt 0.29882812 0.98022461
vt 0.30444336 0.98217773
vt 0.30297852 0.97729492
vt 0.30004883 0.99023438
vt 0.31420898 0.97949219
vt 0.30322266 0.97558594
vt 0.30615234 0.97094727
vt 0.31494141 0.98706055
vt 0.28930664 0.99975586
vt 0.32861328 0.97924805
vt 0.33471680 0.99975586
vt 0.31933594 0.96899414
vt 0.33154297 0.96850586
vt 0.83569336 0.92041016
vt 0.84667969 0.92211914
vt 0.84643555 0.95434570
vt 0.82690430 0.93701172
vt 0.83105469 0.95068359
vt 0.82739258 0.95434570
vt 0.83349609 0.95703125
vt 0.85693359 0.94970703
vt 0.85913086 0.95654297
vt 0.86206055 0.92016602
vt 0.86962891 0.94311523
vt 0.87060547 0.94555664
vt 0.87280273 0.93725586
vt 0.87207031 0.92602539
vt 0.88281250 0.92138672
vt 0.25292969 0.97656250
vt 0.26074219 0.99560547
vt 0.23754883 0.99365234
vt 0.27929688 0.98291016
vt 0.26757812 0.97387695
vt 0.26684570 0.97045898
vt 0.27758789 0.97583008
vt 0.28564453 0.97265625
vt 0.29321289 0.98535156
vt 0.14135742 0.97314453
vt 0.17285156 0.95166016
vt 0.16870117 0.96264648
vt 0.16308594 0.94458008
vt 0.15161133 0.94018555
vt 0.14428711 0.94409180
vt 0.13867188 0.91455078
vt 0.17553711 0.92578125
vt 0.13964844 0.89770508
vt 0.14501953 0.90820312
vt 0.17968750 0.98168945
vt 0.15966797 0.98657227
vt 0.18432617 1.00000000
vt 0.19042969 0.99951172
vt 0.20239258 0.98999023
vt 0.21264648 0.97290039
vt 0.21313477 0.99804688
vt 0.22900391 0.99829102
vt 0.23559570 0.98071289
vt 0.18774414 0.93676758
vt 0.21337891 0.95874023
vt 0.23706055 0.96264648
vt 0.21752930 0.93774414
vt 0.22900391 0.95410156
vt 0.24316406 0.95190430
vt 0.24926758 0.97119141
vt 0.24511719 0.94189453
vt 0.25415039 0.95214844
vt 0.26513672 0.94287109
vt 0.23291016 0.92968750
vt 0.30102539 0.93798828
vt 0.20727539 0.91894531
vt 0.22412109 0.90454102
vt 0.20288086 0.90063477
vt 0.18823242 0.91162109
vt 0.17382812 0.92041016
vt 0.19775391 0.90087891
vt 0.21020508 0.87451172
vt 0.16162109 0.90747070
vt 0.15454102 0.88671875
vt 0.17749023 0.90625000
vt 0.17846680 0.88696289
vt 0.17578125 0.86450195
vt 0.39892578 0.98632812
vt 0.37426758 0.96923828
vt 0.41455078 0.97021484
vt 0.54003906 0.96704102
vt 0.56079102 0.96704102
vt 0.55493164 0.97534180
vt 0.36865234 0.18750000
vt 0.40283203 0.19091797
vt 0.35107422 0.22192383
vt 0.33959961 0.21777344
vt 0.33789062 0.20825195
vt 0.38427734 0.17089844
vt 0.36206055 0.16040039
vt 0.32470703 0.19409180
vt 0.31982422 0.23583984
vt 0.31542969 0.20117188
vt 0.35083008 0.16625977
vt 0.37084961 0.14355469
vt 0.33374023 0.16821289
vt 0.32104492 0.18286133
vt 0.34008789 0.15478516
vt 0.32226562 0.16870117
vt 0.35498047 0.14477539
vt 0.35766602 0.13964844
vt 0.36962891 0.13256836
vt 0.33374023 0.12158203
vt 0.32617188 0.14453125
vt 0.34399414 0.12158203
vt 0.35034180 0.11401367
vt 0.36132812 0.11328125
vt 0.37426758 0.11889648
vt 0.33666992 0.11059570
vt 0.34204102 0.10522461
vt 0.36303711 0.10693359
vt 0.37915039 0.11889648
vt 0.37060547 0.09521484
vt 0.35888672 0.09301758
vt 0.34570312 0.09204102
vt 0.36718750 0.07568359
vt 0.31860352 0.11450195
vt 0.34106445 0.08325195
vt 0.31567383 0.09375000
vt 0.32617188 0.07324219
vt 0.30590820 0.07348633
vt 0.28833008 0.08105469
vt 0.27929688 0.09667969
vt 0.27734375 0.06958008
vt 0.30932617 0.10302734
vt 0.24707031 0.08300781
vt 0.24536133 0.10278320
vt 0.22241211 0.08764648
vt 0.25219727 0.10937500
vt 0.29467773 0.12036133
vt 0.18359375 0.10107422
vt 0.18725586 0.08691406
vt 0.20898438 0.11010742
vt 0.13696289 0.09667969
vt 0.16040039 0.07006836
vt 0.16674805 0.11083984
vt 0.12255859 0.09790039
vt 0.25000000 0.12426758
vt 0.17333984 0.12646484
vt 0.12988281 0.12963867
vt 0.14233398 0.13305664
vt 0.21386719 0.12719727
vt 0.17285156 0.12963867
vt 0.18164062 0.14160156
vt 0.16503906 0.14965820
vt 0.21582031 0.13793945
vt 0.20434570 0.16113281
vt 0.16284180 0.19409180
vt 0.23657227 0.13549805
vt 0.23535156 0.15332031
vt 0.24926758 0.17089844
vt 0.25390625 0.19604492
vt 0.25170898 0.15405273
vt 0.25854492 0.13549805
vt 0.27832031 0.13061523
vt 0.26513672 0.14819336
vt 0.26660156 0.16186523
vt 0.26367188 0.17358398
vt 0.27758789 0.15258789
vt 0.28002930 0.17114258
vt 0.27319336 0.18481445
vt 0.26757812 0.19921875
vt 0.28173828 0.18920898
vt 0.28369141 0.19848633
vt 0.29663086 0.19799805
vt 0.28784180 0.20776367
vt 0.28930664 0.17895508
vt 0.29248047 0.16894531
vt 0.30053711 0.17993164
vt 0.30590820 0.21728516
vt 0.30883789 0.18896484
vt 0.31298828 0.17871094
vt 0.30419922 0.16528320
vt 0.31469727 0.15893555
vt 0.30102539 0.15405273
vt 0.31713867 0.13891602
vt 0.28906250 0.15893555
vt 0.30566406 0.13793945
vt 0.28930664 0.14575195
vt 0.31835938 0.12524414
vt 0.29736328 0.12841797
vt 0.10668945 0.95703125
vt 0.10058594 0.91699219
vt 0.11254883 0.93212891
vt 0.11059570 0.89892578
vt 0.11962891 0.91552734
vt 0.09326172 0.87255859
vt 0.11865234 0.90258789
vt 0.10571289 0.86791992
vt 0.09423828 0.82763672
vt 0.08251953 0.83178711
vt 0.07397461 0.80029297
vt 0.08422852 0.79321289
vt 0.09814453 0.80346680
vt 0.08691406 0.78417969
vt 0.09667969 0.78784180
vt 0.09106445 0.75170898
vt 0.13500977 0.76293945
vt 0.13500977 0.79492188
vt 0.10815430 0.81494141
vt 0.12426758 0.82543945
vt 0.10205078 0.82690430
vt 0.10766602 0.84008789
vt 0.13256836 0.84350586
vt 0.11132812 0.85449219
vt 0.12988281 0.86328125
vt 0.11376953 0.87133789
vt 0.13232422 0.89819336
vt 0.55737305 0.12451172
vt 0.54663086 0.09985352
vt 0.55712891 0.09838867
vt 0.55737305 0.09008789
vt 0.53515625 0.10644531
vt 0.54150391 0.09838867
vt 0.55053711 0.12915039
vt 0.55493164 0.14355469
vt 0.53710938 0.13818359
vt 0.52514648 0.10351562
vt 0.51123047 0.15429688
vt 0.51318359 0.12719727
vt 0.53417969 0.16259766
vt 0.56079102 0.15576172
vt 0.55175781 0.16479492
vt 0.54785156 0.20141602
vt 0.49218750 0.17871094
vt 0.50122070 0.13720703
vt 0.48583984 0.19677734
vt 0.48217773 0.20898438
vt 0.54467773 0.22412109
vt 0.48657227 0.17211914
vt 0.47656250 0.19750977
vt 0.47827148 0.15966797
vt 0.49975586 0.24121094
vt 0.55102539 0.24389648
vt 0.52197266 0.27148438
vt 0.46972656 0.22998047
vt 0.46386719 0.22631836
vt 0.46215820 0.19775391
vt 0.45092773 0.22534180
vt 0.45385742 0.24902344
vt 0.45532227 0.25781250
vt 0.46411133 0.26147461
vt 0.44628906 0.21923828
vt 0.43920898 0.23632812
vt 0.45751953 0.18701172
vt 0.43164062 0.21166992
vt 0.48461914 0.26635742
vt 0.46435547 0.27416992
vt 0.46777344 0.28833008
vt 0.48413086 0.31152344
vt 0.50341797 0.29296875
vt 0.51464844 0.30224609
vt 0.49707031 0.32104492
vt 0.51562500 0.32568359
vt 0.50415039 0.34667969
vt 0.51928711 0.34448242
vt 0.43554688 0.18359375
vt 0.41796875 0.20532227
vt 0.41137695 0.19335938
vt 0.39892578 0.16894531
vt 0.41162109 0.14868164
vt 0.43237305 0.13452148
vt 0.46972656 0.15844727
vt 0.48071289 0.12866211
vt 0.49536133 0.11425781
vt 0.38769531 0.13330078
vt 0.39599609 0.12744141
vt 0.40844727 0.12377930
vt 0.40454102 0.11401367
vt 0.39038086 0.12255859
vt 0.42749023 0.10937500
vt 0.39086914 0.10668945
vt 0.43139648 0.07080078
vt 0.40429688 0.08764648
vt 0.43872070 0.09228516
vt 0.38867188 0.09521484
vt 0.39282227 0.07128906
vt 0.37646484 0.09106445
vt 0.46972656 0.08398438
vt 0.46826172 0.07641602
vt 0.45532227 0.09497070
vt 0.44433594 0.11499023
vt 0.48022461 0.09570312
vt 0.48583984 0.08349609
vt 0.47460938 0.10717773
vt 0.46582031 0.12304688
vt 0.49511719 0.09497070
vt 0.48828125 0.10815430
vt 0.50610352 0.10009766
vt 0.50146484 0.07324219
vt 0.52441406 0.08862305
vt 0.51025391 0.08178711
vt 0.51977539 0.09667969
vt 0.51513672 0.11035156
vt 0.51464844 0.10229492
vt 0.53881836 0.09033203
vt 0.53466797 0.09619141
vt 0.53637695 0.08520508
vt 0.49853516 0.99902344
vt 0.48046875 0.99975586
vt 0.47387695 0.98242188
vt 0.50024414 0.98657227
vt 0.48925781 0.98242188
vt 0.48925781 0.97167969
vt 0.49243164 0.97924805
vt 0.48266602 0.97192383
vt 0.47094727 0.97485352
vt 0.46679688 0.97290039
vt 0.47094727 0.97241211
vt 0.46289062 0.98120117
vt 0.87597656 0.41918945
vt 0.87670898 0.43701172
vt 0.86450195 0.42846680
vt 0.86499023 0.45117188
vt 0.89453125 0.43896484
vt 0.87695312 0.46386719
vt 0.89038086 0.45898438
vt 0.86938477 0.48022461
vt 0.85717773 0.48486328
vt 0.87060547 0.52319336
vt 0.87792969 0.51049805
vt 0.90673828 0.41967773
vt 0.88208008 0.40551758
vt 0.89379883 0.48120117
vt 0.89916992 0.49731445
vt 0.90820312 0.48974609
vt 0.91772461 0.50146484
vt 0.90502930 0.47656250
vt 0.92285156 0.48315430
vt 0.90820312 0.46069336
vt 0.94165039 0.48657227
vt 0.94360352 0.49853516
vt 0.91259766 0.44287109
vt 0.92333984 0.46093750
vt 0.93676758 0.46264648
vt 0.95312500 0.47949219
vt 0.92797852 0.43041992
vt 0.90991211 0.41162109
vt 0.94848633 0.39355469
vt 0.93872070 0.42114258
vt 0.95922852 0.44604492
vt 0.94335938 0.44604492
vt 0.95532227 0.46069336
vt 0.98901367 0.46386719
vt 0.97753906 0.48681641
vt 0.94824219 0.46826172
vt 0.94238281 0.45776367
vt 0.94921875 0.46118164
vt 0.51782227 0.97753906
vt 0.51660156 0.96826172
vt 0.53369141 0.97656250
vt 0.52441406 0.98071289
vt 0.51098633 0.98193359
vt 0.50219727 0.97949219
vt 0.50317383 0.96850586
vt 0.49658203 0.97119141
vt 0.41821289 0.99682617
vt 0.40234375 0.99658203
vt 0.42358398 0.97021484
vt 0.43627930 0.97216797
vt 0.88183594 0.91259766
vt 0.87573242 0.89843750
vt 0.90966797 0.89648438
vt 0.94311523 0.90795898
vt 0.93261719 0.91528320
vt 0.93237305 0.89404297
vt 0.97143555 0.90454102
vt 0.90551758 0.88183594
vt 0.94653320 0.88867188
vt 0.97680664 0.89941406
vt 0.95654297 0.88427734
vt 0.99829102 0.88696289
vt 0.97998047 0.86914062
vt 0.93920898 0.87402344
vt 0.90747070 0.86401367
vt 0.86816406 0.86376953
vt 0.92724609 0.85546875
vt 0.88500977 0.83911133
vt 0.95263672 0.85668945
vt 0.92236328 0.83666992
vt 0.95312500 0.83032227
vt 0.99853516 0.79296875
vt 0.91870117 0.81811523
vt 0.96313477 0.77978516
vt 0.98364258 0.76708984
vt 0.93774414 0.77050781
vt 0.94335938 0.75976562
vt 0.96972656 0.75854492
vt 0.93676758 0.74951172
vt 0.96508789 0.74633789
vt 1.00000000 0.73730469
vt 0.89868164 0.74267578
vt 0.90966797 0.72827148
vt 0.93115234 0.71972656
vt 0.97753906 0.73510742
vt 0.97290039 0.70019531
vt 0.89111328 0.71118164
vt 0.90087891 0.69262695
vt 0.86791992 0.71411133
vt 0.85473633 0.68579102
vt 0.87841797 0.68212891
vt 0.81811523 0.68579102
vt 0.83837891 0.72509766
vt 0.81884766 0.73828125
vt 0.80346680 0.71826172
vt 0.86132812 0.73999023
vt 0.90356445 0.75537109
vt 0.84960938 0.75073242
vt 0.80468750 0.75292969
vt 0.88012695 0.75390625
vt 0.89135742 0.77294922
vt 0.87329102 0.76440430
vt 0.85400391 0.76904297
vt 0.89746094 0.80200195
vt 0.87353516 0.78857422
vt 0.84326172 0.78540039
vt 0.80346680 0.78100586
vt 0.87792969 0.81201172
vt 0.85278320 0.80737305
vt 0.82202148 0.79858398
vt 0.80053711 0.79931641
vt 0.85327148 0.82421875
vt 0.81127930 0.82128906
vt 0.77685547 0.81005859
vt 0.78735352 0.82983398
vt 0.84545898 0.83447266
vt 0.81225586 0.84814453
vt 0.78051758 0.84619141
vt 0.77905273 0.85717773
vt 0.85058594 0.85302734
vt 0.83935547 0.87695312
vt 0.82788086 0.88720703
vt 0.78588867 0.88061523
vt 0.85351562 0.91357422
vt 0.81176758 0.89575195
vt 0.77783203 0.89404297
vt 0.80712891 0.90820312
vt 0.83300781 0.66210938
vt 0.80639648 0.64526367
vt 0.82250977 0.63867188
vt 0.82641602 0.67700195
vt 0.80834961 0.62353516
vt 0.86474609 0.64916992
vt 0.85815430 0.66918945
vt 0.83471680 0.61840820
vt 0.85693359 0.62768555
vt 0.90502930 0.62451172
vt 0.91577148 0.63745117
vt 0.94262695 0.62866211
vt 0.87109375 0.59985352
vt 0.84448242 0.60229492
vt 0.81591797 0.60302734
vt 0.83789062 0.58569336
vt 0.79760742 0.61401367
vt 0.80053711 0.60449219
vt 0.78759766 0.58691406
vt 0.79980469 0.59497070
vt 0.81152344 0.58935547
vt 0.01660156 0.54882812
vt 0.00976562 0.55957031
vt 0.00585938 0.54248047
vt 0.01489258 0.53027344
vt 0.02026367 0.55371094
vt 0.03808594 0.52563477
vt 0.02734375 0.51416016
vt 0.01342773 0.51538086
vt 0.03857422 0.49316406
vt 0.00585938 0.50317383
vt 0.01757812 0.49267578
vt 0.05810547 0.50073242
vt 0.04687500 0.52319336
vt 0.03564453 0.48413086
vt 0.04272461 0.54296875
vt 0.02880859 0.55859375
vt 0.03271484 0.47558594
vt 0.01269531 0.47241211
vt 0.06347656 0.47216797
vt 0.05029297 0.54296875
vt 0.03100586 0.56787109
vt 0.06835938 0.51586914
vt 0.05590820 0.55053711
vt 0.05786133 0.56518555
vt 0.07104492 0.52441406
vt 0.08789062 0.53295898
vt 0.07666016 0.56616211
vt 0.07324219 0.49414062
vt 0.09863281 0.49829102
vt 0.09155273 0.51342773
vt 0.10888672 0.51245117
vt 0.09130859 0.55444336
vt 0.08886719 0.57226562
vt 0.10791016 0.53930664
vt 0.11328125 0.54931641
vt 0.12060547 0.55957031
vt 0.13549805 0.52343750
vt 0.12963867 0.53662109
vt 0.14013672 0.54541016
vt 0.15380859 0.55175781
vt 0.12353516 0.56811523
vt 0.15820312 0.53979492
vt 0.15527344 0.56274414
vt 0.16235352 0.53100586
vt 0.18237305 0.54101562
vt 0.18432617 0.55419922
vt 0.17871094 0.56372070
vt 0.15136719 0.57226562
vt 0.21264648 0.53979492
vt 0.19506836 0.53198242
vt 0.22778320 0.54125977
vt 0.20239258 0.57250977
vt 0.23852539 0.54809570
vt 0.18798828 0.51733398
vt 0.21655273 0.52661133
vt 0.24560547 0.52514648
vt 0.26025391 0.53100586
vt 0.28344727 0.53198242
vt 0.26342773 0.53808594
vt 0.29418945 0.53686523
vt 0.25488281 0.55004883
vt 0.23608398 0.55468750
vt 0.27514648 0.54565430
vt 0.28833008 0.55346680
vt 0.21704102 0.51660156
vt 0.24926758 0.50683594
vt 0.22753906 0.50268555
vt 0.20727539 0.50854492
vt 0.21655273 0.49243164
vt 0.20336914 0.49218750
vt 0.17797852 0.50683594
vt 0.16845703 0.52197266
vt 0.15112305 0.51318359
vt 0.14306641 0.50341797
vt 0.17700195 0.49609375
vt 0.19653320 0.48583984
vt 0.11840820 0.48974609
vt 0.14355469 0.49096680
vt 0.17480469 0.48583984
vt 0.19531250 0.47509766
vt 0.17651367 0.47412109
vt 0.14355469 0.48120117
vt 0.15893555 0.46948242
vt 0.18090820 0.46386719
vt 0.14282227 0.47143555
vt 0.16088867 0.45532227
vt 0.13842773 0.46166992
vt 0.12329102 0.46752930
vt 0.13427734 0.43408203
vt 0.11914062 0.45288086
vt 0.09008789 0.49243164
vt 0.10278320 0.46923828
vt 0.09350586 0.45849609
vt 0.11279297 0.42407227
vt 0.09252930 0.43334961
vt 0.08227539 0.46386719
vt 0.06909180 0.48779297
vt 0.07006836 0.44775391
vt 0.07763672 0.43530273
vt 0.04516602 0.46582031
vt 0.02783203 0.45556641
vt 0.00976562 0.45458984
vt 0.00048828 0.44067383
vt 0.05078125 0.45507812
vt 0.03149414 0.44531250
vt 0.03686523 0.42553711
vt 0.05419922 0.44067383
vt 0.05761719 0.42602539
vt 0.06762695 0.42968750
vt 0.07104492 0.42114258
vt 0.74560547 0.29003906
vt 0.76074219 0.30029297
vt 0.75000000 0.32006836
vt 0.75219727 0.27343750
vt 0.77539062 0.26708984
vt 0.73681641 0.30419922
vt 0.73413086 0.33935547
vt 0.76831055 0.23217773
vt 0.73535156 0.27148438
vt 0.72583008 0.29150391
vt 0.72119141 0.32153320
vt 0.70727539 0.29882812
vt 0.70483398 0.32006836
vt 0.69482422 0.28491211
vt 0.70581055 0.26904297
vt 0.70654297 0.24804688
vt 0.69702148 0.25048828
vt 0.67846680 0.28784180
vt 0.69018555 0.33544922
vt 0.72802734 0.24340820
vt 0.66943359 0.30859375
vt 0.66479492 0.28662109
vt 0.70629883 0.22705078
vt 0.68115234 0.24536133
vt 0.69604492 0.20263672
vt 0.66601562 0.23120117
vt 0.64379883 0.28002930
vt 0.62207031 0.29052734
vt 0.71752930 0.21191406
vt 0.70898438 0.19262695
vt 0.73364258 0.20483398
vt 0.68066406 0.20068359
vt 0.72290039 0.18286133
vt 0.72070312 0.15942383
vt 0.74414062 0.21948242
vt 0.75415039 0.21777344
vt 0.75561523 0.18188477
vt 0.78076172 0.18237305
vt 0.78369141 0.21875000
vt 0.73803711 0.16088867
vt 0.77294922 0.13989258
vt 0.79101562 0.13110352
vt 0.80712891 0.14794922
vt 0.78466797 0.10449219
vt 0.76513672 0.13159180
vt 0.76416016 0.10083008
vt 0.73046875 0.13818359
vt 0.73803711 0.10278320
vt 0.70776367 0.14233398
vt 0.71093750 0.08740234
vt 0.70263672 0.11816406
vt 0.69702148 0.14526367
vt 0.68994141 0.07275391
vt 0.68115234 0.12402344
vt 0.67260742 0.18554688
vt 0.67016602 0.11987305
vt 0.67236328 0.07836914
vt 0.63769531 0.11914062
vt 0.65063477 0.15209961
vt 0.64746094 0.21118164
vt 0.59790039 0.16894531
vt 0.61108398 0.12133789
vt 0.63598633 0.07885742
vt 0.56909180 0.13769531
vt 0.62060547 0.26513672
vt 0.57617188 0.27026367
vt 0.57592773 0.24707031
vt 0.61816406 0.22973633
vt 0.55981445 0.23608398
vt 0.56420898 0.22509766
vt 0.59033203 0.19262695
vt 0.55590820 0.17553711
vt 0.44287109 0.97583008
vt 0.47338867 0.99780273
vt 0.42797852 0.99609375
vt 0.26342773 0.62011719
vt 0.27172852 0.66284180
vt 0.23852539 0.62768555
vt 0.23193359 0.66430664
vt 0.25219727 0.69995117
vt 0.20800781 0.64355469
vt 0.20678711 0.61254883
vt 0.18530273 0.62084961
vt 0.18383789 0.67504883
vt 0.19116211 0.70141602
vt 0.17504883 0.64111328
vt 0.14379883 0.61474609
vt 0.15234375 0.67016602
vt 0.17236328 0.72143555
vt 0.11621094 0.63549805
vt 0.12670898 0.60644531
vt 0.10595703 0.59497070
vt 0.11694336 0.58862305
vt 0.13940430 0.68798828
vt 0.11108398 0.64721680
vt 0.09228516 0.59155273
vt 0.14086914 0.70898438
vt 0.17944336 0.73364258
vt 0.07812500 0.60668945
vt 0.07495117 0.57275391
vt 0.09692383 0.65527344
vt 0.11108398 0.68920898
vt 0.12597656 0.72631836
vt 0.13403320 0.74926758
vt 0.09985352 0.70336914
vt 0.11230469 0.74975586
vt 0.08471680 0.65600586
vt 0.07055664 0.62109375
vt 0.04418945 0.57177734
vt 0.02343750 0.58178711
vt 0.08984375 0.71191406
vt 0.08935547 0.74096680
vt 0.06152344 0.67578125
vt 0.05126953 0.63720703
vt 0.02124023 0.61694336
vt 0.00659180 0.58666992
vt 0.03857422 0.65258789
vt 0.00781250 0.61865234
vt 0.06494141 0.70092773
vt 0.03271484 0.66455078
vt 0.01538086 0.66723633
vt 0.05883789 0.71752930
vt 0.07177734 0.77197266
vt 0.05175781 0.73828125
vt 0.03759766 0.75048828
vt 0.03833008 0.70556641
vt 0.01733398 0.70214844
vt 0.01269531 0.72485352
vt 0.02905273 0.76074219
vt 0.00244141 0.73413086
vt 0.01684570 0.77246094
vt 0.05786133 0.85205078
vt 0.05126953 0.87182617
vt 0.03710938 0.87841797
vt 0.07299805 0.84863281
vt 0.07128906 0.87060547
vt 0.03320312 0.90820312
vt 0.01660156 0.90893555
vt 0.05883789 0.89428711
vt 0.03173828 0.92480469
vt 0.04589844 0.93652344
vt 0.06567383 0.93530273
vt 0.07690430 0.90307617
vt 0.08715820 0.87402344
vt 0.09033203 0.91601562
vt 0.09179688 0.96142578
vt 0.70458984 0.47485352
vt 0.67846680 0.49145508
vt 0.65673828 0.47998047
vt 0.68359375 0.46142578
vt 0.70776367 0.52172852
vt 0.65844727 0.52343750
vt 0.70581055 0.48413086
vt 0.73168945 0.50292969
vt 0.72705078 0.52856445
vt 0.74072266 0.52099609
vt 0.74584961 0.48413086
vt 0.75781250 0.51000977
vt 0.74804688 0.53393555
vt 0.76000977 0.47167969
vt 0.76098633 0.52832031
vt 0.77392578 0.55224609
vt 0.76757812 0.48046875
vt 0.77636719 0.50170898
vt 0.76928711 0.53344727
vt 0.78344727 0.52221680
vt 0.79833984 0.52587891
vt 0.80493164 0.47656250
vt 0.79125977 0.49902344
vt 0.80712891 0.50585938
vt 0.81591797 0.52587891
vt 0.80908203 0.55810547
vt 0.82153320 0.54125977
vt 0.81860352 0.50146484
vt 0.82958984 0.53344727
vt 0.83325195 0.51269531
vt 0.84765625 0.56494141
vt 0.85668945 0.54321289
vt 0.85815430 0.52490234
vt 0.85302734 0.51049805
vt 0.84204102 0.47729492
vt 0.85180664 0.45922852
vt 0.80664062 0.46606445
vt 0.84130859 0.44580078
vt 0.78027344 0.45410156
vt 0.72949219 0.45849609
vt 0.70825195 0.44775391
vt 0.67675781 0.45117188
vt 0.68872070 0.43627930
vt 0.72265625 0.44042969
vt 0.75097656 0.44116211
vt 0.77172852 0.44360352
vt 0.69311523 0.42114258
vt 0.66552734 0.41967773
vt 0.68701172 0.40698242
vt 0.80175781 0.43945312
vt 0.76806641 0.43383789
vt 0.73852539 0.43261719
vt 0.82885742 0.43750000
vt 0.85888672 0.43457031
vt 0.83374023 0.42016602
vt 0.71875000 0.42797852
vt 0.74755859 0.42114258
vt 0.77612305 0.42700195
vt 0.79663086 0.42285156
vt 0.82421875 0.41186523
vt 0.83984375 0.40112305
vt 0.77319336 0.41552734
vt 0.80541992 0.40625000
vt 0.82006836 0.38891602
vt 0.86010742 0.37475586
vt 0.84838867 0.35766602
vt 0.78173828 0.40454102
vt 0.75390625 0.40869141
vt 0.72534180 0.41943359
vt 0.82421875 0.36962891
vt 0.84863281 0.34765625
vt 0.83081055 0.35083008
vt 0.71093750 0.41430664
vt 0.72216797 0.40722656
vt 0.71801758 0.39526367
vt 0.75488281 0.39990234
vt 0.68725586 0.37524414
vt 0.78393555 0.39379883
vt 0.75708008 0.39160156
vt 0.81103516 0.37817383
vt 0.80493164 0.37207031
vt 0.74853516 0.38354492
vt 0.77929688 0.37133789
vt 0.82397461 0.34716797
vt 0.84838867 0.32177734
vt 0.79931641 0.36206055
vt 0.75073242 0.36206055
vt 0.71508789 0.36279297
vt 0.68774414 0.35888672
vt 0.70922852 0.35009766
vt 0.70214844 0.34423828
vt 0.75537109 0.34228516
vt 0.78442383 0.33496094
vt 0.78002930 0.35986328
vt 0.79174805 0.34594727
vt 0.80517578 0.33422852
vt 0.81152344 0.34423828
vt 0.83642578 0.32226562
vt 0.57519531 0.61303711
vt 0.57080078 0.59741211
vt 0.60913086 0.59619141
vt 0.59814453 0.62060547
vt 0.56005859 0.62451172
vt 0.55444336 0.61987305
vt 0.57958984 0.62939453
vt 0.54760742 0.63476562
vt 0.54492188 0.62280273
vt 0.56811523 0.63769531
vt 0.55786133 0.63867188
vt 0.58349609 0.63989258
vt 0.60522461 0.64453125
vt 0.63134766 0.62377930
vt 0.57666016 0.65454102
vt 0.63452148 0.65112305
vt 0.55883789 0.65478516
vt 0.54809570 0.65209961
vt 0.59765625 0.65795898
vt 0.54101562 0.64526367
vt 0.53613281 0.63012695
vt 0.52587891 0.64526367
vt 0.53759766 0.67089844
vt 0.53100586 0.67016602
vt 0.55371094 0.66821289
vt 0.58666992 0.67773438
vt 0.61401367 0.68359375
vt 0.54614258 0.69018555
vt 0.56225586 0.68408203
vt 0.54614258 0.70800781
vt 0.56152344 0.72216797
vt 0.53955078 0.71557617
vt 0.58178711 0.68847656
vt 0.56591797 0.74096680
vt 0.57714844 0.74926758
vt 0.56054688 0.75000000
vt 0.57983398 0.72485352
vt 0.54663086 0.73876953
vt 0.59497070 0.73217773
vt 0.57275391 0.70849609
vt 0.58618164 0.71337891
vt 0.60424805 0.72338867
vt 0.58789062 0.70483398
vt 0.60449219 0.71630859
vt 0.62548828 0.71484375
vt 0.60180664 0.70703125
vt 0.60766602 0.70385742
vt 0.59790039 0.68115234
vt 0.61157227 0.69287109
vt 0.62866211 0.68969727
vt 0.65283203 0.71606445
vt 0.64404297 0.69482422
vt 0.65502930 0.68432617
vt 0.61572266 0.66259766
vt 0.63183594 0.67456055
vt 0.63696289 0.66650391
vt 0.65356445 0.66577148
vt 0.64843750 0.64501953
vt 0.66894531 0.67333984
vt 0.66894531 0.70410156
vt 0.42651367 0.77124023
vt 0.42407227 0.73413086
vt 0.43408203 0.75952148
vt 0.44042969 0.74243164
vt 0.44458008 0.76782227
vt 0.45092773 0.74902344
vt 0.44677734 0.72338867
vt 0.46386719 0.73657227
vt 0.46997070 0.76440430
vt 0.47290039 0.75732422
vt 0.45800781 0.71655273
vt 0.48120117 0.75170898
vt 0.47216797 0.72924805
vt 0.46044922 0.70410156
vt 0.46630859 0.69897461
vt 0.48339844 0.74169922
vt 0.49536133 0.76733398
vt 0.47680664 0.71752930
vt 0.47485352 0.70092773
vt 0.49438477 0.74975586
vt 0.49755859 0.76318359
vt 0.48559570 0.72167969
vt 0.47973633 0.68457031
vt 0.50146484 0.75097656
vt 0.48950195 0.69824219
vt 0.49780273 0.73291016
vt 0.51489258 0.74536133
vt 0.50048828 0.71508789
vt 0.52270508 0.73364258
vt 0.53491211 0.75854492
vt 0.54760742 0.76049805
vt 0.49951172 0.68579102
vt 0.48681641 0.67089844
vt 0.51367188 0.70971680
vt 0.52856445 0.72509766
vt 0.52050781 0.70043945
vt 0.53002930 0.70727539
vt 0.51464844 0.67578125
vt 0.50805664 0.65820312
vt 0.52539062 0.67968750
vt 0.51293945 0.65039062
f 3/3 2/2 1/1
f 4/4 3/3 1/1
f 5/5 2/2 3/3
f 6/6 4/4 1/1
f 7/7 1/1 2/2
f 6/6 1/1 7/7
f 8/8 7/7 2/2
f 9/9 4/4 6/6
f 10/10 4/4 9/9
f 11/11 4/4 10/10
f 12/12 11/11 10/10
f 13/13 12/12 10/10
f 9/9 13/13 10/10
f 14/14 12/12 13/13
f 15/15 9/9 6/6
f 13/13 9/9 15/15
f 16/16 14/14 13/13
f 15/15 16/16 13/13
f 17/17 14/14 16/16
f 18/18 15/15 6/6
f 7/7 18/18 6/6
f 19/19 16/16 15/15
f 18/18 19/19 15/15
f 20/20 16/16 19/19
f 21/21 18/18 7/7
f 19/19 18/18 21/21
f 8/8 21/21 7/7
f 22/22 19/19 21/21
f 23/23 19/19 22/22
f 24/24 22/22 21/21
f 8/8 24/24 21/21
f 25/25 22/22 24/24
f 26/26 25/25 24/24
f 27/27 26/26 24/24
f 28/28 24/24 8/8
f 27/27 24/24 28/28
f 29/29 28/28 8/8
f 2/2 29/29 8/8
f 30/30 27/27 28/28
f 31/31 27/27 30/30
f 5/5 29/29 2/2
f 32/32 31/31 30/30
f 33/33 28/28 29/29
f 30/30 28/28 33/33
f 5/5 33/33 29/29
f 34/34 30/30 33/33
f 5/5 34/34 33/33
f 35/35 32/32 30/30
f 34/34 35/35 30/30
f 36/36 32/32 35/35
f 37/37 32/32 36/36
f 38/38 37/37 36/36
f 39/39 36/36 35/35
f 40/40 34/34 5/5
f 41/41 40/40 5/5
f 42/42 40/40 41/41
f 43/43 40/40 42/42
f 34/34 40/40 43/43
f 44/44 43/43 42/42
f 35/35 34/34 45/45
f 43/43 45/45 34/34
f 44/44 45/45 43/43
f 39/39 35/35 45/45
f 36/36 39/39 46/46
f 45/45 46/46 39/39
f 38/38 36/36 47/47
f 46/46 47/47 36/36
f 48/48 38/38 47/47
f 49/49 38/38 48/48
f 45/45 44/44 50/50
f 51/51 46/46 45/45
f 50/50 51/51 45/45
f 52/52 50/50 44/44
f 53/53 49/49 48/48
f 54/54 49/49 53/53
f 55/55 54/54 53/53
f 56/56 53/53 48/48
f 47/47 56/56 48/48
f 57/57 50/50 52/52
f 58/58 57/57 52/52
f 51/51 50/50 59/59
f 57/57 59/59 50/50
f 46/46 51/51 59/59
f 47/47 46/46 60/60
f 59/59 60/60 46/46
f 56/56 47/47 60/60
f 61/61 60/60 59/59
f 57/57 61/61 59/59
f 56/56 60/60 61/61
f 57/57 58/58 62/62
f 61/61 57/57 62/62
f 63/63 62/62 58/58
f 64/64 56/56 61/61
f 62/62 64/64 61/61
f 53/53 56/56 64/64
f 65/65 62/62 63/63
f 64/64 62/62 65/65
f 66/66 65/65 63/63
f 67/67 65/65 66/66
f 68/68 53/53 64/64
f 55/55 53/53 68/68
f 69/69 64/64 65/65
f 68/68 64/64 69/69
f 70/70 55/55 68/68
f 69/69 70/70 68/68
f 71/71 55/55 70/70
f 72/72 71/71 70/70
f 65/65 67/67 73/73
f 69/69 65/65 73/73
f 74/74 73/73 67/67
f 75/75 74/74 67/67
f 76/76 74/74 75/75
f 73/73 74/74 76/76
f 70/70 69/69 77/77
f 73/73 77/77 69/69
f 78/78 70/70 77/77
f 72/72 70/70 78/78
f 79/79 77/77 73/73
f 78/78 77/77 79/79
f 80/80 73/73 76/76
f 79/79 73/73 80/80
f 81/81 80/80 76/76
f 82/82 80/80 81/81
f 79/79 80/80 82/82
f 83/83 82/82 81/81
f 84/84 79/79 82/82
f 83/83 84/84 82/82
f 78/78 79/79 84/84
f 72/72 78/78 85/85
f 84/84 85/85 78/78
f 86/86 72/72 85/85
f 87/87 86/86 85/85
f 88/88 87/87 85/85
f 89/89 87/87 88/88
f 90/90 85/85 84/84
f 88/88 85/85 90/90
f 89/89 88/88 90/90
f 83/83 90/90 84/84
f 91/91 89/89 90/90
f 92/92 89/89 91/91
f 93/93 92/92 91/91
f 94/94 90/90 83/83
f 95/95 94/94 83/83
f 96/96 91/91 90/90
f 94/94 96/96 90/90
f 97/97 93/93 91/91
f 96/96 97/97 91/91
f 98/98 94/94 95/95
f 99/99 96/96 94/94
f 98/98 99/99 94/94
f 97/97 96/96 99/99
f 100/100 93/93 97/97
f 101/101 93/93 100/100
f 102/102 100/100 97/97
f 103/103 97/97 99/99
f 102/102 97/97 103/103
f 98/98 103/103 99/99
f 104/104 100/100 102/102
f 103/103 104/104 102/102
f 105/105 101/101 100/100
f 104/104 105/105 100/100
f 106/106 101/101 105/105
f 107/107 106/106 105/105
f 108/108 105/105 104/104
f 109/109 108/108 104/104
f 110/110 108/108 109/109
f 111/111 110/110 109/109
f 112/112 111/111 109/109
f 113/113 112/112 109/109
f 104/104 113/113 109/109
f 114/114 113/113 104/104
f 103/103 114/114 104/104
f 115/115 113/113 114/114
f 116/116 115/115 114/114
f 103/103 116/116 114/114
f 117/117 115/115 116/116
f 118/118 117/117 116/116
f 119/119 116/116 103/103
f 118/118 116/116 119/119
f 98/98 119/119 103/103
f 120/120 118/118 119/119
f 98/98 120/120 119/119
f 121/121 120/120 98/98
f 124/124 123/123 122/122
f 125/125 124/124 122/122
f 126/126 123/123 124/124
f 127/127 123/123 126/126
f 128/128 124/124 125/125
f 129/129 127/127 126/126
f 130/130 127/127 129/129
f 131/131 130/130 129/129
f 132/132 130/130 131/131
f 133/133 130/130 132/132
f 134/134 131/131 129/129
f 126/126 134/134 129/129
f 135/135 132/132 131/131
f 134/134 135/135 131/131
f 136/136 133/133 132/132
f 135/135 136/136 132/132
f 137/137 133/133 136/136
f 138/138 136/136 135/135
f 134/134 138/138 135/135
f 139/139 137/137 136/136
f 138/138 139/139 136/136
f 140/140 137/137 139/139
f 141/141 137/137 140/140
f 142/142 139/139 138/138
f 134/134 142/142 138/138
f 143/143 140/140 139/139
f 142/142 143/143 139/139
f 144/144 140/140 143/143
f 145/145 144/144 143/143
f 146/146 145/145 143/143
f 142/142 146/146 143/143
f 147/147 142/142 134/134
f 148/148 147/147 134/134
f 149/149 142/142 147/147
f 148/148 149/149 147/147
f 126/126 148/148 134/134
f 150/150 142/142 149/149
f 146/146 142/142 150/150
f 151/151 149/149 148/148
f 150/150 149/149 151/151
f 152/152 150/150 151/151
f 153/153 146/146 150/150
f 152/152 153/153 150/150
f 145/145 146/146 154/154
f 155/155 145/145 154/154
f 156/156 146/146 153/153
f 154/154 146/146 156/156
f 157/157 155/155 154/154
f 156/156 157/157 154/154
f 158/158 153/153 152/152
f 156/156 153/153 158/158
f 159/159 158/158 152/152
f 160/160 158/158 159/159
f 161/161 156/156 158/158
f 160/160 161/161 158/158
f 157/157 156/156 161/161
f 162/162 161/161 160/160
f 157/157 161/161 162/162
f 157/157 164/164 163/163
f 162/162 164/164 157/157
f 165/165 164/164 162/162
f 166/166 164/164 165/165
f 167/167 166/166 165/165
f 168/168 167/167 165/165
f 169/169 168/168 165/165
f 170/170 169/169 165/165
f 162/162 170/170 165/165
f 171/171 170/170 162/162
f 160/160 171/171 162/162
f 172/172 171/171 160/160
f 173/173 170/170 171/171
f 174/174 173/173 171/171
f 177/177 176/176 175/175
f 125/125 176/176 177/177
f 128/128 125/125 177/177
f 178/178 177/177 175/175
f 179/179 178/178 175/175
f 180/180 128/128 177/177
f 178/178 180/180 177/177
f 181/181 128/128 180/180
f 182/182 178/178 179/179
f 183/183 182/182 179/179
f 184/184 180/180 178/178
f 185/185 182/182 183/183
f 186/186 185/185 183/183
f 187/187 185/185 186/186
f 188/188 182/182 185/185
f 178/178 182/182 188/188
f 189/189 185/185 187/187
f 188/188 185/185 189/189
f 190/190 189/189 187/187
f 191/191 189/189 190/190
f 192/192 178/178 188/188
f 184/184 178/178 192/192
f 193/193 188/188 189/189
f 192/192 188/188 193/193
f 194/194 189/189 191/191
f 193/193 189/189 194/194
f 195/195 194/194 191/191
f 196/196 195/195 191/191
f 197/197 195/195 196/196
f 198/198 193/193 194/194
f 192/192 193/193 198/198
f 199/199 194/194 195/195
f 198/198 194/194 199/199
f 200/200 195/195 197/197
f 199/199 195/195 200/200
f 201/201 200/200 197/197
f 202/202 198/198 199/199
f 200/200 202/202 199/199
f 192/192 198/198 202/202
f 203/203 202/202 200/200
f 204/204 202/202 203/203
f 204/204 206/206 205/205
f 207/207 204/204 205/205
f 202/202 204/204 207/207
f 192/192 202/202 207/207
f 208/208 192/192 207/207
f 209/209 208/208 207/207
f 184/184 192/192 208/208
f 210/210 208/208 209/209
f 184/184 208/208 210/210
f 211/211 184/184 210/210
f 212/212 211/211 210/210
f 180/180 184/184 211/211
f 213/213 211/211 212/212
f 181/181 180/180 211/211
f 213/213 181/181 211/211
f 214/214 181/181 213/213
f 215/215 214/214 213/213
f 216/216 214/214 215/215
f 217/217 214/214 216/216
f 218/218 181/181 214/214
f 128/128 181/181 218/218
f 219/219 214/214 217/217
f 218/218 214/214 219/219
f 124/124 128/128 218/218
f 220/220 219/219 217/217
f 221/221 220/220 217/217
f 222/222 218/218 219/219
f 223/223 124/124 218/218
f 222/222 223/223 218/218
f 126/126 124/124 223/223
f 224/224 126/126 223/223
f 222/222 224/224 223/223
f 148/148 126/126 224/224
f 225/225 222/222 219/219
f 220/220 225/225 219/219
f 226/226 224/224 222/222
f 227/227 148/148 224/224
f 226/226 227/227 224/224
f 151/151 148/148 227/227
f 228/228 226/226 222/222
f 225/225 228/228 222/222
f 229/229 227/227 226/226
f 151/151 227/227 229/229
f 228/228 229/229 226/226
f 230/230 151/151 229/229
f 228/228 230/230 229/229
f 231/231 230/230 228/228
f 232/232 228/228 225/225
f 231/231 228/228 232/232
f 220/220 232/232 225/225
f 233/233 231/231 232/232
f 220/220 233/233 232/232
f 236/236 235/235 234/234
f 237/237 236/236 234/234
f 238/238 237/237 234/234
f 239/239 236/236 237/237
f 240/240 236/236 239/239
f 241/241 237/237 238/238
f 239/239 237/237 241/241
f 242/242 240/240 239/239
f 243/243 241/241 238/238
f 244/244 242/242 239/239
f 241/241 244/244 239/239
f 245/245 242/242 244/244
f 246/246 242/242 245/245
f 247/247 244/244 241/241
f 245/245 244/244 247/247
f 248/248 241/241 243/243
f 249/249 247/247 241/241
f 248/248 249/249 241/241
f 250/250 248/248 243/243
f 251/251 250/250 243/243
f 252/252 249/249 248/248
f 250/250 252/252 248/248
f 253/253 247/247 249/249
f 252/252 253/253 249/249
f 254/254 247/247 253/253
f 245/245 247/247 254/254
f 255/255 253/253 252/252
f 256/256 252/252 250/250
f 257/257 256/256 250/250
f 258/258 256/256 257/257
f 259/259 256/256 258/258
f 260/260 252/252 256/256
f 259/259 260/260 256/256
f 255/255 252/252 260/260
f 261/261 260/260 259/259
f 253/253 255/255 262/262
f 254/254 253/253 262/262
f 263/263 255/255 260/260
f 264/264 260/260 261/261
f 263/263 260/260 264/264
f 265/265 264/264 261/261
f 266/266 265/265 261/261
f 267/267 263/263 264/264
f 265/265 267/267 264/264
f 268/268 255/255 263/263
f 262/262 255/255 268/268
f 267/267 268/268 263/263
f 269/269 262/262 268/268
f 254/254 262/262 269/269
f 270/270 268/268 267/267
f 269/269 268/268 270/270
f 267/267 265/265 271/271
f 272/272 271/271 265/265
f 273/273 271/271 272/272
f 274/274 267/267 271/271
f 270/270 267/267 274/274
f 275/275 271/271 273/273
f 274/274 271/271 275/275
f 276/276 275/275 273/273
f 277/277 270/270 274/274
f 269/269 270/270 277/277
f 278/278 274/274 275/275
f 276/276 278/278 275/275
f 279/279 277/277 274/274
f 278/278 279/279 274/274
f 280/280 269/269 277/277
f 281/281 269/269 280/280
f 254/254 269/269 281/281
f 282/282 254/254 281/281
f 280/280 282/282 281/281
f 245/245 254/254 282/282
f 283/283 245/245 282/282
f 280/280 283/283 282/282
f 284/284 283/283 280/280
f 285/285 284/284 280/280
f 277/277 285/285 280/280
f 286/286 285/285 277/277
f 279/279 286/286 277/277
f 287/287 285/285 286/286
f 288/288 287/287 286/286
f 289/289 286/286 279/279
f 290/290 288/288 286/286
f 291/291 286/286 289/289
f 290/290 286/286 291/291
f 292/292 288/288 290/290
f 293/293 289/289 279/279
f 291/291 289/289 293/293
f 278/278 293/293 279/279
f 294/294 293/293 278/278
f 295/295 291/291 293/293
f 294/294 295/295 293/293
f 296/296 294/294 278/278
f 295/295 294/294 296/296
f 276/276 296/296 278/278
f 297/297 296/296 276/276
f 298/298 297/297 276/276
f 299/299 298/298 276/276
f 300/300 296/296 297/297
f 298/298 300/300 297/297
f 295/295 296/296 300/300
f 301/301 300/300 298/298
f 302/302 300/300 301/301
f 303/303 302/302 301/301
f 304/304 300/300 302/302
f 295/295 300/300 304/304
f 303/303 304/304 302/302
f 305/305 295/295 304/304
f 291/291 295/295 305/305
f 306/306 291/291 305/305
f 290/290 291/291 306/306
f 307/307 305/305 304/304
f 306/306 305/305 307/307
f 308/308 304/304 303/303
f 307/307 304/304 308/308
f 309/309 308/308 303/303
f 310/310 309/309 303/303
f 311/311 309/309 310/310
f 308/308 309/309 311/311
f 312/312 311/311 310/310
f 313/313 307/307 308/308
f 311/311 313/313 308/308
f 314/314 311/311 312/312
f 315/315 314/314 312/312
f 316/316 314/314 315/315
f 317/317 311/311 314/314
f 313/313 311/311 317/317
f 318/318 314/314 316/316
f 319/319 317/317 314/314
f 318/318 319/319 314/314
f 320/320 317/317 319/319
f 321/321 320/320 319/319
f 318/318 321/321 319/319
f 322/322 317/317 320/320
f 313/313 317/317 322/322
f 323/323 322/322 320/320
f 321/321 323/323 320/320
f 324/324 313/313 322/322
f 325/325 322/322 323/323
f 324/324 322/322 325/325
f 326/326 313/313 324/324
f 307/307 313/313 326/326
f 306/306 307/307 326/326
f 327/327 306/306 326/326
f 324/324 327/327 326/326
f 290/290 306/306 327/327
f 292/292 290/290 327/327
f 328/328 327/327 324/324
f 292/292 327/327 328/328
f 325/325 328/328 324/324
f 329/329 292/292 328/328
f 325/325 329/329 328/328
f 330/330 292/292 329/329
f 331/331 329/329 325/325
f 323/323 331/331 325/325
f 332/332 329/329 331/331
f 333/333 331/331 323/323
f 334/334 331/331 333/333
f 321/321 333/333 323/323
f 335/335 334/334 333/333
f 321/321 335/335 333/333
f 336/336 335/335 321/321
f 337/337 335/335 336/336
f 338/338 335/335 337/337
f 318/318 336/336 321/321
f 339/339 338/338 337/337
f 336/336 339/339 337/337
f 340/340 338/338 339/339
f 341/341 339/339 336/336
f 318/318 341/341 336/336
f 340/340 339/339 341/341
f 342/342 341/341 318/318
f 340/340 341/341 342/342
f 343/343 342/342 318/318
f 316/316 343/343 318/318
f 344/344 343/343 316/316
f 345/345 343/343 344/344
f 346/346 343/343 345/345
f 342/342 343/343 346/346
f 347/347 346/346 345/345
f 348/348 340/340 342/342
f 346/346 348/348 342/342
f 349/349 340/340 348/348
f 350/350 349/349 348/348
f 351/351 346/346 347/347
f 348/348 346/346 351/351
f 352/352 351/351 347/347
f 353/353 350/350 348/348
f 351/351 353/353 348/348
f 354/354 350/350 353/353
f 356/356 351/351 355/355
f 357/357 351/351 356/356
f 358/358 353/353 351/351
f 357/357 358/358 351/351
f 354/354 353/353 358/358
f 359/359 358/358 357/357
f 360/360 358/358 359/359
f 361/361 358/358 360/360
f 354/354 358/358 361/361
f 362/362 354/354 361/361
f 365/365 364/364 363/363
f 366/366 365/365 363/363
f 367/367 366/366 363/363
f 368/368 363/363 364/364
f 369/369 367/367 363/363
f 368/368 369/369 363/363
f 370/370 368/368 364/364
f 369/369 368/368 370/370
f 371/371 370/370 364/364
f 372/372 370/370 371/371
f 373/373 372/372 371/371
f 374/374 369/369 370/370
f 372/372 374/374 370/370
f 375/375 369/369 374/374
f 376/376 369/369 375/375
f 377/377 374/374 372/372
f 378/378 372/372 373/373
f 377/377 372/372 378/378
f 379/379 375/375 374/374
f 377/377 379/379 374/374
f 380/380 375/375 379/379
f 381/381 375/375 380/380
f 382/382 381/381 380/380
f 383/383 380/380 379/379
f 377/377 383/383 379/379
f 384/384 382/382 380/380
f 383/383 384/384 380/380
f 385/385 382/382 384/384
f 386/386 385/385 384/384
f 387/387 386/386 384/384
f 383/383 387/387 384/384
f 388/388 386/386 387/387
f 389/389 387/387 383/383
f 388/388 387/387 389/389
f 377/377 389/389 383/383
f 390/390 388/388 389/389
f 391/391 388/388 390/390
f 392/392 391/391 390/390
f 393/393 392/392 390/390
f 394/394 393/393 390/390
f 395/395 394/394 390/390
f 389/389 395/395 390/390
f 389/389 377/377 396/396
f 395/395 389/389 396/396
f 397/397 396/396 377/377
f 378/378 397/397 377/377
f 398/398 395/395 396/396
f 399/399 396/396 397/397
f 400/400 397/397 378/378
f 399/399 397/397 400/400
f 401/401 396/396 399/399
f 398/398 396/396 401/401
f 402/402 398/398 401/401
f 403/403 401/401 399/399
f 402/402 401/401 403/403
f 404/404 399/399 400/400
f 403/403 399/399 404/404
f 405/405 398/398 402/402
f 403/403 405/405 402/402
f 406/406 398/398 405/405
f 395/395 398/398 406/406
f 407/407 405/405 403/403
f 406/406 405/405 407/407
f 408/408 395/395 406/406
f 407/407 408/408 406/406
f 409/409 395/395 408/408
f 408/408 411/411 410/410
f 407/407 411/411 408/408
f 403/403 404/404 412/412
f 413/413 403/403 412/412
f 407/407 403/403 413/413
f 414/414 412/412 404/404
f 400/400 414/414 404/404
f 415/415 413/413 412/412
f 414/414 415/415 412/412
f 416/416 407/407 413/413
f 415/415 416/416 413/413
f 411/411 407/407 417/417
f 418/418 411/411 417/417
f 419/419 418/418 417/417
f 420/420 419/419 417/417
f 421/421 417/417 407/407
f 416/416 421/421 407/407
f 422/422 420/420 417/417
f 424/424 420/420 423/423
f 422/422 423/423 420/420
f 425/425 423/423 422/422
f 426/426 425/425 422/422
f 427/427 422/422 417/417
f 428/428 422/422 427/427
f 421/421 427/427 417/417
f 427/427 430/430 429/429
f 431/431 430/430 427/427
f 421/421 431/431 427/427
f 432/432 430/430 431/431
f 433/433 432/432 431/431
f 421/421 433/433 431/431
f 434/434 432/432 433/433
f 435/435 433/433 421/421
f 436/436 435/435 421/421
f 437/437 434/434 433/433
f 438/438 434/434 437/437
f 439/439 438/438 437/437
f 440/440 439/439 437/437
f 433/433 440/440 437/437
f 441/441 439/439 440/440
f 442/442 441/441 440/440
f 433/433 442/442 440/440
f 435/435 442/442 433/433
f 436/436 442/442 435/435
f 443/443 442/442 436/436
f 436/436 421/421 416/416
f 444/444 443/443 436/436
f 445/445 436/436 416/416
f 444/444 436/436 445/445
f 446/446 443/443 444/444
f 447/447 445/445 416/416
f 444/444 445/445 447/447
f 415/415 447/447 416/416
f 448/448 446/446 444/444
f 449/449 447/447 415/415
f 450/450 444/444 447/447
f 448/448 444/444 450/450
f 449/449 450/450 447/447
f 451/451 448/448 450/450
f 449/449 451/451 450/450
f 452/452 448/448 451/451
f 453/453 448/448 452/452
f 454/454 452/452 451/451
f 455/455 454/454 451/451
f 449/449 455/455 451/451
f 456/456 454/454 455/455
f 457/457 456/456 455/455
f 458/458 455/455 449/449
f 449/449 415/415 414/414
f 458/458 449/449 414/414
f 459/459 455/455 458/458
f 414/414 459/459 458/458
f 457/457 455/455 459/459
f 460/460 459/459 414/414
f 400/400 460/460 414/414
f 378/378 460/460 400/400
f 461/461 457/457 459/459
f 460/460 461/461 459/459
f 462/462 457/457 461/461
f 463/463 462/462 461/461
f 464/464 461/461 460/460
f 378/378 464/464 460/460
f 463/463 461/461 464/464
f 373/373 464/464 378/378
f 463/463 464/464 373/373
f 467/467 466/466 465/465
f 468/468 466/466 467/467
f 469/469 467/467 465/465
f 470/470 469/469 465/465
f 471/471 469/469 470/470
f 472/472 468/468 467/467
f 473/473 468/468 472/472
f 474/474 473/473 472/472
f 475/475 473/473 474/474
f 476/476 472/472 467/467
f 469/469 476/476 467/467
f 477/477 474/474 472/472
f 476/476 477/477 472/472
f 478/478 474/474 477/477
f 479/479 476/476 469/469
f 471/471 479/479 469/469
f 480/480 477/477 476/476
f 479/479 480/480 476/476
f 481/481 478/478 477/477
f 480/480 481/481 477/477
f 482/482 478/478 481/481
f 483/483 481/481 480/480
f 484/484 481/481 483/483
f 485/485 480/480 479/479
f 483/483 480/480 485/485
f 479/479 471/471 486/486
f 485/485 479/479 486/486
f 487/487 486/486 471/471
f 488/488 485/485 486/486
f 487/487 488/488 486/486
f 489/489 483/483 485/485
f 488/488 489/489 485/485
f 490/490 483/483 489/489
f 491/491 488/488 487/487
f 492/492 491/491 487/487
f 484/484 483/483 493/493
f 490/490 493/493 483/483
f 494/494 484/484 493/493
f 495/495 490/490 489/489
f 493/493 490/490 495/495
f 496/496 494/494 493/493
f 495/495 496/496 493/493
f 497/497 494/494 496/496
f 498/498 495/495 489/489
f 488/488 498/498 489/489
f 499/499 496/496 495/495
f 498/498 499/499 495/495
f 500/500 498/498 488/488
f 491/491 500/500 488/488
f 501/501 499/499 498/498
f 500/500 501/501 498/498
f 502/502 500/500 491/491
f 501/501 500/500 502/502
f 503/503 502/502 491/491
f 504/504 502/502 503/503
f 496/496 499/499 505/505
f 497/497 496/496 505/505
f 499/499 501/501 506/506
f 505/505 499/499 506/506
f 507/507 501/501 502/502
f 506/506 501/501 507/507
f 502/502 504/504 508/508
f 507/507 502/502 508/508
f 509/509 506/506 507/507
f 505/505 506/506 509/509
f 508/508 509/509 507/507
f 510/510 508/508 504/504
f 511/511 510/510 504/504
f 512/512 510/510 511/511
f 513/513 509/509 508/508
f 510/510 513/513 508/508
f 514/514 505/505 509/509
f 497/497 505/505 514/514
f 515/515 509/509 513/513
f 514/514 509/509 515/515
f 516/516 513/513 510/510
f 515/515 513/513 516/516
f 517/517 497/497 514/514
f 518/518 497/497 517/517
f 519/519 514/514 515/515
f 516/516 519/519 515/515
f 517/517 514/514 519/519
f 520/520 518/518 517/517
f 521/521 519/519 516/516
f 510/510 521/521 516/516
f 522/522 517/517 519/519
f 521/521 522/522 519/519
f 523/523 520/520 517/517
f 522/522 523/523 517/517
f 524/524 522/522 521/521
f 523/523 522/522 524/524
f 525/525 521/521 510/510
f 524/524 521/521 525/525
f 512/512 525/525 510/510
f 526/526 525/525 512/512
f 527/527 524/524 525/525
f 528/528 527/527 525/525
f 529/529 527/527 528/528
f 524/524 527/527 529/529
f 530/530 524/524 529/529
f 523/523 524/524 530/530
f 520/520 523/523 531/531
f 530/530 531/531 523/523
f 532/532 520/520 531/531
f 533/533 520/520 532/532
f 534/534 531/531 530/530
f 535/535 532/532 531/531
f 534/534 535/535 531/531
f 537/537 532/532 536/536
f 535/535 536/536 532/532
f 538/538 534/534 530/530
f 539/539 535/535 534/534
f 530/530 529/529 540/540
f 538/538 530/530 540/540
f 541/541 540/540 529/529
f 542/542 541/541 529/529
f 543/543 541/541 542/542
f 544/544 540/540 541/541
f 538/538 540/540 544/544
f 545/545 544/544 541/541
f 538/538 544/544 545/545
f 546/546 545/545 541/541
f 547/547 546/546 541/541
f 548/548 545/545 546/546
f 549/549 538/538 545/545
f 548/548 549/549 545/545
f 534/534 538/538 550/550
f 549/549 550/550 538/538
f 539/539 534/534 550/550
f 551/551 550/550 549/549
f 539/539 550/550 551/551
f 552/552 551/551 549/549
f 553/553 549/549 548/548
f 552/552 549/549 553/553
f 554/554 551/551 552/552
f 539/539 551/551 554/554
f 553/553 554/554 552/552
f 548/548 556/556 555/555
f 553/553 548/548 555/555
f 557/557 553/553 555/555
f 558/558 557/557 555/555
f 559/559 557/557 558/558
f 560/560 557/557 559/559
f 561/561 553/553 557/557
f 560/560 561/561 557/557
f 562/562 553/553 561/561
f 554/554 553/553 562/562
f 563/563 561/561 560/560
f 562/562 561/561 563/563
f 564/564 563/563 560/560
f 565/565 564/564 560/560
f 566/566 564/564 565/565
f 567/567 564/564 566/566
f 568/568 563/563 564/564
f 569/569 563/563 568/568
f 562/562 563/563 569/569
f 570/570 562/562 569/569
f 571/571 570/570 569/569
f 572/572 562/562 570/570
f 554/554 562/562 572/572
f 573/573 572/572 570/570
f 574/574 573/573 570/570
f 575/575 554/554 572/572
f 576/576 572/572 573/573
f 575/575 572/572 576/576
f 536/536 576/576 573/573
f 577/577 536/536 573/573
f 535/535 576/576 536/536
f 578/578 575/575 576/576
f 535/535 578/578 576/576
f 554/554 575/575 578/578
f 539/539 578/578 535/535
f 554/554 578/578 539/539
f 581/581 580/580 579/579
f 582/582 581/581 579/579
f 583/583 582/582 579/579
f 579/579 585/585 584/584
f 586/586 579/579 584/584
f 583/583 579/579 586/586
f 587/587 583/583 586/586
f 588/588 583/583 587/587
f 589/589 588/588 587/587
f 590/590 589/589 587/587
f 591/591 587/587 586/586
f 592/592 591/591 586/586
f 593/593 590/590 587/587
f 591/591 593/593 587/587
f 594/594 590/590 593/593
f 595/595 593/593 591/591
f 594/594 593/593 595/595
f 596/596 595/595 591/591
f 597/597 596/596 591/591
f 598/598 595/595 596/596
f 594/594 595/595 598/598
f 599/599 598/598 596/596
f 590/590 594/594 600/600
f 598/598 600/600 594/594
f 599/599 600/600 598/598
f 601/601 600/600 599/599
f 602/602 600/600 601/601
f 603/603 600/600 602/602
f 606/606 605/605 604/604
f 609/609 608/608 607/607
f 610/610 608/608 609/609
f 611/611 609/609 607/607
f 612/612 610/610 609/609
f 613/613 609/609 611/611
f 612/612 609/609 613/613
f 614/614 610/610 612/612
f 615/615 610/610 614/614
f 616/616 614/614 612/612
f 617/617 614/614 616/616
f 618/618 614/614 617/617
f 619/619 618/618 617/617
f 620/620 619/619 617/617
f 621/621 616/616 612/612
f 613/613 621/621 612/612
f 622/622 617/617 616/616
f 621/621 622/622 616/616
f 623/623 620/620 617/617
f 622/622 623/623 617/617
f 624/624 620/620 623/623
f 625/625 624/624 623/623
f 626/626 625/625 623/623
f 622/622 626/626 623/623
f 627/627 625/625 626/626
f 622/622 621/621 628/628
f 613/613 628/628 621/621
f 629/629 627/627 626/626
f 630/630 626/626 622/622
f 629/629 626/626 630/630
f 631/631 622/622 628/628
f 630/630 622/622 631/631
f 632/632 628/628 613/613
f 631/631 628/628 632/632
f 633/633 630/630 631/631
f 629/629 630/630 633/633
f 627/627 629/629 634/634
f 635/635 633/633 631/631
f 636/636 631/631 632/632
f 635/635 631/631 636/636
f 634/634 638/638 637/637
f 639/639 636/636 632/632
f 640/640 629/629 633/633
f 641/641 639/639 632/632
f 613/613 641/641 632/632
f 642/642 636/636 639/639
f 641/641 642/642 639/639
f 643/643 641/641 613/613
f 611/611 643/643 613/613
f 644/644 641/641 643/643
f 642/642 641/641 644/644
f 645/645 643/643 611/611
f 644/644 643/643 645/645
f 646/646 645/645 611/611
f 647/647 645/645 646/646
f 648/648 644/644 645/645
f 647/647 648/648 645/645
f 649/649 642/642 644/644
f 650/650 642/642 649/649
f 651/651 642/642 650/650
f 636/636 642/642 651/651
f 652/652 649/649 644/644
f 648/648 652/652 644/644
f 653/653 649/649 652/652
f 654/654 649/649 653/653
f 655/655 653/653 652/652
f 654/654 653/653 655/655
f 648/648 655/655 652/652
f 656/656 654/654 655/655
f 657/657 655/655 648/648
f 647/647 657/657 648/648
f 656/656 655/655 657/657
f 658/658 657/657 647/647
f 659/659 657/657 658/658
f 656/656 657/657 659/659
f 660/660 656/656 659/659
f 661/661 656/656 660/660
f 662/662 660/660 659/659
f 663/663 662/662 659/659
f 636/636 651/651 664/664
f 635/635 636/636 664/664
f 665/665 664/664 651/651
f 666/666 665/665 651/651
f 667/667 664/664 665/665
f 666/666 667/667 665/665
f 668/668 664/664 667/667
f 635/635 664/664 668/668
f 669/669 668/668 667/667
f 666/666 669/669 667/667
f 635/635 668/668 669/669
f 670/670 635/635 669/669
f 671/671 669/669 666/666
f 672/672 671/671 666/666
f 673/673 671/671 672/672
f 674/674 671/671 673/673
f 675/675 673/673 672/672
f 676/676 673/673 675/675
f 677/677 676/676 675/675
f 678/678 677/677 675/675
f 679/679 677/677 678/678
f 680/680 678/678 675/675
f 681/681 671/671 674/674
f 669/669 671/671 681/681
f 670/670 669/669 681/681
f 682/682 670/670 681/681
f 635/635 670/670 682/682
f 683/683 682/682 681/681
f 684/684 683/683 681/681
f 685/685 682/682 683/683
f 686/686 635/635 682/682
f 685/685 686/686 682/682
f 633/633 635/635 686/686
f 640/640 633/633 686/686
f 685/685 640/640 686/686
f 687/687 640/640 685/685
f 688/688 640/640 687/687
f 689/689 688/688 687/687
f 690/690 640/640 688/688
f 629/629 640/640 690/690
f 634/634 629/629 690/690
f 691/691 690/690 688/688
f 634/634 690/690 691/691
f 689/689 691/691 688/688
f 638/638 634/634 691/691
f 692/692 691/691 689/689
f 638/638 691/691 692/692
f 693/693 638/638 692/692
f 696/696 695/695 694/694
f 699/699 698/698 697/697
f 700/700 699/699 697/697
f 701/701 697/697 698/698
f 702/702 700/700 697/697
f 703/703 700/700 702/702
f 704/704 703/703 702/702
f 705/705 704/704 702/702
f 706/706 704/704 705/705
f 707/707 702/702 697/697
f 705/705 702/702 707/707
f 697/697 701/701 708/708
f 707/707 697/697 708/708
f 709/709 705/705 707/707
f 706/706 705/705 709/709
f 708/708 709/709 707/707
f 710/710 706/706 709/709
f 711/711 710/710 709/709
f 712/712 710/710 711/711
f 713/713 711/711 709/709
f 712/712 711/711 713/713
f 714/714 709/709 708/708
f 713/713 709/709 714/714
f 715/715 712/712 713/713
f 716/716 712/712 715/715
f 717/717 716/716 715/715
f 718/718 715/715 713/713
f 719/719 717/717 715/715
f 718/718 719/719 715/715
f 717/717 721/721 720/720
f 722/722 717/717 719/719
f 721/721 717/717 722/722
f 723/723 719/719 718/718
f 722/722 719/719 723/723
f 724/724 721/721 722/722
f 725/725 721/721 724/724
f 726/726 725/725 724/724
f 727/727 726/726 724/724
f 728/728 727/727 724/724
f 729/729 727/727 728/728
f 730/730 724/724 722/722
f 728/728 724/724 730/730
f 731/731 730/730 722/722
f 723/723 731/731 722/722
f 732/732 728/728 730/730
f 733/733 728/728 732/732
f 734/734 733/733 732/732
f 735/735 732/732 730/730
f 731/731 735/735 730/730
f 736/736 734/734 732/732
f 737/737 734/734 736/736
f 738/738 734/734 737/737
f 739/739 738/738 737/737
f 740/740 737/737 736/736
f 741/741 736/736 732/732
f 740/740 736/736 741/741
f 735/735 741/741 732/732
f 742/742 740/740 741/741
f 743/743 741/741 735/735
f 742/742 741/741 743/743
f 731/731 743/743 735/735
f 744/744 742/742 743/743
f 745/745 743/743 731/731
f 723/723 745/745 731/731
f 743/743 747/747 746/746
f 748/748 747/747 743/743
f 745/745 748/748 743/743
f 749/749 747/747 748/748
f 750/750 747/747 749/749
f 751/751 749/749 748/748
f 745/745 751/751 748/748
f 752/752 749/749 751/751
f 745/745 723/723 753/753
f 718/718 753/753 723/723
f 754/754 751/751 745/745
f 753/753 754/754 745/745
f 752/752 751/751 754/754
f 755/755 753/753 718/718
f 754/754 753/753 755/755
f 713/713 755/755 718/718
f 756/756 752/752 754/754
f 755/755 756/756 754/754
f 757/757 752/752 756/756
f 714/714 755/755 713/713
f 756/756 755/755 714/714
f 758/758 757/757 756/756
f 714/714 758/758 756/756
f 759/759 757/757 758/758
f 760/760 759/759 758/758
f 714/714 760/760 758/758
f 761/761 759/759 760/760
f 762/762 760/760 714/714
f 708/708 762/762 714/714
f 763/763 760/760 762/762
f 708/708 763/763 762/762
f 761/761 760/760 763/763
f 701/701 763/763 708/708
f 761/761 763/763 701/701
f 764/764 761/761 701/701
f 767/767 766/766 765/765
f 768/768 766/766 767/767
f 770/770 765/765 769/769
f 767/767 765/765 770/770
f 771/771 768/768 767/767
f 772/772 767/767 770/770
f 773/773 768/768 771/771
f 774/774 768/768 773/773
f 775/775 774/774 773/773
f 776/776 771/771 767/767
f 772/772 776/776 767/767
f 777/777 773/773 771/771
f 776/776 777/777 771/771
f 778/778 775/775 773/773
f 777/777 778/778 773/773
f 779/779 775/775 778/778
f 780/780 775/775 779/779
f 781/781 779/779 778/778
f 782/782 781/781 778/778
f 777/777 782/782 778/778
f 783/783 779/779 781/781
f 784/784 779/779 783/783
f 782/782 783/783 781/781
f 785/785 783/783 782/782
f 786/786 783/783 785/785
f 787/787 786/786 785/785
f 788/788 787/787 785/785
f 789/789 788/788 785/785
f 782/782 789/789 785/785
f 790/790 788/788 789/789
f 791/791 789/789 782/782
f 790/790 789/789 791/791
f 777/777 791/791 782/782
f 792/792 790/790 791/791
f 793/793 791/791 777/777
f 792/792 791/791 793/793
f 794/794 793/793 777/777
f 795/795 794/794 777/777
f 776/776 795/795 777/777
f 796/796 793/793 794/794
f 795/795 796/796 794/794
f 797/797 795/795 776/776
f 796/796 795/795 797/797
f 772/772 797/797 776/776
f 792/792 793/793 798/798
f 796/796 798/798 793/793
f 799/799 792/792 798/798
f 800/800 792/792 799/799
f 801/801 798/798 796/796
f 802/802 800/800 799/799
f 803/803 800/800 802/802
f 804/804 799/799 798/798
f 801/801 804/804 798/798
f 805/805 801/801 796/796
f 797/797 805/805 796/796
f 804/804 801/801 805/805
f 797/797 772/772 806/806
f 805/805 797/797 806/806
f 770/770 806/806 772/772
f 807/807 806/806 770/770
f 808/808 805/805 806/806
f 807/807 808/808 806/806
f 804/804 805/805 808/808
f 809/809 808/808 807/807
f 810/810 808/808 809/809
f 811/811 804/804 808/808
f 810/810 811/811 808/808
f 812/812 804/804 811/811
f 799/799 804/804 812/812
f 802/802 799/799 812/812
f 813/813 812/812 811/811
f 802/802 812/812 813/813
f 815/815 810/810 814/814
f 816/816 810/810 815/815
f 811/811 810/810 817/817
f 816/816 817/817 810/810
f 813/813 811/811 817/817
f 818/818 817/817 816/816
f 819/819 802/802 813/813
f 817/817 819/819 813/813
f 818/818 819/819 817/817
f 820/820 802/802 819/819
f 818/818 820/820 819/819
f 821/821 820/820 818/818
f 824/824 823/823 822/822
f 825/825 824/824 822/822
f 826/826 825/825 822/822
f 827/827 825/825 826/826
f 828/828 825/825 827/827
f 824/824 825/825 828/828
f 829/829 828/828 827/827
f 824/824 831/831 830/830
f 832/832 831/831 824/824
f 828/828 832/832 824/824
f 833/833 831/831 832/832
f 834/834 833/833 832/832
f 835/835 834/834 832/832
f 836/836 832/832 828/828
f 835/835 832/832 836/836
f 829/829 836/836 828/828
f 837/837 835/835 836/836
f 838/838 835/835 837/837
f 839/839 836/836 829/829
f 837/837 836/836 839/839
f 840/840 838/838 837/837
f 839/839 840/840 837/837
f 841/841 838/838 840/840
f 842/842 838/838 841/841
f 843/843 842/842 841/841
f 844/844 841/841 840/840
f 839/839 844/844 840/840
f 843/843 841/841 844/844
f 839/839 829/829 845/845
f 846/846 845/845 829/829
f 847/847 844/844 839/839
f 843/843 844/844 847/847
f 848/848 845/845 846/846
f 849/849 847/847 839/839
f 845/845 849/849 839/839
f 850/850 843/843 847/847
f 849/849 850/850 847/847
f 851/851 849/849 845/845
f 850/850 849/849 851/851
f 852/852 845/845 848/848
f 851/851 845/845 852/852
f 853/853 852/852 848/848
f 854/854 852/852 853/853
f 851/851 852/852 854/854
f 855/855 851/851 854/854
f 850/850 851/851 855/855
f 856/856 850/850 855/855
f 843/843 850/850 856/856
f 857/857 856/856 855/855
f 858/858 843/843 856/856
f 859/859 843/843 858/858
f 860/860 858/858 856/856
f 859/859 858/858 860/860
f 861/861 860/860 856/856
f 862/862 859/859 860/860
f 863/863 860/860 861/861
f 864/864 862/862 860/860
f 865/865 860/860 863/863
f 864/864 860/860 865/865
f 866/866 865/865 863/863
f 867/867 866/866 863/863
f 868/868 862/862 864/864
f 869/869 868/868 864/864
f 870/870 868/868 869/869
f 871/871 869/869 864/864
f 870/870 869/869 871/871
f 872/872 868/868 870/870
f 871/871 872/872 870/870
f 873/873 868/868 872/872
f 874/874 871/871 864/864
f 865/865 874/874 864/864
f 875/875 871/871 874/874
f 872/872 871/871 875/875
f 876/876 874/874 865/865
f 875/875 874/874 876/876
f 866/866 876/876 865/865
f 877/877 872/872 875/875
f 878/878 872/872 877/877
f 879/879 877/877 875/875
f 880/880 872/872 878/878
f 873/873 872/872 880/880
f 881/881 873/873 880/880
f 882/882 880/880 878/878
f 883/883 880/880 882/882
f 875/875 876/876 884/884
f 866/866 884/884 876/876
f 879/879 875/875 884/884
f 886/886 866/866 885/885
f 887/887 866/866 886/886
f 884/884 866/866 887/887
f 888/888 887/887 886/886
f 889/889 879/879 884/884
f 887/887 889/889 884/884
f 890/890 889/889 887/887
f 891/891 890/890 887/887
f 892/892 889/889 890/890
f 893/893 889/889 892/892
f 879/879 889/889 893/893
f 894/894 879/879 893/893
f 895/895 879/879 894/894
f 896/896 894/894 893/893
f 897/897 896/896 893/893
f 898/898 894/894 896/896
f 895/895 894/894 898/898
f 899/899 895/895 898/898
f 900/900 899/899 898/898
f 903/903 902/902 901/901
f 904/904 902/902 903/903
f 902/902 906/906 905/905
f 907/907 906/906 902/902
f 904/904 907/907 902/902
f 908/908 906/906 907/907
f 909/909 907/907 904/904
f 910/910 909/909 904/904
f 911/911 908/908 907/907
f 912/912 908/908 911/911
f 913/913 907/907 909/909
f 914/914 909/909 910/910
f 913/913 909/909 914/914
f 915/915 914/914 910/910
f 916/916 914/914 915/915
f 917/917 914/914 916/916
f 913/913 914/914 917/917
f 918/918 917/917 916/916
f 907/907 913/913 919/919
f 917/917 919/919 913/913
f 911/911 907/907 919/919
f 920/920 919/919 917/917
f 911/911 919/919 920/920
f 918/918 920/920 917/917
f 921/921 911/911 920/920
f 912/912 911/911 921/921
f 922/922 920/920 918/918
f 923/923 922/922 918/918
f 924/924 921/921 920/920
f 922/922 924/924 920/920
f 925/925 912/912 921/921
f 924/924 925/925 921/921
f 926/926 912/912 925/925
f 927/927 922/922 923/923
f 924/924 922/922 927/927
f 928/928 926/926 925/925
f 924/924 928/928 925/925
f 927/927 928/928 924/924
f 930/930 928/928 929/929
f 931/931 928/928 927/927
f 929/929 928/928 931/931
f 933/933 927/927 932/932
f 931/931 927/927 933/933
f 934/934 929/929 931/931
f 935/935 929/929 934/934
f 936/936 935/935 934/934
f 937/937 936/936 934/934
f 938/938 936/936 937/937
f 939/939 934/934 931/931
f 937/937 934/934 939/939
f 940/940 938/938 937/937
f 941/941 939/939 931/931
f 933/933 941/941 931/931
f 942/942 938/938 940/940
f 943/943 937/937 939/939
f 940/940 937/937 943/943
f 944/944 942/942 940/940
f 945/945 942/942 944/944
f 946/946 944/944 940/940
f 947/947 944/944 946/946
f 948/948 946/946 940/940
f 943/943 948/948 940/940
f 949/949 948/948 943/943
f 943/943 939/939 950/950
f 941/941 950/950 939/939
f 951/951 949/949 943/943
f 950/950 951/951 943/943
f 952/952 950/950 941/941
f 951/951 950/950 952/952
f 933/933 952/952 941/941
f 953/953 949/949 951/951
f 952/952 953/953 951/951
f 933/933 953/953 952/952
f 954/954 949/949 953/953
f 955/955 953/953 933/933
f 958/958 957/957 956/956
f 959/959 958/958 956/956
f 960/960 958/958 959/959
f 961/961 958/958 960/960
f 962/962 959/959 956/956
f 963/963 962/962 956/956
f 964/964 960/960 959/959
f 962/962 964/964 959/959
f 965/965 961/961 960/960
f 964/964 965/965 960/960
f 966/966 961/961 965/965
f 967/967 966/966 965/965
f 963/963 969/969 968/968
f 970/970 963/963 968/968
f 962/962 963/963 970/970
f 964/964 962/962 971/971
f 970/970 971/971 962/962
f 972/972 964/964 971/971
f 965/965 964/964 972/972
f 973/973 971/971 970/970
f 972/972 971/971 973/973
f 974/974 973/973 970/970
f 975/975 965/965 972/972
f 973/973 975/975 972/972
f 976/976 965/965 975/975
f 967/967 965/965 977/977
f 976/976 977/977 965/965
f 978/978 967/967 977/977
f 979/979 978/978 977/977
f 980/980 979/979 977/977
f 981/981 977/977 976/976
f 980/980 977/977 981/981
f 975/975 981/981 976/976
f 982/982 980/980 981/981
f 975/975 973/973 983/983
f 981/981 975/975 983/983
f 984/984 982/982 981/981
f 983/983 984/984 981/981
f 985/985 982/982 984/984
f 986/986 982/982 985/985
f 987/987 985/985 984/984
f 983/983 987/987 984/984
f 988/988 985/985 987/987
f 989/989 985/985 988/988
f 990/990 989/989 988/988
f 987/987 990/990 988/988
f 991/991 990/990 987/987
f 983/983 991/991 987/987
f 992/992 990/990 991/991
f 993/993 990/990 992/992
f 994/994 991/991 983/983
f 995/995 991/991 994/994
f 992/992 991/991 995/995
f 996/996 994/994 983/983
f 997/997 992/992 995/995
f 998/998 995/995 994/994
f 997/997 995/995 998/998
f 996/996 998/998 994/994
f 999/999 996/996 983/983
f 973/973 999/999 983/983
f 1000/1000 999/999 973/973
f 1001/1001 999/999 1000/1000
f 996/996 999/999 1001/1001
f 1002/1002 996/996 1001/1001
f 998/998 996/996 1002/1002
f 1003/1003 1002/1002 1001/1001
f 1004/1004 1002/1002 1003/1003
f 1005/1005 998/998 1002/1002
f 997/997 998/998 1005/1005
f 1006/1006 1002/1002 1004/1004
f 1005/1005 1002/1002 1006/1006
f 1007/1007 1006/1006 1004/1004
f 1008/1008 1006/1006 1007/1007
f 1009/1009 1006/1006 1008/1008
f 1005/1005 1006/1006 1009/1009
f 1010/1010 1009/1009 1008/1008
f 1011/1011 997/997 1005/1005
f 1012/1012 1009/1009 1010/1010
f 1013/1013 1012/1012 1010/1010
f 1014/1014 1012/1012 1013/1013
f 1015/1015 1009/1009 1012/1012
f 1016/1016 1015/1015 1012/1012
f 1017/1017 1015/1015 1016/1016
f 1005/1005 1009/1009 1018/1018
f 1015/1015 1018/1018 1009/1009
f 1011/1011 1005/1005 1018/1018
f 1019/1019 1018/1018 1015/1015
f 1011/1011 1018/1018 1019/1019
f 1017/1017 1019/1019 1015/1015
f 1020/1020 1019/1019 1017/1017
f 1021/1021 1020/1020 1017/1017
f 1022/1022 1011/1011 1019/1019
f 1020/1020 1022/1022 1019/1019
f 997/997 1011/1011 1022/1022
f 1023/1023 1022/1022 1020/1020
f 1024/1024 997/997 1022/1022
f 1023/1023 1024/1024 1022/1022
f 992/992 997/997 1024/1024
f 993/993 992/992 1024/1024
f 1023/1023 993/993 1024/1024
f 1025/1025 1023/1023 1020/1020
f 1026/1026 993/993 1023/1023
f 1025/1025 1026/1026 1023/1023
f 1027/1027 993/993 1026/1026
f 1028/1028 1026/1026 1025/1025
f 1027/1027 1026/1026 1028/1028
f 1031/1031 1030/1030 1029/1029
f 1032/1032 1029/1029 1030/1030
f 1033/1033 1029/1029 1032/1032
f 1034/1034 1033/1033 1032/1032
f 1035/1035 1033/1033 1034/1034
f 1036/1036 1034/1034 1032/1032
f 1035/1035 1034/1034 1036/1036
f 1037/1037 1036/1036 1032/1032
f 1038/1038 1036/1036 1037/1037
f 1039/1039 1035/1035 1036/1036
f 1040/1040 1036/1036 1038/1038
f 1039/1039 1036/1036 1040/1040
f 1041/1041 1040/1040 1038/1038
f 1042/1042 1041/1041 1038/1038
f 1043/1043 1039/1039 1040/1040
f 1041/1041 1043/1043 1040/1040
f 1044/1044 1035/1035 1039/1039
f 1045/1045 1035/1035 1044/1044
f 1046/1046 1044/1044 1039/1039
f 1043/1043 1046/1046 1039/1039
f 1047/1047 1044/1044 1046/1046
f 1048/1048 1044/1044 1047/1047
f 1049/1049 1047/1047 1046/1046
f 1043/1043 1049/1049 1046/1046
f 1050/1050 1047/1047 1049/1049
f 1051/1051 1049/1049 1043/1043
f 1052/1052 1051/1051 1043/1043
f 1041/1041 1052/1052 1043/1043
f 1053/1053 1052/1052 1041/1041
f 1054/1054 1052/1052 1053/1053
f 1055/1055 1054/1054 1053/1053
f 1056/1056 1055/1055 1053/1053
f 1041/1041 1056/1056 1053/1053
f 1057/1057 1056/1056 1041/1041
f 1060/1060 1059/1059 1058/1058
f 1061/1061 1060/1060 1058/1058
f 1062/1062 1061/1061 1058/1058
f 1063/1063 1059/1059 1060/1060
f 1064/1064 1061/1061 1062/1062
f 1060/1060 1061/1061 1064/1064
f 1065/1065 1064/1064 1062/1062
f 1066/1066 1065/1065 1062/1062
f 1067/1067 1060/1060 1064/1064
f 1065/1065 1067/1067 1064/1064
f 1068/1068 1063/1063 1060/1060
f 1067/1067 1068/1068 1060/1060
f 1063/1063 1068/1068 1067/1067
f 1065/1065 1063/1063 1067/1067
f 1069/1069 1063/1063 1065/1065
f 1070/1070 1069/1069 1065/1065
f 1071/1071 1069/1069 1070/1070
f 1072/1072 1071/1071 1070/1070
f 1073/1073 1070/1070 1065/1065
f 1066/1066 1073/1073 1065/1065
f 1074/1074 1072/1072 1070/1070
f 1075/1075 1072/1072 1074/1074
f 1076/1076 1075/1075 1074/1074
f 1077/1077 1076/1076 1074/1074
f 1078/1078 1076/1076 1077/1077
f 1079/1079 1074/1074 1070/1070
f 1077/1077 1074/1074 1079/1079
f 1073/1073 1079/1079 1070/1070
f 1078/1078 1077/1077 1079/1079
f 1080/1080 1078/1078 1079/1079
f 1081/1081 1078/1078 1080/1080
f 1082/1082 1081/1081 1080/1080
f 1079/1079 1082/1082 1080/1080
f 1083/1083 1082/1082 1079/1079
f 1073/1073 1083/1083 1079/1079
f 1084/1084 1082/1082 1083/1083
f 1085/1085 1084/1084 1083/1083
f 1086/1086 1085/1085 1083/1083
f 1087/1087 1083/1083 1073/1073
f 1066/1066 1087/1087 1073/1073
f 1088/1088 1087/1087 1066/1066
f 1089/1089 1083/1083 1087/1087
f 1088/1088 1089/1089 1087/1087
f 1090/1090 1086/1086 1083/1083
f 1091/1091 1083/1083 1089/1089
f 1090/1090 1083/1083 1091/1091
f 1088/1088 1091/1091 1089/1089
f 1092/1092 1086/1086 1090/1090
f 1091/1091 1092/1092 1090/1090
f 1088/1088 1094/1094 1093/1093
f 1091/1091 1088/1088 1093/1093
f 1095/1095 1091/1091 1093/1093
f 1096/1096 1091/1091 1095/1095
f 1097/1097 1091/1091 1096/1096
f 1092/1092 1091/1091 1097/1097
f 1098/1098 1092/1092 1097/1097
f 1099/1099 1098/1098 1097/1097
f 1100/1100 1092/1092 1098/1098
f 1101/1101 1100/1100 1098/1098
f 1102/1102 1100/1100 1101/1101
f 1103/1103 1092/1092 1100/1100
f 1086/1086 1092/1092 1103/1103
f 1104/1104 1103/1103 1100/1100
f 1105/1105 1086/1086 1103/1103
f 1104/1104 1105/1105 1103/1103
f 1108/1108 1107/1107 1106/1106
f 1109/1109 1107/1107 1108/1108
f 1110/1110 1108/1108 1106/1106
f 1111/1111 1110/1110 1106/1106
f 1114/1114 1113/1113 1112/1112
f 1115/1115 1113/1113 1114/1114
f 1116/1116 1114/1114 1112/1112
f 1117/1117 1115/1115 1114/1114
f 1118/1118 1115/1115 1117/1117
f 1119/1119 1118/1118 1117/1117
f 1120/1120 1114/1114 1116/1116
f 1117/1117 1114/1114 1120/1120
f 1121/1121 1120/1120 1116/1116
f 1122/1122 1117/1117 1120/1120
f 1123/1123 1122/1122 1120/1120
f 1124/1124 1117/1117 1122/1122
f 1125/1125 1124/1124 1122/1122
f 1128/1128 1127/1127 1126/1126
f 1129/1129 1128/1128 1126/1126
f 1130/1130 1128/1128 1129/1129
f 1131/1131 1128/1128 1130/1130
f 1132/1132 1128/1128 1131/1131
f 1133/1133 1127/1127 1128/1128
f 1134/1134 1133/1133 1128/1128
f 1135/1135 1127/1127 1133/1133
f 1136/1136 1133/1133 1134/1134
f 1135/1135 1133/1133 1136/1136
f 1137/1137 1136/1136 1134/1134
f 1138/1138 1135/1135 1136/1136
f 1139/1139 1135/1135 1138/1138
f 1140/1140 1139/1139 1138/1138
f 1143/1143 1142/1142 1141/1141
f 1144/1144 1141/1141 1142/1142
f 1145/1145 1141/1141 1144/1144
f 1146/1146 1145/1145 1144/1144
f 1147/1147 1146/1146 1144/1144
f 1148/1148 1147/1147 1144/1144
f 1149/1149 1148/1148 1144/1144
f 1152/1152 1151/1151 1150/1150
f 1153/1153 1150/1150 1151/1151
f 1155/1155 1153/1153 1154/1154
f 1156/1156 1154/1154 1153/1153
f 1157/1157 1156/1156 1153/1153
f 1151/1151 1157/1157 1153/1153
f 1156/1156 1159/1159 1158/1158
f 1157/1157 1159/1159 1156/1156
f 1151/1151 1152/1152 1160/1160
f 1161/1161 1160/1160 1152/1152
f 1162/1162 1160/1160 1161/1161
f 1163/1163 1160/1160 1162/1162
f 1164/1164 1160/1160 1163/1163
f 1151/1151 1160/1160 1164/1164
f 1165/1165 1151/1151 1164/1164
f 1166/1166 1165/1165 1164/1164
f 1167/1167 1165/1165 1166/1166
f 1168/1168 1165/1165 1167/1167
f 1169/1169 1151/1151 1165/1165
f 1157/1157 1151/1151 1169/1169
f 1170/1170 1165/1165 1168/1168
f 1169/1169 1165/1165 1170/1170
f 1171/1171 1170/1170 1168/1168
f 1172/1172 1169/1169 1170/1170
f 1173/1173 1170/1170 1171/1171
f 1172/1172 1170/1170 1173/1173
f 1174/1174 1173/1173 1171/1171
f 1175/1175 1174/1174 1171/1171
f 1176/1176 1172/1172 1173/1173
f 1174/1174 1176/1176 1173/1173
f 1177/1177 1174/1174 1175/1175
f 1178/1178 1177/1177 1175/1175
f 1174/1174 1177/1177 1178/1178
f 1176/1176 1174/1174 1178/1178
f 1179/1179 1176/1176 1178/1178
f 1172/1172 1176/1176 1179/1179
f 1180/1180 1179/1179 1178/1178
f 1181/1181 1172/1172 1179/1179
f 1169/1169 1172/1172 1181/1181
f 1182/1182 1181/1181 1179/1179
f 1157/1157 1169/1169 1181/1181
f 1183/1183 1181/1181 1182/1182
f 1157/1157 1181/1181 1183/1183
f 1184/1184 1157/1157 1183/1183
f 1185/1185 1157/1157 1184/1184
f 1159/1159 1157/1157 1185/1185
f 1186/1186 1184/1184 1183/1183
f 1187/1187 1186/1186 1183/1183
f 1188/1188 1159/1159 1185/1185
f 1189/1189 1159/1159 1188/1188
f 1190/1190 1185/1185 1184/1184
f 1188/1188 1185/1185 1190/1190
f 1189/1189 1188/1188 1190/1190
f 1186/1186 1190/1190 1184/1184
f 1191/1191 1189/1189 1190/1190
f 1186/1186 1191/1191 1190/1190
f 1192/1192 1191/1191 1186/1186
f 1195/1195 1194/1194 1193/1193
f 1198/1198 1197/1197 1196/1196
f 1201/1201 1200/1200 1199/1199
f 1202/1202 1201/1201 1199/1199
f 1203/1203 1202/1202 1199/1199
f 1204/1204 1203/1203 1199/1199
f 1205/1205 1203/1203 1204/1204
f 1206/1206 1203/1203 1205/1205
f 1207/1207 1203/1203 1206/1206
f 1208/1208 1207/1207 1206/1206
f 1209/1209 1206/1206 1205/1205
f 1210/1210 1209/1209 1205/1205
f 1211/1211 1206/1206 1209/1209
f 1212/1212 1208/1208 1206/1206
f 1211/1211 1212/1212 1206/1206
f 1213/1213 1211/1211 1209/1209
f 1214/1214 1212/1212 1211/1211
f 1213/1213 1214/1214 1211/1211
f 1215/1215 1209/1209 1210/1210
f 1213/1213 1209/1209 1215/1215
f 1216/1216 1215/1215 1210/1210
f 1217/1217 1216/1216 1210/1210
f 1218/1218 1213/1213 1215/1215
f 1216/1216 1218/1218 1215/1215
f 1219/1219 1214/1214 1213/1213
f 1218/1218 1219/1219 1213/1213
f 1220/1220 1216/1216 1217/1217
f 1218/1218 1216/1216 1220/1220
f 1221/1221 1220/1220 1217/1217
f 1222/1222 1221/1221 1217/1217
f 1223/1223 1222/1222 1217/1217
f 1224/1224 1220/1220 1221/1221
f 1218/1218 1220/1220 1224/1224
f 1225/1225 1221/1221 1222/1222
f 1224/1224 1221/1221 1225/1225
f 1226/1226 1222/1222 1223/1223
f 1225/1225 1222/1222 1226/1226
f 1227/1227 1226/1226 1223/1223
f 1228/1228 1226/1226 1227/1227
f 1229/1229 1226/1226 1228/1228
f 1225/1225 1226/1226 1229/1229
f 1230/1230 1225/1225 1229/1229
f 1231/1231 1230/1230 1229/1229
f 1224/1224 1225/1225 1232/1232
f 1218/1218 1224/1224 1232/1232
f 1230/1230 1232/1232 1225/1225
f 1233/1233 1230/1230 1231/1231
f 1234/1234 1230/1230 1233/1233
f 1235/1235 1234/1234 1233/1233
f 1236/1236 1234/1234 1235/1235
f 1237/1237 1234/1234 1236/1236
f 1238/1238 1234/1234 1237/1237
f 1239/1239 1238/1238 1237/1237
f 1240/1240 1230/1230 1234/1234
f 1238/1238 1240/1240 1234/1234
f 1232/1232 1230/1230 1240/1240
f 1241/1241 1238/1238 1239/1239
f 1242/1242 1238/1238 1241/1241
f 1243/1243 1242/1242 1241/1241
f 1244/1244 1240/1240 1238/1238
f 1242/1242 1244/1244 1238/1238
f 1245/1245 1232/1232 1240/1240
f 1244/1244 1245/1245 1240/1240
f 1246/1246 1242/1242 1243/1243
f 1247/1247 1246/1246 1243/1243
f 1248/1248 1244/1244 1242/1242
f 1246/1246 1248/1248 1242/1242
f 1249/1249 1246/1246 1247/1247
f 1250/1250 1249/1249 1247/1247
f 1251/1251 1246/1246 1249/1249
f 1252/1252 1251/1251 1249/1249
f 1248/1248 1246/1246 1251/1251
f 1253/1253 1244/1244 1248/1248
f 1245/1245 1244/1244 1253/1253
f 1254/1254 1248/1248 1251/1251
f 1255/1255 1254/1254 1251/1251
f 1256/1256 1254/1254 1255/1255
f 1257/1257 1248/1248 1254/1254
f 1253/1253 1248/1248 1257/1257
f 1258/1258 1254/1254 1256/1256
f 1257/1257 1254/1254 1258/1258
f 1259/1259 1258/1258 1256/1256
f 1260/1260 1259/1259 1256/1256
f 1261/1261 1257/1257 1258/1258
f 1259/1259 1261/1261 1258/1258
f 1262/1262 1259/1259 1260/1260
f 1261/1261 1259/1259 1262/1262
f 1263/1263 1262/1262 1260/1260
f 1264/1264 1257/1257 1261/1261
f 1253/1253 1257/1257 1264/1264
f 1265/1265 1261/1261 1262/1262
f 1264/1264 1261/1261 1265/1265
f 1266/1266 1265/1265 1262/1262
f 1267/1267 1266/1266 1262/1262
f 1268/1268 1264/1264 1265/1265
f 1266/1266 1268/1268 1265/1265
f 1269/1269 1253/1253 1264/1264
f 1268/1268 1269/1269 1264/1264
f 1270/1270 1253/1253 1269/1269
f 1245/1245 1253/1253 1270/1270
f 1271/1271 1269/1269 1268/1268
f 1270/1270 1269/1269 1271/1271
f 1272/1272 1268/1268 1266/1266
f 1271/1271 1268/1268 1272/1272
f 1273/1273 1272/1272 1266/1266
f 1267/1267 1273/1273 1266/1266
f 1274/1274 1271/1271 1272/1272
f 1270/1270 1271/1271 1274/1274
f 1275/1275 1272/1272 1273/1273
f 1274/1274 1272/1272 1275/1275
f 1276/1276 1273/1273 1267/1267
f 1275/1275 1273/1273 1276/1276
f 1277/1277 1276/1276 1267/1267
f 1278/1278 1276/1276 1277/1277
f 1275/1275 1276/1276 1278/1278
f 1279/1279 1278/1278 1277/1277
f 1280/1280 1278/1278 1279/1279
f 1281/1281 1280/1280 1279/1279
f 1282/1282 1275/1275 1278/1278
f 1280/1280 1282/1282 1278/1278
f 1283/1283 1275/1275 1282/1282
f 1284/1284 1282/1282 1280/1280
f 1283/1283 1282/1282 1284/1284
f 1208/1208 1280/1280 1285/1285
f 1286/1286 1280/1280 1208/1208
f 1284/1284 1280/1280 1286/1286
f 1212/1212 1286/1286 1208/1208
f 1287/1287 1286/1286 1212/1212
f 1284/1284 1286/1286 1287/1287
f 1214/1214 1287/1287 1212/1212
f 1283/1283 1284/1284 1288/1288
f 1287/1287 1288/1288 1284/1284
f 1289/1289 1287/1287 1214/1214
f 1288/1288 1287/1287 1289/1289
f 1219/1219 1289/1289 1214/1214
f 1290/1290 1283/1283 1288/1288
f 1289/1289 1290/1290 1288/1288
f 1291/1291 1289/1289 1219/1219
f 1290/1290 1289/1289 1291/1291
f 1218/1218 1291/1291 1219/1219
f 1292/1292 1283/1283 1290/1290
f 1275/1275 1283/1283 1292/1292
f 1274/1274 1275/1275 1292/1292
f 1293/1293 1292/1292 1290/1290
f 1291/1291 1293/1293 1290/1290
f 1294/1294 1274/1274 1292/1292
f 1293/1293 1294/1294 1292/1292
f 1270/1270 1274/1274 1294/1294
f 1291/1291 1218/1218 1295/1295
f 1293/1293 1291/1291 1295/1295
f 1232/1232 1295/1295 1218/1218
f 1296/1296 1294/1294 1293/1293
f 1270/1270 1294/1294 1296/1296
f 1295/1295 1296/1296 1293/1293
f 1232/1232 1296/1296 1295/1295
f 1245/1245 1270/1270 1296/1296
f 1232/1232 1245/1245 1296/1296
f 1299/1299 1298/1298 1297/1297
f 1300/1300 1298/1298 1299/1299
f 1301/1301 1300/1300 1299/1299
f 1302/1302 1298/1298 1300/1300
f 1303/1303 1300/1300 1301/1301
f 1304/1304 1302/1302 1300/1300
f 1303/1303 1304/1304 1300/1300
f 1305/1305 1302/1302 1304/1304
f 1306/1306 1302/1302 1305/1305
f 1307/1307 1306/1306 1305/1305
f 1308/1308 1307/1307 1305/1305
f 1309/1309 1308/1308 1305/1305
f 1310/1310 1308/1308 1309/1309
f 1311/1311 1310/1310 1309/1309
f 1311/1311 1313/1313 1312/1312
f 1314/1314 1313/1313 1311/1311
f 1309/1309 1314/1314 1311/1311
f 1315/1315 1314/1314 1309/1309
f 1316/1316 1314/1314 1315/1315
f 1317/1317 1315/1315 1309/1309
f 1316/1316 1315/1315 1317/1317
f 1305/1305 1317/1317 1309/1309
f 1318/1318 1316/1316 1317/1317
f 1305/1305 1318/1318 1317/1317
f 1319/1319 1316/1316 1318/1318
f 1304/1304 1318/1318 1305/1305
f 1320/1320 1319/1319 1318/1318
f 1304/1304 1320/1320 1318/1318
f 1321/1321 1319/1319 1320/1320
f 1322/1322 1320/1320 1304/1304
f 1321/1321 1320/1320 1322/1322
f 1303/1303 1322/1322 1304/1304
f 1323/1323 1321/1321 1322/1322
f 1303/1303 1323/1323 1322/1322
f 1326/1326 1325/1325 1324/1324
f 1327/1327 1325/1325 1326/1326
f 1328/1328 1324/1324 1325/1325
f 1329/1329 1328/1328 1325/1325
f 1330/1330 1324/1324 1328/1328
f 1331/1331 1324/1324 1330/1330
f 1332/1332 1330/1330 1328/1328
f 1331/1331 1330/1330 1332/1332
f 1333/1333 1332/1332 1328/1328
f 1334/1334 1331/1331 1332/1332
f 1335/1335 1332/1332 1333/1333
f 1334/1334 1332/1332 1335/1335
f 1336/1336 1331/1331 1334/1334
f 1337/1337 1331/1331 1336/1336
f 1338/1338 1337/1337 1336/1336
f 1339/1339 1338/1338 1336/1336
f 1340/1340 1336/1336 1334/1334
f 1339/1339 1336/1336 1340/1340
f 1341/1341 1334/1334 1335/1335
f 1340/1340 1334/1334 1341/1341
f 1342/1342 1339/1339 1340/1340
f 1343/1343 1339/1339 1342/1342
f 1344/1344 1339/1339 1343/1343
f 1345/1345 1342/1342 1340/1340
f 1341/1341 1345/1345 1340/1340
f 1346/1346 1342/1342 1345/1345
f 1343/1343 1342/1342 1346/1346
f 1347/1347 1346/1346 1345/1345
f 1341/1341 1347/1347 1345/1345
f 1348/1348 1344/1344 1343/1343
f 1349/1349 1344/1344 1348/1348
f 1350/1350 1349/1349 1348/1348
f 1351/1351 1348/1348 1343/1343
f 1352/1352 1343/1343 1346/1346
f 1351/1351 1343/1343 1352/1352
f 1353/1353 1352/1352 1346/1346
f 1347/1347 1353/1353 1346/1346
f 1354/1354 1352/1352 1353/1353
f 1355/1355 1352/1352 1354/1354
f 1351/1351 1352/1352 1355/1355
f 1356/1356 1351/1351 1355/1355
f 1357/1357 1351/1351 1356/1356
f 1358/1358 1354/1354 1353/1353
f 1359/1359 1354/1354 1358/1358
f 1360/1360 1358/1358 1353/1353
f 1347/1347 1360/1360 1353/1353
f 1361/1361 1358/1358 1360/1360
f 1362/1362 1351/1351 1357/1357
f 1348/1348 1351/1351 1362/1362
f 1363/1363 1362/1362 1357/1357
f 1364/1364 1362/1362 1363/1363
f 1350/1350 1348/1348 1362/1362
f 1365/1365 1362/1362 1364/1364
f 1366/1366 1350/1350 1362/1362
f 1365/1365 1366/1366 1362/1362
f 1367/1367 1350/1350 1366/1366
f 1368/1368 1366/1366 1365/1365
f 1367/1367 1366/1366 1368/1368
f 1369/1369 1367/1367 1368/1368
f 1370/1370 1369/1369 1368/1368
f 1371/1371 1369/1369 1370/1370
f 1361/1361 1360/1360 1372/1372
f 1373/1373 1361/1361 1372/1372
f 1374/1374 1373/1373 1372/1372
f 1375/1375 1374/1374 1372/1372
f 1376/1376 1375/1375 1372/1372
f 1377/1377 1372/1372 1360/1360
f 1376/1376 1372/1372 1377/1377
f 1378/1378 1377/1377 1360/1360
f 1347/1347 1378/1378 1360/1360
f 1379/1379 1378/1378 1347/1347
f 1377/1377 1378/1378 1379/1379
f 1380/1380 1379/1379 1347/1347
f 1341/1341 1380/1380 1347/1347
f 1376/1376 1382/1382 1381/1381
f 1383/1383 1382/1382 1376/1376
f 1377/1377 1383/1383 1376/1376
f 1384/1384 1382/1382 1383/1383
f 1385/1385 1382/1382 1384/1384
f 1386/1386 1383/1383 1377/1377
f 1384/1384 1383/1383 1386/1386
f 1387/1387 1385/1385 1384/1384
f 1388/1388 1387/1387 1384/1384
f 1389/1389 1387/1387 1388/1388
f 1390/1390 1388/1388 1384/1384
f 1386/1386 1390/1390 1384/1384
f 1391/1391 1387/1387 1389/1389
f 1392/1392 1391/1391 1389/1389
f 1393/1393 1387/1387 1391/1391
f 1392/1392 1393/1393 1391/1391
f 1395/1395 1390/1390 1394/1394
f 1396/1396 1390/1390 1386/1386
f 1394/1394 1390/1390 1396/1396
f 1397/1397 1396/1396 1386/1386
f 1377/1377 1397/1397 1386/1386
f 1398/1398 1394/1394 1396/1396
f 1399/1399 1394/1394 1398/1398
f 1400/1400 1396/1396 1397/1397
f 1398/1398 1396/1396 1400/1400
f 1401/1401 1397/1397 1377/1377
f 1400/1400 1397/1397 1401/1401
f 1379/1379 1401/1401 1377/1377
f 1402/1402 1399/1399 1398/1398
f 1403/1403 1400/1400 1401/1401
f 1379/1379 1403/1403 1401/1401
f 1398/1398 1400/1400 1403/1403
f 1402/1402 1398/1398 1403/1403
f 1380/1380 1403/1403 1379/1379
f 1402/1402 1403/1403 1380/1380
f 1404/1404 1402/1402 1380/1380
f 1405/1405 1402/1402 1404/1404
f 1341/1341 1404/1404 1380/1380
f 1407/1407 1404/1404 1406/1406
f 1408/1408 1406/1406 1404/1404
f 1409/1409 1404/1404 1341/1341
f 1335/1335 1409/1409 1341/1341
f 1410/1410 1408/1408 1404/1404
f 1409/1409 1410/1410 1404/1404
f 1333/1333 1409/1409 1335/1335
f 1410/1410 1409/1409 1333/1333
f 1408/1408 1410/1410 1333/1333
f 1411/1411 1408/1408 1333/1333
f 1412/1412 1411/1411 1333/1333
f 1413/1413 1408/1408 1411/1411
f 1416/1416 1415/1415 1414/1414
f 1417/1417 1416/1416 1414/1414
f 1418/1418 1416/1416 1417/1417
f 1418/1418 1420/1420 1419/1419
f 1421/1421 1418/1418 1419/1419
f 1416/1416 1418/1418 1421/1421
f 1422/1422 1416/1416 1421/1421
f 1423/1423 1416/1416 1422/1422
f 1424/1424 1423/1423 1422/1422
f 1425/1425 1416/1416 1423/1423
f 1428/1428 1427/1427 1426/1426
f 1429/1429 1427/1427 1428/1428
f 1430/1430 1426/1426 1427/1427
f 1431/1431 1427/1427 1429/1429
f 1432/1432 1427/1427 1431/1431
f 1430/1430 1427/1427 1432/1432
f 1433/1433 1431/1431 1429/1429
f 1434/1434 1433/1433 1429/1429
f 1435/1435 1433/1433 1434/1434
f 1436/1436 1433/1433 1435/1435
f 1431/1431 1433/1433 1436/1436
f 1432/1432 1431/1431 1436/1436
f 1426/1426 1430/1430 1437/1437
f 1438/1438 1426/1426 1437/1437
f 1439/1439 1432/1432 1436/1436
f 1440/1440 1439/1439 1436/1436
f 1441/1441 1439/1439 1440/1440
f 1442/1442 1441/1441 1440/1440
f 1443/1443 1432/1432 1439/1439
f 1441/1441 1443/1443 1439/1439
f 1444/1444 1441/1441 1442/1442
f 1443/1443 1441/1441 1444/1444
f 1445/1445 1432/1432 1443/1443
f 1444/1444 1445/1445 1443/1443
f 1430/1430 1432/1432 1445/1445
f 1444/1444 1447/1447 1446/1446
f 1448/1448 1430/1430 1445/1445
f 1437/1437 1430/1430 1448/1448
f 1449/1449 1445/1445 1444/1444
f 1446/1446 1449/1449 1444/1444
f 1448/1448 1445/1445 1449/1449
f 1450/1450 1449/1449 1446/1446
f 1448/1448 1449/1449 1450/1450
f 1451/1451 1450/1450 1446/1446
f 1452/1452 1437/1437 1448/1448
f 1453/1453 1437/1437 1452/1452
f 1450/1450 1452/1452 1448/1448
f 1452/1452 1455/1455 1454/1454
f 1456/1456 1455/1455 1452/1452
f 1457/1457 1456/1456 1452/1452
f 1450/1450 1457/1457 1452/1452
f 1458/1458 1456/1456 1457/1457
f 1459/1459 1456/1456 1458/1458
f 1458/1458 1451/1451 1460/1460
f 1450/1450 1451/1451 1461/1461
f 1458/1458 1461/1461 1451/1451
f 1462/1462 1457/1457 1450/1450
f 1463/1463 1461/1461 1458/1458
f 1457/1457 1463/1463 1458/1458
f 1450/1450 1461/1461 1463/1463
f 1462/1462 1463/1463 1457/1457
f 1450/1450 1463/1463 1462/1462
f 1466/1466 1465/1465 1464/1464
f 1467/1467 1466/1466 1464/1464
f 1468/1468 1464/1464 1465/1465
f 1469/1469 1468/1468 1465/1465
f 1470/1470 1469/1469 1465/1465
f 1471/1471 1469/1469 1470/1470
f 1474/1474 1473/1473 1472/1472
f 1475/1475 1474/1474 1472/1472
f 1478/1478 1477/1477 1476/1476
f 1478/1478 1480/1480 1479/1479
f 1481/1481 1478/1478 1479/1479
f 1482/1482 1481/1481 1479/1479
f 1483/1483 1478/1478 1481/1481
f 1477/1477 1478/1478 1483/1483
f 1484/1484 1481/1481 1482/1482
f 1483/1483 1481/1481 1484/1484
f 1485/1485 1484/1484 1482/1482
f 1486/1486 1484/1484 1485/1485
f 1487/1487 1486/1486 1485/1485
f 1488/1488 1486/1486 1487/1487
f 1489/1489 1484/1484 1486/1486
f 1488/1488 1489/1489 1486/1486
f 1490/1490 1483/1483 1484/1484
f 1489/1489 1490/1490 1484/1484
f 1491/1491 1483/1483 1490/1490
f 1477/1477 1483/1483 1491/1491
f 1492/1492 1490/1490 1489/1489
f 1493/1493 1491/1491 1490/1490
f 1492/1492 1493/1493 1490/1490
f 1494/1494 1492/1492 1489/1489
f 1488/1488 1494/1494 1489/1489
f 1495/1495 1492/1492 1494/1494
f 1493/1493 1492/1492 1495/1495
f 1496/1496 1494/1494 1488/1488
f 1495/1495 1494/1494 1496/1496
f 1497/1497 1496/1496 1488/1488
f 1498/1498 1495/1495 1496/1496
f 1493/1493 1495/1495 1498/1498
f 1499/1499 1496/1496 1497/1497
f 1498/1498 1496/1496 1499/1499
f 1500/1500 1499/1499 1497/1497
f 1501/1501 1498/1498 1499/1499
f 1502/1502 1499/1499 1500/1500
f 1501/1501 1499/1499 1502/1502
f 1503/1503 1502/1502 1500/1500
f 1504/1504 1502/1502 1503/1503
f 1505/1505 1504/1504 1503/1503
f 1506/1506 1505/1505 1503/1503
f 1507/1507 1502/1502 1504/1504
f 1501/1501 1502/1502 1507/1507
f 1508/1508 1504/1504 1505/1505
f 1507/1507 1504/1504 1508/1508
f 1509/1509 1508/1508 1505/1505
f 1510/1510 1509/1509 1505/1505
f 1511/1511 1509/1509 1510/1510
f 1512/1512 1508/1508 1509/1509
f 1513/1513 1512/1512 1509/1509
f 1514/1514 1508/1508 1512/1512
f 1507/1507 1508/1508 1514/1514
f 1515/1515 1514/1514 1512/1512
f 1516/1516 1515/1515 1512/1512
f 1517/1517 1514/1514 1515/1515
f 1518/1518 1514/1514 1517/1517
f 1507/1507 1514/1514 1518/1518
f 1518/1518 1520/1520 1519/1519
f 1521/1521 1507/1507 1518/1518
f 1519/1519 1521/1521 1518/1518
f 1522/1522 1507/1507 1521/1521
f 1501/1501 1507/1507 1522/1522
f 1523/1523 1521/1521 1519/1519
f 1524/1524 1523/1523 1519/1519
f 1525/1525 1522/1522 1521/1521
f 1523/1523 1525/1525 1521/1521
f 1526/1526 1501/1501 1522/1522
f 1525/1525 1526/1526 1522/1522
f 1527/1527 1525/1525 1523/1523
f 1526/1526 1525/1525 1527/1527
f 1528/1528 1527/1527 1523/1523
f 1524/1524 1528/1528 1523/1523
f 1526/1526 1527/1527 1528/1528
f 1529/1529 1501/1501 1526/1526
f 1498/1498 1501/1501 1529/1529
f 1530/1530 1526/1526 1528/1528
f 1529/1529 1526/1526 1530/1530
f 1531/1531 1528/1528 1524/1524
f 1530/1530 1528/1528 1531/1531
f 1532/1532 1531/1531 1524/1524
f 1533/1533 1498/1498 1529/1529
f 1530/1530 1533/1533 1529/1529
f 1493/1493 1498/1498 1533/1533
f 1534/1534 1530/1530 1531/1531
f 1533/1533 1530/1530 1534/1534
f 1535/1535 1531/1531 1532/1532
f 1534/1534 1531/1531 1535/1535
f 1536/1536 1535/1535 1532/1532
f 1537/1537 1533/1533 1534/1534
f 1535/1535 1537/1537 1534/1534
f 1536/1536 1537/1537 1535/1535
f 1493/1493 1533/1533 1537/1537
f 1538/1538 1537/1537 1536/1536
f 1539/1539 1538/1538 1536/1536
f 1540/1540 1538/1538 1539/1539
f 1541/1541 1537/1537 1538/1538
f 1493/1493 1537/1537 1541/1541
f 1542/1542 1538/1538 1540/1540
f 1541/1541 1538/1538 1542/1542
f 1543/1543 1542/1542 1540/1540
f 1544/1544 1542/1542 1543/1543
f 1545/1545 1493/1493 1541/1541
f 1542/1542 1545/1545 1541/1541
f 1491/1491 1493/1493 1545/1545
f 1546/1546 1545/1545 1542/1542
f 1491/1491 1545/1545 1546/1546
f 1544/1544 1546/1546 1542/1542
f 1477/1477 1491/1491 1546/1546
f 1547/1547 1546/1546 1544/1544
f 1477/1477 1546/1546 1547/1547
f 1548/1548 1547/1547 1544/1544
f 1549/1549 1477/1477 1547/1547
f 1550/1550 1547/1547 1548/1548
f 1549/1549 1547/1547 1550/1550
f 1551/1551 1550/1550 1548/1548
f 1552/1552 1549/1549 1550/1550
f 1551/1551 1552/1552 1550/1550
f 1555/1555 1554/1554 1553/1553
f 1556/1556 1553/1553 1554/1554
f 1557/1557 1554/1554 1555/1555
f 1558/1558 1555/1555 1553/1553
f 1559/1559 1558/1558 1553/1553
f 1560/1560 1557/1557 1555/1555
f 1561/1561 1555/1555 1558/1558
f 1560/1560 1555/1555 1561/1561
f 1562/1562 1561/1561 1558/1558
f 1563/1563 1562/1562 1558/1558
f 1564/1564 1562/1562 1563/1563
f 1565/1565 1561/1561 1562/1562
f 1560/1560 1561/1561 1565/1565
f 1566/1566 1560/1560 1565/1565
f 1557/1557 1560/1560 1566/1566
f 1567/1567 1557/1557 1566/1566
f 1568/1568 1567/1567 1566/1566
f 1569/1569 1557/1557 1567/1567
f 1570/1570 1569/1569 1567/1567
f 1571/1571 1569/1569 1570/1570
f 1572/1572 1571/1571 1570/1570
f 1567/1567 1572/1572 1570/1570
f 1573/1573 1572/1572 1567/1567
f 1576/1576 1575/1575 1574/1574
f 1577/1577 1576/1576 1574/1574
f 1578/1578 1574/1574 1575/1575
f 1579/1579 1577/1577 1574/1574
f 1578/1578 1579/1579 1574/1574
f 1580/1580 1577/1577 1579/1579
f 1581/1581 1577/1577 1580/1580
f 1582/1582 1581/1581 1580/1580
f 1583/1583 1581/1581 1582/1582
f 1584/1584 1583/1583 1582/1582
f 1585/1585 1580/1580 1579/1579
f 1582/1582 1580/1580 1585/1585
f 1579/1579 1578/1578 1586/1586
f 1585/1585 1579/1579 1586/1586
f 1587/1587 1584/1584 1582/1582
f 1588/1588 1586/1586 1578/1578
f 1589/1589 1588/1588 1578/1578
f 1590/1590 1584/1584 1587/1587
f 1591/1591 1584/1584 1590/1590
f 1592/1592 1587/1587 1582/1582
f 1590/1590 1587/1587 1592/1592
f 1593/1593 1588/1588 1589/1589
f 1594/1594 1593/1593 1589/1589
f 1595/1595 1588/1588 1593/1593
f 1586/1586 1588/1588 1595/1595
f 1596/1596 1593/1593 1594/1594
f 1597/1597 1596/1596 1594/1594
f 1598/1598 1593/1593 1596/1596
f 1595/1595 1593/1593 1598/1598
f 1599/1599 1596/1596 1597/1597
f 1598/1598 1596/1596 1599/1599
f 1600/1600 1599/1599 1597/1597
f 1601/1601 1586/1586 1595/1595
f 1585/1585 1586/1586 1601/1601
f 1602/1602 1595/1595 1598/1598
f 1603/1603 1598/1598 1599/1599
f 1602/1602 1598/1598 1603/1603
f 1604/1604 1603/1603 1599/1599
f 1602/1602 1603/1603 1604/1604
f 1599/1599 1600/1600 1605/1605
f 1606/1606 1605/1605 1600/1600
f 1607/1607 1599/1599 1605/1605
f 1604/1604 1599/1599 1607/1607
f 1608/1608 1605/1605 1606/1606
f 1607/1607 1605/1605 1608/1608
f 1609/1609 1608/1608 1606/1606
f 1610/1610 1604/1604 1607/1607
f 1611/1611 1607/1607 1608/1608
f 1610/1610 1607/1607 1611/1611
f 1612/1612 1608/1608 1609/1609
f 1611/1611 1608/1608 1612/1612
f 1613/1613 1612/1612 1609/1609
f 1614/1614 1613/1613 1609/1609
f 1615/1615 1612/1612 1613/1613
f 1616/1616 1613/1613 1614/1614
f 1617/1617 1611/1611 1612/1612
f 1615/1615 1617/1617 1612/1612
f 1610/1610 1611/1611 1617/1617
f 1618/1618 1615/1615 1613/1613
f 1616/1616 1618/1618 1613/1613
f 1617/1617 1615/1615 1618/1618
f 1619/1619 1618/1618 1616/1616
f 1620/1620 1619/1619 1616/1616
f 1621/1621 1620/1620 1616/1616
f 1622/1622 1618/1618 1619/1619
f 1620/1620 1622/1622 1619/1619
f 1623/1623 1617/1617 1618/1618
f 1622/1622 1623/1623 1618/1618
f 1624/1624 1622/1622 1620/1620
f 1625/1625 1624/1624 1620/1620
f 1626/1626 1624/1624 1625/1625
f 1627/1627 1617/1617 1623/1623
f 1628/1628 1623/1623 1622/1622
f 1627/1627 1623/1623 1628/1628
f 1629/1629 1622/1622 1624/1624
f 1628/1628 1622/1622 1629/1629
f 1630/1630 1629/1629 1624/1624
f 1631/1631 1629/1629 1630/1630
f 1632/1632 1630/1630 1624/1624
f 1626/1626 1632/1632 1624/1624
f 1633/1633 1630/1630 1632/1632
f 1634/1634 1632/1632 1626/1626
f 1635/1635 1634/1634 1626/1626
f 1636/1636 1632/1632 1634/1634
f 1637/1637 1636/1636 1634/1634
f 1628/1628 1629/1629 1638/1638
f 1639/1639 1638/1638 1629/1629
f 1627/1627 1628/1628 1638/1638
f 1640/1640 1638/1638 1639/1639
f 1641/1641 1638/1638 1640/1640
f 1627/1627 1638/1638 1641/1641
f 1642/1642 1641/1641 1640/1640
f 1643/1643 1641/1641 1642/1642
f 1644/1644 1627/1627 1641/1641
f 1643/1643 1644/1644 1641/1641
f 1645/1645 1627/1627 1644/1644
f 1617/1617 1627/1627 1645/1645
f 1610/1610 1617/1617 1645/1645
f 1646/1646 1645/1645 1644/1644
f 1610/1610 1645/1645 1646/1646
f 1647/1647 1610/1610 1646/1646
f 1644/1644 1647/1647 1646/1646
f 1604/1604 1610/1610 1647/1647
f 1644/1644 1643/1643 1648/1648
f 1647/1647 1644/1644 1648/1648
f 1649/1649 1648/1648 1643/1643
f 1650/1650 1604/1604 1647/1647
f 1602/1602 1604/1604 1650/1650
f 1651/1651 1647/1647 1648/1648
f 1650/1650 1647/1647 1651/1651
f 1652/1652 1648/1648 1649/1649
f 1651/1651 1648/1648 1652/1652
f 1653/1653 1652/1652 1649/1649
f 1654/1654 1652/1652 1653/1653
f 1655/1655 1651/1651 1652/1652
f 1654/1654 1655/1655 1652/1652
f 1650/1650 1651/1651 1655/1655
f 1656/1656 1655/1655 1654/1654
f 1657/1657 1656/1656 1654/1654
f 1658/1658 1655/1655 1656/1656
f 1650/1650 1655/1655 1658/1658
f 1659/1659 1658/1658 1656/1656
f 1660/1660 1658/1658 1659/1659
f 1661/1661 1650/1650 1658/1658
f 1660/1660 1661/1661 1658/1658
f 1662/1662 1661/1661 1660/1660
f 1602/1602 1650/1650 1661/1661
f 1663/1663 1661/1661 1662/1662
f 1664/1664 1602/1602 1661/1661
f 1663/1663 1664/1664 1661/1661
f 1595/1595 1602/1602 1664/1664
f 1665/1665 1664/1664 1663/1663
f 1601/1601 1595/1595 1664/1664
f 1665/1665 1601/1601 1664/1664
f 1666/1666 1665/1665 1663/1663
f 1601/1601 1665/1665 1666/1666
f 1667/1667 1666/1666 1663/1663
f 1668/1668 1666/1666 1667/1667
f 1669/1669 1601/1601 1666/1666
f 1668/1668 1669/1669 1666/1666
f 1670/1670 1601/1601 1669/1669
f 1585/1585 1601/1601 1670/1670
f 1582/1582 1585/1585 1670/1670
f 1592/1592 1582/1582 1670/1670
f 1669/1669 1592/1592 1670/1670
f 1671/1671 1669/1669 1668/1668
f 1592/1592 1669/1669 1671/1671
f 1672/1672 1671/1671 1668/1668
f 1673/1673 1592/1592 1671/1671
f 1590/1590 1592/1592 1673/1673
f 1591/1591 1590/1590 1673/1673
f 1674/1674 1591/1591 1673/1673
f 1675/1675 1591/1591 1674/1674
f 1676/1676 1675/1675 1674/1674
f 1677/1677 1674/1674 1673/1673
f 1671/1671 1677/1677 1673/1673
f 1678/1678 1676/1676 1674/1674
f 1677/1677 1678/1678 1674/1674
f 1679/1679 1676/1676 1678/1678
f 1680/1680 1677/1677 1671/1671
f 1678/1678 1677/1677 1680/1680
f 1679/1679 1678/1678 1680/1680
f 1672/1672 1680/1680 1671/1671
f 1681/1681 1679/1679 1680/1680
f 1682/1682 1681/1681 1680/1680
f 1672/1672 1682/1682 1680/1680
f 1683/1683 1682/1682 1672/1672
f 1686/1686 1685/1685 1684/1684
f 1687/1687 1684/1684 1685/1685
f 1688/1688 1687/1687 1685/1685
f 1689/1689 1686/1686 1684/1684
f 1690/1690 1686/1686 1689/1689
f 1691/1691 1687/1687 1688/1688
f 1692/1692 1689/1689 1684/1684
f 1687/1687 1692/1692 1684/1684
f 1693/1693 1689/1689 1692/1692
f 1694/1694 1689/1689 1693/1693
f 1695/1695 1694/1694 1693/1693
f 1696/1696 1694/1694 1695/1695
f 1697/1697 1696/1696 1695/1695
f 1698/1698 1695/1695 1693/1693
f 1697/1697 1695/1695 1698/1698
f 1699/1699 1693/1693 1692/1692
f 1698/1698 1693/1693 1699/1699
f 1700/1700 1697/1697 1698/1698
f 1699/1699 1700/1700 1698/1698
f 1702/1702 1697/1697 1701/1701
f 1700/1700 1701/1701 1697/1697
f 1703/1703 1699/1699 1692/1692
f 1701/1701 1705/1705 1704/1704
f 1706/1706 1700/1700 1699/1699
f 1703/1703 1706/1706 1699/1699
f 1707/1707 1701/1701 1700/1700
f 1705/1705 1701/1701 1707/1707
f 1708/1708 1700/1700 1706/1706
f 1707/1707 1700/1700 1708/1708
f 1709/1709 1705/1705 1707/1707
f 1710/1710 1705/1705 1709/1709
f 1711/1711 1710/1710 1709/1709
f 1706/1706 1703/1703 1712/1712
f 1713/1713 1706/1706 1712/1712
f 1708/1708 1706/1706 1713/1713
f 1714/1714 1712/1712 1703/1703
f 1707/1707 1708/1708 1715/1715
f 1709/1709 1707/1707 1715/1715
f 1716/1716 1713/1713 1712/1712
f 1714/1714 1716/1716 1712/1712
f 1717/1717 1713/1713 1716/1716
f 1718/1718 1714/1714 1703/1703
f 1692/1692 1718/1718 1703/1703
f 1687/1687 1718/1718 1692/1692
f 1719/1719 1718/1718 1687/1687
f 1691/1691 1719/1719 1687/1687
f 1720/1720 1714/1714 1718/1718
f 1719/1719 1720/1720 1718/1718
f 1721/1721 1719/1719 1691/1691
f 1720/1720 1719/1719 1721/1721
f 1722/1722 1721/1721 1691/1691
f 1723/1723 1714/1714 1720/1720
f 1716/1716 1714/1714 1723/1723
f 1724/1724 1720/1720 1721/1721
f 1723/1723 1720/1720 1724/1724
f 1725/1725 1724/1724 1721/1721
f 1726/1726 1725/1725 1721/1721
f 1727/1727 1724/1724 1725/1725
f 1728/1728 1724/1724 1727/1727
f 1723/1723 1724/1724 1728/1728
f 1729/1729 1728/1728 1727/1727
f 1716/1716 1723/1723 1730/1730
f 1728/1728 1730/1730 1723/1723
f 1729/1729 1730/1730 1728/1728
f 1717/1717 1716/1716 1730/1730
f 1731/1731 1730/1730 1729/1729
f 1732/1732 1717/1717 1730/1730
f 1731/1731 1732/1732 1730/1730
f 1713/1713 1717/1717 1732/1732
f 1733/1733 1732/1732 1731/1731
f 1708/1708 1713/1713 1732/1732
f 1734/1734 1732/1732 1733/1733
f 1735/1735 1708/1708 1732/1732
f 1734/1734 1735/1735 1732/1732
f 1736/1736 1735/1735 1734/1734
f 1715/1715 1708/1708 1735/1735
f 1737/1737 1735/1735 1736/1736
f 1715/1715 1735/1735 1737/1737
f 1738/1738 1715/1715 1737/1737
f 1709/1709 1715/1715 1738/1738
f 1739/1739 1738/1738 1737/1737
f 1740/1740 1739/1739 1737/1737
f 1741/1741 1739/1739 1740/1740
f 1742/1742 1738/1738 1739/1739
f 1741/1741 1742/1742 1739/1739
f 1743/1743 1709/1709 1738/1738
f 1742/1742 1743/1743 1738/1738
f 1744/1744 1742/1742 1741/1741
f 1743/1743 1742/1742 1744/1744
f 1741/1741 1746/1746 1745/1745
f 1744/1744 1741/1741 1745/1745
f 1747/1747 1744/1744 1745/1745
f 1748/1748 1709/1709 1743/1743
f 1711/1711 1709/1709 1748/1748
f 1749/1749 1711/1711 1748/1748
f 1750/1750 1749/1749 1748/1748
f 1751/1751 1748/1748 1743/1743
f 1750/1750 1748/1748 1751/1751
f 1744/1744 1751/1751 1743/1743
f 1752/1752 1750/1750 1751/1751
f 1753/1753 1752/1752 1751/1751
f 1754/1754 1753/1753 1751/1751
f 1744/1744 1754/1754 1751/1751
f 1755/1755 1754/1754 1744/1744
f 1758/1758 1757/1757 1756/1756
f 1761/1761 1760/1760 1759/1759
f 1762/1762 1760/1760 1761/1761
f 1763/1763 1760/1760 1762/1762
f 1764/1764 1762/1762 1761/1761
f 1765/1765 1764/1764 1761/1761
f 1766/1766 1764/1764 1765/1765
f 1767/1767 1763/1763 1762/1762
f 1764/1764 1767/1767 1762/1762
f 1768/1768 1763/1763 1767/1767
f 1769/1769 1764/1764 1766/1766
f 1767/1767 1764/1764 1769/1769
f 1770/1770 1769/1769 1766/1766
f 1771/1771 1768/1768 1767/1767
f 1769/1769 1771/1771 1767/1767
f 1770/1770 1771/1771 1769/1769
f 1772/1772 1768/1768 1771/1771
f 1773/1773 1771/1771 1770/1770
f 1774/1774 1773/1773 1770/1770
f 1775/1775 1773/1773 1774/1774
f 1776/1776 1775/1775 1774/1774
f 1777/1777 1771/1771 1773/1773
f 1772/1772 1771/1771 1777/1777
f 1778/1778 1773/1773 1775/1775
f 1777/1777 1773/1773 1778/1778
f 1779/1779 1778/1778 1775/1775
f 1780/1780 1772/1772 1777/1777
f 1781/1781 1772/1772 1780/1780
f 1778/1778 1780/1780 1777/1777
f 1782/1782 1778/1778 1779/1779
f 1783/1783 1782/1782 1779/1779
f 1784/1784 1778/1778 1782/1782
f 1785/1785 1780/1780 1778/1778
f 1784/1784 1785/1785 1778/1778
f 1786/1786 1780/1780 1785/1785
f 1787/1787 1780/1780 1786/1786
f 1788/1788 1786/1786 1785/1785
f 1789/1789 1786/1786 1788/1788
f 1790/1790 1785/1785 1784/1784
f 1788/1788 1785/1785 1790/1790
f 1784/1784 1782/1782 1791/1791
f 1790/1790 1784/1784 1791/1791
f 1792/1792 1791/1791 1782/1782
f 1793/1793 1791/1791 1792/1792
f 1794/1794 1789/1789 1788/1788
f 1795/1795 1789/1789 1794/1794
f 1796/1796 1788/1788 1790/1790
f 1794/1794 1788/1788 1796/1796
f 1797/1797 1790/1790 1791/1791
f 1793/1793 1797/1797 1791/1791
f 1796/1796 1790/1790 1797/1797
f 1798/1798 1797/1797 1793/1793
f 1799/1799 1798/1798 1793/1793
f 1800/1800 1797/1797 1798/1798
f 1796/1796 1797/1797 1800/1800
f 1801/1801 1800/1800 1798/1798
f 1794/1794 1796/1796 1802/1802
f 1800/1800 1802/1802 1796/1796
f 1795/1795 1794/1794 1802/1802
f 1803/1803 1800/1800 1801/1801
f 1802/1802 1800/1800 1803/1803
f 1804/1804 1803/1803 1801/1801
f 1805/1805 1795/1795 1802/1802
f 1803/1803 1805/1805 1802/1802
f 1806/1806 1795/1795 1805/1805
f 1807/1807 1806/1806 1805/1805
f 1808/1808 1806/1806 1807/1807
f 1809/1809 1805/1805 1803/1803
f 1807/1807 1805/1805 1809/1809
f 1804/1804 1809/1809 1803/1803
f 1808/1808 1807/1807 1809/1809
f 1810/1810 1809/1809 1804/1804
f 1808/1808 1809/1809 1810/1810
f 1811/1811 1808/1808 1810/1810
f 1812/1812 1808/1808 1811/1811
f 1813/1813 1812/1812 1811/1811
f 1814/1814 1812/1812 1813/1813
f 1817/1817 1816/1816 1815/1815
f 1818/1818 1815/1815 1816/1816
f 1819/1819 1818/1818 1816/1816
f 1820/1820 1816/1816 1817/1817
f 1821/1821 1820/1820 1817/1817
f 1822/1822 1816/1816 1820/1820
f 1819/1819 1816/1816 1822/1822
f 1823/1823 1822/1822 1820/1820
f 1824/1824 1822/1822 1823/1823
f 1825/1825 1822/1822 1824/1824
f 1826/1826 1819/1819 1822/1822
f 1825/1825 1826/1826 1822/1822
f 1827/1827 1819/1819 1826/1826
f 1828/1828 1827/1827 1826/1826
f 1825/1825 1828/1828 1826/1826
f 1829/1829 1828/1828 1825/1825
f 1832/1832 1831/1831 1830/1830
f 1833/1833 1832/1832 1830/1830
f 1831/1831 1835/1835 1834/1834
f 1836/1836 1831/1831 1834/1834
f 1830/1830 1831/1831 1836/1836
f 1837/1837 1836/1836 1834/1834
f 1838/1838 1837/1837 1834/1834
f 1839/1839 1837/1837 1838/1838
f 1840/1840 1836/1836 1837/1837
f 1839/1839 1840/1840 1837/1837
f 1830/1830 1836/1836 1840/1840
f 1841/1841 1840/1840 1839/1839
f 1842/1842 1841/1841 1839/1839
f 1843/1843 1830/1830 1840/1840
f 1844/1844 1841/1841 1842/1842
f 1845/1845 1844/1844 1842/1842
f 1846/1846 1840/1840 1841/1841
f 1843/1843 1840/1840 1846/1846
f 1847/1847 1841/1841 1844/1844
f 1846/1846 1841/1841 1847/1847
f 1848/1848 1844/1844 1845/1845
f 1849/1849 1848/1848 1845/1845
f 1844/1844 1848/1848 1849/1849
f 1847/1847 1844/1844 1849/1849
f 1850/1850 1849/1849 1845/1845
f 1851/1851 1846/1846 1847/1847
f 1843/1843 1846/1846 1851/1851
f 1852/1852 1847/1847 1849/1849
f 1850/1850 1852/1852 1849/1849
f 1851/1851 1847/1847 1852/1852
f 1853/1853 1852/1852 1850/1850
f 1851/1851 1852/1852 1853/1853
f 1854/1854 1853/1853 1850/1850
f 1855/1855 1854/1854 1850/1850
f 1856/1856 1854/1854 1855/1855
f 1857/1857 1853/1853 1854/1854
f 1851/1851 1853/1853 1857/1857
f 1858/1858 1854/1854 1856/1856
f 1859/1859 1857/1857 1854/1854
f 1858/1858 1859/1859 1854/1854
f 1860/1860 1858/1858 1856/1856
f 1861/1861 1858/1858 1860/1860
f 1862/1862 1858/1858 1861/1861
f 1863/1863 1858/1858 1862/1862
f 1859/1859 1858/1858 1863/1863
f 1857/1857 1859/1859 1863/1863
f 1864/1864 1857/1857 1863/1863
f 1851/1851 1857/1857 1864/1864
f 1865/1865 1851/1851 1864/1864
f 1866/1866 1851/1851 1865/1865
f 1843/1843 1851/1851 1866/1866
f 1867/1867 1866/1866 1865/1865
f 1868/1868 1843/1843 1866/1866
f 1867/1867 1868/1868 1866/1866
f 1869/1869 1843/1843 1868/1868
f 1830/1830 1843/1843 1869/1869
f 1833/1833 1830/1830 1869/1869
f 1870/1870 1833/1833 1869/1869
f 1871/1871 1833/1833 1870/1870
f 1872/1872 1871/1871 1870/1870
f 1873/1873 1870/1870 1869/1869
f 1872/1872 1870/1870 1873/1873
f 1874/1874 1869/1869 1868/1868
f 1873/1873 1869/1869 1874/1874
f 1875/1875 1874/1874 1868/1868
f 1876/1876 1872/1872 1873/1873
f 1877/1877 1872/1872 1876/1876
f 1878/1878 1877/1877 1876/1876
f 1879/1879 1875/1875 1868/1868
f 1867/1867 1879/1879 1868/1868
f 1880/1880 1874/1874 1875/1875
f 1879/1879 1880/1880 1875/1875
f 1881/1881 1874/1874 1880/1880
f 1873/1873 1874/1874 1881/1881
f 1882/1882 1879/1879 1867/1867
f 1883/1883 1882/1882 1867/1867
f 1884/1884 1882/1882 1883/1883
f 1879/1879 1882/1882 1884/1884
f 1885/1885 1873/1873 1881/1881
f 1876/1876 1873/1873 1885/1885
f 1886/1886 1881/1881 1880/1880
f 1885/1885 1881/1881 1886/1886
f 1880/1880 1879/1879 1887/1887
f 1886/1886 1880/1880 1887/1887
f 1888/1888 1879/1879 1884/1884
f 1887/1887 1879/1879 1888/1888
f 1889/1889 1888/1888 1884/1884
f 1890/1890 1889/1889 1884/1884
f 1891/1891 1887/1887 1888/1888
f 1886/1886 1887/1887 1891/1891
f 1889/1889 1891/1891 1888/1888
f 1892/1892 1889/1889 1890/1890
f 1891/1891 1889/1889 1892/1892
f 1893/1893 1892/1892 1890/1890
f 1894/1894 1893/1893 1890/1890
f 1895/1895 1893/1893 1894/1894
f 1896/1896 1891/1891 1892/1892
f 1893/1893 1896/1896 1892/1892
f 1897/1897 1891/1891 1896/1896
f 1886/1886 1891/1891 1897/1897
f 1898/1898 1886/1886 1897/1897
f 1885/1885 1886/1886 1898/1898
f 1899/1899 1893/1893 1895/1895
f 1900/1900 1899/1899 1895/1895
f 1901/1901 1899/1899 1900/1900
f 1902/1902 1885/1885 1898/1898
f 1876/1876 1885/1885 1902/1902
f 1878/1878 1876/1876 1902/1902
f 1903/1903 1902/1902 1898/1898
f 1878/1878 1902/1902 1903/1903
f 1897/1897 1903/1903 1898/1898
f 1904/1904 1878/1878 1903/1903
f 1905/1905 1903/1903 1897/1897
f 1904/1904 1903/1903 1905/1905
f 1896/1896 1905/1905 1897/1897
f 1906/1906 1878/1878 1904/1904
f 1907/1907 1905/1905 1896/1896
f 1893/1893 1907/1907 1896/1896
f 1908/1908 1904/1904 1905/1905
f 1907/1907 1908/1908 1905/1905
f 1909/1909 1907/1907 1893/1893
f 1908/1908 1907/1907 1909/1909
f 1899/1899 1909/1909 1893/1893
f 1910/1910 1909/1909 1899/1899
f 1908/1908 1909/1909 1910/1910
f 1901/1901 1910/1910 1899/1899
f 1904/1904 1908/1908 1911/1911
f 1906/1906 1904/1904 1911/1911
f 1912/1912 1908/1908 1910/1910
f 1911/1911 1908/1908 1912/1912
f 1913/1913 1910/1910 1901/1901
f 1914/1914 1913/1913 1901/1901
f 1915/1915 1912/1912 1910/1910
f 1913/1913 1915/1915 1910/1910
f 1916/1916 1911/1911 1912/1912
f 1917/1917 1906/1906 1911/1911
f 1916/1916 1917/1917 1911/1911
f 1918/1918 1906/1906 1917/1917
f 1919/1919 1918/1918 1917/1917
f 1920/1920 1918/1918 1919/1919
f 1921/1921 1919/1919 1917/1917
f 1916/1916 1921/1921 1917/1917
f 1922/1922 1921/1921 1916/1916
f 1916/1916 1912/1912 1923/1923
f 1915/1915 1923/1923 1912/1912
f 1924/1924 1922/1922 1916/1916
f 1923/1923 1924/1924 1916/1916
f 1925/1925 1922/1922 1924/1924
f 1926/1926 1925/1925 1924/1924
f 1923/1923 1926/1926 1924/1924
f 1915/1915 1926/1926 1923/1923
f 1913/1913 1926/1926 1915/1915
f 1927/1927 1926/1926 1913/1913
f 1930/1930 1929/1929 1928/1928
f 1931/1931 1930/1930 1928/1928
f 1932/1932 1928/1928 1929/1929
f 1933/1933 1932/1932 1929/1929
f 1934/1934 1931/1931 1928/1928
f 1935/1935 1932/1932 1933/1933
f 1936/1936 1935/1935 1933/1933
f 1937/1937 1928/1928 1932/1932
f 1934/1934 1928/1928 1937/1937
f 1938/1938 1932/1932 1935/1935
f 1937/1937 1932/1932 1938/1938
f 1939/1939 1931/1931 1934/1934
f 1937/1937 1939/1939 1934/1934
f 1940/1940 1931/1931 1939/1939
f 1941/1941 1931/1931 1940/1940
f 1942/1942 1939/1939 1937/1937
f 1943/1943 1941/1941 1940/1940
f 1944/1944 1937/1937 1938/1938
f 1942/1942 1937/1937 1944/1944
f 1945/1945 1944/1944 1938/1938
f 1935/1935 1945/1945 1938/1938
f 1946/1946 1940/1940 1939/1939
f 1942/1942 1946/1946 1939/1939
f 1947/1947 1945/1945 1935/1935
f 1948/1948 1947/1947 1935/1935
f 1949/1949 1947/1947 1948/1948
f 1950/1950 1947/1947 1949/1949
f 1945/1945 1947/1947 1950/1950
f 1951/1951 1950/1950 1949/1949
f 1952/1952 1945/1945 1950/1950
f 1944/1944 1945/1945 1952/1952
f 1942/1942 1944/1944 1953/1953
f 1952/1952 1953/1953 1944/1944
f 1946/1946 1942/1942 1954/1954
f 1955/1955 1952/1952 1950/1950
f 1951/1951 1955/1955 1950/1950
f 1956/1956 1952/1952 1955/1955
f 1957/1957 1955/1955 1951/1951
f 1958/1958 1955/1955 1957/1957
f 1956/1956 1955/1955 1958/1958
f 1959/1959 1957/1957 1951/1951
f 1960/1960 1952/1952 1956/1956
f 1953/1953 1952/1952 1960/1960
f 1961/1961 1958/1958 1957/1957
f 1959/1959 1961/1961 1957/1957
f 1962/1962 1958/1958 1961/1961
f 1963/1963 1961/1961 1959/1959
f 1964/1964 1958/1958 1962/1962
f 1965/1965 1963/1963 1959/1959
f 1966/1966 1964/1964 1962/1962
f 1967/1967 1958/1958 1964/1964
f 1966/1966 1967/1967 1964/1964
f 1956/1956 1958/1958 1967/1967
f 1968/1968 1967/1967 1966/1966
f 1969/1969 1968/1968 1966/1966
f 1970/1970 1956/1956 1967/1967
f 1968/1968 1970/1970 1967/1967
f 1969/1969 1970/1970 1968/1968
f 1960/1960 1956/1956 1970/1970
f 1971/1971 1970/1970 1969/1969
f 1972/1972 1971/1971 1969/1969
f 1973/1973 1960/1960 1970/1970
f 1971/1971 1973/1973 1970/1970
f 1972/1972 1973/1973 1971/1971
f 1953/1953 1960/1960 1973/1973
f 1974/1974 1953/1953 1973/1973
f 1972/1972 1974/1974 1973/1973
f 1975/1975 1953/1953 1974/1974
f 1942/1942 1953/1953 1975/1975
f 1976/1976 1974/1974 1972/1972
f 1975/1975 1974/1974 1976/1976
f 1954/1954 1942/1942 1975/1975
f 1976/1976 1954/1954 1975/1975
f 1972/1972 1954/1954 1976/1976
f 1977/1977 1954/1954 1972/1972
f 1978/1978 1977/1977 1972/1972
f 1979/1979 1977/1977 1978/1978
f 1980/1980 1979/1979 1978/1978
f 1981/1981 1954/1954 1977/1977
f 1946/1946 1954/1954 1981/1981
f 1940/1940 1946/1946 1981/1981
f 1982/1982 1977/1977 1979/1979
f 1981/1981 1977/1977 1982/1982
f 1980/1980 1982/1982 1979/1979
f 1983/1983 1940/1940 1981/1981
f 1982/1982 1983/1983 1981/1981
f 1980/1980 1983/1983 1982/1982
f 1943/1943 1940/1940 1983/1983
f 1980/1980 1943/1943 1983/1983
f 1984/1984 1943/1943 1980/1980
f 1985/1985 1943/1943 1984/1984
f 1986/1986 1984/1984 1980/1980
f 1987/1987 1986/1986 1980/1980
f 1990/1990 1989/1989 1988/1988
f 1991/1991 1989/1989 1990/1990
f 1992/1992 1991/1991 1990/1990
f 1993/1993 1991/1991 1992/1992
f 1994/1994 1991/1991 1993/1993
f 1995/1995 1994/1994 1993/1993
f 1996/1996 1995/1995 1993/1993
f 1997/1997 1995/1995 1996/1996
f 1998/1998 1994/1994 1995/1995
f 1999/1999 1995/1995 1997/1997
f 2000/2000 1998/1998 1995/1995
f 1999/1999 2000/2000 1995/1995
f 2001/2001 1998/1998 2000/2000
f 2002/2002 2001/2001 2000/2000
f 2003/2003 2000/2000 1999/1999
f 2004/2004 2003/2003 1999/1999
f 2005/2005 2002/2002 2000/2000
f 2003/2003 2005/2005 2000/2000
f 2006/2006 2002/2002 2005/2005
f 2007/2007 2005/2005 2003/2003
f 2008/2008 2007/2007 2003/2003
f 2009/2009 2006/2006 2005/2005
f 2007/2007 2009/2009 2005/2005
f 2010/2010 2006/2006 2009/2009
f 2011/2011 2009/2009 2007/2007
f 2012/2012 2010/2010 2009/2009
f 2013/2013 2009/2009 2011/2011
f 2014/2014 2013/2013 2011/2011
f 2015/2015 2009/2009 2013/2013
f 2014/2014 2015/2015 2013/2013
f 2012/2012 2009/2009 2015/2015
f 2016/2016 2015/2015 2014/2014
f 2017/2017 2016/2016 2014/2014
f 2018/2018 2016/2016 2017/2017
f 2019/2019 2012/2012 2015/2015
f 2020/2020 2012/2012 2019/2019
f 2021/2021 2015/2015 2016/2016
f 2019/2019 2015/2015 2021/2021
f 2022/2022 2016/2016 2018/2018
f 2021/2021 2016/2016 2022/2022
f 1965/1965 2022/2022 2018/2018
f 2023/2023 2021/2021 2022/2022
f 2024/2024 2022/2022 1965/1965
f 2023/2023 2022/2022 2024/2024
f 1959/1959 2024/2024 1965/1965
f 2025/2025 2021/2021 2023/2023
f 2019/2019 2021/2021 2025/2025
f 2024/2024 2025/2025 2023/2023
f 2026/2026 2019/2019 2025/2025
f 2027/2027 2024/2024 1959/1959
f 2027/2027 2026/2026 2025/2025
f 2024/2024 2027/2027 2025/2025
f 1951/1951 2027/2027 1959/1959
f 2028/2028 2027/2027 1951/1951

