# https://github.com/mikedh/trimesh
mtllib CourtTrashBin.mtl
usemtl tripo_mat_95334d74-ae4f-4830-8d15-7ad227c6cf58
v -0.27695437 0.22413153 -0.00110194
v -0.27709449 0.41685237 -0.00058725
v -0.09743315 0.87110847 -0.00757841
v 0.27841185 0.59986478 -0.00414881
v -0.08628006 0.42527235 -0.00195206
v 0.27499022 0.24665838 -0.00154403
v 0.27495747 0.45360741 -0.00203176
v 0.26084570 0.84590194 -0.00501828
v -0.01395139 0.00066352 -0.00297168
v -0.08732391 0.42555258 -0.00182961
v -0.31301975 0.80368556 -0.00169400
v -0.28757502 0.82473070 -0.00157504
v 0.27265732 0.71350811 0.00444859
v -0.27240767 0.61759124 0.01035951
v -0.27694562 0.17052387 -0.00045104
v -0.27695437 0.43698852 -0.00138961
v -0.27701042 0.44091347 -0.00076479
v 0.27503503 0.53285667 -0.00209452
v 0.27498321 0.47246104 -0.00135674
v 0.27478092 0.48759407 0.00314596
v 0.27468897 0.44252872 -0.00286404
v 0.27487112 0.14725091 -0.00103111
v 0.27503225 0.29357559 -0.00017905
v 0.27501548 0.28557782 -0.00117910
v 0.27489915 0.15476103 -0.00132806
v -0.27670217 0.06391104 -0.00119969
v -0.07385894 0.87147277 -0.00117454
v 0.26321363 0.62405926 -0.00114164
v 0.27498321 0.22048856 -0.00100809
v -0.27570736 0.60640838 -0.03826075
v -0.26649748 0.67975221 0.01343884
v 0.27509531 0.41732788 -0.00076880
v 0.27498321 0.46687048 -0.00075994
v -0.27680025 0.05491571 0.00022909
v -0.06992874 0.87141672 -0.00072694
v -0.27696838 0.29757059 -0.00193210
v -0.08585271 0.42586433 -0.00066717
v -0.27836303 0.55633570 0.00297970
v 0.00380041 0.87231345 -0.00058377
v -0.16599799 0.86079607 0.00806184
v 0.27864613 0.55694982 -0.02013188
v 0.26208118 0.67930773 0.00004676
v 0.28725721 0.82296526 -0.00344170
v -0.11445110 0.87726410 -0.00249476
v -0.27699641 0.21609599 0.00031274
v 0.27506728 0.35846594 -0.00043844
v -0.27678624 0.07021617 0.00133462
v 0.27506728 0.37595218 -0.00041250
v 0.27488513 0.15439673 -0.00196872
v 0.27498321 0.26938839 -0.00027709
v 0.27501124 0.26190630 -0.00022553
v -0.31470112 0.80365753 -0.00016185
v -0.11938202 0.44720612 -0.00020249
v -0.27717856 0.40292765 0.00082846
v -0.27712251 0.39612511 -0.00011069
v -0.27715053 0.41128546 -0.00011446
v -0.12770480 0.87539596 -0.00083653
v 0.27498321 0.24668990 -0.00010184
v 0.27811476 0.84117309 0.00504476
v -0.27200834 0.69003199 -0.00615226
v 0.27891867 0.58096015 0.00300947
v 0.27501124 0.28277629 0.00009227
v 0.27501124 0.03294582 -0.00246725
v -0.27701042 0.23185182 0.00002215
v 0.27506728 0.36617222 0.00013198
v -0.27702113 0.18378418 0.00087004
v -0.27702443 0.22245016 0.00114033
v -0.27714353 0.42523995 0.00133865
v -0.27715053 0.40259488 0.00019445
v -0.27704545 0.37937972 -0.00106922
v 0.04048284 0.87234147 -0.01044397
v -0.27709449 0.29372621 0.00022291
v 0.26931605 0.64103237 -0.00144050
v 0.03234757 0.89977582 0.00041552
v -0.07090766 0.43130609 0.01612139
v -0.30978224 0.80385369 -0.01283447
v -0.11487210 0.44756511 0.00450972
v -0.26463309 0.62512850 0.00113677
v 0.27501124 0.25714242 -0.00096639
v 0.27506728 0.55269914 0.00069813
v -0.27123772 0.63619314 0.00151854
v 0.27503926 0.36450836 0.00081460
v 0.27509531 0.55281473 -0.00025870
v 0.27482091 0.10491098 -0.00131660
v -0.27472306 0.46041059 -0.01772582
v -0.27703844 0.21024622 0.00081949
v -0.11876552 0.44768032 0.00083107
v -0.27712251 0.29096596 0.00084904
v -0.04712429 0.89610483 -0.00789339
v 0.27480457 0.14307902 0.00106639
v -0.27617499 0.29847345 0.00369013
v 0.27489915 0.16314686 -0.00061362
v -0.06995326 0.42534328 0.00119569
v 0.00007392 0.87231345 0.00110230
v 0.26158830 0.65907377 0.00299885
v -0.32997356 0.82363781 0.00112731
v -0.11053294 0.87071265 0.01541651
v 0.27489214 0.28264319 0.00254594
v 0.27496920 0.26578045 0.00092931
v -0.22327665 0.84835394 0.00129346
v -0.31220709 0.80362951 0.00134755
v 0.27498321 0.01400239 0.00138731
v -0.27703844 0.21145120 0.00142811
v -0.27601342 0.39084675 0.00471354
v -0.27710850 0.33835606 0.00160303
v -0.27717149 0.41116145 0.00249140
v -0.27687030 0.29698387 0.00312612
v -0.27701042 0.24030595 -0.00005439
v -0.27686330 0.12998185 0.00157410
v -0.28286719 0.78586304 0.00416230
v 0.28736930 0.82072343 0.00156180
v -0.26378365 0.67604159 0.00158902
v -0.10250006 0.43209054 -0.00030359
v 0.27498321 0.46525041 0.00012979
v 0.27491626 0.29086657 0.00276576
v 0.27498321 0.45961115 -0.00117903
v 0.27475903 0.34993299 0.00536557
v -0.32991751 0.82164819 0.00172783
v -0.03268356 0.87211028 0.00735808
v -0.26392376 0.67871777 0.00193405
v -0.27662941 0.05730582 0.00275815
v -0.27536758 0.18540749 0.00603398
v -0.06210336 0.42585032 0.00200452
v 0.27393236 0.41095794 0.01719197
v -0.20398294 0.85283759 0.00778775
v 0.03060315 0.89966373 -0.00225973
v -0.27645215 0.14460511 0.00346494
v -0.32977740 0.81764092 0.00398016
v -0.06372869 0.42593439 0.00228256
v -0.06720811 0.89094250 0.03319704
v 0.00405919 0.87231345 0.00234735
v 0.27482395 0.23139742 0.00285782
v -0.12861554 0.87525585 0.00250762
v -0.27741941 0.55359441 -0.00460422
v -0.27695087 0.20257322 0.00215019
v 0.27500423 0.38123098 0.00143088
v -0.28076548 0.56427957 0.00259697
v 0.27501124 0.20452957 -0.00193092
v 0.27491316 0.24620126 0.00171064
v 0.27495519 0.37831311 0.00272124
v 0.27501124 0.03022760 0.00274007
v 0.27495519 0.01988718 0.00388966
v 0.27497971 0.02416416 0.00312391
v 0.27472238 0.12213090 0.00182094
v 0.25915032 0.00074759 0.00756175
v 0.11117929 0.50326162 0.00220842
v 0.17118667 0.00070206 0.01159924
v 0.27501124 0.37534269 0.00194186
v -0.21363680 0.85065181 -0.00488350
v -0.27667414 0.04110046 0.00314954
v -0.27614178 0.35600674 0.00421935
v -0.09326628 0.42885569 0.00020581
v 0.24791317 0.58190592 0.00127785
v 0.00265082 0.87231345 0.00482080
v 0.01113692 0.87232746 0.00420999
v 0.28742535 0.82139598 0.00327863
v -0.11501396 0.87717541 0.00328854
v -0.12480444 0.87581630 0.00331941
v -0.27678624 0.44413346 0.00328703
v 0.01812396 0.00066352 0.00265112
v 0.24390590 0.60379876 0.02139715
v 0.26918249 0.67800319 0.00338022
v 0.08333335 0.88509186 0.00485024
v -0.32997356 0.82302130 -0.00021648
v 0.27476954 0.11871317 0.00080734
v -0.10759843 0.87798107 0.00886464
v -0.27772941 0.50469825 0.00186029
v -0.27509915 0.19946118 0.00606376
v 0.26528154 0.70923305 0.01539909
v -0.27633787 0.42093976 0.00421101
v -0.27675821 0.40904714 0.00364344
v -0.20411605 0.85280957 0.00379778
v -0.27667414 0.03891468 0.00369336
v -0.27703844 0.39530545 0.00256872
v 0.04900802 0.87234147 0.00532926
v 0.28175073 0.83264014 -0.00924221
v -0.27570923 0.05368895 0.00486985
v -0.27205038 0.68887605 0.00356769
v -0.28995696 0.78440585 0.04506074
v -0.10076086 0.87156384 -0.01037609
v 0.27927071 0.55944213 0.00569932
v -0.11081404 0.87773587 -0.00367442
v 0.07443085 0.87229944 0.01087153
v 0.07251829 0.87231345 0.00390436
v 0.26235893 0.61032807 0.00044076
v 0.00363928 0.87231345 0.00392451
v -0.10313579 0.87863260 0.00730084
v 0.27499723 0.55165178 0.00233856
v -0.19044792 0.56416047 0.00411369
v -0.27628183 0.44856710 0.00427636
v 0.28648658 0.82921435 -0.01680804
v 0.31435528 0.83540739 0.00425505
v -0.27796319 0.55618798 0.00306503
v -0.27667414 0.03521567 0.00322332
v 0.07812986 0.87225740 0.00435185
v 0.27929873 0.56046846 0.00452434
v -0.00700370 0.44204095 0.00782056
v 0.27474502 0.48302498 0.00487766
v -0.13050708 0.87500364 0.00348098
v -0.27110811 0.67430418 0.00261399
v -0.28073745 0.56063660 0.00470262
v -0.27829947 0.55640515 0.00489834
v -0.27520995 0.42000932 0.00591001
v 0.28280158 0.83226884 0.00022524
v -0.10589604 0.87831033 0.00502354
v 0.26951876 0.63576579 0.00121534
v 0.27484271 0.31663791 0.00379100
v -0.14979204 0.86711872 0.01208744
v 0.27464694 0.47940894 0.00679988
v -0.18959322 0.56343188 0.00518425
v -0.27595569 0.27776361 0.00457270
v 0.03364735 0.89994746 0.00677046
v -0.27541312 0.52669396 0.00522104
v -0.27508385 0.44309191 0.00612806
v -0.27541312 0.51537974 0.00527008
v -0.27599459 0.45063704 0.00452211
v -0.27804989 0.55604327 0.00598477
v -0.27532905 0.49780943 0.00545135
v 0.27481508 0.38124850 0.00480643
v -0.27540632 0.78976486 0.00983135
v -0.28073745 0.56681563 0.00147967
v -0.27496475 0.43647535 0.00638486
v -0.10987528 0.87780592 0.00563435
v -0.04510916 0.43769215 0.01563461
v -0.27528001 0.48556521 0.00556279
v 0.27174658 0.00078963 0.00113940
v -0.27528571 0.44328398 0.00561442
v 0.28745337 0.82110174 0.00816468
v 0.27501124 0.55361688 0.00387368
v -0.20203535 0.85331398 0.00596451
v -0.27509097 0.54462040 0.00617105
v -0.11298559 0.44181374 0.00088081
v -0.27500915 0.42829899 0.00612218
v -0.18857039 0.56257718 0.00623686
v -0.18857039 0.56257718 0.00623686
v 0.27492717 0.32364058 0.00224485
v -0.27494023 0.14685859 0.00661594
v -0.27501555 0.49328357 0.00634736
v -0.27519931 0.41375815 0.00573528
v -0.27511833 0.51146847 0.00585893
v -0.18997941 0.56163732 0.02240770
v -0.06025364 0.87151217 0.00332620
v 0.27489915 0.02047566 0.00653804
v 0.05452677 0.87234147 0.00669964
v -0.27076133 0.65608234 0.00909826
v -0.27494136 0.45871935 0.00638814
v -0.27505933 0.45983237 0.00595029
v -0.27493284 0.46953457 0.00652842
v 0.08570303 0.88500779 0.00674035
v 0.27464727 0.27080112 0.00721726
v 0.27501124 0.41315949 -0.00246670
v 0.26199814 0.67940083 0.00508912
v 0.26385815 0.61468562 0.01230593
v 0.27464694 0.48926597 0.00693299
v -0.27043294 0.67235265 0.01425263
v 0.26161633 0.66097933 0.00698203
v -0.09807067 0.87944526 0.01028308
v 0.26337095 0.79849546 -0.00677983
v 0.27465533 0.36582662 0.00722548
v -0.27496125 0.52400639 0.00685917
v -0.27168608 0.68360776 0.00726846
v -0.27489470 0.50389651 0.00767172
v -0.27490871 0.42516902 0.00728685
v -0.27530103 0.42634948 0.00545135
v -0.27496475 0.41373395 0.00731837
v -0.03741335 0.89702540 0.00358133
v 0.27472400 0.27368289 0.00556906
v 0.27907455 0.57408055 0.00732093
v -0.27488068 0.46799490 0.00732538
v -0.27485266 0.47699723 0.00811308
v -0.27490520 0.34824724 0.00726665
v 0.26657177 0.68291901 0.01375849
v -0.27585448 0.19125375 0.00469134
v -0.27485266 0.16622937 0.00738974
v 0.27484310 0.01912356 0.00842323
v 0.27467496 0.29923970 0.00724124
v -0.27605914 0.55588190 0.00653726
v 0.07966762 0.87223639 0.00982330
v -0.00922692 0.89879502 0.00771328
v -0.27478260 0.05692635 0.00870660
v -0.16339241 0.86126441 0.00769349
v -0.11290875 0.87741360 0.00784553
v -0.10782261 0.87803011 0.00787005
v -0.27485266 0.46890389 0.00799180
v -0.27482464 0.16087001 0.00802858
v -0.27488068 0.45653444 0.00733238
v -0.27654804 0.03286175 0.00822167
v -0.27485266 0.17527374 0.00803909
v 0.08865245 0.88296212 0.02657045
v -0.27633787 0.00999512 0.00808375
v 0.27488513 0.23262595 0.00109896
v 0.00987589 0.87234147 0.00817128
v -0.27479662 0.15923768 0.00945380
v 0.11364721 0.87056784 -0.00071578
v 0.26195260 0.67881585 0.00825006
v -0.27490871 0.52802504 0.00827728
v -0.27479662 0.05603662 0.00813279
v -0.07867186 0.87183706 0.00839635
v 0.27479596 0.54855221 0.00585415
v -0.27488068 0.42159786 0.01118990
v 0.28490900 0.77644856 -0.00006506
v -0.27483164 0.50073606 0.01106008
v -0.00141336 0.89896316 0.00857674
v -0.27076133 0.65531872 0.00857940
v 0.27446479 0.20813750 0.00905046
v 0.08678892 0.88488169 0.01924642
v -0.27884106 0.00052415 0.00403876
v 0.27897647 0.55871966 -0.00679427
v 0.26165136 0.66620909 0.00896727
v 0.26174418 0.65073348 0.00500007
v -0.28939651 0.83666842 -0.05198931
v 0.27459089 0.49461833 0.00770099
v 0.31844661 0.83235290 0.01481528
v -0.27462848 0.07055245 0.01256302
v 0.25303434 0.84442023 0.01323834
v -0.27481063 0.43744301 0.00948379
v -0.27485266 0.49772887 0.00891830
v -0.32210270 0.82617623 0.08507641
v -0.27157399 0.68184232 0.00778819
v -0.32974062 0.81965506 0.01016341
v -0.27524498 0.38496152 0.00562474
v -0.22595283 0.85393748 0.01382404
v -0.27482464 0.14823171 0.00906892
v 0.27506728 0.41676042 0.00051193
v 0.27466796 0.36017884 0.00705854
v 0.00566897 0.87234147 0.00545044
v -0.27486667 0.49461833 0.00865515
v -0.27474057 0.05628883 0.00933864
v 0.26189656 0.67707143 0.00816818
v 0.27436671 0.47630191 0.01151735
v -0.27628183 0.00960280 0.00955757
v -0.27630985 0.00901433 0.00970644
v -0.09483676 0.88564371 0.01642197
v -0.27663912 0.04391675 0.00544413
v 0.27445078 0.47562937 0.00979307
v -0.27489470 0.52556604 0.00913329
v 0.08666983 0.88495174 0.00982987
v -0.27735867 0.05017625 0.02405630
v 0.27450683 0.37843746 0.00986093
v -0.00898785 0.89879502 0.00985178
v -0.27647799 0.03989548 0.00989735
v 0.27447880 0.33571841 0.00992968
v -0.01317288 0.44161973 0.01036100
v -0.27511713 0.28413321 0.00661537
v -0.07465058 0.87183706 0.00998402
v 0.26217591 0.64574629 0.01105347
v 0.27482909 0.03101925 0.00889174
v 0.27447880 0.32530793 0.01006016
v -0.27477033 0.17292550 0.01076352
v -0.27479486 0.17516165 0.01017698
v -0.00695055 0.44430970 0.01266479
v -0.27488068 0.30761152 0.01035009
v -0.27488244 0.54067209 0.00968641
v -0.15204919 0.86831188 0.01224266
v 0.27183765 0.70693676 -0.00086891
v -0.27476859 0.14638221 0.01051035
v -0.27479662 0.46063891 0.01072753
v -0.26429260 0.63162451 0.00869782
v 0.24794119 0.58206706 0.00778462
v 0.24825199 0.57766693 0.02245841
v -0.27625380 0.00954676 0.01160193
v 0.10129938 0.87660751 0.00771770
v 0.26074101 0.83864590 0.01047886
v -0.27488068 0.30360426 0.01105679
v -0.17918274 0.55411429 0.01283098
v -0.27478260 0.45314291 0.01378158
v -0.27485266 0.45325840 0.00732538
v -0.27473356 0.15137027 0.01397336
v -0.04432638 0.87204723 0.01439498
v -0.27551766 0.00044340 0.01962438
v 0.31847464 0.80343335 0.00792494
v 0.07379828 0.87231344 0.01167960
v 0.06959691 0.87232746 0.00435119
v 0.27441225 0.13721524 0.00786277
v 0.27364162 0.34964050 0.01789123
v 0.27824787 0.60229953 0.01379683
v 0.30846611 0.83979997 -0.00583894
v -0.01233307 0.89873897 0.01171617
v 0.27838098 0.58634054 0.01716985
v 0.27560497 0.73042514 -0.00399261
v 0.27442276 0.47009311 0.01062237
v 0.27443677 0.34628302 0.01101469
v -0.00303081 0.44491635 0.01183439
v -0.27462848 0.06382697 0.01189398
v 0.26823059 0.44307327 0.01878711
v -0.27095048 0.64398348 0.01152705
v -0.27484680 0.23799143 0.00750754
v -0.27494007 0.05287127 0.01295298
v -0.00114356 0.44580980 0.01274513
v -0.27606115 0.04572422 0.02150581
v 0.28601370 0.83322336 0.01659769
v -0.06932800 0.87187559 0.01307813
v -0.03290708 0.87220136 0.01222321
v 0.00130202 0.89900519 0.01227860
v 0.27191541 0.00077113 0.00771060
v 0.09679556 0.88109709 0.01430616
v -0.28253091 0.78631140 0.01708696
v -0.27482464 0.45631069 0.00997879
v -0.28384098 0.81310122 0.00586763
v -0.26386771 0.64018289 0.00586480
v 0.05467082 0.87234147 0.01177790
v 0.26946272 0.64197985 -0.01230906
v -0.01207999 0.44438698 0.01538891
v 0.21816869 0.84925767 0.01061132
v -0.27478260 0.11119955 0.00768530
v -0.32938508 0.80769282 0.01471378
v -0.27464249 0.05909111 0.01256652
v 0.24754887 0.58662076 0.01285019
v -0.27483865 0.55108958 0.02646585
v -0.27481063 0.29214993 0.02377040
v 0.31684931 0.80340533 0.01305159
v -0.01003946 0.44216408 0.00973975
v 0.27450683 0.05329039 0.00292353
v 0.27596603 0.04801413 -0.01358851
v -0.27586485 0.83566338 0.01485616
v -0.10206392 0.44627414 0.01333888
v -0.27476356 0.43535747 0.02061134
v 0.27448581 0.31059595 0.00982415
v 0.26649731 0.61295327 0.01721786
v 0.27461892 0.03756958 0.01358753
v 0.01646454 0.87234147 0.00988483
v -0.27599459 0.05301716 0.00485871
v -0.27478260 0.05354960 0.01691357
v 0.27033318 0.70409945 0.01495485
v 0.26239746 0.60927897 0.02043211
v -0.10699725 0.87190011 0.01151773
v 0.07087195 0.87231345 0.01777522
v 0.27831092 0.60016630 0.01331912
v 0.27398840 0.29353005 0.01708426
v -0.28365183 0.83406930 0.01539201
v -0.04236128 0.87206124 0.01410950
v 0.24743403 0.57894384 0.00364287
v -0.21378042 0.85108966 0.01251791
v 0.27901850 0.56773338 0.01421454
v 0.24746480 0.58614438 0.01568750
v -0.27901405 0.81298913 0.02294460
v 0.03187819 0.90000000 0.01841274
v 0.27534051 0.55529125 -0.00231356
v -0.03364618 0.87220136 0.01405520
v -0.20061484 0.85898430 0.01507622
v -0.27462498 0.16277556 0.02610965
v -0.10235816 0.44748372 0.01389758
v 0.27824592 0.60093733 0.01490638
v -0.32938508 0.80769282 0.01471378
v -0.27463566 0.08168640 0.01589655
v 0.27436671 0.55059392 0.01450528
v -0.27468978 0.43731724 0.02633942
v -0.17169590 0.57040471 0.02114552
v 0.27407247 0.36807602 0.01620416
v -0.17986580 0.55425528 0.01873635
v -0.27259525 0.60978213 0.01600885
v 0.00494375 0.44835226 0.01425908
v 0.27208752 0.71366446 0.01399136
v -0.27001684 0.66348596 0.01527296
v 0.27401292 0.73484749 0.01573040
v 0.27797815 0.60055686 0.01928514
v 0.26537576 0.68388229 -0.00039917
v -0.28185837 0.78670723 0.01411621
v 0.28843417 0.78369828 0.01575842
v -0.28239330 0.78641565 0.01359334
v -0.26537080 0.62271735 0.01593509
v 0.28618137 0.83131936 0.01474574
v 0.27897647 0.56624817 0.01618052
v -0.00485973 0.89887909 0.00917835
v -0.08061813 0.87182480 0.00808613
v -0.28783311 0.83025819 0.01711755
v 0.28831507 0.78380336 0.01653606
v -0.27481379 0.33920832 0.01268646
v -0.27468753 0.11476575 0.01868293
v -0.00883109 0.44566728 0.01651070
v -0.26800108 0.65623997 0.01663377
v -0.27226055 0.60917476 0.01610583
v -0.26437213 0.63238204 0.01264271
v 0.26792672 0.25984574 0.01898986
v 0.27369473 0.38373146 0.01849069
v 0.27405534 0.30005558 0.01730769
v -0.06458864 0.87176701 0.00960615
v -0.27471255 0.13543929 0.01689868
v 0.24777305 0.58012647 0.01670945
v -0.00842564 0.44608849 0.01718675
v 0.28980729 0.78406958 0.01727428
v 0.00931172 0.87234147 0.01512313
v 0.00416493 0.89896316 0.02064407
v 0.27368597 0.41980638 0.01841881
v -0.17980707 0.55415994 0.01595081
v 0.27125618 0.00085968 -0.03146617
v 0.27403044 0.30198594 0.01676462
v -0.07715162 0.87197718 0.01774897
v 0.27890641 0.56515528 0.01786802
v 0.00585024 0.89890711 0.02630293
v -0.27487024 0.41556441 0.01886834
v 0.27496045 0.00206817 0.01669429
v -0.03123797 0.87217334 0.00955666
v -0.32946914 0.82218062 0.01825867
v 0.28704704 0.83061549 0.01788947
v 0.26218542 0.60948988 0.01663296
v -0.32914688 0.80753869 0.01977803
v 0.26966588 0.05054765 0.02209115
v -0.27965157 0.60009099 0.01545550
v 0.27351202 0.29619923 0.01845387
v 0.26240436 0.32983760 0.01858877
v 0.27372452 0.35864944 0.01830437
v 0.08425912 0.88512594 0.02282321
v -0.27474057 0.05497176 0.01132651
v 0.26292802 0.38742463 0.01915013
v -0.11393158 0.86911885 0.01920441
v -0.03487218 0.87225740 0.02206448
v 0.30953404 0.80333909 0.01821061
v -0.11526267 0.86889467 0.02001357
v -0.09838942 0.87133090 0.03760905
v -0.27481180 0.45936907 0.02179151
v 0.31417313 0.80327922 0.02250667
v 0.31621880 0.80327922 0.02338588
v 0.26271260 0.27327673 0.01866764
v 0.27250319 0.37033361 0.01960259
v 0.24730367 0.58989593 0.01501276
v 0.27333687 0.42579384 0.01858961
v 0.27843002 0.58013348 0.01973329
v -0.08034710 0.87197367 0.02025964
v -0.27460046 0.06469568 0.01977014
v 0.27282078 0.32383020 0.01983970
v 0.06677712 0.87232746 0.01905464
v -0.27128676 0.79164975 0.01099812
v 0.26972559 0.05190633 0.01800032
v 0.00681069 0.89901307 0.02254042
v -0.09943152 0.87637326 0.04146504
v 0.26850994 0.00071957 0.02648329
v 0.26285984 0.38962995 0.01991872
v 0.27964694 0.00268738 0.00446726
v 0.23190206 0.57475813 0.02843192
v -0.12171712 0.87224687 0.01734148
v 0.07624982 0.88708068 -0.01050732
v 0.02282332 0.89967774 0.01746960
v -0.07434934 0.87200520 0.02127284
v 0.27854211 0.57121872 0.02130913
v -0.27462848 0.08929971 0.02142174
v -0.32961626 0.82484279 0.01639646
v -0.07007586 0.87203322 0.02145149
v -0.31589860 0.80343487 0.03092423
v 0.26446240 0.51169627 0.03307971
v -0.32921694 0.81878986 0.02131841
v -0.27468978 0.12454367 0.02058565
v 0.02113144 0.89952361 0.02177724
v -0.00260219 0.46370277 0.05342316
v -0.02213581 0.89845874 0.02223086
v 0.26248503 0.39027185 0.02238845
v -0.27462848 0.09473614 0.02239028
v -0.27472656 0.22322779 0.02385972
v 0.27859816 0.56553359 0.02242698
v 0.26233792 0.36917066 0.02127498
v -0.20113968 0.56648693 0.03358865
v 0.30351278 0.84293966 0.02556115
v 0.26959711 0.55185023 0.02010840
v -0.27465650 0.10757060 0.02283164
v 0.28879726 0.78406807 0.01777663
v -0.27479662 0.28512321 0.02387198
v -0.27477560 0.27337464 0.02355935
v -0.27446560 0.06367810 0.02575258
v -0.01012674 0.87230995 0.01867016
v 0.26325566 0.05219750 0.02682394
v 0.07580572 0.89085055 0.02163799
v -0.06433118 0.87206124 0.02328873
v 0.27176059 0.26447564 0.01935783
v 0.27556819 0.81273868 0.02042346
v -0.27485266 0.20668032 0.00780833
v 0.00551441 0.89896316 0.02363375
v 0.07761845 0.87217334 0.02363724
v -0.27475984 0.25374947 0.02315018
v -0.27998084 0.81301716 0.02381944
v -0.27486802 0.52990562 0.02294628
v 0.26256910 0.39458911 0.02219580
v 0.26234492 0.28194262 0.02228687
v 0.26324165 0.00071957 0.02303298
v -0.31809188 0.80346137 0.02409442
v -0.10123287 0.44499730 0.01296407
v 0.26305250 0.46158752 0.02772461
v -0.00317388 0.89890711 0.00552312
v -0.27476859 0.26011284 0.02435713
v 0.26248503 0.24007652 0.02538164
v 0.26245701 0.24898777 0.02548322
v 0.07485821 0.87220136 0.02441838
v -0.02005511 0.89854281 0.02454275
v -0.27471238 0.20923346 0.02466449
v -0.27465650 0.27838372 0.02683540
v 0.26313533 0.45754688 0.02354251
v -0.03341149 0.87225740 0.02473540
v -0.27503481 0.05228156 0.02343763
v -0.27480975 0.50431664 0.02472526
v -0.27483515 0.41684854 0.02442171
v -0.27485266 0.37139147 0.02435713
v -0.27462848 0.25635077 0.02695887
v -0.27476859 0.28356794 0.02494561
v 0.07622432 0.87217334 0.02495081
v -0.27446647 0.38160152 0.02745792
v 0.27428089 0.04718316 0.02541919
v 0.26231690 0.28709881 0.02513469
v -0.27450786 0.14652190 0.02775792
v -0.28746994 0.83128804 0.01819911
v -0.27482464 0.36845608 0.02526437
v 0.27845804 0.56138621 0.02530633
v -0.27472656 0.00045335 0.02395167
v 0.04124111 0.87225215 0.06855696
v -0.03608767 0.87225740 0.02856928
v 0.27403744 0.56409654 0.04173449
v 0.01292141 0.44920610 0.00807192
v 0.09418861 0.88367334 -0.00602186
v 0.26245701 0.24513464 0.02583526
v -0.27479662 0.36532453 0.02587211
v 0.30726551 0.80318114 0.03316497
v 0.26252006 0.21712582 0.02678059
v 0.08353827 0.88517593 0.02305402
v -0.02364554 0.89840270 0.02603321
v 0.31494376 0.80323719 0.02603667
v 0.26249554 0.39047457 0.02488621
v 0.26226304 0.17424653 0.03241373
v -0.28052728 0.81412406 0.05421020
v 0.07656059 0.87214531 0.02679682
v -0.27455142 0.08632930 0.02549906
v -0.27464249 0.12290609 0.02473763
v 0.26226085 0.29909258 0.02723290
v 0.27813578 0.56229345 0.02768520
v 0.26230289 0.29412554 0.02516797
v 0.26251306 0.38937512 0.02634317
v 0.26238696 0.26400100 0.02661027
v 0.26245701 0.24541486 0.02637120
v 0.27747725 0.56598195 0.02691589
v 0.26231690 0.28464682 0.02642199
v -0.27465475 0.20205392 0.02641834
v 0.30835840 0.80323719 0.02660938
v 0.27421609 0.00104709 0.02482118
v 0.00699404 0.00046736 0.07029176
v 0.00238176 0.89882304 0.02670225
v 0.26371804 0.48548990 0.02769177
v -0.27437820 0.05364199 0.02776632
v 0.08891166 0.88273794 0.02779863
v 0.27831793 0.56046846 0.02704549
v 0.26234492 0.27608585 0.02709103
v -0.27401368 0.42762293 0.02974071
v -0.27471255 0.50262585 0.02710512
v -0.27469854 0.50569260 0.02739410
v -0.27469854 0.49563066 0.02712088
v 0.26211373 0.25905848 0.03347761
v 0.27013527 0.00071957 0.02738877
v 0.26248503 0.38963433 0.02740629
v 0.26216277 0.32152485 0.02898433
v -0.03228532 0.87228543 0.02546838
v -0.26874369 0.33633492 0.05909317
v -0.27370373 0.00046736 0.02790026
v -0.27402949 0.14786742 0.02913152
v 0.05465419 0.87233096 0.02271249
v 0.26238950 0.56583334 0.02582130
v -0.27305920 0.00043934 0.02805439
v 0.26236594 0.24559701 0.02807534
v 0.27408123 0.57072569 0.02650080
v 0.27752540 0.56385250 0.02771391
v 0.26231655 0.20584267 0.03042211
v -0.27402116 0.15886807 0.02925844
v -0.27429599 0.07733509 0.02799782
v 0.26273724 0.44114028 0.02890901
v 0.26212074 0.23651061 0.03314747
v 0.26234492 0.23347714 0.02900709
v -0.18078846 0.55749271 0.02445408
v 0.08460314 0.88483965 0.02914373
v -0.27373175 0.00046736 0.02924186
v -0.05820819 0.44847021 0.03040127
v 0.27613772 0.00239623 0.02848513
v -0.27437627 0.15744772 0.02819713
v 0.30514978 0.84125015 0.03512832
v 0.26217678 0.30024152 0.02989682
v -0.26804136 0.26225352 0.05932239
v -0.27375977 0.06591467 0.02928214
v 0.26276526 0.44690641 0.02993885
v -0.27349355 0.07716583 0.03004226
v -0.27353559 0.08820682 0.03004401
v -0.27864975 0.56013219 0.03379732
v -0.27343751 0.06280414 0.03005802
v -0.27464599 0.05225354 0.02786305
v 0.26248503 0.21147923 0.02776884
v 0.31079638 0.83759317 0.03027862
v 0.31079638 0.83759317 0.03027862
v 0.24384986 0.57687583 0.04102363
v 0.26214876 0.32214136 0.03053434
v -0.27415121 0.21441614 0.02889445
v -0.27337789 0.07382305 0.03051388
v -0.27353559 0.13881604 0.03055543
v -0.27326583 0.05786886 0.03069224
v -0.27361966 0.15820784 0.03043983
v 0.26234492 0.27942056 0.02658137
v -0.27345152 0.10936406 0.03060096
v 0.26219080 0.30460607 0.02894404
v 0.00238176 0.89882304 0.02670225
v -0.10454729 0.87013653 0.02407459
v -0.12511269 0.87475144 0.03986949
v 0.09819192 0.87655935 0.03629097
v -0.27342789 0.05307858 0.03066173
v 0.26269521 0.46529945 0.03753129
v 0.26312956 0.48214117 0.03587093
v 0.26221882 0.35151628 0.02994761
v 0.01732603 0.89930644 0.02469314
v -0.02770972 0.89816451 0.03081460
v -0.27350757 0.14231890 0.03112289
v 0.30718144 0.84014325 0.03119287
v 0.31373878 0.80320917 0.03125942
v 0.08430890 0.88475558 0.03129798
v -0.17264992 0.55494665 0.03460668
v -0.11649567 0.87622263 0.03122270
v -0.27345152 0.05478961 0.03028396
v -0.27352158 0.13066140 0.03060096
v 0.20185708 0.57012609 0.00468632
v 0.26212074 0.29888241 0.03219119
v 0.26196661 0.22050958 0.03577461
v 0.26240797 0.38693363 0.03187943
v 0.26222596 0.24225935 0.03095676
v 0.27025962 0.81243918 -0.03160880
v -0.27409278 0.50771714 0.02964672
v 0.26273724 0.45009636 0.03166926
v 0.27289727 0.03049032 0.03377841
v 0.05098846 0.47356557 0.02634351
v 0.27296557 0.00977094 0.03228926
v -0.05894378 0.45055085 0.03238739
v -0.27705245 0.81344626 -0.03399592
v 0.26237294 0.38657984 0.03254498
v 0.27293755 0.01316170 0.03284622
v 0.26336973 0.47879360 0.02981671
v 0.08576259 0.87162689 0.03313873
v 0.26242899 0.39629675 0.03377448
v 0.30645285 0.84066167 0.03095467
v 0.27229302 0.00968687 0.03707066
v -0.11756054 0.87601246 0.03299339
v -0.11914383 0.87562014 0.03874157
v 0.26277927 0.45448735 0.03167452
v 0.26212074 0.24859546 0.03324905
v -0.18455043 0.55797640 0.01926326
v 0.26276526 0.45799250 0.03332961
v 0.26691702 0.56525971 0.02873524
v -0.09011710 0.47676621 0.04326835
v -0.27980580 0.55743813 0.02549157
v 0.26276526 0.46024484 0.03365538
v 0.26202266 0.22699686 0.03489189
v -0.27319931 0.43951648 0.03440857
v 0.26214876 0.32853056 0.02947998
v -0.27289106 0.06276210 0.03399873
v 0.26287541 0.47070487 0.03599342
v 0.26235893 0.38382660 0.03467646
v -0.27289106 0.06657320 0.03415286
v -0.27290508 0.44707895 0.03643497
v -0.27319931 0.45660625 0.03453117
v -0.27768297 0.59302398 0.03621604
v -0.26919210 0.31077093 0.05785182
v -0.27280700 0.05867077 0.03427896
v -0.06979562 0.87211729 0.03323158
v 0.26298945 0.47354517 0.03438748
v 0.27690278 0.81260382 0.03375171
v 0.26214876 0.34712370 0.03451708
v -0.27322734 0.49132915 0.03454868
v -0.27472656 0.45772946 0.02574557
v -0.27305920 0.06315442 0.03276573
v 0.27274139 0.01680467 0.03457312
v 0.26206469 0.31790991 0.03457663
v 0.27923547 0.78542928 0.04457525
v -0.27297513 0.50110912 0.03633163
v 0.26196661 0.79347124 0.04475943
v -0.32781921 0.80449125 0.03177629
v 0.26610348 0.44512094 0.04574198
v 0.26198062 0.30668677 0.03886763
v -0.12585617 0.87518229 0.02395034
v 0.06000611 0.87231345 0.03521418
v -0.27472306 0.29542860 0.02615103
v -0.06424360 0.87211028 0.04456594
v 0.08430890 0.88497977 0.02786169
v -0.03248379 0.89777569 0.03388032
v -0.27228494 0.05320038 0.03805101
v 0.08945473 0.86958443 0.05476846
v 0.06334783 0.87229944 0.03425965
v -0.27967259 0.81296111 0.03154323
v -0.27468452 0.39022105 0.02704820
v 0.26268119 0.45666361 0.03491991
v -0.03754661 0.89704885 0.03305950
v -0.27303118 0.49290544 0.03586575
v 0.26198062 0.23455602 0.03597777
v 0.05015264 0.87234185 0.04313330
v -0.06817030 0.87211028 0.03763379
v -0.26910098 0.34086323 0.05793548
v 0.27353862 0.04286058 0.03039976
v 0.26220481 0.35301375 0.03243201
v 0.22763000 0.85145086 0.03981331
v -0.27768297 0.59302398 0.03621604
v 0.28930301 0.78434712 0.03495022
v -0.05495273 0.00032014 0.06760985
v 0.31376680 0.80318114 0.03666783
v 0.05149017 0.88422337 0.07178123
v -0.06440123 0.87214531 0.03676946
v -0.09448724 0.87976052 0.02682049
v -0.04585428 0.45007900 0.03180898
v 0.27506728 0.81256879 0.03708817
v 0.10927919 0.00093385 0.06405785
v 0.31187526 0.80313911 0.04121628
v -0.27291909 0.48901552 0.03656457
v -0.28683242 0.82978882 0.03336997
v -0.27114753 0.44329554 0.04715835
v 0.26201916 0.29215168 0.03659208
v 0.26203180 0.17994188 0.03505584
v 0.26181249 0.21582276 0.03791835
v -0.06091239 0.87214531 0.03792540
v 0.26192458 0.27071947 0.03888514
v -0.27687563 0.60424343 0.03571449
v 0.26806858 0.00071256 0.04512810
v 0.04136765 0.89966022 0.03738989
v -0.28606179 0.82943853 0.03841933
v -0.27415197 0.37758796 0.02853532
v 0.06454230 0.87225740 0.03966455
v 0.20500629 0.85048717 0.05650581
v 0.26198874 0.30981695 0.03864332
v 0.26610436 0.05282801 0.04527708
v 0.27274139 0.81243918 0.04538468
v -0.26792402 0.54087876 0.05956430
v -0.25965025 0.00193856 0.10338325
v 0.31553224 0.80320917 0.03397063
v 0.26192458 0.27631003 0.03917237
v 0.26188955 0.24112387 0.03760660
v -0.16331462 0.86078285 0.05495092
v 0.26188254 0.21096080 0.03705140
v 0.04230882 0.89950259 0.04024559
v -0.28600575 0.82985887 0.03982748
v 0.26446502 0.50841388 0.04367113
v -0.18163124 0.55471284 0.03253671
v 0.26214876 0.34481883 0.03605834
v -0.03726210 0.88249099 0.08464602
v -0.27708048 0.58999051 0.04110952
v 0.17047953 0.85848594 0.04214324
v -0.10551722 0.87550243 0.04026757
v 0.26172842 0.21705577 0.03972407
v 0.26293340 0.48340920 0.04029679
v -0.18626108 0.85774757 0.03366660
v 0.12101881 0.51845656 0.04907912
v -0.27065023 0.05536517 0.04979818
v -0.26625501 0.00077758 0.08074753
v 0.24362567 0.57688283 0.04222336
v 0.26160013 0.18145080 0.04194089
v 0.26188254 0.27427837 0.04079244
v 0.28602933 0.78379877 0.04490567
v -0.31860329 0.80344736 0.04467806
v 0.26672174 0.32182741 0.05366379
v 0.26284933 0.48332163 0.04167517
v -0.05025147 0.00049145 0.04504708
v 0.15208210 0.86210964 0.03919954
v 0.25614662 0.68180554 0.05754922
v 0.25594511 0.79395712 0.06655518
v 0.04015590 0.89942607 0.04118807
v 0.06006916 0.87228543 0.04236701
v 0.28992638 0.78483320 0.03481044
v -0.26434410 0.79312095 0.04267880
v -0.18558594 0.85524755 0.05724716
v 0.24303720 0.57681278 0.04285037
v 0.24270092 0.57685481 0.04411666
v 0.29956448 0.80270826 0.03099616
v -0.06408546 0.87213422 0.04027763
v 0.19186398 0.85327245 0.05518397
v -0.02696651 0.87230777 0.02202179
v -0.26991364 0.44493813 0.05410161
v 0.26138115 0.05406732 0.04345463
v -0.09056054 0.87875870 0.04783848
v 0.27977862 0.81286653 0.01333138
v 0.28818798 0.81762862 0.03208734
v 0.26727295 0.55286142 0.04602926
v 0.28642353 0.78364223 0.04492844
v -0.28918231 0.78316586 0.01689432
v 0.15673914 0.54609965 -0.04595246
v -0.19225166 0.56397154 0.05024074
v 0.25893774 0.64770711 0.04272277
v -0.13427614 0.51068592 0.05046563
v 0.15559897 0.86114636 0.04764929
v 0.26777434 0.00071256 0.05158911
v 0.00056216 0.89804541 0.04680797
v 0.15570405 0.86116037 0.04640928
v 0.26286334 0.44380978 0.04485751
v 0.26566563 0.44257907 0.04652487
v 0.26793102 0.05484282 0.04678921
v 0.13683375 0.52778343 0.05163492
v 0.01994748 0.89836066 0.04686117
v 0.26612800 0.43915503 0.04670001
v 0.27083584 0.03042376 0.04691718
v 0.06047549 0.87228543 0.04330927
v 0.27022634 0.02517649 0.04984907
v 0.26519985 0.70801330 0.04265056
v -0.27146190 0.43943701 0.04515182
v 0.27107403 0.78555479 0.07734953
v 0.02937015 0.89834665 0.04948831
v 0.11544752 0.51645161 0.05290796
v -0.28377793 0.78526055 -0.01704660
v -0.25712823 0.60587945 0.06043126
v 0.26430652 0.00069155 0.04776838
v -0.10044910 0.86914687 0.05433365
v 0.06092386 0.87225740 0.04829383
v 0.01898770 0.89823456 0.04832186
v 0.27055561 0.02840612 0.04834635
v 0.03119821 0.89425882 0.06756565
v 0.26996713 0.44055530 0.04859155
v -0.19376862 0.85381839 0.04761081
v 0.26949074 0.42236411 0.05292983
v 0.11830759 0.51652167 0.04785246
v 0.27002317 0.44130053 0.04893482
v -0.18930248 0.56191514 0.04770714
v -0.14873425 0.87057893 0.04815889
v -0.08098527 0.46946222 0.04145442
v 0.27018687 0.31091823 0.05206213
v 0.27033143 0.03003144 0.04953381
v -0.26498666 0.60874084 0.02554866
v -0.18873851 0.56244057 0.05287910
v 0.07310328 0.87173898 0.05101204
v -0.03872384 0.00045056 0.04968279
v -0.27115052 0.45552597 0.04737342
v -0.04527390 0.00048138 0.04791904
v 0.03293606 0.89843072 0.04903294
v 0.21659051 0.85491640 0.06427134
v 0.26998114 0.43888422 0.04911259
v 0.11778919 0.51689998 0.05015384
v -0.26994516 0.43225835 0.05392997
v 0.02970993 0.89820654 0.05058120
v -0.02062607 0.87228543 0.05442033
v -0.19397878 0.85362223 0.05068632
v 0.27229477 0.55631846 0.05595564
v -0.27160781 0.00041905 0.02732971
v -0.24989270 0.01771774 0.12261439
v -0.09164643 0.87842243 0.05098054
v -0.18934570 0.56261953 0.05156085
v 0.00229805 0.87232840 0.05031512
v 0.02637872 0.89806643 0.05155499
v 0.02805834 0.89803840 0.05192630
v -0.19556557 0.56555811 0.05126954
v -0.04269755 0.00049539 0.05198936
v -0.26571284 0.84355678 0.05268131
v -0.07888954 0.88356286 0.05655321
v 0.10681124 0.87505969 0.06859987
v -0.26063020 0.83759054 0.05238915
v -0.06759145 0.87205424 0.04817826
v 0.30077544 0.80311291 0.04722381
v -0.27640318 0.83706029 0.05078553
v 0.07080541 0.87180904 0.05153397
v -0.06490564 0.87203322 0.05233614
v 0.06121109 0.87220136 0.05246573
v -0.04129641 0.00052341 0.05247625
v 0.19902211 0.57350608 0.05548342
v -0.19348838 0.56493110 0.05259887
v -0.26514976 0.81058618 0.06007922
v 0.00078900 0.00062937 0.01635081
v -0.04642108 0.00046736 0.05307174
v -0.27369322 0.18034237 0.03026206
v -0.26954234 0.38585475 0.05653609
v -0.15534843 0.86834910 0.05108443
v -0.13287082 0.50998434 0.05231205
v -0.27859809 0.83303596 0.06783673
v -0.02133012 0.00046561 0.06043605
v -0.11998713 0.50267664 0.05966236
v -0.15252252 0.53275039 -0.00046747
v -0.02662996 0.87225740 0.05386338
v 0.26965829 0.40201638 0.05006299
v -0.06020131 0.87207526 0.05315055
v 0.26945422 0.17443819 0.05008517
v 0.30170911 0.80042396 0.04471328
v 0.05942464 0.87220136 0.05424518
v -0.26920606 0.44975981 0.05763949
v -0.27867778 0.55746477 -0.03031803
v -0.20155195 0.85170266 0.05509991
v 0.05803751 0.87225740 0.05270743
v -0.02226541 0.87225740 0.05451841
v 0.22141760 0.57570587 0.05461296
v 0.05503556 0.87224339 0.05702645
v 0.19175544 0.86111833 0.05616998
v 0.01938933 0.00057703 0.04268265
v 0.26684959 0.49803164 0.04702643
v -0.25038874 0.84703686 0.06145409
v -0.26681734 0.60555366 0.07459795
v -0.24859528 0.60416655 0.05359982
v -0.13325331 0.51039168 0.05291412
v -0.26973739 0.55541102 0.05875335
v -0.27213445 0.00046561 0.04112102
v 0.22580317 0.57681278 0.05860971
v -0.25167779 0.84714895 0.05554828
v -0.00444294 0.87228192 0.06267218
v 0.21890255 0.57581797 0.05702993
v -0.27427994 0.69617599 0.05845127
v 0.06257020 0.87224339 0.04691896
v -0.19203119 0.56473494 0.05575144
v -0.24848318 0.84796162 0.05575145
v -0.09631223 0.87763779 0.05522250
v -0.27370373 0.05233761 0.03065351
v 0.05866802 0.87217334 0.05603864
v 0.04491452 0.89691706 0.05732453
v -0.02717991 0.87222938 0.06491138
v -0.02345507 0.87228543 0.01613940
v -0.26588536 0.62491395 0.05788118
v 0.26853972 0.12618651 0.05697825
v -0.26887436 0.47465040 0.05918266
v 0.21540094 0.57555811 0.05764499
v -0.06521739 0.87201921 0.05371101
v -0.26941623 0.43319405 0.05658513
v 0.11191139 0.86642866 0.06987490
v -0.26899696 0.24849677 0.05841889
v 0.11096999 0.87229594 0.01710289
v -0.26622163 0.61520404 0.06013702
v -0.09120419 0.87802660 0.05717359
v -0.04076923 0.00052341 0.04959165
v 0.22281874 0.57621029 0.05686529
v 0.26822971 0.31607441 0.05851163
v -0.26919205 0.43618724 0.05762898
v -0.26815936 0.05327411 0.05974058
v -0.12763823 0.50682402 0.05499262
v -0.26969996 0.42318399 0.05551216
v 0.26270922 0.00066352 0.04656165
v 0.19134911 0.85325793 0.05783558
v 0.26639685 0.40492406 0.06700495
v -0.25349528 0.60510613 0.05679312
v 0.26843988 0.19568836 0.05789162
v -0.27607558 0.00098704 0.03543071
v -0.26552106 0.63682365 0.05559732
v -0.07961883 0.88397970 0.04800618
v 0.26763073 0.22754681 0.06140761
v -0.26935457 0.44473334 0.05699879
v -0.21447150 0.85016778 0.06659549
v -0.26961940 0.55555046 0.05926831
v -0.26863164 0.28662395 0.05950385
v 0.19468383 0.86031968 0.05813333
v 0.28369831 0.83675249 0.08495116
v 0.01768376 0.00053742 0.05903534
v -0.04085505 0.00050940 0.05859574
v 0.05553647 0.87220136 0.05827346
v -0.26885578 0.42917803 0.05887599
v -0.26915002 0.42857554 0.05787418
v -0.26883992 0.37171631 0.05924564
v -0.26902391 0.43172986 0.05830153
v 0.26811762 0.07895929 0.05835050
v -0.26903793 0.23106017 0.05801079
v -0.26872267 0.45025292 0.05904938
v -0.25739444 0.60585843 0.05861678
v -0.26868331 0.35009477 0.05931959
v -0.09537252 0.87755457 0.05803339
v -0.26911031 0.41763119 0.05846246
v 0.30407091 0.80306905 0.05879886
v 0.26739954 0.16156707 0.06209680
v 0.26779536 0.15036145 0.06032961
v -0.11076850 0.86754957 0.06080254
v 0.26833130 0.26242822 0.05840917
v -0.26871566 0.42009951 0.05925780
v 0.22372248 0.58634229 0.10231219
v -0.04578357 0.00043934 0.05898105
v 0.19277828 0.86065596 0.05913514
v -0.06327156 0.87190011 0.05983224
v -0.26588536 0.62111686 0.05936639
v -0.26833767 0.43695891 0.05985645
v 0.25761607 0.61986634 0.05650624
v -0.12521076 0.50613571 0.05952750
v 0.26565650 0.43037886 0.06469184
v -0.25034649 0.84706778 0.06120954
v -0.26856154 0.41705641 0.05963261
v -0.26880886 0.00039400 0.05546038
v -0.26857555 0.25801112 0.05922628
v -0.26815521 0.42769370 0.05998289
v -0.26770684 0.30908272 0.06028414
v 0.26789344 0.12048912 0.05980768
v -0.26840741 0.39386928 0.05983578
v -0.26779091 0.43664174 0.06020708
v -0.26849849 0.43642609 0.05947848
v 0.26135854 0.04949668 0.08926539
v -0.10774554 0.86796991 0.05994785
v 0.26789344 0.31716730 0.05998983
v -0.26622864 0.34301792 0.06035376
v -0.26714638 0.43679937 0.06046629
v -0.26599395 0.68475844 0.05619237
v -0.26779091 0.43664174 0.06020708
v -0.26785396 0.37194667 0.06026312
v -0.26817622 0.38858347 0.06002493
v -0.26779091 0.43126748 0.06022809
v -0.26779091 0.36909360 0.06031216
v -0.26824573 0.53830906 0.06015818
v 0.23322921 0.85152052 0.05383532
v -0.24834307 0.84026935 0.05919125
v -0.26805012 0.35155131 0.05996013
v -0.26714638 0.43346334 0.06046979
v -0.26652988 0.44980743 0.06052233
v -0.26650186 0.44369648 0.06050832
v -0.09634025 0.86927998 0.06168876
v 0.26764123 0.08282644 0.06052927
v -0.26753446 0.42589961 0.06038917
v -0.26753870 0.28413890 0.06035245
v -0.26833016 0.46217887 0.06006885
v -0.26378365 0.45187061 0.06080957
v -0.26768223 0.39384215 0.06046105
v -0.26365754 0.51785626 0.06105477
v -0.26444218 0.35865159 0.06072550
v -0.26496060 0.39664879 0.06061691
v -0.26349156 0.39317897 0.06097323
v -0.26316018 0.47844498 0.06093140
v -0.26525484 0.62476683 0.06106878
v -0.26405167 0.36847261 0.06073447
v -0.26287553 0.54674650 0.06699944
v 0.26779580 0.24595760 0.06067936
v 0.11023703 0.86718527 0.06079551
v -0.26375562 0.36122619 0.06094268
v 0.17134655 0.54415020 0.02846586
v -0.09955937 0.86885263 0.06181136
v -0.27070167 0.68852980 0.05836990
v -0.26339133 0.44878471 0.06113183
v -0.04450152 0.00046736 0.05767098
v -0.12535087 0.50666464 0.06118786
v -0.26260669 0.38675498 0.06280619
v -0.26374333 0.38691983 0.06089568
v 0.14304812 0.00061313 0.05178933
v -0.00229520 0.00049539 0.06514256
v 0.09731663 0.87717675 0.04447556
v -0.26304104 0.45112926 0.06151364
v -0.26309926 0.44743183 0.06149285
v 0.27009323 0.44346354 0.04925183
v -0.26311110 0.37310787 0.06169229
v 0.06700208 0.52568240 0.13223445
v -0.27894947 0.79411837 0.11132282
v 0.26744507 0.13934848 0.06193041
v -0.00860340 0.00041132 0.06999401
v -0.10374878 0.87490556 0.08027140
v -0.26322319 0.35254612 0.06158370
v 0.30105845 0.80304804 0.05929626
v 0.05476059 0.87219435 0.05957477
v -0.26031932 0.55419485 0.07785007
v 0.25386802 0.62321857 0.07237242
v 0.27851112 0.60104974 0.04182943
v -0.11415926 0.86693307 0.06361884
v -0.26302703 0.44230060 0.06160822
v 0.26847491 0.08257424 0.05683902
v -0.26601862 0.16907451 0.06076652
v -0.00041298 0.00050940 0.06307763
v -0.09905846 0.86889467 0.06230877
v 0.31663914 0.82870293 0.06631423
v 0.26733298 0.10989649 0.06218612
v 0.02483943 0.00049539 0.06482993
v 0.26733298 0.17345225 0.06251189
v 0.26738903 0.19645899 0.06251889
v 0.11184834 0.86690505 0.06256795
v 0.11578555 0.86665985 0.05895126
v 0.26724891 0.12256281 0.06264499
v 0.25606781 0.62017810 0.06265200
v 0.25894715 0.80593439 0.06462936
v 0.24191628 0.84877428 0.06280613
v -0.26244692 0.44339693 0.06282503
v 0.26736101 0.25186011 0.06261697
v 0.26641524 0.19192630 0.06667328
v 0.26710880 0.18316216 0.06358026
v 0.00178286 0.00048959 0.06271075
v -0.11215213 0.86724132 0.06305137
v -0.10159070 0.86929355 0.06715103
v -0.26657540 0.74566956 0.07313709
v -0.10452992 0.86833421 0.06035418
v 0.26846090 0.06192842 0.05668139
v 0.26671648 0.17847535 0.06530804
v -0.26229844 0.49906345 0.06353479
v 0.02105841 0.00049547 0.06350337
v 0.27120013 0.75206751 0.06618988
v -0.05916797 0.87192113 0.06373092
v -0.26221437 0.49266724 0.06383603
v -0.26323471 0.43276133 0.06107374
v 0.26818768 0.17322107 0.05884615
v 0.26720866 0.16271217 0.06298484
v -0.26416462 0.63508299 0.06294319
v 0.00479249 0.00050940 0.06168174
v 0.00953700 0.00049539 0.06265904
v -0.26213030 0.49568320 0.06411626
v 0.00445075 0.00043934 0.06435792
v 0.26790479 0.48034752 0.05704000
v -0.25757134 0.29485238 0.08206882
v -0.01321899 0.87226109 0.06637114
v 0.26772530 0.13569150 0.06062035
v 0.15553593 0.86041426 0.08441086
v -0.05468869 0.87199819 0.06427737
v 0.20576685 0.57475310 0.05790214
v -0.18643397 0.56655610 0.08321337
v 0.05495357 0.87228455 0.05110290
v 0.04615481 0.87222966 0.06548664
v 0.27991873 0.78460201 0.04609489
v 0.26034917 0.80238906 0.06544574
v -0.26131764 0.42364593 0.06695620
v 0.26674450 0.18323222 0.06524411
v 0.27886700 0.83330043 0.06705268
v -0.10588903 0.86791387 0.06548235
v -0.24616430 0.84015901 0.07054794
v 0.07099886 0.88382637 0.05827407
v 0.24295313 0.84822783 0.06710062
v -0.26344737 0.36108607 0.06121590
v 0.27173257 0.75391702 0.06589564
v -0.04478350 0.00044985 0.06621882
v 0.26646428 0.18051401 0.06639305
v 0.26657637 0.14534536 0.06573101
v -0.00256138 0.00025695 0.07175827
v 0.26388618 0.31535983 0.07614499
v 0.02058172 0.00044810 0.06789559
v -0.00598108 0.87228543 0.06710066
v -0.26029480 0.64861426 0.07552155
v -0.10996635 0.86738143 0.06604982
v 0.02256662 0.00044453 0.06660392
v 0.00925547 0.00039686 0.06532430
v -0.04930426 0.00042183 0.05052681
v 0.19138132 0.57292779 0.06132131
v 0.04629069 0.87218735 0.06691938
v -0.26249460 0.44331555 0.06279919
v 0.24794207 0.59185753 0.03882313
v -0.10996635 0.86738143 0.06604982
v -0.03554472 0.87222938 0.05673397
v -0.07998542 0.87842243 0.06835469
v 0.02811614 0.00046736 0.06802540
v 0.05846836 0.87137469 0.07187154
v 0.02747946 0.00046002 0.06821033
v 0.26397024 0.05687731 0.07554600
v -0.01177381 0.00040606 0.08173733
v 0.01216129 0.00048138 0.06448928
v 0.01203804 0.00034126 0.06992045
v -0.01050080 0.00027986 0.07441144
v 0.25123187 0.66063473 0.07206452
v 0.02845701 0.00040957 0.07176995
v 0.24937386 0.84697031 0.06133712
v 0.25646013 0.80718841 0.07489797
v -0.26505343 0.00040782 0.07096740
v 0.05893424 0.87148678 0.06971728
v 0.03152210 0.89319741 0.06999995
v -0.29867206 0.80323719 0.06433345
v -0.22564282 0.57686006 0.10287139
v 0.03395890 0.89260197 0.07007808
v 0.09408012 0.86826415 0.07279803
v 0.10628887 0.86746900 0.06995503
v -0.24874520 0.83971883 0.06634841
v -0.31309506 0.80537393 -0.09729916
v 0.25764299 0.80566558 0.06871557
v 0.09967242 0.87047796 0.07180147
v -0.08927577 0.87042803 0.06311754
v -0.12236168 0.50760993 0.07350931
v -0.25515262 0.67529899 0.07016919
v 0.04001533 0.87222938 0.07143718
v 0.04119579 0.87222938 0.07024621
v 0.07529604 0.87110356 0.05710725
v 0.21099661 0.85618982 0.06320239
v -0.05238994 0.87192113 0.07037934
v 0.17935885 0.57548169 0.09256288
v 0.10848297 0.87162339 0.05950120
v -0.05142578 0.87190011 0.07222884
v 0.01398228 0.00046822 0.07125471
v 0.06088883 0.87133265 0.07086272
v 0.26463579 0.43270809 0.07354237
v 0.31581247 0.82840169 0.07091172
v -0.00801405 0.00041132 0.07093978
v 0.10110824 0.87156364 0.07157017
v 0.31564433 0.82862587 0.07101681
v -0.25515262 0.67740070 0.07102389
v -0.07362774 0.87850649 0.07394874
v 0.27497621 0.75740236 0.05657367
v 0.25856056 0.00070392 0.02787990
v 0.06191867 0.87124858 0.07133210
v 0.06974098 0.87016620 0.07962511
v 0.23918865 0.59700569 0.05651707
v -0.00641981 0.87227142 0.06422482
v -0.00658795 0.87225740 0.07149324
v -0.05727555 0.87187209 0.06756479
v -0.23950627 0.84191605 0.07162583
v 0.31502783 0.82913028 0.07217450
v 0.04297349 0.87217334 0.07055709
v 0.02215910 0.00048838 0.07319562
v -0.25915287 0.44118647 0.07470013
v 0.09593839 0.87440640 0.07732679
v 0.27044352 0.75321645 0.07036528
v -0.25885163 0.45893696 0.07580878
v 0.04825404 0.87186509 0.07210973
v -0.25557296 0.83767724 0.07050021
v -0.26566643 0.68796246 0.05412596
v 0.01057078 0.00032725 0.06679591
v -0.00185066 0.00045335 0.07395574
v 0.02766790 0.00021347 0.07612975
v 0.25733234 0.62445683 0.05746953
v 0.07426272 0.87822627 0.07267719
v -0.26074436 0.55470029 0.08680800
v 0.03315579 0.00049495 0.07502823
v 0.01711192 0.00045335 0.08249220
v -0.25586958 0.81136404 0.09323976
v -0.07820247 0.87817022 0.07302750
v -0.03042530 0.87217334 0.07432004
v 0.06946381 0.87861859 0.07309754
v 0.26979899 0.42940736 0.04973742
v -0.26148577 0.64029848 0.07381916
v -0.26041740 0.67437949 0.07582280
v -0.09781144 0.86813805 0.07397327
v 0.04835883 0.00043214 0.07606303
v 0.04696849 0.87186509 0.07337776
v 0.00726545 0.00020807 0.07993202
v -0.02910648 0.87220136 0.07349687
v 0.25922836 0.84330955 0.07616059
v 0.26473387 0.46582488 0.07407480
v -0.26944426 0.73803859 0.07874680
v -0.00493616 0.00046736 0.07254409
v -0.09666952 0.86825014 0.07385417
v 0.26193657 0.80697401 0.04344800
v 0.03035796 0.89206954 0.07268245
v 0.30518481 0.80290442 0.07259659
v 0.26439144 0.08477531 0.07444264
v 0.26431270 0.36681985 0.07614183
v 0.04693697 0.87178102 0.07437958
v 0.03603008 0.87223382 0.07474114
v 0.02336195 0.00053100 0.07368561
v 0.11538729 0.87066137 0.08564234
v 0.01266037 0.00032447 0.07385547
v 0.16246609 0.00039786 0.07555372
v -0.26478610 0.83607004 0.08073964
v 0.26769918 0.78265250 0.07667500
v 0.26567964 0.74131647 0.07560258
v 0.10068870 0.86712748 0.07885096
v -0.27420611 0.55781074 0.05929067
v 0.28667924 0.83791368 0.05096823
v 0.09596431 0.86784828 0.07513632
v -0.04739575 0.87199819 0.07197839
v 0.01396685 0.00046386 0.07593135
v 0.04149747 0.00041482 0.07354437
v 0.08268009 0.87678309 0.08014877
v 0.11043599 0.86818890 0.07535197
v -0.09785172 0.86795590 0.07560034
v 0.05466602 0.87049897 0.08533651
v 0.06589091 0.87880774 0.07454421
v 0.27457688 0.82963469 0.08033090
v 0.06025307 0.87833836 0.08287794
v -0.26016240 0.66540095 0.07591165
v -0.09275333 0.86892269 0.07073663
v -0.25873297 0.68382800 0.07698246
v -0.26014768 0.64740577 0.07550228
v 0.01145657 0.00041132 0.07627113
v -0.26257648 0.37572309 0.06253145
v 0.00500196 0.00048838 0.07842363
v -0.25969407 0.60876930 0.07787328
v -0.26774712 0.60386093 0.07633115
v -0.25855038 0.66555230 0.07631495
v 0.28225872 0.78739936 0.05726775
v 0.26388745 0.05882880 0.07588810
v -0.14367955 0.53339163 0.08724187
v -0.26168193 0.00038330 0.07680359
v 0.02022508 0.00048138 0.06587816
v -0.25769726 0.05201469 0.07339249
v 0.07873061 0.87856955 0.06258722
v 0.26338177 0.06388301 0.07725189
v 0.01270008 0.00043934 0.07632017
v 0.27018847 0.73975280 0.07947051
v 0.03597128 0.87224339 0.07366850
v -0.08607346 0.87428194 0.09729453
v 0.26439059 0.00073358 0.07240569
v 0.26360595 0.07880517 0.07691387
v 0.02595728 0.00045686 0.07703475
v -0.25879558 0.39607257 0.07613105
v -0.25831920 0.44774885 0.07784044
v 0.26151825 0.05268790 0.08034141
v 0.26315758 0.26369976 0.07790342
v -0.25843129 0.40072261 0.07751818
v 0.26312956 0.06235577 0.07778082
v 0.26253057 0.46076534 0.07879227
v 0.26392120 0.38334320 0.07696991
v -0.08375098 0.87735756 0.07647431
v 0.26317860 0.32695778 0.07799800
v 0.26143427 0.05342811 0.08016329
v -0.26227041 0.00038330 0.07818372
v 0.16786467 0.00032443 0.07768282
v -0.25820710 0.39525641 0.07834485
v 0.16996068 0.00036928 0.07788855
v 0.25286970 0.79450458 0.07829399
v -0.26847747 0.45272377 0.05909142
v 0.01040867 0.00043234 0.07854623
v -0.26055402 0.68800734 0.07787372
v 0.27386230 0.83103583 0.08069870
v 0.26164590 0.29431953 0.07961038
v -0.25526471 0.79442401 0.07782993
v -0.13061916 0.87136067 0.07747613
v 0.26305950 0.44955610 0.07832376
v 0.03559134 0.87969309 0.09082110
v 0.25439347 0.60334163 0.10852274
v 0.26173470 0.26411067 0.07947580
v -0.12008564 0.86546362 0.09046558
v 0.19375383 0.00057066 0.08183938
v 0.00546844 0.00049539 0.07923454
v 0.05291557 0.87009301 0.09691376
v 0.00576268 0.00046736 0.07931160
v -0.13189420 0.87096835 0.07933264
v 0.16902892 0.00041132 0.07912943
v 0.03819647 0.87200520 0.07755492
v -0.25835302 0.51817966 0.06696229
v -0.25797592 0.39412148 0.07926085
v 0.17464413 0.00032604 0.07958485
v 0.26175443 0.45303211 0.07956123
v 0.17784386 0.00047262 0.07872179
v 0.26257128 0.12801146 0.07846968
v 0.27642639 0.81918218 0.07726590
v -0.25936655 0.44993285 0.08495474
v -0.26249460 0.48658279 0.06282021
v 0.06823432 0.87025377 0.07899109
v 0.26144819 0.26252280 0.07992807
v 0.27588889 0.81925423 0.07908500
v 0.03071876 0.87211028 0.07980200
v -0.25787608 0.38752845 0.07984363
v 0.17893682 0.00045133 0.08062148
v 0.09445318 0.86760562 0.07924153
v 0.26127305 0.44990008 0.08039220
v 0.26927700 0.83697501 0.05984040
v -0.26231111 0.31604570 0.06194423
v 0.02502137 0.00046736 0.08075478
v -0.09538747 0.87576026 0.08092293
v -0.27626957 0.78470885 0.06428812
v 0.26142494 0.29169692 0.07992919
v 0.04247784 0.87193514 0.07566513
v -0.26040690 0.05160201 0.08330314
v 0.07440810 0.87769383 0.07849893
v 0.08030754 0.87696942 0.08078006
v 0.01089874 0.00041132 0.08152541
v 0.25535513 0.37603471 0.09307978
v 0.27409701 0.83033250 0.08164087
v -0.26252262 0.00040431 0.07970921
v 0.27370117 0.83068555 0.08293352
v -0.25797510 0.22792114 0.08336342
v -0.24572294 0.60414554 0.06467321
v -0.26779091 0.55683601 0.08088092
v -0.13539705 0.87015569 0.08193876
v 0.06781375 0.88008387 0.06107596
v 0.17661173 0.00048050 0.08183889
v 0.01933711 0.87215582 0.08282759
v 0.01607653 0.00049782 0.08249470
v -0.24699576 0.81009884 0.11633012
v -0.07906067 0.87152181 0.05209094
v 0.02455636 0.00045335 0.08122066
v 0.12279126 0.53097444 0.08300360
v -0.25812304 0.23770859 0.08343099
v -0.25732002 0.45068477 0.08291431
v 0.09816620 0.86533577 0.09988035
v 0.19920951 0.00055143 0.08299658
v -0.02028279 0.87219435 0.07736052
v 0.07960983 0.87686366 0.08255698
v -0.24100993 0.79351225 0.11480020
v -0.25901979 0.28362844 0.08444006
v 0.04650262 0.87092720 0.08772064
v 0.01972831 0.87205436 0.08457308
v 0.26144567 0.48796736 0.08005645
v -0.25808801 0.22303514 0.08292833
v 0.20371768 0.00053742 0.08591796
v 0.31138486 0.80299900 0.06341562
v 0.00868537 0.00038330 0.08177061
v -0.25868363 0.00036081 0.08520002
v 0.27397439 0.81898602 0.08520337
v 0.27336950 0.82484454 0.08755061
v -0.26036486 0.23073091 0.08550469
v 0.27206884 0.78458800 0.08481105
v 0.26152078 0.31432810 0.07975513
v -0.12834231 0.86637086 0.08001307
v 0.19870510 0.00052341 0.08436970
v -0.25729300 0.34256854 0.08256107
v -0.00236624 0.87218735 0.08724557
v -0.25803897 0.29096246 0.08331803
v -0.26057503 0.24641318 0.08583746
v -0.11797716 0.86485571 0.08883594
v -0.27191727 0.81476840 0.09294719
v 0.15797257 0.00046833 0.07886556
v 0.01156778 0.00042533 0.08361661
v 0.12252504 0.53180812 0.08563775
v -0.26087978 0.27380374 0.08668953
v -0.02436624 0.47961036 0.08914762
v 0.03141681 0.00045861 0.08100961
v 0.19109571 0.57536274 0.07414781
v -0.04056978 0.87986122 0.08800351
v -0.12613610 0.52526669 0.10251777
v 0.27234907 0.78443388 0.08612813
v -0.25886089 0.60694111 0.06990654
v 0.19441060 0.00052341 0.08467795
v 0.29459848 0.84383456 0.08569636
v 0.01537276 0.00046736 0.08576737
v -0.26003997 0.19405647 0.08540858
v 0.12473885 0.53256474 0.08425062
v -0.26086927 0.14080566 0.08688481
v 0.01977738 0.87197718 0.08654062
v -0.26098136 0.23789074 0.08696188
v -0.26090560 0.22628716 0.08640386
v 0.25173130 0.46325811 0.10694558
v 0.27694481 0.78387692 0.08660539
v 0.04400859 0.87892684 0.08711596
v 0.25269475 0.19022075 0.10587869
v -0.17236267 0.86243190 0.09148054
v -0.26091131 0.22453086 0.08654153
v 0.04556385 0.87864661 0.08766240
v -0.01731426 0.88522705 0.08823339
v -0.26104442 0.28618545 0.08761472
v 0.12045135 0.53145083 0.08783053
v -0.00085822 0.87215932 0.08859417
v 0.27044352 0.78485422 0.08799865
v -0.00215194 0.87226975 0.08861015
v -0.26616556 0.78370528 0.10869357
v -0.26057405 0.43150607 0.08654308
v 0.00651705 0.00042883 0.08686989
v 0.04524662 0.87942599 0.08471212
v 0.07824461 0.86888737 0.08665712
v 0.22113737 0.58035416 0.08105074
v -0.00023092 0.87206124 0.08937180
v 0.06292188 0.00037796 0.10808507
v -0.24588929 0.33959323 0.11617829
v 0.00033509 0.87197718 0.08941384
v -0.00085224 0.87217334 0.08961700
v -0.26416195 0.55625453 0.09020201
v -0.00233209 0.87239752 0.08932627
v -0.26096512 0.18966280 0.08781301
v 0.18762205 0.85131210 0.07903416
v 0.15380937 0.86528894 0.07069781
v -0.26363784 0.55611630 0.09067421
v 0.00318538 0.87541435 0.09258217
v 0.14935952 0.00046474 0.09789247
v 0.18139751 0.57557977 0.08963799
v 0.04772954 0.87935190 0.08251089
v -0.17977471 0.56579280 0.09046560
v 0.29361839 0.80267673 0.09622334
v 0.09979503 0.86653374 0.08547311
v -0.28694625 0.80301301 0.09945546
v -0.30323978 0.80318114 0.09155062
v 0.26350089 0.78357217 0.10893170
v 0.28392346 0.80079418 0.09282062
v -0.26256640 0.55612011 0.09407573
v -0.03416043 0.87085276 0.11221129
v 0.18107875 0.57587401 0.09125631
v 0.28587008 0.80178000 0.08930171
v -0.02146763 0.48240739 0.09453151
v 0.17398253 0.85905526 0.08127065
v 0.28518702 0.80223187 0.09285973
v 0.16670302 0.00032725 0.07738501
v -0.11687397 0.51387351 0.09271354
v 0.23950770 0.00054846 0.09789502
v -0.17676803 0.86145431 0.09228194
v -0.11855534 0.51547082 0.09345614
v 0.09170081 0.86848833 0.10146999
v 0.04539309 0.87068462 0.08957934
v 0.15305591 0.00049539 0.09344210
v 0.06390814 0.86992982 0.08424125
v -0.10762293 0.86612041 0.08346338
v 0.27997128 0.79312095 0.09390446
v 0.09744462 0.86595227 0.09395352
v 0.22379409 0.58344748 0.09581085
v -0.20633936 0.84938465 0.12106751
v -0.17322963 0.85454348 0.09139034
v 0.22502904 0.58399713 0.09748088
v 0.04779867 0.87009965 0.09431783
v 0.07701676 0.87576268 0.09624487
v -0.30532748 0.80319516 0.09281165
v -0.11999151 0.51777219 0.09558588
v -0.17919674 0.86107630 0.09136145
v 0.01810999 0.00027315 0.09022094
v 0.02951903 0.87711936 0.10424491
v -0.00372805 0.87514857 0.09238086
v 0.17942540 0.57614023 0.09499736
v -0.12103886 0.51523569 0.08981843
v 0.26798895 0.00345426 0.07003889
v 0.15633458 0.00049539 0.09519352
v -0.08069649 0.86791387 0.09500440
v -0.05208607 0.87682512 0.10556462
v 0.25079954 0.05200134 0.10888967
v -0.01352855 0.00041707 0.10234692
v 0.27670662 0.60499673 0.02171656
v 0.14858397 0.86683290 0.08722672
v -0.02125833 0.48295033 0.09557185
v 0.08367577 0.86669137 0.10156697
v 0.05495632 0.86956721 0.10304168
v 0.04870942 0.87001558 0.09491331
v 0.22053488 0.58227723 0.09190084
v -0.06929865 0.86910046 0.10653645
v 0.07326179 0.87587935 0.09808865
v 0.07067055 0.00036578 0.09869552
v -0.29018115 0.80309708 0.09634252
v 0.14821847 0.55799808 0.10420418
v -0.29203065 0.80306905 0.09864740
v -0.28906023 0.80306905 0.09668580
v 0.06770328 0.00041067 0.09666606
v -0.17775006 0.85249431 0.10223431
v -0.02422350 0.48305191 0.09588010
v 0.06410095 0.00029923 0.09536168
v 0.06047265 0.86910221 0.10526796
v 0.07830502 0.86760562 0.09697999
v 0.09142321 0.86654775 0.09545099
v 0.14966968 0.55295741 0.09769427
v 0.24953849 0.60653098 0.09604821
v 0.09471940 0.87071615 0.10445507
v 0.22321106 0.59917499 0.09752642
v -0.07264678 0.86873374 0.09888539
v 0.22351931 0.59832029 0.09639850
v 0.07064691 0.00042883 0.09174235
v 0.22302891 0.59869860 0.09765953
v 0.07861327 0.87564817 0.09595715
v -0.02029680 0.48416232 0.09779967
v -0.02154732 0.48430593 0.09814995
v -0.01937111 0.48483300 0.09900156
v 0.24861374 0.60669561 0.09982603
v -0.17766950 0.85292166 0.09817100
v 0.07899859 0.00044635 0.09603772
v -0.03976215 0.87814220 0.09899415
v -0.22550485 0.60088153 0.09966873
v -0.07902914 0.86768968 0.09862635
v 0.17876686 0.57674272 0.09864734
v -0.29168037 0.80312510 0.09093412
v -0.08871803 0.86780178 0.09869641
v -0.08136554 0.86731138 0.10006252
v 0.15801202 0.86056134 0.09569407
v 0.24964886 0.48590641 0.10746247
v 0.30130367 0.80268374 0.10310645
v 0.29345025 0.80267673 0.09912371
v 0.26113278 0.30310868 0.08090890
v 0.28442691 0.80192012 0.09387643
v -0.18222320 0.85973120 0.09854580
v 0.24743803 0.60684789 0.09918224
v 0.07603275 0.00042028 0.09596340
v 0.25046324 0.60622273 0.09969818
v 0.22166981 0.59834832 0.10057740
v -0.04403674 0.87777908 0.10065515
v 0.24705148 0.60690228 0.09947925
v 0.25255690 0.83936640 0.11493214
v -0.08877408 0.86715725 0.10072106
v 0.29731567 0.80267337 0.10951259
v -0.12097213 0.87229664 0.09763316
v -0.25744610 0.55172907 0.09079826
v 0.07172559 0.00019670 0.10282777
v 0.25311295 0.49324757 0.10358102
v 0.24981875 0.40908479 0.10890718
v 0.10147878 0.52219413 0.09134846
v -0.25500547 0.21444614 0.10287271
v -0.08087280 0.50090687 0.10864421
v 0.15866047 0.00048138 0.09610427
v 0.07683908 0.00036228 0.10170271
v 0.09949325 0.00024766 0.10046270
v 0.24782212 0.54409263 0.10896848
v -0.26022770 0.52399410 0.09549816
v -0.12914796 0.86132850 0.10184198
v -0.24673687 0.66066333 0.10098299
v 0.09230246 0.87296524 0.10074330
v 0.30268380 0.80293594 0.11552757
v 0.30991367 0.80326171 0.09903000
v -0.25272863 0.00036228 0.10795447
v -0.09091783 0.86787183 0.09999422
v -0.12991859 0.86110432 0.10273171
v -0.13178911 0.86075404 0.10369849
v -0.08791150 0.86658979 0.10234376
v 0.22643369 0.84097693 0.10752093
v -0.07281508 0.86827116 0.09872706
v 0.24315807 0.60692150 0.10391815
v -0.25773422 0.60877631 0.07613893
v -0.27365046 0.00914939 0.05038660
v -0.25395724 0.18043607 0.10513533
v -0.00341108 0.87450554 0.09652365
v -0.25433993 0.20749998 0.10449716
v 0.02212421 0.87248777 0.09440685
v 0.26249423 0.51593319 0.07895012
v 0.25345208 0.60357348 0.10597945
v 0.29608441 0.80264871 0.09971218
v 0.28237076 0.80275730 0.10663470
v 0.09626065 0.00038330 0.10530277
v 0.09626065 0.00038330 0.10530277
v 0.16687104 0.00048521 0.10500088
v 0.05214823 0.87050861 0.09057163
v 0.24959456 0.04376263 0.11382870
v 0.18403515 0.00043934 0.11192314
v 0.19182551 0.60830342 0.18192067
v 0.24825997 0.60659753 0.10129811
v -0.09459407 0.87076344 0.10462981
v 0.21001303 0.84608476 0.13073913
v 0.27771196 0.80223888 0.11373586
v 0.08055259 0.00006916 0.10585868
v 0.24675025 0.66685011 0.10589122
v 0.25222871 0.49622614 0.10582467
v -0.25309291 0.20305837 0.10736249
v 0.25632004 0.81223252 0.10717327
v -0.24816056 0.61016872 0.10006560
v 0.07380035 0.00043934 0.10676696
v 0.24665360 0.67539191 0.10693794
v 0.06107087 0.87494672 0.10968002
v 0.15123443 0.56355097 0.11152383
v -0.23570475 0.65934700 0.11625272
v -0.24236812 0.29300730 0.12178284
v -0.05436036 0.45883119 0.04374218
v -0.30363207 0.80306905 0.10746758
v 0.24676426 0.67717652 0.10692281
v -0.30436067 0.80306905 0.10771979
v 0.03194301 0.86998756 0.11087931
v 0.07325391 0.00043934 0.10795093
v 0.07273461 0.00041657 0.10329082
v 0.24991607 0.05455633 0.10836514
v -0.30952914 0.80327485 0.09867455
v -0.24012907 0.65852323 0.10713979
v 0.07698269 0.00034126 0.11002637
v 0.24795698 0.44507821 0.10860593
v 0.07907466 0.86910703 0.09138473
v 0.05764221 0.87551838 0.10377226
v 0.24689036 0.47742545 0.10841678
v 0.24595160 0.40136888 0.10854639
v 0.26393171 0.32385425 0.06028495
v 0.24905047 0.52829804 0.10832861
v 0.24767900 0.45229835 0.10843208
v -0.03828745 0.87017671 0.09985497
v 0.24537631 0.26636140 0.10811029
v 0.24975044 0.20969102 0.10869482
v -0.06947335 0.87514376 0.10868654
v 0.24733519 0.43037914 0.10836124
v -0.07165913 0.87494760 0.10871456
v 0.25012700 0.48011477 0.10859543
v 0.04658669 0.87836638 0.08880433
v 0.24774243 0.25945955 0.10885157
v 0.25144896 0.41917115 0.10813416
v 0.25043525 0.14750487 0.10804898
v 0.24976270 0.14992709 0.10873904
v 0.25122427 0.43551628 0.10753406
v 0.24474661 0.43258281 0.10912085
v -0.25242387 0.78533761 0.12631817
v 0.24918998 0.42995308 0.10864184
v 0.09447945 0.00037279 0.10726611
v 0.24571320 0.05115394 0.10953409
v -0.24313080 0.73102237 0.11661702
v -0.25183187 0.15298331 0.10988804
v 0.25385403 0.81217647 0.10933803
v 0.24396898 0.45123917 0.11004210
v 0.24483068 0.52961183 0.11009465
v 0.25472274 0.81220449 0.10958323
v -0.25399853 0.74580660 0.10539609
v 0.06228297 0.87186509 0.10989501
v 0.22668239 0.84836795 0.10796492
v 0.22049987 0.05207139 0.15987720
v 0.24455396 0.43596526 0.10935905
v 0.24473260 0.46353205 0.10920667
v -0.25194403 0.18295852 0.10986196
v -0.25033489 0.42670591 0.11479485
v 0.24369617 0.45560043 0.11038176
v -0.04566096 0.86869851 0.11005265
v 0.25100972 0.01305662 0.11076895
v -0.22096695 0.59394216 0.11221262
v 0.07848016 0.00036228 0.10952195
v -0.02564740 0.87723146 0.11059910
v -0.25118561 0.16289641 0.11140434
v -0.25198033 0.19492717 0.10995173
v -0.11851472 0.86790051 0.11213171
v 0.02613844 0.87287328 0.09912039
v 0.24469791 0.53342105 0.11030001
v 0.09077168 0.00039731 0.11043094
v 0.24474661 0.54212052 0.11026979
v 0.07033253 0.00039731 0.11129966
v -0.26941621 0.83252104 0.11076726
v 0.07611924 0.00035527 0.11076722
v 0.07679179 0.00035527 0.11077423
v -0.22316455 0.60379876 0.11138376
v 0.03725782 0.87434948 0.10778936
v -0.23879076 0.64009138 0.11024052
v 0.07087613 0.00035965 0.10859633
v 0.07848192 0.00038330 0.11093458
v 0.23645186 0.60585843 0.10713824
v -0.25685182 0.05623392 0.09807333
v -0.07456475 0.87447121 0.11034515
v 0.26577774 0.78191182 0.11228043
v -0.25192996 0.21751814 0.11004217
v 0.07237821 0.00037727 0.11094269
v 0.24519178 0.17527759 0.10897448
v 0.24069031 0.22187394 0.11775276
v 0.07675676 0.00039731 0.11202649
v 0.25004293 0.54485975 0.10876356
v -0.22280726 0.60382678 0.11239608
v -0.27014480 0.83305347 0.11148885
v 0.19206719 0.57089646 0.05295392
v 0.12804948 0.00046299 0.11486599
v 0.15123443 0.56355097 0.11152383
v -0.30475299 0.80309708 0.10928907
v -0.26918852 0.83750210 0.12484349
v -0.13679363 0.85833580 0.16543559
v -0.26137982 0.00099803 0.09706021
v 0.24357180 0.43422955 0.11045931
v 0.05951725 0.87057779 0.10985955
v 0.24176218 0.46062292 0.11357649
v 0.14541954 0.86425996 0.11423467
v -0.22256206 0.60374271 0.11197924
v 0.15288077 0.84995124 0.15263856
v -0.25078103 0.12455243 0.11203705
v 0.24312129 0.52779385 0.11324022
v -0.26075718 0.05375276 0.08683227
v -0.23929167 0.62438152 0.11026285
v 0.07923328 0.00041132 0.11160089
v 0.14483667 0.00036585 0.10593645
v -0.10657733 0.87047270 0.11012097
v 0.25441449 0.58887660 0.11251862
v 0.21991838 0.84276338 0.10460568
v -0.25030464 0.45645869 0.11457136
v -0.17736015 0.85029897 0.13810196
v -0.24007631 0.69899229 0.11266581
v -0.22892719 0.00028866 0.15331022
v 0.24367474 0.47349591 0.11046070
v -0.24940791 0.45367118 0.11585340
v -0.02417971 0.87637676 0.11660649
v 0.24124376 0.32303108 0.11485153
v -0.25034956 0.15448947 0.11315717
v 0.10150092 0.00038330 0.11625619
v 0.09109295 0.00042209 0.11581514
v -0.25044475 0.14641023 0.11291801
v 0.26968474 0.78355209 0.11195865
v 0.19424220 0.85729137 0.08795334
v -0.25100521 0.46565499 0.11307213
v 0.24141190 0.38139912 0.11438215
v 0.24192460 0.46348649 0.11326966
v 0.24166410 0.50274320 0.11384971
v -0.29662637 0.80290092 0.12131786
v -0.24601586 0.73943920 0.11430855
v -0.27134978 0.83411834 0.11346447
v 0.24525803 0.40043712 0.10886164
v -0.25104725 0.18067514 0.11183038
v 0.15011351 0.56364205 0.11321221
v 0.23023079 0.83933059 0.11321219
v -0.24703998 0.73900187 0.11217891
v 0.25174882 0.81214495 0.11272880
v 0.19237194 0.00046736 0.11356248
v 0.19892928 0.00046736 0.11688318
v -0.23758228 0.62595080 0.11335236
v -0.05346181 0.87519980 0.11748572
v 0.25393810 0.59165086 0.11343638
v -0.25159369 0.19283529 0.11072567
v -0.12643194 0.86934478 0.09790346
v 0.02352040 0.87497562 0.09459105
v 0.25626400 0.57962907 0.10883012
v 0.24124376 0.49458330 0.11457130
v -0.24595410 0.67944418 0.10743255
v 0.30500685 0.80310375 0.11349767
v 0.22623753 0.84784953 0.11385672
v -0.25055685 0.46893016 0.11399689
v 0.23005564 0.83907838 0.11538396
v -0.24957605 0.16496134 0.11479554
v -0.25055685 0.45817290 0.11401090
v -0.26072916 0.45153632 0.08689007
v 0.24390420 0.55673282 0.13257420
v -0.24699214 0.05427775 0.11573189
v -0.02418847 0.87676908 0.11410895
v 0.23505072 0.50942139 0.12685931
v 0.24939840 0.04185707 0.11419299
v -0.25017854 0.47425625 0.11472548
v -0.02076442 0.87685315 0.11427709
v 0.07951000 0.52134860 0.11429109
v -0.23959992 0.70199073 0.11440322
v -0.24764685 0.40280183 0.11562090
v 0.28006156 0.80249568 0.10774089
v 0.07752739 0.52078815 0.11510375
v -0.25666670 0.57916429 0.10514343
v 0.02139395 0.86865997 0.11785700
v 0.25343369 0.59022170 0.11459932
v 0.00189542 0.86934303 0.11431562
v 0.10255178 0.00038330 0.11458182
v 0.24115969 0.50220201 0.11478147
v 0.22387877 0.84036569 0.11661514
v -0.29514116 0.80290092 0.11602856
v 0.19413738 0.00046736 0.11486554
v 0.00021902 0.87698555 0.09677861
v -0.04574152 0.86818008 0.11425257
v 0.28378241 0.80281685 0.11520180
v -0.25954344 0.32982005 0.08359213
v 0.24099156 0.32638681 0.11528588
v 0.24886597 0.04135266 0.11538396
v 0.24076037 0.47882441 0.11551006
v -0.24987029 0.45590754 0.11530695
v 0.22885766 0.84700884 0.11569221
v -0.24573692 0.74262382 0.11621069
v 0.21623858 0.00043717 0.14815912
v 0.25358782 0.59953929 0.11374463
v -0.24800677 0.51210107 0.11653295
v 0.24218253 0.44195994 0.11290919
v -0.24416986 0.49061271 0.11546721
v -0.05622493 0.87530784 0.11626694
v -0.23558464 0.65284411 0.11639759
v 0.07914571 0.52209121 0.11629472
v 0.24107563 0.33880443 0.11507921
v 0.24174817 0.34483809 0.11381118
v 0.24841760 0.03471125 0.11630872
v -0.25761133 0.58066006 0.11574172
v 0.24045912 0.32655495 0.11632273
v -0.23664118 0.13300673 0.12725728
v -0.24895767 0.20592454 0.11640585
v 0.19947116 0.00048499 0.11611955
v -0.24922576 0.47506979 0.11604255
v -0.24937989 0.41664132 0.11608459
v -0.24273147 0.48511342 0.11645939
v -0.24368066 0.36750065 0.11617946
v -0.23499017 0.64649153 0.11770291
v -0.23584486 0.62579667 0.11667307
v 0.24824947 0.03202106 0.11668702
v 0.24969264 0.03831919 0.11356423
v 0.02389562 0.86527942 0.14139017
v 0.23816125 0.44397715 0.12052615
v -0.24568087 0.73469336 0.11298807
v 0.24043110 0.36072878 0.11627369
v 0.08169053 0.52124877 0.11173400
v 0.23930576 0.46779238 0.11832465
v 0.24006680 0.35768831 0.11698126
v 0.10191529 0.00031203 0.11608184
v 0.27820587 0.80284487 0.11906895
v -0.23831087 0.70299955 0.11735963
v 0.27988724 0.80284487 0.11735956
v 0.19373806 0.00044635 0.11614058
v 0.24354864 0.06479726 0.11288555
v 0.24158004 0.11398695 0.11600440
v 0.05911639 0.87411392 0.11399685
v -0.24164559 0.36699889 0.11772392
v 0.24759093 0.02920477 0.11810918
v 0.23798611 0.10277169 0.12319883
v -0.24900860 0.60810026 0.10102058
v 0.11349321 0.00040458 0.10824142
v -0.24120577 0.35814030 0.11841392
v -0.29217074 0.80290092 0.11779399
v 0.30470495 0.80350691 0.11652062
v -0.27620370 0.80264831 0.12133645
v -0.24466855 0.05233060 0.11696906
v 0.24073935 0.12655606 0.11747166
v 0.25121989 0.81217647 0.11813020
v 0.07908516 0.52656717 0.12593479
v 0.24014036 0.38569099 0.11681313
v 0.10260082 0.00035527 0.11843846
v -0.21565181 0.85063604 0.11302922
v 0.22349129 0.84824184 0.11584634
v -0.19626699 0.60172133 0.14501989
v -0.24159305 0.43742759 0.11766262
v 0.23538941 0.52292536 0.12880007
v -0.23239806 0.60550815 0.11856461
v 0.25658817 0.00114809 0.10262602
v -0.24012010 0.44537583 0.12030553
v 0.24803930 0.03850835 0.11705833
v 0.25263854 0.58540878 0.11651013
v 0.08693518 0.53209360 0.12896279
v 0.10886392 0.53805721 0.11874671
v -0.09352852 0.86814166 0.10268149
v 0.10645395 0.53690828 0.11901293
v -0.24617127 0.67309526 0.10352490
v -0.26579776 0.78334974 0.11019936
v 0.24712855 0.02983528 0.11902693
v 0.23737661 0.14428049 0.12384685
v -0.11680829 0.86648996 0.12018641
v -0.28502492 0.80287289 0.11941932
v -0.05796385 0.87486353 0.11888335
v 0.12476687 0.00041132 0.11947531
v -0.06403084 0.87208734 0.11759063
v 0.25502399 0.81220800 0.10987309
v 0.23764983 0.36808215 0.12161203
v 0.12566360 0.00041132 0.11967147
v -0.22252002 0.84818580 0.11972755
v 0.23956239 0.12926026 0.11975552
v 0.23852555 0.46489662 0.11982558
v -0.27765492 0.80284487 0.12251584
v 0.23855357 0.39983113 0.11986761
v -0.24282255 0.67305716 0.11993773
v 0.12618903 0.00041132 0.12123374
v 0.26211901 0.83021266 0.12577911
v 0.23836604 0.10463537 0.12237980
v -0.24091884 0.43603534 0.11878396
v 0.24651205 0.03118038 0.12027394
v 0.20252321 0.00045335 0.11934219
v 0.10606163 0.53732862 0.12034402
v 0.23706836 0.43883978 0.12257182
v 0.23895521 0.45654565 0.11897180
v 0.24646827 0.02664068 0.12046135
v -0.24027247 0.42212854 0.12003581
v -0.23253447 0.60557745 0.12087816
v -0.24153350 0.73343234 0.12082044
v -0.24198186 0.73575823 0.12086248
v -0.28845771 0.80288691 0.11922316
v -0.28672030 0.80285188 0.12394150
v 0.23804916 0.35099085 0.12089045
v -0.12967992 0.86627974 0.10652670
v 0.10379157 0.00043357 0.12754077
v -0.07627829 0.85031619 0.21337697
v 0.25454760 0.83123549 0.12645647
v -0.23400937 0.62314151 0.12026699
v 0.26595091 0.80189026 0.13960388
v -0.24221247 0.67116037 0.12090960
v -0.23899918 0.79329785 0.11978623
v 0.28393653 0.80279583 0.12278197
v -0.23277754 0.61954068 0.12273104
v -0.15868682 0.56394742 0.11501293
v 0.22572436 0.84023783 0.11425079
v -0.23842822 0.34591391 0.12356318
v -0.23738962 0.79838574 0.12135638
v 0.23743266 0.39983113 0.12196933
v -0.24073485 0.73416093 0.12274001
v 0.23743266 0.46744189 0.12189226
v 0.25012700 0.81214845 0.12223554
v 0.23981460 0.11617360 0.11934919
v -0.22537835 0.84740116 0.12066632
v 0.15373360 0.86173997 0.12337965
v 0.25843576 0.57965009 0.10384556
v -0.22362693 0.84756930 0.12231967
v -0.25212612 0.58720224 0.12065931
v -0.24388741 0.55538582 0.12464556
v -0.24181372 0.66825825 0.12110067
v -0.23595695 0.45306678 0.12805033
v -0.23919359 0.45591925 0.12203243
v 0.23776893 0.46380067 0.12124774
v 0.24873987 0.57727515 0.12304120
v -0.24018840 0.06054830 0.12266995
v 0.23712665 0.35564085 0.12260725
v -0.23704284 0.41779157 0.12611150
v -0.23993620 0.08237808 0.12299221
v -0.23864715 0.45756866 0.12304826
v -0.01076684 0.87697925 0.11356601
v -0.24240220 0.67330937 0.12133887
v 0.23612351 0.51015299 0.12442694
v -0.15125797 0.85482721 0.12338452
v 0.10420527 0.53914399 0.12590108
v 0.23686520 0.41735678 0.12299916
v -0.24063677 0.05777404 0.12194136
v -0.14902315 0.85561185 0.12074337
v 0.15477931 0.86130048 0.12561229
v 0.05966700 0.87079533 0.11072806
v 0.23675310 0.27080354 0.12409205
v 0.23641730 0.47398052 0.12375370
v -0.23868918 0.52870109 0.12291515
v -0.24164559 0.06265001 0.12014790
v 0.23645186 0.35608400 0.12391691
v -0.23716194 0.46270034 0.12579450
v -0.20229979 0.78271222 0.20250786
v -0.23211783 0.62096273 0.12397301
v 0.23628372 0.43709886 0.12402900
v 0.24824947 0.57330992 0.12405703
v 0.22835325 0.67912410 0.13096465
v 0.23633977 0.36443480 0.12405703
v -0.25524306 0.78680454 0.11742425
v -0.23388327 0.60605459 0.12046315
v 0.11187637 0.54108017 0.12160504
v 0.23678813 0.24468627 0.12429522
v -0.23926365 0.06141701 0.12430929
v 0.05285450 0.86342383 0.16930617
v -0.21597319 0.59749012 0.12567190
v 0.20512541 0.00044142 0.12094377
v 0.29640669 0.80271877 0.12204287
v 0.23630542 0.41395289 0.12410417
v 0.23511202 0.44814760 0.12829198
v 0.23591943 0.50950195 0.12478562
v 0.23864114 0.50871556 0.11962417
v 0.23594745 0.51072095 0.12479963
v 0.23619965 0.47960861 0.12421115
v -0.23819596 0.44605414 0.12399623
v -0.22564457 0.84675664 0.12505189
v 0.23577931 0.39678715 0.12521997
v 0.23546756 0.36267024 0.12613422
v 0.23589140 0.40546284 0.12496076
v 0.23626271 0.23443430 0.12552735
v -0.23867517 0.08293853 0.12527607
v 0.23645186 0.24964631 0.12496777
v -0.29514133 0.80287112 0.12479807
v -0.14708257 0.52972042 0.07576674
v 0.23563920 0.40576146 0.12552822
v 0.23550120 0.49538533 0.12554182
v 0.23542903 0.43513463 0.12594857
v 0.23549908 0.40775458 0.12583648
v 0.25318371 0.60299415 0.11423648
v 0.23499467 0.47914273 0.12685931
v -0.06028033 0.87197105 0.10774953
v 0.23514900 0.42880578 0.12672143
v -0.24949198 0.56969498 0.12622885
v 0.23796509 0.16659367 0.13443598
v 0.23537504 0.51079075 0.12604766
v -0.16767935 0.56792954 0.12629891
v -0.17269544 0.56839192 0.12844265
v -0.02256092 0.86746723 0.16320234
v 0.22104500 0.59134745 0.16471722
v 0.06522953 0.86969244 0.12597660
v 0.15745549 0.86065596 0.12660710
v -0.22766221 0.84608409 0.12667721
v -0.23419152 0.79993050 0.12774208
v 0.23513514 0.43907815 0.12670148
v 0.23507874 0.44448725 0.12681727
v 0.23551660 0.51143553 0.12618501
v -0.23244376 0.55456114 0.13780758
v -0.23769437 0.08697382 0.12706953
v 0.23540100 0.50829172 0.12587150
v -0.23793256 0.07813262 0.12662467
v -0.24417290 0.55542217 0.12415429
v -0.24900158 0.57031849 0.12714660
v 0.15477931 0.86130048 0.12561229
v -0.23569074 0.50069228 0.12847768
v -0.23612509 0.49514026 0.12777011
v 0.01761667 0.86767567 0.12464904
v -0.23581684 0.36878535 0.12835858
v 0.23518526 0.05081365 0.14410856
v 0.24661013 0.57766047 0.12704846
v 0.23487514 0.44429867 0.12879659
v 0.23496665 0.43724773 0.12903108
v -0.24444174 0.35470672 0.11663891
v -0.16972501 0.56815372 0.12813440
v -0.27989645 0.80284495 0.12741112
v -0.25307189 0.81319230 0.12975622
v 0.23496665 0.43685804 0.12734971
v -0.23578882 0.44918737 0.12831655
v -0.23578882 0.49582682 0.12833056
v 0.24398833 0.57970618 0.13433212
v -0.23536848 0.36107907 0.12917125
v 0.10148516 0.53796439 0.12629536
v 0.25955930 0.81220931 0.10616084
v 0.23530292 0.43449498 0.12673934
v 0.24590627 0.00975101 0.12190190
v 0.23512778 0.36287253 0.12925176
v -0.23564870 0.49095435 0.12856876
v 0.24555452 0.57865452 0.12896880
v 0.23802989 0.49242511 0.13301207
v -0.23486914 0.80201855 0.12743579
v -0.23633526 0.43904448 0.12736027
v -0.23548057 0.45019345 0.12887701
v -0.23560700 0.36688128 0.12872536
v -0.23548057 0.35084373 0.12890503
v 0.12274042 0.00041646 0.14181951
v 0.23488258 0.44722210 0.12883492
v 0.23488805 0.41777022 0.12849412
v 0.23498066 0.47557332 0.12737073
v 0.23478929 0.40497148 0.12882029
v -0.29886819 0.80297097 0.12449845
v -0.25356930 0.81619775 0.13120290
v -0.24240921 0.81103454 0.12443889
v 0.23794320 0.39028575 0.13273228
v 0.06858461 0.52108589 0.12422518
v 0.09899287 0.87268475 0.07406432
v -0.23520034 0.34148411 0.12947950
v -0.23154248 0.60686944 0.13060545
v 0.23524688 0.44332562 0.12962656
v 0.28835013 0.80273278 0.12964757
v 0.26272236 0.05026129 0.07289609
v 0.24657510 0.57890048 0.12720959
v -0.15399020 0.85376234 0.12722366
v -0.23484655 0.37557738 0.13013453
v 0.01553565 0.86690505 0.12981574
v -0.27297469 0.82073963 0.07869760
v -0.23521435 0.33925980 0.12945147
v -0.24510935 0.00034006 0.12630922
v 0.24745782 0.56986136 0.12567359
v 0.23846950 0.42145030 0.13322049
v 0.01836945 0.86679295 0.13050230
v -0.27407850 0.80280284 0.13164603
v -0.27835987 0.83176180 0.14127668
v -0.18113055 0.85520187 0.11226137
v 0.23507174 0.42130493 0.12922724
v -0.05990246 0.50971957 0.12863267
v -0.26432250 0.83608429 0.13098551
v -0.28775033 0.80282101 0.12965962
v 0.12709276 0.85833006 0.13135699
v 0.12968823 0.85731349 0.13309873
v -0.07142889 0.87213505 0.13359186
v 0.23493628 0.36375824 0.12915237
v -0.09384271 0.87075818 0.10442358
v 0.22459994 0.83860900 0.13007668
v 0.22717016 0.79716318 0.13316670
v 0.23740464 0.38817013 0.13163720
v -0.24572291 0.81441830 0.14475894
v 0.13103522 0.85710406 0.13458837
v 0.22625604 0.63792458 0.12968913
v -0.06293965 0.51698054 0.13606485
v 0.24460650 0.58485533 0.13239382
v -0.06119855 0.51389579 0.13323956
v 0.24438232 0.59104837 0.13246387
v 0.24910942 0.81291557 0.13698255
v -0.20358600 0.60203901 0.18212564
v -0.23166946 0.45057784 0.13651323
v 0.23825233 0.45326900 0.13319947
v 0.23829436 0.47587977 0.13310752
v 0.02051320 0.86642866 0.13282820
v 0.23216437 0.66328508 0.13301207
v 0.12878464 0.85744034 0.13186140
v 0.22949518 0.60626476 0.13236579
v 0.23549502 0.46439727 0.12970523
v 0.24407407 0.58685896 0.13327654
v 0.23512554 0.06501997 0.14095581
v -0.12922086 0.85842264 0.13438650
v 0.26925630 0.82093075 0.10262440
v -0.03053248 0.87619050 0.11679567
v 0.23566021 0.55145738 0.12922724
v -0.23278687 0.00068454 0.14883364
v -0.24874762 0.82851378 0.14021575
v -0.23314066 0.34601680 0.13336766
v 0.25211955 0.78302909 0.14658009
v -0.06058311 0.51566172 0.13552891
v -0.22269531 0.60526281 0.13234549
v 0.23810521 0.48805749 0.13446751
v 0.24967863 0.78355116 0.15009723
v -0.28872393 0.80281685 0.13464972
v -0.27198115 0.80289200 0.13262187
v 0.24359768 0.58565398 0.13418728
v 0.09303568 0.86705017 0.10839848
v 0.23805266 0.46862990 0.13429587
v 0.23832447 0.45875858 0.13383261
v -0.23276226 0.45510040 0.13900985
v -0.29151921 0.80285888 0.12979477
v 0.23833639 0.42045637 0.13331507
v 0.23342364 0.55467409 0.14317034
v -0.21753195 0.55571509 0.17435806
v -0.26864733 0.80205147 0.13709296
v 0.23798197 0.49092257 0.13473106
v -0.22482884 0.60561104 0.13368292
v 0.19950819 0.58616508 0.13932449
v -0.23181715 0.40008849 0.13698172
v -0.05699618 0.51528166 0.13649920
v -0.05530081 0.51512754 0.13694757
v 0.23676011 0.40763549 0.13698956
v 0.23819844 0.00223049 0.13944544
v -0.23054155 0.79838924 0.13339569
v -0.28230671 0.80280284 0.13502803
v 0.25350835 0.55704359 0.10904184
v -0.24636592 0.78557386 0.13796228
v -0.22272354 0.60304304 0.16654180
v 0.23617163 0.49144124 0.13781623
v -0.24674574 0.78535863 0.13784431
v -0.05659336 0.51638156 0.13791435
v -0.26821122 0.79211914 0.12471388
v 0.24172605 0.81203955 0.13654193
v 0.23614361 0.40626937 0.13802640
v 0.23695627 0.40422021 0.13662526
v -0.24593308 0.78594711 0.13717176
v 0.23704034 0.46404259 0.13631176
v -0.27132176 0.80273278 0.13865699
v 0.23755876 0.45448256 0.13540627
v 0.24362570 0.57894601 0.13268455
v -0.27048107 0.80273278 0.13900727
v -0.29001298 0.80284487 0.13930151
v -0.03762457 0.00037504 0.07595566
v 0.23608101 0.45632818 0.13794989
v 0.23884404 0.40096758 0.13337995
v -0.05631663 0.51781072 0.13962375
v 0.28728526 0.80273278 0.13469167
v 0.23446924 0.14128205 0.14022269
v 0.24439731 0.83407006 0.14689409
v -0.23293093 0.40409268 0.13896063
v -0.25101922 0.78257211 0.14542361
v 0.20875261 0.83646011 0.18627121
v 0.23471444 0.45024074 0.14029625
v 0.23408393 0.37848124 0.14154677
v 0.22531277 0.60559222 0.14050642
v 0.23474247 0.38423293 0.14050642
v -0.05188859 0.86370694 0.14300400
v 0.23426608 0.17561001 0.14077264
v 0.23371422 0.15540198 0.14152982
v 0.23813323 0.44463481 0.13258998
v 0.24308073 0.81276757 0.14979817
v 0.23437817 0.35497009 0.14091275
v -0.15978786 0.85258626 0.12852453
v 0.22491110 0.60553672 0.14184688
v 0.23471145 0.37898834 0.14047959
v 0.24899185 0.81226814 0.13824550
v -0.05595233 0.51920486 0.14126308
v 0.16727283 0.85456290 0.12802375
v -0.28735081 0.80278883 0.14024028
v -0.04945536 0.86434619 0.14037607
v 0.23424154 0.35980146 0.14117092
v -0.28066128 0.82871953 0.15934944
v 0.23000661 0.60675867 0.13409270
v -0.23486406 0.38757815 0.14213180
v 0.23462337 0.36789912 0.14058349
v 0.26548350 0.80044191 0.14298993
v -0.23480101 0.41859898 0.14250310
v -0.23467942 0.38144320 0.14291832
v -0.23476598 0.35678457 0.14249610
v -0.22385285 0.83357190 0.17700972
v -0.23466790 0.37255442 0.14273429
v -0.28632093 0.80274980 0.14188233
v -0.04842120 0.86472277 0.13840124
v 0.12391921 0.83308150 0.25547007
v -0.23444372 0.35536241 0.14319667
v 0.02442928 0.86744098 0.13271698
v -0.23427559 0.49706683 0.14332277
v -0.23457805 0.40473122 0.14324957
v 0.23879949 0.43210195 0.13365068
v 0.23252866 0.17863648 0.14363097
v -0.23399536 0.50417762 0.14377114
v -0.23396733 0.49879724 0.14384119
v -0.23440169 0.36625629 0.14328074
v -0.23337360 0.45478162 0.13855539
v -0.23338586 0.38184836 0.14492182
v 0.23633977 0.55604086 0.14424747
v 0.23049000 0.14844188 0.14663992
v -0.23403739 0.35157933 0.14383419
v -0.24856821 0.81407173 0.14013522
v -0.23340688 0.49931215 0.14472391
v 0.27359341 0.80591583 0.18022927
v 0.23546052 0.55588721 0.14533018
v 0.26928057 0.80057818 0.14231120
v -0.28438039 0.80273278 0.14341386
v 0.19262591 0.00035652 0.19067287
v -0.24448290 0.78548473 0.14190061
v 0.22206213 0.60557120 0.14426148
v 0.23163193 0.40216753 0.14560658
v 0.22185197 0.34068546 0.15904352
v 0.22165579 0.60550815 0.14587279
v 0.23490360 0.55594978 0.14619506
v 0.23140775 0.40753040 0.14598489
v -0.29212345 0.80398680 0.14796056
v -0.03091606 0.87041324 0.11206549
v 0.23095269 0.17385657 0.14609611
v -0.24565285 0.82013495 0.14623715
v 0.23880578 0.81189624 0.14754015
v 0.23084729 0.40898409 0.14682557
v -0.05595233 0.51920486 0.14126308
v -0.05070462 0.86351428 0.14537367
v -0.14346740 0.84803977 0.17956997
v -0.24478414 0.81853765 0.14752620
v -0.14530487 0.56879431 0.15636871
v 0.23011870 0.34534425 0.14770829
v 0.22969484 0.17272366 0.14804106
v -0.18287473 0.84499820 0.14952282
v -0.23289803 0.55462812 0.14635660
v 0.23395520 0.81191376 0.14629445
v -0.29123197 0.82812146 0.14960690
v -0.05691584 0.86120415 0.15543125
v 0.23014672 0.35017118 0.14770829
v -0.26275728 0.83771577 0.13434848
v 0.22934806 0.33758894 0.14880118
v 0.21543299 0.44994338 0.16271276
v -0.21178727 0.60563425 0.15203086
v -0.05179599 0.86299414 0.14781400
v 0.23828735 0.81193828 0.15030040
v 0.23765684 0.81192427 0.14979599
v 0.08417844 0.55383406 0.15946300
v -0.24385939 0.81908410 0.14914451
v 0.22013205 0.60553967 0.14889225
v -0.07371793 0.86082059 0.14973123
v -0.05930807 0.86180489 0.15041253
v -0.29015448 0.82829012 0.15092408
v 0.14352149 0.57110535 0.13660557
v -0.18244038 0.84543956 0.14765230
v 0.23669879 0.60968552 0.13106189
v -0.05780184 0.86183291 0.15107107
v 0.00685777 0.53035444 0.15770546
v -0.18257348 0.84471097 0.15140736
v 0.23614361 0.81192427 0.15041950
v 0.23015022 0.43938130 0.14762422
v 0.23392981 0.81192427 0.15203782
v -0.24760044 0.60121365 0.12781739
v -0.24573475 0.78923137 0.16112193
v -0.22733994 0.51837818 0.15313076
v -0.20769594 0.60518588 0.15237414
v 0.22675246 0.43133842 0.15252121
v 0.22556761 0.60488946 0.14679273
v -0.11931896 0.54722856 0.13298759
v -0.22608592 0.07688560 0.15474207
v 0.18493864 0.85177323 0.15062477
v 0.26629617 0.80220735 0.13971827
v 0.23389007 0.19575658 0.14403432
v 0.23588440 0.36226325 0.13297354
v 0.18045689 0.84663404 0.17868808
v 0.19267452 0.84674525 0.15823918
v 0.10832755 0.85493974 0.17502531
v -0.22671318 0.52661673 0.15396421
v -0.21815546 0.60729460 0.15350557
v -0.03944484 0.86422456 0.15318400
v 0.07103104 0.00186894 0.26694457
v -0.20576937 0.60542408 0.15843758
v 0.22472973 0.43264153 0.15541361
v -0.20070424 0.60463944 0.15534456
v -0.20484462 0.60482859 0.15172962
v -0.19940293 0.60427339 0.15257381
v -0.17886396 0.84501922 0.15391890
v 0.22179592 0.20623896 0.15907154
v -0.21282411 0.66502862 0.15565281
v -0.21378594 0.66520362 0.15581218
v 0.21077595 0.67819585 0.15630429
v 0.21316489 0.67763189 0.15591898
v 0.21110872 0.62961128 0.15632881
v 0.02327586 0.86320603 0.15339170
v -0.22519619 0.52672898 0.15598909
v 0.21349455 0.67436496 0.15599774
v -0.20634173 0.64021872 0.15878012
v 0.21392151 0.67195026 0.15622723
v 0.21352919 0.61160311 0.15642339
v 0.22625884 0.55495074 0.15635394
v -0.23027443 0.55729534 0.15754240
v 0.22247606 0.36407916 0.15879023
v -0.10465776 0.85563987 0.16129305
v 0.21529813 0.64513943 0.15848306
v -0.02588929 0.50356389 0.13184196
v -0.21404311 0.65977435 0.15601011
v -0.22446860 0.07233894 0.15684058
v -0.20457314 0.60998348 0.17142179
v -0.22577023 0.11565340 0.15525317
v -0.23015396 0.37297086 0.14950055
v 0.06819404 0.87303679 0.11570449
v 0.22245446 0.17179891 0.15813278
v -0.22817887 0.53699935 0.15197482
v -0.22385110 0.07192556 0.15764243
v -0.20319827 0.60505978 0.15737622
v -0.22417336 0.12015284 0.15739023
v -0.22427756 0.11030687 0.15721231
v -0.22256029 0.53407272 0.15950420
v -0.22431347 0.11254465 0.15717305
v 0.22301944 0.18513130 0.15747112
v 0.22164410 0.13079916 0.15931655
v -0.22369697 0.36461695 0.15807679
v 0.21822652 0.44833271 0.15870725
v -0.11180883 0.85457500 0.16115929
v 0.21546977 0.67312722 0.15856713
v -0.28908823 0.82823355 0.15310275
v -0.22347279 0.10647771 0.15828696
v 0.22316314 0.00213003 0.16238996
v 0.16328158 0.85295787 0.16718479
v 0.21730919 0.42903529 0.15841313
v 0.21460865 0.38335766 0.15809616
v 0.21819865 0.30763222 0.15879175
v 0.21890257 0.30776915 0.15910657
v 0.21534367 0.27288599 0.15923968
v 0.21703204 0.28360297 0.15854612
v 0.21924624 0.28420436 0.15921887
v 0.21605825 0.30842418 0.15864420
v 0.22185197 0.17240490 0.15880358
v 0.21691495 0.24060692 0.15863036
v 0.22219174 0.43081343 0.15883685
v 0.21557486 0.67479458 0.15884736
v 0.21578152 0.23033859 0.15907505
v 0.21577102 0.25188814 0.15890341
v 0.21720719 0.41924744 0.15834295
v 0.21887836 0.17066393 0.15917616
v 0.21735737 0.16951680 0.15928128
v 0.22210841 0.44488594 0.15891804
v 0.22213220 0.44768445 0.15886838
v 0.21068941 0.62773315 0.15647177
v 0.21612130 0.24176839 0.15886137
v -0.23211783 0.55705669 0.15481213
v 0.21872961 0.13121923 0.15929135
v 0.21559587 0.67768093 0.15855312
v 0.22131953 0.44378887 0.15939381
v 0.21623339 0.35959911 0.15831843
v 0.21899630 0.43546250 0.15869587
v 0.22117942 0.27819456 0.15944985
v -0.20199592 0.66336214 0.16832308
v 0.22139660 0.21802255 0.15932375
v -0.26108390 0.83592122 0.14637033
v 0.22109535 0.36543136 0.15957946
v 0.21469214 0.20461363 0.15996827
v 0.21535067 0.20923740 0.15935177
v -0.28275507 0.82862587 0.16167774
v 0.22100778 0.44000483 0.15944110
v 0.10796172 0.86236222 0.17135350
v 0.21422976 0.31032273 0.15977912
v 0.22032265 0.19526388 0.15973601
v -0.07094110 0.56527645 0.18392640
v 0.22015146 0.24248677 0.15962845
v 0.22234237 0.40806284 0.15898748
v 0.01136288 0.53290802 0.15978615
v -0.21461179 0.83521918 0.17214081
v 0.21450958 0.25832495 0.15968908
v -0.18124940 0.84325378 0.16124337
v -0.17799174 0.84412249 0.15998234
v -0.22963916 0.49712240 0.15006202
v 0.21560288 0.67737968 0.15970906
v 0.22291684 0.81172811 0.16003833
v -0.22216973 0.36735618 0.16009443
v -0.21100175 0.65729608 0.15632186
v 0.21602230 0.32000284 0.15841230
v 0.22073324 0.42397897 0.15831318
v 0.21344512 0.30179679 0.16057077
v 0.01196624 0.86152466 0.16202798
v 0.21345870 0.30609814 0.16051831
v 0.21355021 0.32123061 0.16037461
v 0.22267864 0.81165805 0.15895945
v 0.01382144 0.85135325 0.21765461
v -0.22791440 0.55709171 0.16093512
v 0.20220096 0.63212983 0.16541871
v 0.21170070 0.43525899 0.16207699
v 0.21264647 0.32114655 0.16135540
v 0.20328685 0.67759686 0.16362525
v 0.21205699 0.44154895 0.16160644
v -0.22250600 0.05744477 0.15931067
v 0.21432679 0.51536614 0.15889953
v 0.22105332 0.81175613 0.16305079
v 0.21263246 0.32865666 0.16134139
v 0.21175850 0.54232806 0.16180552
v 0.20243565 0.55002471 0.17302342
v 0.21241528 0.31972439 0.16165665
v 0.07854979 0.53890600 0.14569504
v -0.12871069 0.85316371 0.15644079
v -0.28216659 0.82865389 0.16197197
v 0.21163765 0.29637437 0.16273553
v 0.20982667 0.20205655 0.16561137
v -0.21365455 0.70307173 0.15675325
v -0.23609619 0.83374354 0.17430420
v 0.01710668 0.53443526 0.16057079
v -0.22050587 0.37714315 0.16229072
v 0.21033420 0.67090170 0.15577419
v -0.22150418 0.35705779 0.16093512
v 0.00912543 0.53525493 0.16243431
v 0.21834036 0.32484118 0.15901725
v -0.24168122 0.83382086 0.15931076
v 0.21204398 0.20881706 0.16288265
v -0.28124184 0.82868191 0.16254644
v 0.21468656 0.21157503 0.15988375
v -0.21983157 0.00024143 0.16297816
v 0.22378379 0.75937447 0.16654707
v -0.26221434 0.83294138 0.16265853
v 0.01658125 0.86138455 0.16265849
v -0.22931555 0.56016722 0.15904358
v -0.11044272 0.85451896 0.16267252
v 0.22051388 0.81175613 0.16450097
v -0.22401528 0.78303140 0.18901483
v 0.21024351 0.52942268 0.16366729
v -0.17574992 0.84398238 0.16326101
v 0.21159561 0.22680771 0.16330299
v 0.21114725 0.29825190 0.16333101
v 0.20973704 0.53681476 0.16423688
v 0.20028490 0.62795443 0.16806687
v 0.14352635 0.85338189 0.17935051
v 0.21062883 0.33613876 0.16373734
v 0.21063583 0.30550280 0.16390548
v 0.21120330 0.21856900 0.16384944
v 0.21006837 0.44082414 0.16400356
v 0.20549014 0.55512136 0.17722684
v -0.23508124 0.12650702 0.14141372
v -0.21851275 0.11600547 0.16481628
v 0.21096510 0.20654721 0.16421373
v 0.20387883 0.28793950 0.17236138
v -0.03340395 0.87873593 0.10675991
v -0.21655420 0.27198742 0.16840478
v -0.21837263 0.12233862 0.16499843
v 0.20554706 0.33993258 0.16968795
v -0.10853016 0.85400054 0.16743640
v -0.10506059 0.56655292 0.16841020
v 0.21417371 0.26429524 0.16012240
v 0.22916079 0.59861082 0.15927227
v 0.20925571 0.33926330 0.16529261
v 0.21146426 0.66594287 0.15578937
v -0.21808540 0.12498678 0.16543278
v 0.01379123 0.53898897 0.16553083
v 0.21261144 0.44212326 0.16095958
v -0.21782619 0.13644812 0.16595120
v 0.20787998 0.42684203 0.16670043
v 0.20459878 0.68798655 0.16242736
v -0.21635499 0.00021516 0.16418576
v -0.21791026 0.12794319 0.16571301
v 0.21120330 0.62951670 0.16640652
v 0.19106890 0.66293392 0.17744752
v 0.20873729 0.63294249 0.16886552
v -0.20310158 0.65532385 0.16485187
v 0.26265277 0.80123499 0.14569258
v -0.21784721 0.12416011 0.16584612
v 0.20817683 0.22303864 0.16743636
v -0.21702937 0.55381825 0.16756834
v -0.12932289 0.86159800 0.11724577
v -0.28153608 0.82864689 0.16122937
v 0.21104917 0.62733793 0.16683387
v 0.10656830 0.86249344 0.10980178
v 0.01727482 0.54028503 0.16632948
v 0.01072448 0.54096458 0.16782870
v 0.01488061 0.86049964 0.16745937
v -0.05224807 0.86265959 0.15061570
v -0.21603273 0.00024318 0.16700206
v -0.20658400 0.70765353 0.17208339
v -0.25969229 0.83288534 0.16721224
v 0.20736417 0.44442551 0.16722619
v 0.20643942 0.55024013 0.16817896
v 0.20656202 0.54427127 0.16796178
v 0.20785457 0.41896547 0.16682336
v -0.10639561 0.55913026 0.15586254
v 0.20792462 0.23755446 0.16767455
v -0.20734317 0.00019425 0.16708731
v -0.10437578 0.56617811 0.16774465
v 0.20785457 0.22892343 0.16780065
v -0.21290010 0.00065824 0.17654791
v 0.20596303 0.33954353 0.16921581
v -0.21575250 0.00021516 0.16569900
v 0.20969006 0.62973388 0.16815094
v -0.19496132 0.21282782 0.19199142
v 0.20891944 0.63568873 0.16836111
v 0.20606111 0.54832057 0.16861332
v 0.20636936 0.42946527 0.16850823
v 0.20502426 0.53281694 0.16977626
v 0.20612766 0.23031056 0.16992339
v -0.19850445 0.65767263 0.17036481
v -0.19341130 0.84093227 0.16092067
v 0.20866723 0.26058922 0.16656415
v 0.19906941 0.63068665 0.16914575
v -0.10343702 0.56651439 0.16915980
v -0.21818698 0.45819457 0.16538374
v 0.19945823 0.73855000 0.18098541
v -0.03481768 0.85901388 0.19238509
v -0.21582256 0.00024318 0.16889360
v 0.20497172 0.55101251 0.16997243
v 0.20526246 0.44783926 0.16972022
v 0.20724869 0.30756117 0.16793333
v -0.21551025 0.60680750 0.15358959
v 0.19466085 0.71247258 0.18416162
v -0.13637085 0.84721319 0.18962240
v 0.20279295 0.19023442 0.17533706
v -0.21247033 0.00020115 0.17106888
v 0.07294391 0.56374188 0.17442458
v -0.21280826 0.00019621 0.17021545
v 0.20702789 0.63460985 0.17063097
v -0.20483433 0.69508883 0.17658814
v -0.19539392 0.60546962 0.17149448
v 0.19089375 0.64184499 0.17922960
v 0.20412753 0.44466765 0.17113538
v 0.20492618 0.29896648 0.17091120
v 0.21249235 0.75573850 0.17114939
v -0.18782089 0.79751100 0.19233498
v 0.20386132 0.54843266 0.17123346
v 0.20805073 0.34906078 0.16673579
v 0.20743072 0.63876774 0.16982181
v 0.21295472 0.75775615 0.17137358
v 0.21006837 0.62638515 0.16812292
v 0.24010000 0.78320721 0.16589124
v 0.20458290 0.31081313 0.17124047
v -0.20403896 0.64789267 0.16396158
v 0.20419759 0.29523945 0.17187799
v 0.20351103 0.44517775 0.17190601
v 0.19667987 0.71490685 0.18738603
v -0.20692641 0.57647968 0.14412588
v 0.20018507 0.67746550 0.17741425
v -0.19822807 0.38219112 0.19175301
v 0.20341295 0.30539772 0.17282376
v 0.00708617 0.57659017 0.20481096
v 0.20310470 0.44607968 0.17243144
v 0.20321329 0.34066794 0.17273969
v -0.19545347 0.58152411 0.19912148
v 0.20853412 0.55524221 0.17239641
v 0.05489951 0.52247662 0.14033078
v 0.02445676 0.86117088 0.16440467
v -0.21461757 0.51788078 0.17320913
v 0.23698429 0.79569905 0.17882765
v 0.23596146 0.78834306 0.17527576
v 0.19425299 0.63914254 0.17388162
v 0.20220549 0.43826029 0.17384047
v 0.20187169 0.43279648 0.17451914
v 0.20247419 0.42417771 0.17357337
v 0.07729247 0.55257905 0.16275784
v 0.23786176 0.78304850 0.16454257
v -0.26916096 0.00344654 0.05326219
v 0.20299786 0.43942225 0.17265475
v 0.19541243 0.60937530 0.18502069
v 0.21115250 0.55534729 0.17407077
v 0.06079558 0.56202636 0.17630824
v -0.19727145 0.45347377 0.19221210
v 0.20964803 0.55529125 0.17435801
v 0.23573728 0.78748836 0.17505858
v 0.20190672 0.37542763 0.17509974
v -0.20579452 0.00018764 0.17689667
v -0.21626238 0.67108768 0.15835308
v 0.18653386 0.59408892 0.21049616
v -0.26058902 0.83532332 0.14920758
v 0.20197225 0.26270077 0.17545652
v 0.20171407 0.44188003 0.17480988
v 0.19197001 0.68500014 0.17771111
v 0.20352889 0.00215930 0.18663463
v 0.19837890 0.68592685 0.18107648
v 0.20157746 0.42982431 0.17571712
v 0.23983883 0.79958606 0.17783780
v 0.23716328 0.79140685 0.17556621
v 0.20092556 0.55395933 0.17538101
v 0.20210463 0.34745647 0.17477134
v 0.20160548 0.42317414 0.17631961
v 0.24181120 0.80108041 0.17643196
v 0.23505072 0.78832905 0.17645972
v 0.19235276 0.63783968 0.17624123
v 0.19253309 0.63435764 0.17638266
v 0.20162394 0.43017177 0.17656583
v 0.06467894 0.56360702 0.17695013
v 0.24146794 0.80141571 0.17730040
v 0.22132479 0.78267544 0.18673008
v 0.02549037 0.86183788 0.18166751
v 0.23362155 0.55707770 0.14905338
v 0.21858381 0.60535402 0.15589971
v 0.24305123 0.80044892 0.17421789
v 0.06325327 0.56432511 0.17819715
v 0.19102111 0.68700237 0.17923725
v 0.02071812 0.55377802 0.17801501
v -0.19689314 0.70867417 0.17837934
v -0.05328753 0.57021690 0.19707229
v 0.19218981 0.69106183 0.17825318
v 0.19999540 0.69419134 0.17949617
v -0.22512044 0.24986787 0.15728383
v 0.19204269 0.68849774 0.17803600
v 0.20569834 0.67850103 0.16311384
v 0.20184017 0.68906870 0.17619350
v 0.07162195 0.86585648 0.12148993
v 0.02529548 0.85788870 0.18068069
v -0.21497837 0.83307449 0.17933211
v 0.20372646 0.29912498 0.18132781
v 0.05682204 0.56421477 0.17968586
v 0.24019291 0.80061706 0.17821115
v 0.21527886 0.67699962 0.15973446
v 0.20202757 0.42057459 0.17715504
v -0.20601982 0.00022392 0.17919638
v 0.20217039 0.21299558 0.17566137
v 0.18922760 0.65793182 0.17877950
v -0.17584798 0.82257294 0.27812658
v 0.20175960 0.43297907 0.17705520
v 0.05617186 0.56390734 0.17952754
v 0.20134004 0.41660340 0.17621897
v 0.04867352 0.56361578 0.18097141
v 0.19106189 0.68919831 0.17990653
v 0.19978399 0.69059945 0.17963330
v -0.19608048 0.70992119 0.17968240
v -0.20633523 0.83713696 0.19092928
v -0.21353870 0.56700479 0.17989257
v -0.19516623 0.70348995 0.17956155
v 0.20384730 0.05292609 0.18127965
v 0.23793707 0.79934202 0.18014472
v -0.23693075 0.80245255 0.18923993
v 0.02052722 0.56026530 0.18334636
v 0.10596269 0.56961616 0.18464590
v -0.21883851 0.55670640 0.17318635
v -0.21447746 0.83294138 0.18046704
v 0.20403646 0.22214191 0.18060009
v 0.20185847 0.32203952 0.17610304
v -0.03750630 0.86375248 0.18577033
v 0.19942242 0.69892159 0.18129570
v 0.20023411 0.69479587 0.17929003
v 0.19082195 0.68193602 0.17965870
v -0.19563211 0.71165860 0.18071224
v -0.21104466 0.57529954 0.18265282
v 0.20390335 0.32898243 0.18072970
v 0.01700160 0.55722482 0.18132171
v 0.19889777 0.69987150 0.18228146
v -0.06079106 0.85740314 0.17675727
v -0.21252987 0.56397832 0.18113959
v -0.19206798 0.65983019 0.18192681
v 0.19160106 0.61108685 0.18063345
v 0.01892291 0.55817760 0.18185414
v 0.23575129 0.79577611 0.18051602
v 0.20261430 0.00041132 0.18219039
v 0.20436573 0.00041132 0.18200824
v -0.19617462 0.48296888 0.19243935
v 0.21182627 0.66715644 0.16639239
v -0.21600470 0.83204465 0.18289101
v -0.21442141 0.83257709 0.18226050
v 0.19909744 0.70173852 0.18233050
v 0.19314149 0.22311543 0.19642118
v -0.19271290 0.61361876 0.18375715
v -0.20327534 0.00025719 0.18380175
v 0.20313272 0.00041132 0.18256870
v 0.20376324 0.00041132 0.18259672
v 0.19197263 0.69716380 0.17983647
v -0.19185954 0.66012551 0.18019119
v 0.10064624 0.56927464 0.18098542
v 0.19164336 0.60818433 0.18168598
v 0.19386855 0.66644027 0.18302231
v 0.19024573 0.64799075 0.18011320
v -0.19968636 0.46799019 0.19186712
v 0.24278151 0.80228967 0.18034263
v 0.13893592 0.85396551 0.18262475
v 0.24474661 0.80235447 0.18367209
v 0.02866982 0.56930704 0.19077328
v 0.19721640 0.68613682 0.18171050
v -0.19675302 0.66913047 0.18338491
v 0.19476457 0.61063637 0.18459978
v 0.19998015 0.72505351 0.18688421
v 0.19283433 0.60971157 0.18312565
v -0.19662692 0.70186463 0.18549714
v -0.20287978 0.00019961 0.18246107
v -0.19141974 0.68237064 0.18234541
v 0.24474661 0.80236848 0.18462837
v 0.10120669 0.56947080 0.18472647
v -0.20375183 0.44297468 0.18548393
v 0.14338805 0.85272550 0.18499268
v 0.19399247 0.69919672 0.18534150
v -0.20671514 0.00018714 0.17235093
v -0.20866798 0.83087295 0.19658454
v 0.24300920 0.80231244 0.18593143
v 0.20843805 0.00054845 0.17987825
v -0.00571184 0.56455220 0.19048243
v -0.21969478 0.83092348 0.18226202
v 0.20996022 0.70630449 0.17212274
v 0.14614830 0.85238922 0.18436217
v 0.24530707 0.80234046 0.18687020
v 0.20075078 0.72765964 0.18689822
v 0.10029595 0.56955486 0.18692626
v 0.22699622 0.79769978 0.19514728
v 0.20115711 0.72984542 0.18708037
v -0.19355142 0.65849931 0.18333938
v 0.14581202 0.85188481 0.18713643
v -0.21057003 0.83337574 0.18270711
v 0.15652462 0.05168433 0.22148233
v 0.24438232 0.80229843 0.18991768
v 0.02439365 0.85915880 0.17408803
v -0.20028390 0.43850350 0.18923818
v -0.21322017 0.43103134 0.17481955
v 0.28791227 0.81297074 0.14546470
v -0.19467321 0.35091029 0.19185481
v 0.03118067 0.56545220 0.18633999
v -0.19961135 0.43724685 0.18995276
v -0.19269888 0.16725437 0.19107410
v -0.19037908 0.43935196 0.18919644
v 0.19941269 0.78558281 0.19302121
v -0.18085036 0.55664277 0.20951877
v -0.03932078 0.86270162 0.19034506
v -0.19900186 0.42891357 0.19061480
v 0.20407149 0.20801841 0.18056506
v 0.10552417 0.56981127 0.18929786
v -0.19065806 0.20416527 0.19048520
v -0.19200316 0.21750413 0.19052723
v -0.04416129 0.86142658 0.19480069
v -0.19256361 0.21391721 0.19080746
v 0.19582577 0.60405797 0.19047814
v 0.19345084 0.42808865 0.19300720
v -0.19228338 0.20813050 0.19070938
v -0.19291390 0.21447767 0.19103164
v -0.19736601 0.43999276 0.19219266
v -0.19913672 0.44050549 0.19044316
v -0.19341831 0.21571067 0.19136792
v -0.21009022 0.27463512 0.18065742
v -0.19277378 0.22060065 0.19090554
v -0.04383246 0.86015154 0.17441408
v -0.19727484 0.41851160 0.19235417
v 0.23653593 0.80220035 0.19112967
v -0.20164758 0.11623869 0.18706667
v 0.10362716 0.56986312 0.19107364
v -0.19543233 0.37739970 0.19252740
v -0.19667246 0.35778376 0.19238725
v -0.19724693 0.19779008 0.19181278
v 0.25179434 0.79871413 0.10548796
v -0.19330278 0.37829922 0.19112050
v -0.19618907 0.42880476 0.19262194
v -0.19723642 0.45546399 0.19219809
v -0.19618556 0.39400238 0.19266397
v -0.19633268 0.38322411 0.19258691
v -0.19625562 0.40663104 0.19268849
v -0.19055998 0.45043069 0.18987570
v 0.12920149 0.84432916 0.20179061
v -0.13323677 0.00101016 0.24392656
v -0.06840716 0.56734281 0.18580712
v 0.23493688 0.80211277 0.18932307
v -0.16545307 0.60194290 0.18178184
v 0.15416107 0.84087535 0.19816340
v -0.18966675 0.40203377 0.19028729
v 0.20273953 0.00042533 0.18367209
v 0.19277829 0.42057853 0.19380585
v 0.23687220 0.80217232 0.19384788
v -0.28725212 0.81231197 0.17165056
v -0.18443699 0.44523993 0.19426828
v 0.23264076 0.80214430 0.19429625
v 0.19263467 0.43407896 0.19378483
v 0.23394382 0.80217232 0.19355364
v 0.00374087 0.85452506 0.19397950
v -0.18422682 0.44813722 0.19446444
v 0.19196563 0.42855803 0.19450642
v 0.18613980 0.55328789 0.20239659
v 0.22989277 0.81186822 0.15647068
v -0.15475030 0.60413153 0.20024064
v 0.19068218 0.44100550 0.19574234
v 0.19161534 0.41869750 0.19503885
v 0.12604192 0.84597200 0.19446440
v 0.23077023 0.80213029 0.19650304
v -0.04819808 0.85808049 0.18977875
v 0.23746068 0.80218633 0.19482167
v -0.19270879 0.00568448 0.19982526
v -0.03378802 0.56953691 0.19492416
v -0.05546958 0.84396223 0.25175051
v 0.19227388 0.44734990 0.19414913
v 0.14262092 0.45073683 0.23203598
v -0.23940376 0.80239651 0.19620185
v -0.18226522 0.44570318 0.19629993
v 0.18923340 0.44264322 0.19724565
v -0.02598104 0.57075284 0.19703551
v 0.13028738 0.84468295 0.19715459
v 0.19078517 0.41340731 0.19593558
v 0.23505072 0.80214430 0.19767300
v 0.18437144 0.60399491 0.20298332
v -0.03060644 0.57058908 0.19704905
v -0.23456370 0.80229667 0.20957312
v 0.12053717 0.84796813 0.18961966
v -0.03550267 0.57084391 0.19810738
v -0.03922620 0.86180489 0.19433831
v 0.12979698 0.84448679 0.19841562
v 0.18758111 0.60410445 0.19881394
v 0.19074663 0.42717002 0.19578846
v -0.17343094 0.44148616 0.20433487
v 0.18386959 0.42048103 0.20272974
v 0.17910198 0.60094877 0.17497754
v 0.18779023 0.44101330 0.19873786
v -0.27313569 0.80659500 0.15033895
v -0.24072083 0.80231244 0.20534430
v 0.15311905 0.83573304 0.23980498
v 0.24421418 0.80204797 0.19818529
v 0.18324352 0.41341344 0.20314445
v 0.18404918 0.60419107 0.20169427
v 0.18622795 0.44077970 0.20033517
v -0.23882886 0.82261848 0.15475959
v 0.18133097 0.00046736 0.20563148
v 0.20362200 0.78242722 0.20284061
v 0.11584161 0.85266945 0.18626772
v 0.18473924 0.60417531 0.19819843
v -0.18069595 0.44412602 0.19777113
v -0.15480284 0.60427514 0.20133003
v 0.18306838 0.60421910 0.20138602
v -0.00427009 0.86335324 0.19028728
v -0.14327145 0.60893569 0.22315980
v 0.16552383 0.63911042 0.20180533
v 0.08125247 0.56683074 0.17746494
v 0.20260419 0.38055466 0.18585975
v 0.17048025 0.63212053 0.20074695
v 0.22559302 0.80206023 0.19997087
v -0.15195608 0.63895292 0.21345216
v 0.17781756 0.43131293 0.20232449
v 0.14422884 0.80538159 0.23648658
v -0.17312978 0.45193804 0.20465074
v 0.17846895 0.26856734 0.20258750
v 0.14361675 0.66195438 0.21583393
v 0.18312443 0.05183320 0.20288524
v -0.15526522 0.60448531 0.20294134
v -0.13893842 0.60377599 0.21161614
v 0.16869485 0.64845969 0.20255685
v 0.18246589 0.05228156 0.20316547
v 0.18250792 0.44181370 0.20326355
v 0.18354477 0.05170710 0.20265405
v -0.18196398 0.00029222 0.20618849
v 0.15949767 0.63410369 0.20609736
v 0.19342281 0.42499247 0.19199838
v 0.16354045 0.64185280 0.20295385
v 0.18276713 0.42529512 0.20328457
v 0.18294578 0.83507112 0.22394089
v 0.18314544 0.26038606 0.20295530
v 0.17674923 0.26745482 0.20345971
v 0.17590855 0.43387186 0.20350174
v 0.17590855 0.43387186 0.20350174
v 0.17750585 0.26861776 0.20288524
v -0.18534686 0.60653841 0.19185552
v 0.08549815 0.57112765 0.21247256
v 0.16210729 0.64363320 0.20383802
v 0.17216312 0.61681820 0.20479101
v 0.17484980 0.36874956 0.20343761
v 0.18163308 0.00065882 0.20689855
v 0.11948458 0.57175816 0.20541782
v 0.17434627 0.43364527 0.20479430
v -0.18140352 0.00017312 0.20479085
v 0.18100870 0.00038330 0.20469271
v -0.22547173 0.80217547 0.19997297
v -0.13277646 0.24471277 0.20318004
v 0.16498664 0.63717394 0.20223021
v -0.17263939 0.44254262 0.20520419
v 0.17368774 0.26470157 0.20597126
v 0.17750585 0.26445637 0.20285722
v -0.17378832 0.42828831 0.20403423
v -0.12353638 0.12100053 0.20501502
v -0.11834865 0.13185237 0.21439916
v 0.18102271 0.00041132 0.20532323
v -0.18111629 0.00021516 0.20556148
v -0.13444777 0.27608585 0.20564903
v -0.18051380 0.00018714 0.20585572
v -0.15826104 0.66792023 0.21254353
v 0.15050403 0.84707809 0.20595512
v -0.17381459 0.21912595 0.21136570
v -0.16857081 0.66446817 0.20120130
v -0.13537674 0.26836190 0.20718173
v 0.08958542 0.86142795 0.18490058
v 0.17826247 0.00034827 0.20595549
v 0.17560030 0.55447158 0.20675239
v 0.17388338 0.00103629 0.21339734
v -0.13405421 0.29683236 0.20509497
v 0.15971747 0.63002814 0.20608783
v 0.16122107 0.62694911 0.20538978
v 0.11392906 0.57153047 0.20714473
v 0.11560342 0.57161454 0.20717275
v -0.15541379 0.71073697 0.22211312
v 0.17425520 0.55439452 0.20720076
v 0.11437917 0.57163206 0.20881208
v -0.17251908 0.21737266 0.21033675
v -0.13448200 0.35457894 0.20730246
v -0.13525670 0.34810925 0.20758073
v 0.17474560 0.55450661 0.20771918
v 0.18518110 0.04898907 0.20338715
v -0.15794140 0.66547699 0.20781731
v 0.01726152 0.85436571 0.19644922
v 0.19433143 0.05417029 0.19230898
v 0.15742748 0.62466175 0.20815353
v -0.13536499 0.37127763 0.20793250
v -0.03928726 0.57283420 0.21034364
v 0.09531489 0.57099804 0.21162838
v -0.13487862 0.39629325 0.20836375
v -0.05775844 0.84879371 0.24359877
v 0.06074023 0.57234158 0.21275433
v -0.13661953 0.26137386 0.20962828
v 0.08470826 0.84967101 0.23177680
v -0.15857191 0.66626163 0.20738296
v -0.13583139 0.28596389 0.20815357
v 0.18247990 0.05169309 0.20340366
v 0.11993908 0.57189696 0.20925038
v 0.17817655 0.83842455 0.22276795
v 0.16906719 0.42517299 0.20941481
v 0.16557337 0.66054147 0.20173981
v -0.15574161 0.66425800 0.20941462
v 0.17862676 0.44977767 0.20207258
v -0.14777087 0.18306759 0.23078552
v -0.18105928 0.83436413 0.22637759
v 0.14928685 0.84650443 0.20977887
v -0.13553033 0.46621978 0.20981211
v 0.12597186 0.57220302 0.20991898
v 0.17296615 0.55481486 0.21189458
v 0.23034288 0.80208825 0.20997502
v -0.15235260 0.83697317 0.23466668
v -0.13687524 0.27941706 0.21026229
v -0.12025596 0.13666179 0.20675418
v 0.17852518 0.57247624 0.21189458
v -0.13555817 0.45389214 0.20984545
v -0.13571459 0.43130798 0.20871126
v 0.16929656 0.38859537 0.20951612
v 0.16872243 0.43410026 0.21049519
v 0.09127260 0.57087194 0.21042340
v -0.23111076 0.83430224 0.17711744
v -0.13824136 0.26872985 0.21316966
v 0.12382805 0.57208056 0.21046338
v -0.13425511 0.26076437 0.20518316
v -0.17338199 0.48541743 0.21203125
v 0.16866464 0.39338238 0.21147424
v 0.01796621 0.85094288 0.21060867
v 0.16869266 0.40322189 0.21146023
v -0.13588559 0.48311368 0.20981576
v -0.19912095 0.78512043 0.21612608
v 0.10990778 0.57153047 0.21120803
v -0.23857709 0.80223713 0.21689496
v 0.09301002 0.57095601 0.21132013
v 0.16879282 0.39580649 0.21211585
v 0.16882664 0.42481479 0.21014491
v 0.16934467 0.20771036 0.20950708
v 0.11843372 0.57186675 0.21154431
v 0.14194487 0.65630652 0.21902640
v -0.17373753 0.42071842 0.21125712
v -0.13570529 0.37116729 0.20837776
v -0.13490664 0.47766452 0.21039540
v -0.04846148 0.57154449 0.20374697
v -0.13750576 0.46728645 0.21187360
v -0.17367623 0.34842326 0.21196469
v -0.23843923 0.80223147 0.21488390
v -0.13602755 0.47368178 0.21058455
v -0.12868557 0.38914743 0.21266525
v -0.13783502 0.35731000 0.21220287
v 0.16900091 0.39845801 0.21387019
v -0.13655409 0.52527473 0.21196692
v -0.13786305 0.27277915 0.21237101
v -0.13429014 0.51187689 0.21164242
v -0.13290301 0.51625545 0.21258118
v -0.13789107 0.46311542 0.21259519
v -0.13789107 0.46933474 0.21263723
v -0.13619962 0.33535887 0.20887825
v -0.12833529 0.38639068 0.21287542
v -0.13218843 0.51707512 0.21304356
v 0.16897989 0.39250842 0.21335527
v -0.03673918 0.57335196 0.21325371
v -0.13196074 0.45386247 0.21151281
v -0.13421847 0.37518047 0.20793507
v -0.12879213 0.21509401 0.20547418
v -0.11962369 0.11701779 0.21454978
v -0.11627146 0.12996083 0.21343588
v 0.16889052 0.41257523 0.21473062
v 0.10940337 0.57161454 0.21361800
v -0.13838147 0.47385867 0.21367407
v -0.16509955 0.00651439 0.22332948
v -0.13863543 0.27279141 0.21397181
v 0.16894002 0.39535664 0.21393481
v -0.12153406 0.23859175 0.21435187
v 0.23850107 0.80208611 0.20953557
v 0.24200038 0.80225639 0.21518726
v -0.13950238 0.44961127 0.21587386
v 0.16894486 0.39738089 0.21396827
v 0.16822678 0.41655857 0.21515574
v -0.20375873 0.78989833 0.21409443
v -0.13904001 0.34490114 0.21477046
v 0.02111264 0.85033655 0.21327823
v 0.17451441 0.55873105 0.21518026
v 0.15447983 0.84807371 0.19860827
v -0.13275589 0.52209821 0.21294197
v 0.17520798 0.56166644 0.21461279
v -0.13601704 0.45363630 0.21054865
v 0.16859458 0.39562596 0.21473189
v -0.03374774 0.57377230 0.21479497
v 0.16775740 0.43544606 0.21559710
v 0.11248938 0.57174064 0.21428354
v -0.12657335 0.46571213 0.21550606
v -0.11907178 0.13312560 0.21255105
v 0.17593657 0.55722833 0.21398929
v 0.00754038 0.57771148 0.21754580
v -0.12552600 0.37894362 0.21491408
v 0.10864325 0.57160053 0.21400331
v -0.12624759 0.39188141 0.21458481
v -0.12521074 0.39507075 0.21541149
v -0.12497255 0.38838030 0.21549555
v 0.16780958 0.39966267 0.21576612
v 0.23677206 0.80211848 0.21735591
v 0.17557228 0.56677885 0.21430454
v -0.11277211 0.60303513 0.22189176
v 0.17581422 0.76624474 0.21741780
v -0.20129272 0.83184849 0.20676646
v 0.16717943 0.39737913 0.21629416
v 0.16780293 0.40207821 0.21577574
v 0.16750169 0.38732244 0.21599992
v -0.14497034 0.66882046 0.22171837
v -0.11533970 0.35155481 0.22252928
v 0.16683673 0.52526190 0.20889151
v -0.12399175 0.38232737 0.21614008
v -0.12894478 0.60302112 0.21286141
v 0.02981723 0.57584249 0.21645182
v -0.14108584 0.45924344 0.21917211
v -0.20216143 0.79180388 0.21656044
v -0.20688678 0.79023810 0.21121158
v -0.14083347 0.51881079 0.21877072
v 0.23898792 0.80217232 0.21639224
v -0.16206776 0.51982267 0.22192418
v 0.16370724 0.40020736 0.21887827
v 0.14235120 0.67125670 0.21911047
v -0.12300219 0.00046736 0.24691966
v -0.12144167 0.45629449 0.21890033
v -0.17241845 0.37649102 0.21427769
v 0.23908600 0.80220035 0.21699473
v -0.09166506 0.09106002 0.21539229
v 0.01077002 0.57749934 0.21534141
v -0.12097927 0.60290681 0.21659060
v 0.16469941 0.00719284 0.21925057
v 0.15137669 0.69406687 0.21495474
v 0.15468825 0.83755814 0.24079312
v -0.10803538 0.09377023 0.21682401
v 0.16187786 0.42413611 0.22009126
v 0.24828691 0.80207406 0.21113522
v 0.01071759 0.57786013 0.22124898
v -0.14118674 0.33440119 0.21926186
v -0.12243648 0.46072911 0.21828383
v -0.14112070 0.30263747 0.21908948
v 0.00962810 0.57773753 0.21836788
v -0.11641158 0.20139101 0.21916654
v -0.13765370 0.37196889 0.21184788
v 0.16747743 0.43708328 0.21600552
v -0.14102635 0.44627218 0.21899352
v -0.11542647 0.23505865 0.22091112
v 0.22778272 0.80205212 0.22322767
v 0.23855357 0.80218633 0.21832582
v 0.03006725 0.57597209 0.21883026
v -0.19584123 0.81214347 0.21065600
v -0.13926419 0.46656749 0.21542550
v 0.18297731 0.78098707 0.22315976
v 0.22904595 0.80210051 0.22633071
v -0.16248241 0.55580485 0.22554657
v -0.11849227 0.60281796 0.21755523
v -0.11692773 0.11358213 0.21491942
v -0.11526367 0.19586238 0.22170344
v 0.16954210 0.05113613 0.21418720
v -0.12020166 0.12123523 0.23204829
v 0.15234134 0.36623702 0.22657504
v -0.22946330 0.80217325 0.22904187
v -0.11519959 0.11101740 0.21444470
v -0.14178624 0.43570035 0.22056769
v -0.14139392 0.34129496 0.21965694
v 0.15196308 0.31337637 0.22847130
v -0.11505510 0.22762825 0.22198984
v -0.16753989 0.49938125 0.22124772
v -0.13585942 0.33404055 0.20828668
v -0.03097435 0.57404202 0.21461282
v 0.16670829 0.39928250 0.21665846
v -0.11434409 0.31331374 0.22295618
v 0.18184238 0.77469594 0.22002120
v 0.06056401 0.57846057 0.24322917
v 0.05502858 0.57366721 0.22098800
v -0.14110143 0.44048634 0.21913502
v -0.11536948 0.24742375 0.22136108
v -0.14151652 0.47014193 0.22008079
v 0.18170927 0.77487809 0.22024538
v 0.14202894 0.65940304 0.21873216
v -0.11536072 0.60301412 0.22031548
v 0.14245992 0.61048495 0.22019469
v -0.11728028 0.60315423 0.22032949
v 0.18040621 0.77357503 0.22078482
v 0.16234549 0.01159243 0.22037148
v -0.14173020 0.43029369 0.22039955
v -0.14188432 0.41524018 0.22067978
v 0.11535811 0.58352030 0.21747989
v -0.11936798 0.10880360 0.22046961
v -0.14156031 0.37390608 0.22000723
v -0.14180025 0.33604068 0.22053966
v -0.14180025 0.32669506 0.22055367
v 0.16348041 0.01655246 0.21953080
v -0.14609475 0.52540841 0.23069795
v 0.03447690 0.57554474 0.21972699
v -0.14187031 0.42807288 0.22069379
v -0.14185630 0.33096855 0.22069379
v 0.18204555 0.77653845 0.22090392
v -0.15023699 0.19816330 0.23301365
v 0.16167294 0.01134022 0.22087590
v -0.19195057 0.78257919 0.22065862
v -0.14201043 0.42429155 0.22094599
v -0.12151348 0.45369379 0.24526281
v 0.14781565 0.67249671 0.22265536
v 0.04039133 0.57503260 0.22120303
v -0.14203845 0.39679416 0.22103006
v -0.14220659 0.38882867 0.22138035
v 0.05416688 0.57378631 0.22142235
v -0.19910728 0.80196314 0.22569919
v -0.16459014 0.78101253 0.22704356
v -0.11492614 0.52534725 0.22454603
v -0.15270218 0.40773294 0.23123039
v -0.04189537 0.57409456 0.22335594
v 0.15694409 0.42853001 0.22342597
v -0.11465297 0.28647665 0.22198142
v 0.05254155 0.57417863 0.22335593
v 0.05167985 0.57405253 0.22177264
v 0.12596238 0.00004002 0.23481691
v -0.15592806 0.26930881 0.22625522
v 0.20603635 0.80197566 0.22137041
v 0.15839284 0.43480215 0.22241412
v -0.11393660 0.46345291 0.22430060
v 0.14268748 0.60790760 0.22117365
v 0.02522181 0.57682241 0.22291809
v 0.11162993 0.57298405 0.22143117
v 0.09403001 0.60436228 0.24478069
v -0.11497541 0.22924570 0.22247324
v -0.11425032 0.27682495 0.22431924
v -0.11577756 0.20434041 0.22028045
v -0.19704026 0.79868348 0.22509689
v -0.14285111 0.38339925 0.22276748
v -0.14318038 0.32843248 0.22349607
v 0.14778763 0.67489266 0.22282350
v -0.14171619 0.45554182 0.22049062
v -0.15756660 0.78148798 0.24218380
v 0.14814492 0.67794014 0.22281649
v 0.14829204 0.68472867 0.22324384
v 0.14729723 0.67817133 0.22327186
v 0.14757746 0.68010490 0.22327186
v -0.14428027 0.38356038 0.22582897
v 0.14755294 0.68374787 0.22354508
v -0.14433632 0.42486777 0.22590603
v 0.20909808 0.80200419 0.21921905
v -0.11427308 0.33000526 0.22402150
v 0.10599159 0.57195082 0.22163253
v 0.15010142 0.69261146 0.22301780
v 0.19258038 0.79249394 0.22425790
v 0.20295758 0.80192012 0.22455389
v -0.22267852 0.80221261 0.22266941
v -0.14223630 0.43691132 0.22152151
v 0.15239563 0.74543661 0.23125135
v 0.20215543 0.80187108 0.22317026
v -0.11518558 0.45575724 0.22344703
v -0.20090391 0.60872377 0.17278878
v -0.17774531 0.60173022 0.21221354
v -0.14956258 0.21657938 0.23045976
v -0.14409813 0.45622050 0.22551371
v 0.18337663 0.78209397 0.22480610
v -0.11417676 0.27939954 0.22395845
v -0.13467895 0.38909554 0.20870965
v -0.11493819 0.41168969 0.22383890
v -0.15265734 0.29937035 0.22851130
v 0.15093237 0.06265029 0.22768655
v -0.14288264 0.43965222 0.22289358
v -0.04306533 0.57427671 0.22514940
v -0.14758675 0.84264713 0.20212025
v -0.14313218 0.41313553 0.22334548
v 0.18340812 0.78165259 0.22385646
v 0.16808316 0.44759144 0.21533438
v -0.14370581 0.46980237 0.22471506
v -0.19375693 0.79504567 0.22600210
v -0.13401368 0.60494133 0.22723512
v 0.11589306 0.58357000 0.21686536
v -0.15434047 0.28389020 0.22727917
v -0.14418219 0.46375907 0.22569586
v 0.10108147 0.84832591 0.22934231
v -0.11049000 0.80813418 0.24552903
v 0.12906260 0.83543077 0.26447956
v -0.12339297 0.10562457 0.23295896
v -0.12349434 0.52563960 0.22704096
v -0.14534514 0.41998655 0.22802177
v 0.15271264 0.43814140 0.22629132
v -0.04372846 0.57485994 0.22935808
v -0.17024518 0.52124439 0.21336408
v -0.14464457 0.43033397 0.22657858
v 0.13182141 0.00247888 0.24167671
v -0.14677431 0.45737074 0.23020755
v -0.14504815 0.40268421 0.22741964
v -0.11444998 0.29419559 0.22512139
v -0.19326418 0.79295281 0.22527553
v -0.15731789 0.83661237 0.24221533
v -0.14423123 0.43749446 0.22574840
v -0.14481271 0.38480739 0.22695689
v -0.15099875 0.28755419 0.22960506
v -0.11968667 0.59804089 0.21265744
v -0.18658118 0.60611808 0.19680522
v -0.14440638 0.41846981 0.22606016
v -0.11610880 0.51633536 0.23002059
v 0.04197870 0.57495626 0.22184972
v -0.14692057 0.29435177 0.23106150
v -0.14505090 0.42262945 0.22741927
v 0.10349055 0.84995124 0.22079184
v 0.09449874 0.84904050 0.22996232
v 0.15099625 0.44481783 0.22747528
v 0.20730139 0.83680733 0.21348898
v 0.19530034 0.80186407 0.23225316
v -0.14482672 0.39200225 0.22698491
v -0.14348255 0.60934962 0.22536777
v -0.14549226 0.42713062 0.22829499
v -0.15460318 0.78246878 0.23739190
v 0.14892256 0.44679010 0.22889042
v 0.19532837 0.83989104 0.22978715
v -0.14515468 0.52522332 0.22958921
v -0.12733347 0.52542592 0.23878253
v -0.15250248 0.53664474 0.22876398
v -0.14568842 0.38718933 0.22868031
v 0.15154269 0.45179377 0.22713901
v -0.14136240 0.60778850 0.22842110
v -0.11840120 0.15323379 0.22712503
v -0.14020295 0.60720353 0.22981523
v -0.14739978 0.41267193 0.22733981
v -0.14554130 0.38964834 0.22841409
v -0.15270113 0.28672051 0.22841409
v -0.14550713 0.44463299 0.22840225
v -0.15214768 0.54266697 0.22898856
v 0.03803732 0.00054989 0.27439301
v -0.11597722 0.33358167 0.22922675
v -0.11765509 0.30643807 0.23269107
v -0.14650108 0.66997465 0.22392692
v -0.15169581 0.29489617 0.22916370
v -0.11893363 0.15616217 0.22889048
v 0.15645325 0.67357405 0.21265668
v -0.14544322 0.39460137 0.22821793
v -0.14584605 0.38308224 0.22891149
v -0.02966954 0.57637142 0.23442496
v 0.15164248 0.77967210 0.23565208
v -0.14584955 0.45049984 0.22900257
v -0.18951908 0.80193468 0.23465911
v 0.21147128 0.82282698 0.19380328
v 0.13663455 0.20066242 0.23015145
v -0.12151173 0.55234885 0.24623661
v 0.13557669 0.43290430 0.22975212
v 0.14094043 0.44939866 0.23046496
v 0.13547160 0.44426613 0.22981518
v 0.14066633 0.05223252 0.23127937
v -0.14752626 0.34204708 0.23148043
v 0.13890440 0.07062250 0.22992727
v -0.15021411 0.53824286 0.23023557
v 0.14277330 0.33337150 0.23212005
v 0.19455774 0.83989104 0.23006738
v 0.16545848 0.55427071 0.22056016
v 0.09878729 0.84871219 0.22901681
v 0.13477103 0.44403013 0.23017947
v -0.00167528 0.00156726 0.27652925
v -0.12218428 0.52555903 0.23040371
v -0.13963492 0.60740138 0.22992981
v -0.14699959 0.48091883 0.23064898
v -0.21734980 0.80214430 0.23068394
v -0.14865183 0.17639465 0.23071196
v -0.12095127 0.52554502 0.23076801
v -0.12338576 0.00013109 0.24458326
v -0.14800731 0.17989750 0.23082405
v -0.14772358 0.17629657 0.23080304
v -0.14838562 0.46421532 0.23093614
v -0.16118155 0.45711066 0.22211946
v -0.14954156 0.55419398 0.23105874
v -0.14338769 0.52720368 0.23251254
v -0.14745386 0.50208641 0.23061388
v 0.19401830 0.83986302 0.23012343
v 0.13231203 0.44642006 0.23146852
v 0.13399340 0.45909568 0.23058580
v 0.02533227 0.85225611 0.23396959
v -0.12640383 0.55303820 0.24304709
v -0.13754078 0.60716149 0.23144055
v -0.11869894 0.46636957 0.23569302
v 0.13725609 0.33820226 0.22960544
v 0.13483497 0.43458785 0.23012342
v 0.12693865 0.45638557 0.23432685
v 0.13168852 0.46125366 0.23180480
v 0.13162547 0.46739591 0.23184683
v 0.19218280 0.83976844 0.23326899
v 0.16864449 0.39092381 0.21417056
v 0.13980982 0.42712975 0.23024549
v 0.12644475 0.48759599 0.23449499
v 0.01335254 0.85150826 0.21924710
v 0.15474911 0.77136210 0.23649161
v -0.07055222 0.85685536 0.19952167
v 0.09360000 0.84850365 0.23264611
v -0.15340170 0.57099103 0.23205706
v -0.18622520 0.78167012 0.22267466
v -0.21504317 0.80208825 0.24117148
v 0.19923755 0.80186407 0.23300978
v -0.15193050 0.57157251 0.23303786
v -0.15165028 0.78300471 0.24189307
v -0.14945927 0.83595037 0.23172461
v -0.11782673 0.32958142 0.23323402
v -0.14524181 0.52572279 0.23095716
v -0.21463159 0.80214430 0.22987128
v 0.12852391 0.46772126 0.23352459
v 0.16129113 0.78019542 0.23162615
v -0.00187379 0.57884994 0.23389960
v -0.04837215 0.57562181 0.23951110
v 0.09775464 0.84761834 0.23416224
v 0.21681487 0.80199017 0.23871593
v 0.02487548 0.85185245 0.23579459
v 0.18420679 0.80152074 0.23627583
v -0.15189548 0.56960390 0.23306588
v 0.11926653 0.40559945 0.23876146
v -0.11495960 0.27345069 0.22661836
v 0.15333112 0.59217957 0.22066244
v -0.15051185 0.81126573 0.23439696
v 0.19554029 0.80102689 0.22851912
v -0.12130922 0.62263263 0.23243632
v 0.19165739 0.80182204 0.26011485
v -0.15144711 0.55755059 0.23356328
v -0.15133729 0.55783554 0.23367834
v 0.11990743 0.41543342 0.23812128
v -0.11511524 0.23891655 0.22486238
v -0.13772293 0.52603542 0.23505550
v -0.12402284 0.60897072 0.23745933
v 0.12495205 0.22811042 0.23515050
v -0.11824707 0.48804348 0.23471922
v -0.12363796 0.67206410 0.23702410
v 0.20407149 0.80186407 0.23166468
v -0.00895240 0.57887720 0.24685086
v -0.15158022 0.57405253 0.23326204
v 0.02890522 0.84641403 0.23662875
v -0.12692129 0.52554967 0.24017163
v -0.14652035 0.55722657 0.23667382
v -0.11873747 0.47852623 0.23581211
v -0.03119416 0.85166063 0.23768962
v -0.12222631 0.27628200 0.24346235
v -0.12071308 0.18359652 0.23617641
v 0.00409507 0.57893901 0.23311139
v 0.23597932 0.81409031 0.23116258
v 0.15845267 0.77651643 0.23957461
v -0.00329962 0.57902658 0.23855832
v -0.03032370 0.57654656 0.23766159
v -0.12153975 0.19290009 0.23923090
v -0.11910877 0.41680596 0.23641461
v -0.11963770 0.47489202 0.23775270
v -0.00235582 0.57902658 0.23729730
v 0.19331423 0.80180803 0.24044984
v 0.11940752 0.20792558 0.24201211
v -0.14453248 0.81125172 0.23754953
v -0.11594920 0.17874156 0.22061322
v -0.11906064 0.32693430 0.23595661
v 0.12562158 0.42776989 0.23499940
v -0.15150574 0.59447105 0.23349391
v -0.12071308 0.17942112 0.23581211
v -0.12343830 0.52515445 0.24216629
v -0.10829196 0.67457040 0.23799790
v 0.01768724 0.57839628 0.23350447
v -0.14325744 0.81125172 0.23869847
v -0.14436434 0.81132177 0.24061803
v -0.11851329 0.32949735 0.23477527
v 0.16088130 0.78627900 0.24340800
v -0.03055839 0.85121226 0.23916081
v 0.12096979 0.19522599 0.23827807
v -0.01076237 0.57948064 0.24754577
v -0.11231083 0.66770174 0.23680823
v 0.11866141 0.43328031 0.23903468
v 0.12052142 0.19159703 0.23861434
v 0.09431732 0.81071392 0.25750054
v -0.12256166 0.18551586 0.24262554
v -0.12260923 0.40271273 0.24512871
v -0.22088768 0.80220910 0.23840204
v -0.15013704 0.00011708 0.21630473
v -0.03319779 0.57639243 0.23875448
v 0.12250797 0.00118735 0.24930674
v 0.11916932 0.43280611 0.23855830
v -0.10540561 0.67158597 0.23914683
v -0.13161709 0.00010964 0.23968020
v -0.15381241 0.83403515 0.24374870
v -0.14363575 0.81130776 0.23951113
v 0.11888209 0.45080060 0.23883853
v 0.20472302 0.80182204 0.24466727
v -0.00443936 0.57898454 0.23973528
v -0.12207270 0.29514904 0.24294499
v -0.13940430 0.81115364 0.23899271
v 0.15303841 0.78240923 0.23897163
v 0.11846632 0.44830819 0.23889356
v 0.07091402 0.59871261 0.24023969
v 0.11754400 0.44378132 0.24051989
v -0.11999404 0.62973428 0.23855519
v -0.10394842 0.67049308 0.23979136
v -0.13339341 0.02039159 0.24051995
v -0.12344530 0.03967830 0.24556406
v -0.03118364 0.85093204 0.24040783
v -0.12221318 0.26677104 0.24327826
v 0.12055790 0.00702556 0.24642889
v -0.12116144 0.28603395 0.24077215
v 0.18819656 0.80178000 0.24405077
v -0.11832807 0.60011594 0.24989096
v -0.10138433 0.67223049 0.24110843
v -0.12994660 0.00014510 0.24113645
v -0.17663986 0.80192012 0.24638154
v 0.02488390 0.85020344 0.24210321
v -0.21597668 0.80211628 0.24136063
v -0.12180597 0.31928303 0.24239748
v -0.00462720 0.57899856 0.24144468
v 0.14728322 0.78285059 0.24206115
v 0.21617034 0.80277481 0.24435902
v -0.12125996 0.34005298 0.24111281
v -0.12213056 0.30943774 0.24315640
v -0.18324602 0.80197616 0.24155679
v 0.20424313 0.80183605 0.23846022
v 0.21569511 0.80208153 0.24211479
v -0.13174006 0.81130776 0.24859052
v 0.13011924 0.78454597 0.24668492
v 0.11701426 0.44612737 0.24359201
v -0.13266616 0.01739419 0.24092104
v 0.06803388 0.59939399 0.24233890
v 0.20903153 0.80189209 0.24470230
v -0.11419077 0.45417571 0.22511789
v -0.12304598 0.52493202 0.24252358
v 0.00102153 0.84424833 0.24256929
v -0.12756466 0.01118609 0.24368653
v -0.13237057 0.01030338 0.24112945
v -0.18250342 0.80197616 0.24281782
v -0.12208285 0.48177640 0.24322551
v 0.21421575 0.80203221 0.24304195
v -0.12215101 0.32444795 0.24326988
v 0.04548243 0.59769153 0.24384413
v -0.11574466 0.52494439 0.22681771
v -0.00644978 0.57887245 0.24330819
v -0.12214925 0.27545533 0.24321014
v -0.12224788 0.29304387 0.24348812
v -0.12151523 0.06863288 0.24557807
v 0.06976859 0.60610714 0.25493416
v -0.12220880 0.48758241 0.24413489
v -0.12227535 0.28283935 0.24420495
v -0.12226835 0.30663072 0.24421896
v -0.11071703 0.33530705 0.25035945
v -0.12221931 0.23699401 0.24421896
v -0.12229637 0.21543044 0.24423297
v -0.12225433 0.45707694 0.24424698
v -0.12229637 0.25722648 0.24421896
v -0.00868107 0.57910977 0.24743280
v -0.03329827 0.83443710 0.29191728
v -0.10529943 0.09747625 0.22700615
v -0.18220217 0.80194814 0.24444314
v -0.12218428 0.16889855 0.24477942
v -0.12153275 0.18267176 0.24563411
v -0.12206518 0.51342165 0.24511569
v -0.12246555 0.44050190 0.24534892
v -0.12292688 0.14763623 0.24012763
v 0.12363196 0.03496346 0.24458320
v 0.15223538 0.83354037 0.24068103
v 0.12015713 0.04387472 0.24632062
v 0.12723990 0.55597781 0.24634864
v 0.09485082 0.83566945 0.25688039
v -0.12170964 0.53980163 0.24594587
v 0.19700974 0.80178000 0.24545191
v -0.12522365 0.00013550 0.24410741
v -0.18145256 0.80194814 0.24556406
v 0.00408229 0.57929280 0.24460775
v 0.12939765 0.58641059 0.24591429
v 0.12996512 0.57790567 0.24581621
v -0.00268213 0.83276624 0.28761928
v -0.12103534 0.06026807 0.24587231
v 0.20393137 0.80183605 0.24581621
v -0.12104935 0.06761005 0.24584429
v 0.02957109 0.83151287 0.28689822
v 0.12965359 0.04615539 0.23782407
v -0.03147788 0.85041361 0.24227135
v -0.12057297 0.07220579 0.24609649
v -0.10555973 0.04739158 0.25486763
v -0.11258645 0.49211905 0.25040500
v 0.12785291 0.59192239 0.24658395
v 0.13351548 0.78368286 0.24726818
v -0.12538238 0.04811667 0.24530835
v 0.12839584 0.57834002 0.24665689
v -0.12234769 0.35127321 0.24531635
v 0.09495148 0.24570648 0.25661377
v 0.11563495 0.21281031 0.24709125
v -0.18627599 0.83615875 0.23336669
v 0.18776220 0.80175198 0.24716130
v 0.12859200 0.59649881 0.24606841
v 0.11521812 0.22002619 0.24724537
v -0.11924188 0.41813354 0.24732950
v -0.11856141 0.41121844 0.24761568
v 0.11500094 0.45640987 0.24744153
v -0.18183087 0.80192012 0.24746961
v 0.02645931 0.84295954 0.26770206
v 0.11474172 0.22549064 0.24746955
v 0.11447551 0.45692107 0.24769374
v 0.09674757 0.01054857 0.25685022
v 0.11439144 0.20553839 0.24774978
v 0.12665842 0.57848013 0.24755362
v 0.11829356 0.35780840 0.24594009
v 0.11389228 0.46376520 0.24796696
v 0.15504160 0.83703534 0.24323986
v 0.01235326 0.58018401 0.24814578
v 0.19749488 0.80179051 0.24911940
v -0.12189004 0.26279602 0.24525581
v 0.12515920 0.57805279 0.24832425
v -0.11629948 0.41983242 0.24870261
v -0.11749045 0.41604409 0.24814216
v -0.12164484 0.45597508 0.24573219
v -0.11710665 0.46054252 0.24829200
v 0.12520124 0.57818589 0.24831024
v -0.11681440 0.38910540 0.24844340
v -0.12225458 0.00000000 0.24701323
v -0.12355425 0.60117268 0.24784950
v 0.17910906 0.80170951 0.24378193
v -0.10825160 0.12721246 0.25368571
v -0.12189004 0.34315147 0.24539592
v -0.11873747 0.40360370 0.24752566
v -0.12303126 0.02593138 0.24613147
v 0.12084757 0.04259857 0.24603762
v 0.08315280 0.59767636 0.23376209
v 0.12423445 0.57819991 0.24881465
v -0.11558490 0.36980117 0.24898284
v -0.11503846 0.26148595 0.24903889
v 0.13550577 0.78239872 0.25656822
v -0.11532569 0.25581834 0.24887075
v 0.18285821 0.80172396 0.24917895
v -0.11648163 0.36156246 0.24853448
v 0.19433099 0.81389636 0.27245697
v 0.13710393 0.78285059 0.24829623
v 0.11868593 0.83619904 0.24601237
v -0.10222123 0.76095341 0.26123057
v -0.11470218 0.39542804 0.24943121
v -0.11405415 0.41902852 0.24973946
v 0.15922094 0.78236019 0.24510163
v -0.09862408 0.05723460 0.25642639
v -0.12020867 0.40542344 0.24680407
v 0.15746200 0.78150635 0.24493790
v 0.09995268 0.46061855 0.25367664
v -0.11412334 0.41836341 0.24972535
v 0.16514529 0.80132989 0.25192696
v 0.11716219 0.20261701 0.24351834
v -0.13308074 0.81165271 0.25155955
v -0.11320996 0.37802587 0.25006172
v 0.10109488 0.04892024 0.25500672
v -0.10665788 0.50963638 0.25306367
v -0.11200498 0.50497627 0.25063619
v 0.11365934 0.55618798 0.25319322
v 0.12192502 0.56515145 0.24912431
v -0.11404715 0.40078216 0.24973946
v -0.11231966 0.36820641 0.25042394
v -0.11151458 0.50273094 0.25086037
v -0.09757197 0.67484898 0.24393849
v -0.10048760 0.42053781 0.25573632
v -0.12156977 0.50550710 0.24627783
v -0.10472573 0.32361410 0.25651923
v -0.11399460 0.36213693 0.24968341
v 0.17808032 0.80166791 0.25139275
v -0.12745257 0.81141985 0.25245767
v -0.12862953 0.81136381 0.25142083
v -0.11025005 0.50265738 0.25143484
v 0.13098970 0.81159149 0.25093037
v -0.11520659 0.81116765 0.25170106
v 0.12791239 0.81151990 0.25381499
v -0.11214947 0.60096845 0.25285525
v 0.12895631 0.83215674 0.25584838
v 0.10804427 0.00912642 0.25200925
v -0.10495032 0.40701916 0.25388840
v 0.20131611 0.80181590 0.25063176
v -0.10488018 0.47818032 0.25388684
v 0.10615584 0.59222542 0.25851693
v -0.12745257 0.81141985 0.25245767
v 0.11397110 0.57741527 0.25339638
v -0.07183426 0.60520690 0.26013853
v -0.12373552 0.04915432 0.24575582
v -0.10575725 0.16641482 0.25309478
v 0.10928428 0.60336353 0.24960456
v 0.11416025 0.55999208 0.25315819
v -0.11183684 0.55288479 0.25084636
v -0.10461746 0.52637870 0.25399893
v -0.12422643 0.81185421 0.25520391
v 0.12984602 0.57755888 0.24558502
v 0.10421915 0.00862201 0.25377469
v 0.14456820 0.78163832 0.25303704
v 0.11324951 0.55808652 0.25360655
v -0.10843470 0.37037739 0.25219146
v 0.10433825 0.00918246 0.25369062
v -0.11690791 0.81130373 0.25324018
v -0.10492221 0.44874771 0.25380277
v -0.10402898 0.45550876 0.25422311
v -0.10303067 0.27811750 0.25433520
v -0.10462097 0.53796614 0.25397090
v -0.09396003 0.17195303 0.25775396
v 0.11211458 0.56102191 0.25411096
v -0.10487317 0.15952491 0.25346649
v -0.10417961 0.53212338 0.25419509
v -0.10459095 0.50862072 0.25399321
v -0.10390638 0.45196716 0.25425113
v -0.11323798 0.56353696 0.25450334
v 0.11404816 0.81095748 0.25276587
v 0.09847447 0.45743380 0.25427913
v -0.10318480 0.26966862 0.25427916
v -0.10347203 0.44564582 0.25441927
v -0.10274344 0.27416628 0.25447532
v -0.10266112 0.49151699 0.25485012
v -0.10338796 0.48487690 0.25453136
v -0.10266637 0.48040375 0.25485362
v 0.09828532 0.41985344 0.25464342
v -0.10195880 0.27485985 0.25481159
v -0.10284502 0.44927866 0.25470650
v 0.11116181 0.81094347 0.25481153
v -0.14244576 0.83205363 0.24918666
v 0.09710836 0.45696617 0.25486761
v -0.08976886 0.31456238 0.25453451
v 0.09129363 0.41696709 0.25744571
v 0.09678085 0.39343930 0.25511281
v 0.09717842 0.40220957 0.25506377
v 0.09096436 0.45177580 0.25756480
v 0.05956828 0.67006923 0.25543507
v -0.06823195 0.27607579 0.26096685
v 0.13443827 0.83719735 0.26868984
v 0.05947108 0.64240545 0.25535801
v -0.11134644 0.56332679 0.25534402
v 0.09647084 0.39826185 0.25534400
v -0.09019447 0.33476914 0.25503574
v -0.08222021 0.44347471 0.25643689
v -0.08369842 0.45290307 0.25596050
v -0.11685993 0.78154752 0.25548414
v -0.05957859 0.84498617 0.25810850
v -0.10733043 0.08978311 0.25154692
v -0.21224839 0.82080911 0.25369562
v -0.08302237 0.31934258 0.25631078
v -0.06266116 0.65547547 0.25563999
v 0.05912342 0.66753667 0.25542806
v 0.17912418 0.80165390 0.26342155
v -0.13319549 0.78206244 0.25302864
v -0.06289897 0.63721277 0.25507927
v 0.05770519 0.66837980 0.25572652
v 0.09524484 0.40754441 0.25593247
v 0.06773722 0.64016855 0.25424212
v 0.09526586 0.41207010 0.25596050
v -0.06974539 0.58898288 0.24046797
v -0.08928022 0.33347133 0.25470297
v -0.09936187 0.76941539 0.26501538
v 0.05163804 0.66600504 0.25687649
v 0.05506361 0.65306288 0.25610061
v -0.08997019 0.36894272 0.25413482
v -0.09166304 0.34570067 0.25665406
v -0.09907595 0.45032848 0.25628276
v -0.08351633 0.44534724 0.25600703
v 0.05427897 0.64769651 0.25621270
v -0.08324491 0.32716052 0.25621166
v 0.10917919 0.56494511 0.25542804
v 0.11036404 0.83155425 0.26223760
v 0.06601988 0.59869203 0.27024951
v -0.06758354 0.46077333 0.26153704
v 0.05158178 0.64732871 0.25673113
v -0.09143623 0.31624255 0.25640886
v -0.10104083 0.44887001 0.25545595
v 0.07176215 0.44616138 0.26597812
v -0.06266775 0.78422805 0.27001110
v -0.08897022 0.30423477 0.25474150
v -0.09436461 0.51830813 0.25817430
v 0.19201468 0.80173797 0.25721099
v -0.09410015 0.45586917 0.25802718
v -0.06620167 0.33861878 0.26220959
v -0.08198552 0.32942729 0.25663305
v 0.09249861 0.48602934 0.25674514
v -0.09173047 0.33858375 0.25674514
v -0.09170942 0.33357283 0.25673144
v -0.08174032 0.30396855 0.25680118
v -0.09169148 0.31712037 0.25678803
v -0.09186708 0.31140161 0.25701135
v -0.11989866 0.79649245 0.23795761
v 0.09078508 0.46218270 0.25754472
v -0.08092766 0.29493119 0.25710943
v -0.08924854 0.41580804 0.25407014
v 0.12272123 0.82033111 0.25722150
v -0.09076981 0.29391843 0.25616629
v -0.09209126 0.33063227 0.25722152
v -0.09193013 0.34045777 0.25703938
v 0.11267854 0.45678938 0.24849239
v -0.03608904 0.83718089 0.29532820
v 0.09125827 0.47852215 0.25726766
v 0.17195031 0.80155582 0.24850640
v 0.07997805 0.60263748 0.26418796
v -0.06431013 0.61086751 0.25744571
v -0.09347207 0.40712386 0.25851516
v -0.08960861 0.39174173 0.25499721
v -0.08801481 0.00065039 0.26202919
v -0.09038537 0.42608064 0.25499371
v -0.09280803 0.39439049 0.25757706
v -0.11365132 0.78198188 0.25702539
v -0.11603098 0.79351836 0.23947662
v -0.09005348 0.45513264 0.25497620
v 0.09447816 0.04668407 0.25864317
v -0.09469316 0.47138690 0.25819458
v -0.11012745 0.56504319 0.25584843
v -0.08771269 0.29245117 0.25497970
v -0.09057453 0.42318815 0.25510580
v 0.12529933 0.81870579 0.25587640
v -0.09319466 0.50042606 0.25803419
v 0.18383956 0.80166815 0.25897470
v -0.20763639 0.80202520 0.24928058
v -0.09439264 0.52269020 0.25809023
v -0.09408438 0.45777095 0.25811826
v -0.07743882 0.45318155 0.25811826
v -0.07741532 0.45700674 0.25815211
v -0.05845774 0.84573731 0.25305313
v 0.09076119 0.47593587 0.25758582
v -0.07937940 0.30255340 0.25758582
v -0.06642585 0.27806145 0.26206947
v -0.07869985 0.29701889 0.25783803
v 0.15801598 0.80144373 0.25853857
v -0.07561734 0.36956998 0.25876278
v -0.07524603 0.44519176 0.25884685
v -0.18654504 0.80451661 0.26830502
v 0.18900923 0.80172396 0.25893089
v -0.06673760 0.39199700 0.26185930
v 0.09518880 0.19784962 0.25613564
v 0.08802415 0.05309598 0.25974183
v 0.08939858 0.45517741 0.25965951
v 0.04556974 0.67127295 0.25855942
v 0.15595630 0.80144373 0.25999576
v 0.12139715 0.82309136 0.25790806
v 0.12595785 0.00315405 0.24465151
v 0.08958077 0.45685763 0.25951459
v -0.07506033 0.43351838 0.25888765
v 0.08727060 0.04922007 0.26098622
v 0.04626269 0.68568845 0.25962798
v -0.07204664 0.37022563 0.25989543
v 0.07988130 0.00037965 0.26663497
v -0.06674111 0.11000858 0.26220959
v 0.08956322 0.46561996 0.25957544
v -0.07141391 0.44721838 0.26007985
v -0.07186228 0.43760721 0.25989770
v 0.15690907 0.80147175 0.26036005
v -0.08592274 0.81158799 0.27100875
v 0.02322968 0.65271259 0.26050020
v 0.02202470 0.65274062 0.26050020
v 0.02116125 0.65869547 0.26050020
v 0.01878905 0.65544219 0.26059827
v 0.01919133 0.66200216 0.26059127
v -0.18612537 0.80092531 0.23710116
v -0.07034204 0.44533166 0.26040212
v -0.06539601 0.55456966 0.26700149
v 0.02283649 0.65869547 0.26050720
v 0.01499665 0.66288611 0.26080316
v 0.11871397 0.81681425 0.25912705
v -0.06622444 0.45357716 0.26239874
v 0.18554841 0.80168192 0.25951937
v -0.07750844 0.39468369 0.25844752
v 0.01302674 0.65119936 0.26092054
v 0.04771950 0.60890613 0.26503727
v 0.01117198 0.66198815 0.26100461
v -0.03841971 0.83477712 0.26811019
v 0.04680820 0.62551824 0.25964941
v 0.15493347 0.80144373 0.26103260
v 0.02255713 0.63765033 0.26106065
v 0.02109513 0.62709623 0.26164913
v 0.00530690 0.65016777 0.26143020
v 0.01304470 0.66670299 0.26102212
v -0.09127649 0.59298201 0.26753224
v 0.01745260 0.67810127 0.26122879
v 0.01129633 0.64757041 0.26108867
v 0.02254049 0.64554751 0.26073489
v -0.06700588 0.09025108 0.26175451
v 0.15164691 0.80105754 0.26129181
v 0.02307162 0.62026216 0.26200642
v 0.01928372 0.68240278 0.26142495
v 0.02111133 0.68378990 0.26142495
v 0.02343372 0.63164644 0.26135489
v 0.00341405 0.68014694 0.26221659
v 0.00838514 0.63399335 0.26181727
v -0.08044969 0.55345420 0.25474593
v 0.02251727 0.62548590 0.26170223
v -0.06663602 0.31032974 0.26181727
v 0.01193468 0.63266185 0.26173188
v -0.07882420 0.79180388 0.25413201
v -0.06402902 0.39053762 0.26681234
v 0.15874457 0.80149978 0.26013587
v -0.00119132 0.62551432 0.26183730
v -0.06627523 0.35134814 0.26212552
v 0.11221617 0.81088742 0.25908502
v 0.14102977 0.80061881 0.26678779
v 0.08229793 0.04759778 0.26346113
v -0.07728973 0.80165784 0.25707003
v 0.06293164 0.00121840 0.26765893
v 0.02486342 0.61147266 0.26236590
v -0.03164000 0.62063783 0.26124263
v -0.00539564 0.61153305 0.26475966
v 0.06967235 0.67288305 0.25809804
v -0.06607613 0.45148061 0.26213717
v -0.00601759 0.62027869 0.26766658
v -0.00468587 0.68321544 0.26882998
v -0.18495540 0.80172396 0.26355471
v 0.11804140 0.45095095 0.24508061
v -0.18639157 0.80172396 0.26317640
v -0.06598624 0.44008515 0.26246179
v -0.06629429 0.31282615 0.26180771
v -0.00470908 0.65766563 0.26317637
v 0.06323752 0.60167077 0.26980027
v -0.03096350 0.71806373 0.26920990
v -0.00539410 0.59522612 0.27565529
v -0.03156896 0.61920430 0.26439537
v 0.04801437 0.61552439 0.26879021
v -0.05985965 0.12335801 0.27002667
v 0.12373568 0.83061968 0.25685028
v 0.07027614 0.60942384 0.26239813
v 0.15748529 0.80152780 0.27407022
v -0.06487584 0.70947983 0.26537617
v -0.03553265 0.83382060 0.27920718
v 0.05539288 0.34910632 0.26506792
v -0.06646307 0.09213440 0.26248311
v 0.05544128 0.32435023 0.26515576
v 0.05641379 0.36730517 0.26524806
v -0.06831739 0.60465345 0.26548826
v -0.10437796 0.60806129 0.24111323
v 0.05587157 0.25997785 0.26545475
v 0.05638419 0.27510505 0.26546023
v -0.02909944 0.46004342 0.26554430
v -0.02877017 0.52360094 0.26555831
v 0.05681154 0.27946260 0.26568442
v -0.04002572 0.00185449 0.27555546
v -0.02909594 0.45605980 0.26554430
v -0.02952730 0.52493587 0.26554881
v -0.07228875 0.60120139 0.26831156
v 0.05045824 0.39810554 0.26575097
v 0.05587190 0.25739287 0.26558634
v -0.02844441 0.46374243 0.26560035
v -0.02940970 0.51162532 0.26558285
v -0.02967566 0.51418877 0.26560035
v 0.05935990 0.25778577 0.26627848
v -0.03065695 0.47976371 0.26574490
v -0.06922770 0.60444847 0.26536307
v -0.02780339 0.49040790 0.26565639
v -0.03083817 0.45692974 0.26602069
v -0.03014417 0.51492043 0.26566432
v -0.04524943 0.80178723 0.26259266
v 0.05354338 0.25974854 0.26565639
v 0.05252755 0.26392394 0.26576849
v 0.05672134 0.26469457 0.26576148
v 0.05182698 0.08184564 0.26565639
v -0.06519985 0.05207840 0.26630092
v -0.02722673 0.52007181 0.26567041
v -0.02962837 0.53002167 0.26557233
v -0.03358660 0.47679801 0.27166028
v -0.03056714 0.52122250 0.26571244
v 0.04933039 0.39165195 0.26595180
v -0.06664215 0.27110829 0.26207298
v -0.02255130 0.49772536 0.26627290
v 0.04593168 0.44367853 0.26607674
v 0.05100731 0.08041648 0.26579651
v -0.03178701 0.68051123 0.26299423
v -0.03132400 0.44589773 0.26558201
v -0.03802471 0.40988432 0.27190548
v 0.04972176 0.38387213 0.26588058
v 0.05830375 0.42822701 0.26737980
v -0.02590232 0.50287193 0.26588408
v 0.05561487 0.45040446 0.26494181
v -0.03125004 0.49663662 0.26604707
v -0.02517625 0.53768591 0.26590860
v 0.05698668 0.27446052 0.26590860
v 0.04957727 0.09340506 0.26597515
v 0.05138168 0.06196695 0.26578250
v -0.06505273 0.49143074 0.26641301
v -0.03338317 0.55145291 0.27206282
v 0.14293106 0.80107196 0.26535354
v 0.05058347 0.26368575 0.26602069
v -0.11007319 0.81386223 0.26433562
v 0.04530861 0.38297803 0.26651810
v -0.06523324 0.37228428 0.26540362
v 0.04876811 0.39254169 0.26601369
v 0.05755724 0.12287737 0.26625313
v 0.03004273 0.27145507 0.26927134
v 0.04732898 0.07288072 0.26635861
v 0.02627446 0.84256493 0.26923947
v -0.06490561 0.33524903 0.26616081
v -0.06555014 0.30291069 0.26412915
v -0.07974195 0.81111160 0.26570543
v 0.04505246 0.44746862 0.26618883
v 0.04477924 0.08658150 0.26666522
v 0.04983736 0.07280128 0.26598566
v 0.04483879 0.45032013 0.26621685
v -0.02280832 0.53733562 0.26621685
v 0.05596034 0.35023424 0.26518001
v 0.03026954 0.45490134 0.26909269
v -0.00880491 0.50802196 0.26698782
v 0.04890210 0.26050516 0.26624487
v 0.04778819 0.22677969 0.26669324
v -0.03462213 0.10577976 0.27043078
v 0.05617999 0.44423958 0.26470572
v -0.02301280 0.54534490 0.26620284
v -0.02292829 0.53385028 0.26618883
v -0.06831695 0.58925754 0.26972321
v 0.04661315 0.09000455 0.26639110
v -0.03364615 0.55147139 0.27216119
v 0.04650965 0.38725939 0.26635697
v 0.04747830 0.26696159 0.26646174
v 0.05099680 0.11886379 0.26585255
v 0.07573920 0.78207996 0.27494596
v -0.00972129 0.42645280 0.26762144
v 0.06013049 0.29734466 0.26780715
v 0.04720672 0.26498881 0.26649708
v -0.01999553 0.53823936 0.26655312
v 0.07517152 0.24614871 0.26307304
v 0.04637304 0.26898206 0.26660917
v 0.04381311 0.09845092 0.26686488
v 0.06637392 0.54673487 0.26746374
v 0.04763406 0.23042265 0.26669324
v 0.02136953 0.79877781 0.26644646
v 0.05648227 0.41872202 0.26523605
v 0.04400511 0.10280672 0.26686138
v -0.06503597 0.15559287 0.26563981
v 0.04979335 0.04798181 0.27111734
v 0.04158069 0.37186523 0.26705053
v -0.02332163 0.38480345 0.26625713
v -0.03075707 0.20814285 0.26641440
v 0.04155311 0.41464119 0.26701550
v -0.03463113 0.54670212 0.27209459
v -0.03098748 0.54265295 0.26624487
v -0.03034033 0.16635898 0.26738330
v -0.00674993 0.47321152 0.26801031
v 0.05617927 0.42042002 0.26509594
v 0.03760277 0.41404133 0.26763200
v 0.04078423 0.42121342 0.26698748
v 0.02982556 0.39081128 0.26946750
v 0.04180531 0.09913573 0.26714160
v 0.04080831 0.07582074 0.26723268
v 0.03929572 0.41444414 0.26733112
v 0.04112751 0.09823900 0.26723968
v 0.03741768 0.08360845 0.26766087
v 0.04006440 0.37182582 0.26728172
v -0.00611941 0.05074031 0.27148514
v 0.04282759 0.31983664 0.26684737
v 0.03797319 0.08985667 0.26761799
v -0.00690780 0.47337929 0.26798758
v -0.06437318 0.55448384 0.26738680
v 0.02575256 0.68557636 0.26639988
v 0.03035378 0.44784402 0.26843450
v -0.06475762 0.43431717 0.26631843
v 0.05652430 0.25096338 0.26565639
v -0.03433271 0.05223953 0.27200356
v 0.03886992 0.36460994 0.26742183
v 0.03756161 0.34698359 0.26761799
v 0.03735253 0.06047999 0.26783342
v -0.06543551 0.05143234 0.26634845
v 0.05381769 0.27448679 0.26591385
v -0.00789405 0.45019012 0.26782816
v -0.01745333 0.17488142 0.26789822
v -0.03096821 0.50240605 0.26616781
v 0.05913743 0.33430326 0.26775811
v 0.03578391 0.36865224 0.26784217
v 0.03403248 0.36963304 0.26806636
v 0.06082580 0.45006368 0.26803833
v 0.05812248 0.35450597 0.26707155
v -0.00751574 0.45206852 0.26789822
v -0.00749647 0.45634441 0.26789822
v 0.03527249 0.37243532 0.26792624
v 0.03591001 0.07660538 0.26789822
v 0.03598357 0.07198161 0.26789822
v 0.05598988 0.41402832 0.26508981
v -0.01414106 0.20722501 0.26816794
v 0.00199907 0.84872174 0.24921050
v 0.07548174 0.81105556 0.26798229
v -0.00349460 0.35371109 0.27110106
v 0.04506910 0.23683638 0.26702601
v 0.03618323 0.07863703 0.26784217
v -0.00794965 0.48334265 0.26787020
v 0.03134229 0.48671590 0.26857077
v -0.00374384 0.49647519 0.27191424
v 0.03512537 0.07425146 0.26801031
v -0.00352171 0.40789371 0.27227504
v -0.07456648 0.81116765 0.26806636
v -0.00592697 0.44725790 0.26820647
v 0.03409831 0.34588751 0.26805081
v 0.00801942 0.79047279 0.26830455
v 0.05903935 0.41741896 0.26812240
v 0.03328112 0.34452108 0.26817845
v -0.00610058 0.45237130 0.26820647
v -0.00623771 0.44940407 0.26815027
v -0.00759893 0.42831633 0.26784217
v -0.00594208 0.44825238 0.26820647
v -0.00683969 0.44765624 0.26801031
v -0.01467032 0.21922754 0.26819246
v -0.00757926 0.21773635 0.26994897
v 0.02822213 0.11003184 0.27052150
v -0.09449072 0.78348110 0.26823449
v 0.08070394 0.29228900 0.26326815
v -0.06768513 0.75092558 0.27245018
v 0.03259281 0.49008564 0.26829054
v 0.03550543 0.35489303 0.26791223
v -0.01266378 0.17666262 0.26889128
v -0.06320547 0.47183497 0.26770752
v 0.03341248 0.49151480 0.26812240
v -0.01269208 0.17112636 0.26834659
v 0.02861551 0.05210500 0.27179344
v -0.00445025 0.45212771 0.27123994
v -0.00548452 0.47446467 0.26854275
v 0.03021007 0.39330427 0.26973822
v -0.03257734 0.24364592 0.26942546
v 0.03224953 0.49371109 0.26837461
v 0.01441825 0.67393988 0.26840263
v 0.06481906 0.81102754 0.27006999
v 0.03353245 0.45164175 0.26789822
v 0.03131412 0.55446416 0.26883051
v 0.01258172 0.67633476 0.26863967
v 0.16092034 0.81384503 0.27344923
v -0.01413529 0.17383500 0.26831131
v 0.02823701 0.83759317 0.28591690
v -0.00537725 0.28142419 0.26927134
v 0.03277496 0.27674438 0.26841664
v -0.00513953 0.21699359 0.27234728
v -0.00416265 0.17301089 0.27282849
v -0.00385624 0.19353761 0.27379002
v -0.03868763 0.12437028 0.27121192
v -0.01220617 0.17485340 0.26925032
v -0.06472697 0.45767155 0.26652510
v -0.00546559 0.17089957 0.27079885
v -0.04808023 0.25901473 0.27172530
v 0.03005674 0.24402774 0.26946750
v -0.00489450 0.19595425 0.26979643
v -0.03274241 0.46264867 0.27050434
v 0.02965387 0.28318587 0.26971503
v 0.03102284 0.08432579 0.26856467
v -0.01217935 0.17329813 0.26845167
v -0.03190847 0.46276897 0.26655435
v -0.03165302 0.54958160 0.26798229
v 0.00752858 0.79001042 0.26924332
v -0.03021319 0.00011007 0.27186170
v -0.06261524 0.55396299 0.26792914
v -0.05468053 0.04724819 0.27067648
v 0.03112078 0.21104602 0.26954493
v -0.00760309 0.23529863 0.26911021
v -0.09244505 0.78339703 0.26941145
v 0.00340769 0.78995437 0.26952354
v 0.02997154 0.26967296 0.26930426
v -0.04852977 0.45651189 0.27014005
v -0.05084165 0.45241289 0.26974773
v -0.03641083 0.42319227 0.27199036
v -0.00882066 0.17508458 0.26908218
v -0.03249371 0.48130574 0.26932738
v -0.04610930 0.12822342 0.27006999
v -0.03345530 0.05280026 0.27069605
v 0.01033743 0.78964612 0.26994389
v -0.00941797 0.17456037 0.27021303
v -0.03514011 0.45460858 0.27205961
v -0.00608132 0.17715127 0.27039225
v -0.00632137 0.04967282 0.27407813
v -0.06483556 0.05155297 0.26700149
v -0.18148057 0.80688016 0.27306846
v -0.00535755 0.23773319 0.26964823
v -0.00732801 0.17449961 0.27131000
v 0.03001532 0.47082670 0.26878507
v -0.06577257 0.09980827 0.26405209
v -0.03381516 0.45557849 0.27162876
v -0.04260857 0.45887455 0.27114363
v -0.08500542 0.79843828 0.25933375
v -0.03974756 0.12357518 0.27105179
v -0.09084074 0.78325692 0.27058841
v -0.00590815 0.06255193 0.27037824
v -0.00615313 0.17353632 0.27291431
v -0.04455754 0.45458072 0.27078457
v -0.03346575 0.09444190 0.27119090
v -0.06559098 0.73546140 0.27000230
v 0.03037023 0.37231524 0.26902103
v -0.03348326 0.10420786 0.27123294
v -0.03326784 0.10272265 0.27112085
v 0.00534288 0.00046036 0.08584355
v -0.03784432 0.46145573 0.27187746
v -0.06719473 0.81106256 0.26836060
v -0.00511266 0.43439946 0.26885405
v -0.03335240 0.46352848 0.27166621
v -0.03299812 0.11065311 0.27078457
v -0.03348082 0.10925303 0.27124129
v 0.06245852 0.05118761 0.26740550
v -0.04448748 0.11299301 0.27028016
v 0.06349016 0.57666741 0.27218221
v -0.00467241 0.79108229 0.26736579
v -0.03370745 0.20654721 0.27138706
v -0.06447826 0.81113963 0.27120491
v -0.00642385 0.17536852 0.27068006
v 0.03201858 0.55548396 0.27830328
v -0.09738506 0.00190463 0.25783760
v -0.01530531 0.05080239 0.27497111
v -0.04148203 0.47345409 0.27134503
v -0.03095858 0.23720418 0.26719765
v -0.03369168 0.10064896 0.27134503
v -0.00563996 0.17462221 0.27078457
v -0.04062383 0.40603468 0.27148514
v -0.03622337 0.11230645 0.27152718
v -0.03433446 0.10048082 0.27152718
v -0.03605611 0.11208227 0.27154119
v 0.00442002 0.78919776 0.27105079
v -0.03379414 0.20313543 0.27135203
v -0.03418121 0.11232046 0.27152718
v -0.03513486 0.10801896 0.27158322
v 0.02796831 0.32220599 0.27285240
v -0.03473158 0.11167653 0.27160901
v -0.03975512 0.47031904 0.27162526
v -0.03497811 0.11507371 0.27163226
v -0.05185704 0.81108708 0.27374098
v -0.03895297 0.40617830 0.27173735
v -0.03842754 0.47278680 0.27182142
v -0.03802822 0.40468609 0.27187746
v -0.03487915 0.54792124 0.27240990
v -0.03253881 0.44380463 0.26904015
v -0.03458141 0.44305590 0.27198955
v -0.03701654 0.46142382 0.27197454
v 0.02994465 0.26971065 0.26935541
v -0.03643267 0.45884041 0.27200356
v 0.15257955 0.80149978 0.27204557
v -0.03643179 0.42099997 0.27202808
v -0.03541509 0.46158555 0.27210164
v -0.03353909 0.47102837 0.27113573
v -0.03605261 0.46574782 0.27210164
v -0.00485713 0.17264167 0.27305891
v 0.02976382 0.24580718 0.26989835
v -0.02945011 0.04846608 0.27345725
v -0.06521036 0.55304942 0.26659516
v -0.03435965 0.41984181 0.27237307
v -0.02666627 0.04828131 0.27454664
v -0.04171949 0.00093078 0.27497493
v -0.00595628 0.60955657 0.26777387
v -0.03545712 0.54139893 0.27235385
v -0.03513136 0.53898897 0.27236786
v 0.02827572 0.24199076 0.27230346
v 0.07387744 0.78125329 0.28034035
v -0.18007943 0.80525483 0.27383909
v -0.10003937 0.00579077 0.25577315
v 0.03047446 0.83448964 0.28671555
v 0.02671152 0.45679934 0.27327860
v 0.01677392 0.08052857 0.27271815
v 0.01505052 0.07943568 0.27271815
v 0.01169085 0.07126002 0.27299137
v 0.01570205 0.07576469 0.27277419
v 0.01573183 0.08394736 0.27277419
v 0.02886227 0.55516514 0.27815457
v 0.01528521 0.08781451 0.27288628
v -0.00137051 0.60466396 0.27313148
v 0.02551530 0.09801481 0.27283024
v -0.00391282 0.13329426 0.27268227
v 0.09275694 0.83245098 0.27251148
v -0.00467974 0.17233134 0.27299837
v 0.01119689 0.08379981 0.27291518
v 0.01051608 0.08386329 0.27294233
v -0.03401477 0.04915094 0.27400494
v -0.00405845 0.23751068 0.27390211
v 0.00768511 0.09260641 0.27326459
v 0.00085263 0.55436046 0.27554888
v 0.02103832 0.08013450 0.27281623
v 0.01176681 0.06559241 0.27341872
v 0.00015663 0.06548031 0.27392488
v 0.02901486 0.45244694 0.27084762
v 0.02642866 0.44772597 0.27329261
v 0.02587259 0.42978074 0.27339770
v 0.02418596 0.17762765 0.27330663
v 0.02088649 0.19501932 0.27350629
v 0.02766254 0.24229032 0.27277419
v 0.03651447 0.03809649 0.27190422
v 0.01927822 0.06137598 0.27321823
v 0.02206039 0.05546916 0.27321555
v 0.02537221 0.46090963 0.27377777
v 0.02537387 0.44167927 0.27345450
v 0.01791388 0.16671276 0.27359036
v 0.02141931 0.14566660 0.27338177
v 0.01900918 0.12003375 0.27341521
v 0.01083178 0.06965573 0.27308829
v -0.00393889 0.45325752 0.27341872
v 0.01629995 0.12110882 0.27345102
v 0.00794653 0.07533441 0.27419137
v 0.02502480 0.44822384 0.27349969
v 0.02615879 0.41336268 0.27354277
v 0.02476481 0.27539929 0.27341872
v -0.00508125 0.17338220 0.27367092
v 0.01836597 0.12687832 0.27347476
v 0.01850784 0.12242269 0.27347476
v -0.05159827 0.73976549 0.27350279
v 0.02542107 0.43152917 0.27345222
v 0.02335228 0.31915692 0.27344674
v 0.02250985 0.31575215 0.27350279
v 0.02140820 0.30530664 0.27351680
v 0.02343285 0.30387047 0.27350279
v 0.02279202 0.30311506 0.27351435
v 0.02379671 0.29684025 0.27343973
v 0.00429807 0.09431580 0.27374098
v 0.02542072 0.45170291 0.27347476
v 0.02679436 0.53644150 0.27347162
v 0.02007536 0.30549580 0.27353081
v 0.02621849 0.23148752 0.27304041
v 0.02079520 0.21083470 0.27353081
v 0.02467461 0.49482500 0.27362889
v 0.02428711 0.43222902 0.27355183
v 0.02323311 0.28337063 0.27350418
v 0.02053862 0.18278385 0.27350279
v 0.02235747 0.14234692 0.27334866
v 0.02626753 0.03727885 0.27393364
v 0.02397229 0.44405246 0.27358685
v 0.02357121 0.37502042 0.27358685
v 0.02004296 0.31113539 0.27361488
v 0.01811026 0.17647872 0.27358685
v 0.02255845 0.15104100 0.27334866
v 0.02135828 0.46138239 0.27388810
v 0.02197216 0.37124435 0.27364290
v 0.02452049 0.37093610 0.27350279
v 0.01881959 0.21139516 0.27361488
v 0.01881959 0.21139516 0.27361488
v 0.02116592 0.18879944 0.27350785
v 0.00728508 0.08210485 0.27320679
v -0.06096494 0.81114291 0.27302658
v 0.02336476 0.44564790 0.27360787
v 0.02184934 0.34859403 0.27363298
v -0.04517966 0.59970858 0.27585850
v 0.02292143 0.38175291 0.27364290
v 0.01305302 0.20161519 0.27386708
v 0.01334080 0.12645798 0.27358685
v 0.01164642 0.12752412 0.27363024
v 0.01948988 0.22646725 0.27358561
v 0.00494511 0.14342930 0.27405624
v 0.02407913 0.51119996 0.27372697
v 0.07366726 0.77829688 0.27372697
v 0.02070763 0.43777666 0.27372697
v 0.01941245 0.43271679 0.27379702
v 0.02426916 0.41785156 0.27368493
v 0.02319991 0.39888886 0.27372697
v 0.01703182 0.30061282 0.27372697
v 0.01755897 0.29868464 0.27376770
v 0.00011570 0.07797413 0.27372470
v 0.01373170 0.36001420 0.27400720
v 0.02073915 0.29907857 0.27358685
v 0.01557219 0.20685157 0.27376131
v 0.01273585 0.16879155 0.27379841
v 0.01814004 0.14662040 0.27355183
v 0.00090959 0.08938785 0.27376495
v 0.02029692 0.50332205 0.27391612
v 0.02273228 0.50338247 0.27378301
v 0.02341065 0.51508736 0.27379584
v 0.02433308 0.52313856 0.27369894
v 0.01019294 0.13321148 0.27378301
v 0.01096006 0.12994682 0.27369194
v 0.01594637 0.11662547 0.27347827
v 0.00784663 0.12582396 0.27385657
v -0.05227082 0.73828029 0.27308244
v 0.01652872 0.29522543 0.27383906
v 0.01426676 0.45915096 0.27412629
v 0.02563242 0.46850785 0.27326459
v 0.01794694 0.44212458 0.27390211
v 0.02604882 0.42210030 0.27345375
v 0.01533513 0.17966632 0.27369894
v 0.00900722 0.13360380 0.27381104
v 0.01721879 0.43810418 0.27392313
v -0.00514113 0.41028715 0.26925733
v -0.00127257 0.44832578 0.27451861
v 0.01592974 0.43014482 0.27395115
v -0.00353004 0.42724971 0.27393714
v 0.01401981 0.35574773 0.27397917
v 0.01287391 0.34228583 0.27400982
v 0.01260032 0.29323802 0.27401432
v 0.01670737 0.44668376 0.27395115
v 0.01011582 0.17102215 0.27395903
v -0.00095051 0.08740817 0.27379002
v -0.00508699 0.48868158 0.27027492
v 0.01801218 0.41702664 0.27400720
v 0.01313008 0.35632219 0.27400720
v 0.01124445 0.20716371 0.27395115
v 0.01431785 0.47004691 0.27416254
v 0.01823637 0.52244850 0.27403522
v 0.01237740 0.19131680 0.27388109
v -0.00304376 0.44732204 0.27425725
v 0.02205973 0.53664906 0.27397917
v 0.01334586 0.44344628 0.27409458
v 0.01342257 0.42616558 0.27409126
v 0.01934852 0.30633648 0.27355883
v 0.00993033 0.19281609 0.27398778
v 0.01119191 0.47544005 0.27427254
v 0.01022528 0.54285043 0.27451161
v 0.01422735 0.42348940 0.27409126
v 0.01901909 0.40470033 0.27393449
v 0.00330198 0.21264217 0.27423138
v 0.00857790 0.18419901 0.27404923
v 0.00752595 0.17635962 0.27406324
v 0.00610916 0.16772159 0.27410528
v 0.00520925 0.15703088 0.27411929
v 0.00857506 0.13982136 0.27393013
v 0.02007361 0.41871851 0.27389510
v 0.00540279 0.17084613 0.27411929
v 0.01583034 0.51189966 0.27407725
v 0.01198552 0.50999235 0.27414731
v 0.01446925 0.52409457 0.27428812
v 0.01005545 0.43511011 0.27420336
v 0.01441563 0.43239015 0.27403522
v 0.01195662 0.42917803 0.27414731
v 0.01546429 0.41552742 0.27413330
v 0.01121840 0.29734116 0.27417533
v 0.01136935 0.25882599 0.27407908
v 0.00679911 0.22818083 0.27414731
v -0.00314242 0.23115125 0.27417533
v 0.01199472 0.49189311 0.27418934
v 0.01079105 0.29390836 0.27417533
v 0.01106608 0.28829416 0.27407725
v 0.00486160 0.17863648 0.27417533
v 0.00386525 0.16283160 0.27417533
v 0.01128670 0.50927777 0.27417533
v 0.00844573 0.50988644 0.27444870
v 0.01365901 0.52520875 0.27434347
v 0.01023059 0.42984708 0.27420336
v 0.01342257 0.42616558 0.27409126
v 0.01468113 0.39904802 0.27413680
v -0.00236151 0.23004435 0.27423138
v 0.01165346 0.41587470 0.27429078
v 0.01040636 0.33907670 0.27418123
v 0.01453779 0.31884692 0.27395465
v -0.16243293 0.80299199 0.28347456
v -0.17911264 0.80404985 0.27425943
v 0.00867620 0.44424687 0.27428742
v 0.01019805 0.35139837 0.27419539
v 0.00105055 0.24595430 0.27430844
v -0.00104969 0.23471015 0.27428742
v -0.00269542 0.22955197 0.27421018
v -0.01143587 0.19803528 0.26918026
v 0.00283892 0.17701115 0.27425940
v -0.00304949 0.45996658 0.27430144
v 0.01086107 0.49306439 0.27427548
v -0.04888356 0.74133477 0.27428742
v 0.00000100 0.23461207 0.27428742
v 0.00090603 0.21161934 0.27428742
v 0.00984878 0.49992515 0.27431545
v 0.01194042 0.41829029 0.27426641
v 0.00982229 0.37977555 0.27430844
v 0.00935556 0.36566356 0.27427064
v 0.00697338 0.34458413 0.27432946
v 0.00666338 0.32998775 0.27431545
v 0.00862421 0.30862560 0.27424889
v 0.00014758 0.22595301 0.27431545
v -0.00271026 0.22596703 0.27423138
v -0.00613255 0.19833652 0.26938343
v 0.00745327 0.20719173 0.27409126
v 0.00213051 0.18779994 0.27427341
v 0.00199014 0.04415845 0.27534178
v -0.00208369 0.46541505 0.27453963
v 0.00539651 0.51466341 0.27451861
v -0.17916869 0.80463833 0.27434350
v -0.00070392 0.18469096 0.27434385
v -0.00148568 0.18350544 0.27432946
v 0.00884521 0.49949430 0.27437149
v -0.00233589 0.60423311 0.27341872
v 0.00827992 0.39102148 0.27439281
v 0.00355194 0.31691878 0.27441909
v 0.00681448 0.30017485 0.27434553
v -0.00034988 0.29479108 0.27445556
v -0.00235702 0.45668200 0.27445556
v 0.00980500 0.48802947 0.27439952
v 0.07402455 0.77880129 0.27439952
v -0.00264419 0.42467733 0.27441837
v -0.00312141 0.41413328 0.27434347
v 0.01098196 0.36045074 0.27415432
v 0.00440699 0.32463276 0.27439952
v -0.00264302 0.46154292 0.27442104
v 0.00922615 0.49333979 0.27442754
v 0.01014828 0.49669552 0.27434347
v 0.00480993 0.44344997 0.27442754
v 0.00425998 0.34565250 0.27442754
v 0.02017169 0.03667285 0.27442754
v 0.00940874 0.47750427 0.27438550
v 0.00140132 0.43134827 0.27448358
v 0.00937190 0.42461808 0.27428217
v 0.00090861 0.31325287 0.27445206
v -0.00281151 0.48214818 0.27445556
v 0.00196133 0.44105878 0.27449333
v 0.00673431 0.41364638 0.27448358
v 0.00157209 0.34634607 0.27448358
v 0.07427676 0.77885733 0.27501602
v -0.00027928 0.44099578 0.27451161
v 0.00177921 0.44388651 0.27449760
v -0.00150988 0.43485966 0.27448358
v -0.00205183 0.42174191 0.27457466
v 0.00207969 0.42433227 0.27451861
v 0.00613948 0.49772711 0.27452562
v 0.00737292 0.50183508 0.27442754
v 0.01416776 0.53731763 0.27436869
v -0.00152257 0.44804265 0.27453963
v -0.00091242 0.42874368 0.27453963
v 0.01983454 0.03305791 0.27445556
v 0.00000317 0.47839925 0.27466573
v 0.00882529 0.51883531 0.27445556
v -0.00002701 0.35161611 0.27456065
v 0.01971150 0.04058204 0.27449059
v -0.00208369 0.46541505 0.27453963
v 0.00404893 0.53162597 0.27469376
v 0.00341678 0.41848557 0.27456765
v 0.00376638 0.41058226 0.27458166
v 0.00355859 0.36020379 0.27447308
v 0.00787098 0.36833698 0.27434347
v -0.01873713 0.00860449 0.27466223
v 0.01173200 0.52695142 0.27442053
v 0.08897234 0.81250656 0.27188022
v -0.00011673 0.36520893 0.27457338
v 0.13544009 0.80147876 0.28156633
v -0.00146266 0.41594932 0.27467452
v 0.00057127 0.41842778 0.27465172
v -0.00000472 0.41804859 0.27465873
v -0.00120102 0.41976937 0.27465172
v -0.00207296 0.37787875 0.27453963
v -0.00203929 0.47734752 0.27464151
v -0.00374680 0.50560831 0.27183718
v -0.05481827 0.74017183 0.27302990
v -0.00000503 0.40966889 0.27469376
v 0.00469390 0.53507979 0.27470777
v -0.11295600 0.83137911 0.26310633
v -0.00140241 0.60355477 0.27425935
v 0.00200524 0.53542307 0.27476381
v -0.17831521 0.81684240 0.27599987
v -0.01200114 0.01111604 0.27501602
v -0.01417852 0.00896370 0.27491110
v -0.05002883 0.68260353 0.26124827
v -0.00387775 0.06084370 0.27314534
v -0.00765322 0.00932258 0.27518415
v -0.00925315 0.01941079 0.27512811
v 0.05895462 0.04827693 0.26867323
v -0.10182569 0.55642442 0.25909206
v -0.00685994 0.02776510 0.27517365
v -0.00423345 0.00846788 0.27529625
v -0.00581992 0.00856596 0.27526822
v -0.00815676 0.00817364 0.27526822
v -0.16368176 0.83373026 0.26673900
v -0.00293540 0.04995917 0.27491794
v 0.14986834 0.80149978 0.27921941
v 0.03449092 0.81111861 0.27744700
v 0.14524370 0.81775039 0.28618484
v 0.03960114 0.58282542 0.27663784
v 0.04079649 0.58076399 0.27650123
v -0.05086617 0.81116765 0.27815457
v 0.05213517 0.57726107 0.27473655
v 0.03926224 0.58143654 0.27672541
v -0.11848175 0.80168017 0.27880963
v 0.03879549 0.58043473 0.27685852
v 0.02258166 0.57591605 0.27865898
v 0.03534820 0.57738007 0.27739122
v -0.03192668 0.81113262 0.27585670
v 0.02038712 0.81115364 0.27879910
v -0.03250446 0.55465996 0.27161727
v 0.08653587 0.55598832 0.26449345
v -0.07258868 0.78065605 0.27808802
v 0.00886361 0.81116765 0.27821062
v -0.16335019 0.80203801 0.28283628
v 0.02886577 0.55377101 0.27290380
v -0.14055637 0.79651691 0.26704624
v 0.01847456 0.58827411 0.27868701
v 0.01639211 0.58957717 0.27877108
v 0.02284262 0.57263738 0.27879910
v 0.02258166 0.57591605 0.27865898
v 0.07457188 0.81097149 0.27262007
v 0.03532854 0.81111160 0.27879910
v 0.03980518 0.81108358 0.27882712
v 0.01605934 0.59110442 0.27874305
v 0.02075492 0.57196483 0.27891119
v 0.01346110 0.58959118 0.27899526
v -0.03385632 0.81116765 0.27891119
v 0.01906654 0.57370224 0.27896724
v 0.02192399 0.55952795 0.27910735
v 0.02655869 0.61303394 0.27314945
v -0.03376984 0.78142668 0.28785397
v 0.01743158 0.57344653 0.27906532
v 0.01484144 0.57827522 0.27923345
v 0.01939406 0.56694874 0.27910735
v -0.00681637 0.81113963 0.28267325
v 0.02732644 0.83806994 0.28662932
v 0.00048137 0.59978186 0.27733666
v 0.02045017 0.55966281 0.27919142
v 0.01647618 0.57112414 0.27919142
v 0.01217731 0.58527567 0.27919142
v 0.01827139 0.56358075 0.27922645
v 0.01912959 0.55781330 0.27930351
v 0.01402764 0.58187306 0.27921287
v 0.01153546 0.56463117 0.27950317
v 0.00982952 0.57545367 0.27935956
v 0.01256306 0.57359015 0.27930351
v 0.01313092 0.56998898 0.27937356
v 0.00902474 0.57431874 0.27941560
v 0.00666885 0.58047676 0.27952069
v -0.00079154 0.58086908 0.27963978
v 0.01424034 0.55794836 0.27954921
v 0.01047038 0.58475900 0.27928424
v 0.00757456 0.57371625 0.27947165
v 0.00899540 0.57834703 0.27947165
v 0.00901423 0.58112829 0.27947165
v -0.00418934 0.55660832 0.27980792
v 0.00853171 0.57933483 0.27952769
v 0.01497149 0.55739471 0.27952069
v 0.00210408 0.57681278 0.27958374
v -0.11936107 0.78683880 0.26818088
v -0.15938456 0.80172396 0.28039643
v -0.00803071 0.56914240 0.27959425
v 0.00277716 0.58028410 0.27961176
v -0.00057344 0.57911065 0.27963978
v 0.00196375 0.57916669 0.27963978
v -0.00190415 0.58017271 0.27966939
v 0.00962460 0.55806376 0.27967481
v 0.13980114 0.80093932 0.26711355
v -0.00377337 0.56446872 0.27975187
v 0.01702011 0.55545413 0.27896724
v -0.00238822 0.56294848 0.27977990
v -0.00367573 0.55949467 0.27980792
v 0.13894644 0.80147175 0.27994801
v 0.07521989 0.78189891 0.27834692
v 0.07290890 0.78189781 0.27366392
v 0.02955934 0.81111160 0.27927549
v -0.17243532 0.80223537 0.27567633
v -0.03127471 0.81116765 0.28020024
v 0.09430958 0.78193984 0.27602484
v -0.15756308 0.80169594 0.28067666
v -0.15885213 0.80172396 0.28076072
v 0.15200508 0.80152780 0.28140519
v 0.02995385 0.78313081 0.28251387
v -0.16864961 0.82385498 0.28270831
v -0.14701949 0.80178000 0.28899943
v 0.00026706 0.81111160 0.28221788
v 0.09127539 0.80095020 0.28747360
v -0.00153053 0.82225318 0.29171993
v 0.15162677 0.80155582 0.28342284
v 0.10991657 0.80122156 0.28183976
v -0.02034394 0.78272273 0.28530915
v -0.03728386 0.77226665 0.28101277
v -0.00617136 0.78434063 0.28198153
v 0.15308396 0.80161187 0.28429154
v 0.00922593 0.81111160 0.28293247
v -0.09355889 0.84513143 0.23525404
v -0.15702364 0.80176599 0.28333882
v 0.14620436 0.80152780 0.28398329
v 0.06755479 0.79195800 0.28995218
v 0.10147730 0.80145774 0.28634073
v 0.15116440 0.80158384 0.28473991
v -0.16749585 0.82336105 0.28343193
v 0.02965611 0.83545643 0.29716806
v 0.15065998 0.80158384 0.28555257
v -0.11436940 0.83247113 0.26459680
v -0.16269826 0.82401611 0.28623919
v -0.18115306 0.82800236 0.26327098
v -0.14753091 0.80172396 0.28740213
v 0.10178117 0.80147175 0.28743013
v -0.14384591 0.80172396 0.28785050
v -0.08763212 0.80144373 0.28970698
v -0.14667621 0.80175198 0.28835491
v -0.14428201 0.80182904 0.29099956
v -0.14607372 0.80173797 0.28846700
v -0.06521299 0.81112912 0.27480234
v -0.14321539 0.80172396 0.28913955
v -0.07398358 0.80122288 0.29274449
v 0.03729056 0.78803435 0.29284800
v -0.16937624 0.80443123 0.28041525
v 0.10206841 0.80149978 0.28947579
v -0.06705285 0.83484694 0.29281051
v -0.08905428 0.80054700 0.28762629
v 0.13346973 0.80162413 0.29505231
v 0.06328031 0.80103186 0.29546264
v 0.06163528 0.79899947 0.29446635
v 0.02013141 0.83652830 0.29320283
v 0.05515294 0.78202041 0.28395267
v -0.13470301 0.82579424 0.29574010
v 0.06305363 0.79962225 0.29449188
v 0.01908581 0.83605192 0.29474409
v 0.00062676 0.80070813 0.30182335
v 0.02180052 0.83577169 0.29561279
v 0.00981901 0.83571564 0.29646749
v 0.13044152 0.80158384 0.29597706
v 0.06262628 0.80109344 0.29586500
v 0.15146914 0.80214430 0.28870164
v 0.02652587 0.83554751 0.29606116
v -0.14030846 0.82559327 0.29248652
v -0.09392325 0.83742504 0.29580895
v 0.12926456 0.80161187 0.29676170
v 0.06567376 0.80155582 0.29740625
v 0.06831390 0.80158306 0.29752100
v 0.11345556 0.83127409 0.30917410
v -0.00202239 0.83319359 0.28692572
v 0.10622279 0.80147175 0.28493607
v 0.07377586 0.80151379 0.29495426
v 0.12808059 0.80159085 0.29646046
v -0.09410539 0.83567361 0.30008243
v -0.04609879 0.80126158 0.29870931
v -0.06075823 0.80158384 0.29796671
v -0.09486902 0.83574367 0.29947994
v 0.02818064 0.83525016 0.29749838
v 0.06557918 0.80158384 0.29921373
v -0.00528153 0.83493926 0.29684944
v -0.01116658 0.79753455 0.29978819
v 0.02034209 0.83809758 0.30192493
v -0.01124102 0.79892168 0.30043272
v -0.01477802 0.79942609 0.30048876
v 0.07002781 0.80168192 0.31673500
v -0.05524123 0.80158384 0.30082504
v 0.11660112 0.80173562 0.30634649
v -0.03245430 0.83517620 0.29897903
v -0.03793013 0.80158384 0.30219115
v -0.05380506 0.80161187 0.30291274
v -0.01147812 0.80153480 0.30383049
v -0.02106740 0.80152079 0.30306686
v 0.02013842 0.80156983 0.30418077
v -0.02377588 0.80147504 0.30248526
v -0.09973798 0.83357190 0.30257646
v -0.07809034 0.80163989 0.30553287
v -0.02072237 0.80155582 0.30477626
v 0.06598651 0.80158365 0.30178188
v -0.10169126 0.81495949 0.31074338
v -0.02897712 0.80150836 0.30602824
v -0.02872113 0.80158384 0.30460812
v -0.01658473 0.80104966 0.30152211
v -0.10020036 0.83249302 0.30525264
v 0.01534126 0.80158384 0.30561694
v -0.09611603 0.80163989 0.30581310
v -0.05061747 0.80163989 0.30586915
v -0.13735476 0.82903538 0.29255735
v -0.02072237 0.80155582 0.30477626
v -0.06196321 0.80166791 0.30614937
v -0.07404105 0.80163989 0.30665379
v -0.10085101 0.82862937 0.31076264
v 0.00421995 0.80161187 0.30556090
v -0.00599746 0.80161187 0.30820905
v -0.08787732 0.80163989 0.30710215
v 0.06914158 0.80161187 0.30060086
v -0.03357500 0.80130882 0.30498517
v -0.04433335 0.80163989 0.30642960
v -0.11433927 0.80722604 0.30888212
v -0.09038536 0.80169594 0.30889561
v -0.09179351 0.80166791 0.30743842
v -0.13106750 0.82649613 0.29805081
v -0.06853664 0.80167080 0.30926878
v 0.02238922 0.80159435 0.30633853
v -0.07939691 0.80167492 0.30959618
v -0.00593606 0.80161962 0.31111501
v 0.01345893 0.80164657 0.30879985
v -0.09181322 0.80317764 0.31249654
v 0.08617815 0.80155232 0.29671269
v -0.02777011 0.80163989 0.31301497
v -0.09180570 0.80232214 0.31318132
v -0.09821774 0.82646811 0.31265067
v -0.09776237 0.82672032 0.31267869
v -0.09969595 0.82677636 0.31203417
v -0.09693570 0.82599172 0.31332322
v -0.04832573 0.80171345 0.31259112
v -0.08681267 0.80497461 0.31489863
v -0.06457196 0.80249459 0.31529532
v 0.12140875 0.80292719 0.30366233
v -0.00920356 0.80163288 0.31956880
v -0.01885359 0.80163989 0.31674200
v -0.02526352 0.80858722 0.32758809
v -0.01975558 0.80170995 0.31990158
v 0.06822471 0.80264521 0.32035695
v 0.02653901 0.80163989 0.32014677
v -0.09384618 0.83403953 0.30266929
v -0.05133708 0.82611607 0.32297708
v 0.02970647 0.80163989 0.32133774
v 0.00069178 0.80169594 0.32481258
v 0.03193778 0.80166791 0.32304714
v -0.00130079 0.80163989 0.32357957
v 0.05818466 0.82257294 0.32442026
v 0.05751912 0.80968244 0.32399991
v 0.05585877 0.81326936 0.32444828
v -0.03532050 0.82615986 0.32520489
v 0.05476610 0.80187611 0.30932471
v -0.03974424 0.82560821 0.32489239
v 0.03182471 0.82774753 0.32589671
v -0.03341145 0.82571149 0.32556919
v -0.03045154 0.82580957 0.32584942
v -0.03927172 0.82454504 0.32530648
v 0.02201070 0.80163989 0.32357957
v 0.00012100 0.81090143 0.32935227
v 0.00042278 0.81248472 0.32943634
v 0.00230058 0.81544814 0.32959747
v 0.00022268 0.81887393 0.32971657
v 0.26304549 0.62648323 -0.00214997
v 0.27499473 0.51792582 -0.00199303
v 0.27496694 0.49381081 -0.00212186
v 0.27498321 0.22032043 -0.00208716
v -0.22148319 0.84877428 -0.00229385
v 0.25767912 0.83916245 -0.00401425
v 0.27484310 0.44620759 -0.00243518
v -0.12027931 0.44562158 -0.00257358
v 0.27492016 0.44410161 -0.00192046
v -0.27687030 0.26983676 -0.00247344
v -0.11213112 0.43703406 -0.00285952
v 0.26167412 0.66440161 -0.00198167
v -0.11765862 0.44144415 -0.00371126
v -0.12120351 0.44675863 -0.00267496
v -0.15239641 0.87129762 -0.00025083
v 0.27307766 0.71560982 -0.00268525
v -0.26339133 0.65365136 -0.00602531
v -0.27679324 0.55527373 0.00463366
v -0.26339133 0.66356443 -0.00624555
v 0.24390009 0.60428384 0.00728671
v -0.27196631 0.68890407 -0.00276623
v 0.27481508 0.50297176 -0.00286248
v 0.26889963 0.66322509 0.00742473
v 0.27478705 0.45285360 -0.00281031
v -0.08605588 0.42480122 -0.00281809
v 0.27484310 0.52880267 -0.00287254
v 0.27512703 0.55406208 -0.00189492
v -0.11543080 0.43888882 -0.00414342
v 0.27481508 0.48581917 -0.00267961
v -0.27689840 0.38723655 -0.00314164
v 0.03560610 0.89976881 0.00060012
v 0.27473101 0.54544823 -0.00321018
v -0.27685537 0.22318162 -0.00225972
v -0.10512541 0.43228244 -0.00247461
v 0.27453485 0.44456081 -0.00326491
v 0.07734522 0.87228543 0.00957285
v 0.24727112 0.58253971 -0.00895850
v 0.05609342 0.87234147 0.00254298
v -0.27687030 0.39627574 -0.00337617
v 0.27487813 0.01040146 -0.00786537
v 0.27501124 0.01223695 -0.00262439
v 0.31427121 0.83546344 0.00026245
v 0.26175644 0.66746661 -0.00341740
v -0.27687030 0.05200134 -0.00342422
v 0.08610236 0.88496576 -0.00007253
v -0.27688432 0.24035675 -0.00199112
v 0.27722504 0.73956934 -0.00355467
v 0.27722504 0.73956934 -0.00355467
v -0.12048892 0.44484761 -0.00356425
v -0.27678624 0.26095352 -0.00359170
v -0.27675821 0.24087517 -0.00360681
v 0.28288565 0.83226884 -0.00364530
v 0.25013748 0.84118710 -0.00176308
v 0.26959583 0.68123633 -0.01002564
v 0.27353413 0.10787328 -0.00566262
v 0.26223283 0.68125384 -0.00390769
v -0.28231958 0.78679446 -0.00552643
v 0.27348925 0.39062563 -0.00581650
v 0.27680470 0.73710333 -0.00404321
v -0.28746994 0.82290221 0.00029505
v -0.27563807 0.44221402 -0.01556040
v -0.11193058 0.43391422 -0.00739574
v 0.27887839 0.58185688 -0.00453842
v 0.27491666 0.03900750 -0.00450714
v 0.27438099 0.28602333 -0.00536290
v 0.26470059 0.79472000 -0.01874025
v 0.10805036 0.50099615 -0.00413428
v -0.11813501 0.44096426 -0.00480371
v 0.27791160 0.74277795 -0.00569754
v 0.27733713 0.74001770 -0.00483573
v -0.11372959 0.43674544 -0.00496506
v -0.27620476 0.55616959 -0.01440446
v -0.26336330 0.65912982 -0.00498496
v -0.14982882 0.87178102 -0.00499855
v 0.27887839 0.57983224 -0.00579967
v 0.11467163 0.50457169 -0.00621298
v -0.27140585 0.63194768 -0.00509092
v 0.24757689 0.58346820 -0.00510435
v 0.01349060 0.87233954 0.00284291
v 0.07718322 0.87228192 -0.00347944
v 0.26801954 0.29928349 -0.03352267
v 0.26222906 0.63962153 -0.00458500
v 0.27347342 0.22585221 -0.00551692
v -0.27618375 0.07893828 -0.01032813
v -0.27696838 0.20513206 -0.00028695
v -0.27668816 0.25987464 -0.00458854
v -0.01708469 0.00066352 -0.00550364
v -0.27670917 0.37375414 -0.00516689
v -0.11666381 0.43892472 -0.00553296
v 0.25545131 0.83977895 -0.00557088
v -0.27098551 0.67372971 -0.00557235
v -0.28721073 0.82159214 -0.01388133
v -0.22218376 0.84867620 -0.00895698
v 0.26226085 0.64148945 -0.00846216
v -0.27639848 0.24839653 -0.00760580
v 0.27298409 0.55397236 -0.00956777
v -0.14751694 0.87217334 -0.00593031
v -0.14222062 0.87278984 -0.01051949
v 0.27442121 0.40778161 -0.00393802
v 0.27495519 0.01714094 -0.00601531
v -0.27646047 0.23333878 -0.00679925
v 0.24757689 0.58346820 -0.00510435
v -0.26336330 0.65678991 -0.00605421
v -0.27664612 0.39134372 -0.00610062
v -0.12289188 0.44422268 -0.00754327
v -0.27667414 0.03311395 -0.00626219
v -0.06314431 0.41149867 -0.02264552
v 0.10938933 0.50161703 -0.00629508
v -0.32995954 0.82363781 -0.00246433
v -0.27078935 0.66903589 -0.00753548
v 0.27506728 0.78928182 -0.00644572
v 0.27327382 0.22584092 -0.00656001
v 0.27363886 0.17943720 -0.00528168
v -0.26336330 0.66141368 -0.00663831
v -0.27634313 0.04410240 -0.01388667
v 0.27495519 0.02350213 -0.00679645
v -0.09844018 0.87946319 0.00911388
v -0.27170009 0.68641004 -0.00714442
v 0.27545960 0.55555046 -0.00265389
v 0.28402057 0.83189053 -0.00515235
v 0.28358622 0.83212872 -0.01155070
v -0.10197284 0.87071615 -0.00734459
v -0.28070943 0.78757243 -0.00744703
v 0.24765396 0.58259599 -0.00422835
v -0.19807012 0.85425624 0.00918495
v -0.13513326 0.87061457 -0.01203807
v 0.27885036 0.57936285 -0.00755963
v -0.10004777 0.87095355 -0.00800407
v -0.14917028 0.87186509 -0.00766904
v -0.01281559 0.00066352 -0.00950849
v 0.27327382 0.26910816 -0.00782278
v -0.11837320 0.44023829 -0.00595483
v -0.27097851 0.67442678 -0.00822160
v -0.27617966 0.31380414 -0.01036411
v -0.27671618 0.06018400 -0.00082400
v -0.27596693 0.20604279 -0.01412973
v -0.27577741 0.05230959 -0.02155127
v -0.06088612 0.87088429 -0.00797161
v -0.05963779 0.00064776 -0.00653823
v 0.01543229 0.87231345 -0.00877596
v 0.06776335 0.87235593 -0.00359869
v -0.27661810 0.02504338 -0.00766968
v 0.27318975 0.44463087 -0.00849095
v 0.27828991 0.74455740 -0.00817701
v 0.27369517 0.32067566 -0.00656731
v 0.27338591 0.40498032 -0.00653767
v 0.27323004 0.05337796 -0.02024620
v 0.27318975 0.06838068 -0.01085100
v -0.11683895 0.87689518 -0.00776060
v 0.07440376 0.48246435 -0.00930977
v -0.27636589 0.07596085 -0.00694875
v 0.26214876 0.64692588 -0.01183530
v 0.27321778 0.42920606 -0.00844235
v -0.27179817 0.62515215 -0.00847731
v 0.02916698 0.89901920 -0.01229064
v 0.27893443 0.57068979 -0.00862800
v 0.26245038 0.84540454 -0.00507598
v 0.03028650 0.45514860 -0.01128346
v 0.26977148 0.72548606 -0.01817590
v -0.14559737 0.87245356 -0.00886132
v -0.09951241 0.87906558 -0.00912619
v -0.27631685 0.05778805 -0.00823408
v -0.11833551 0.43670394 -0.01045267
v 0.26388610 0.61512153 -0.01539947
v -0.27628183 0.24649374 -0.00904827
v -0.31944398 0.80386070 -0.01185285
v -0.06088437 0.87080022 -0.00906888
v 0.27900449 0.56734106 -0.00821379
v -0.27622578 0.06564845 -0.00919627
v -0.27433822 0.52622890 -0.01998930
v 0.27870324 0.74669414 -0.00938840
v -0.27546216 0.44312664 -0.01642440
v 0.27321778 0.23922182 -0.00952692
v 0.01296103 0.87231345 -0.00958206
v 0.27319676 0.24813133 -0.01514375
v 0.27324864 0.22542858 -0.00994589
v -0.32963728 0.81525898 -0.00965469
v -0.28169023 0.78712407 -0.00966258
v 0.32997356 0.82557045 0.02782249
v -0.13344058 0.87445730 -0.00946165
v -0.27073331 0.65759557 0.00300231
v -0.27123421 0.68295973 -0.01153311
v 0.25704948 0.83944268 -0.00981481
v 0.11106194 0.50246998 -0.00995644
v -0.28040819 0.56519206 -0.01237105
v 0.27131923 0.84304361 -0.00815495
v -0.27684466 0.05285085 -0.00210367
v -0.10044560 0.87831033 -0.01073536
v -0.27623979 0.07430750 -0.00964989
v -0.06434169 0.87074417 -0.01032618
v -0.03169641 0.89760055 0.00234295
v 0.27389032 0.72006545 -0.01010840
v -0.11579510 0.87674106 -0.01037631
v -0.27427819 0.23500176 -0.01923698
v -0.27619776 0.16412065 -0.01032813
v -0.11894063 0.86913475 0.00622538
v -0.27653403 0.03295983 -0.01102826
v -0.27629584 0.01220192 -0.01213910
v -0.09859609 0.87122056 -0.00946557
v -0.27998084 0.59095029 -0.01035790
v -0.27211295 0.69398325 -0.01201053
v 0.26200865 0.65012048 -0.01042890
v -0.27619776 0.11656592 -0.01042883
v -0.09823180 0.87133265 -0.01044374
v 0.01788954 0.44712512 -0.01046740
v -0.28096164 0.78743232 -0.01048663
v 0.27322828 0.23593089 -0.00825741
v 0.27788708 0.74224201 -0.01302759
v 0.27683272 0.73672502 -0.00907297
v 0.02107229 0.45162083 0.00620566
v -0.27157399 0.62785635 -0.00930091
v -0.29048524 0.79484545 -0.04596219
v -0.27614171 0.17828619 -0.01098097
v -0.27639392 0.01431064 -0.01085793
v -0.11782238 0.43465715 -0.01386570
v 0.27823386 0.78788068 -0.00683717
v -0.09804965 0.87140271 -0.01117102
v -0.27523097 0.40935013 -0.01761056
v -0.26778215 0.65439900 -0.01219605
v 0.27328958 0.27321438 -0.01301653
v -0.27612770 0.15815179 -0.01131812
v 0.00567334 0.87231345 -0.00188527
v 0.26288786 0.63041518 -0.00886964
v -0.27991078 0.59987206 -0.00899726
v -0.15450688 0.87070564 -0.00998421
v 0.27320006 0.24300469 -0.01223517
v -0.27298564 0.70240231 -0.01322761
v -0.16114391 0.86189947 -0.00540811
v 0.27770843 0.59484897 -0.02196818
v 0.17124271 0.54807537 -0.01169780
v 0.26192983 0.67359748 -0.00289788
v -0.09841132 0.87953633 -0.00850617
v 0.27424807 0.78960079 -0.01615581
v 0.27319520 0.43987818 -0.00934153
v 0.26912644 0.65265655 -0.01195177
v -0.05783514 0.87066711 -0.01058343
v 0.26190882 0.66550589 -0.01014818
v 0.27325992 0.26212455 -0.00785743
v -0.27611369 0.11659394 -0.01202876
v -0.27827457 0.55716145 -0.03170526
v -0.27647799 0.03033969 -0.01213209
v 0.27150598 0.79505803 0.00351271
v -0.32955321 0.81598758 -0.01229059
v -0.27195930 0.62263710 -0.00942609
v 0.01565122 0.44548381 -0.01236507
v 0.03375747 0.89900519 -0.01129320
v 0.27327382 0.26395196 -0.00655256
v -0.27998084 0.58677489 -0.01241583
v -0.03243945 0.89756201 -0.01467389
v 0.03090440 0.89893513 -0.01268033
v -0.22993654 0.85181962 -0.01572723
v -0.28755731 0.83048920 -0.01520724
v -0.20373074 0.57427671 -0.01116619
v -0.27656171 0.07716978 -0.01373439
v -0.32936406 0.81506983 -0.01662472
v 0.26245701 0.67863371 -0.01294746
v -0.27718469 0.00347369 -0.00914413
v -0.27547214 0.41741492 -0.01697671
v -0.07985408 0.89046938 -0.01531900
v -0.10172064 0.87217334 -0.01236506
v 0.26214876 0.66448218 -0.01436086
v -0.32997356 0.82425431 0.00374635
v 0.26808697 0.66719755 -0.01565942
v -0.27240390 0.74852327 -0.01635857
v -0.09959827 0.87159115 -0.01290467
v -0.30393685 0.80349290 0.00404734
v 0.01298030 0.44372144 -0.01336251
v -0.27575869 0.05310507 -0.01938847
v 0.26240952 0.67642636 -0.01357532
v -0.27605764 0.10605736 -0.01348682
v -0.09891135 0.87113999 -0.01483424
v -0.11033065 0.87110847 -0.01368038
v 0.26209272 0.66647180 -0.01354294
v -0.28416324 0.76937336 -0.01567184
v 0.26224684 0.67073477 -0.01394621
v 0.27330009 0.31934433 -0.01563431
v -0.27594555 0.13162819 -0.01512047
v 0.27323574 0.34163347 -0.02114327
v 0.00836572 0.87229944 -0.00951375
v 0.27859115 0.57580746 -0.01455527
v 0.27882234 0.57253229 -0.01016400
v 0.20198187 0.85466792 -0.01594699
v 0.17104655 0.54772509 -0.01044028
v -0.27977767 0.55678171 -0.00095750
v 0.27322478 0.21240223 -0.01941679
v -0.27521711 0.33477524 -0.01799284
v -0.26394478 0.67939032 -0.01246793
v -0.27623279 0.07002702 -0.00891188
v -0.20439392 0.57638577 -0.01732432
v 0.31617676 0.80367154 -0.01806688
v -0.27967259 0.60046404 -0.01497991
v -0.19628455 0.56944584 -0.00733076
v -0.27583346 0.10527272 -0.02076137
v 0.26993448 0.61365353 -0.01675252
v -0.32966530 0.82035914 -0.01181333
v -0.28030846 0.56948493 -0.01342515
v -0.27601561 0.09631243 -0.01450134
v -0.27122369 0.71992928 0.01754022
v 0.02930184 0.89876700 -0.01491209
v -0.27943177 0.55747403 -0.02894446
v -0.27591753 0.13833966 -0.01555613
v -0.26829944 0.61570087 -0.01739962
v 0.27318975 0.06469568 -0.01570771
v 0.28489307 0.83440072 -0.01685357
v -0.28766610 0.82723874 0.00049345
v 0.26669821 0.68624925 -0.01810755
v -0.27964456 0.59960934 -0.01586176
v -0.27632386 0.01747722 -0.01344041
v -0.27553922 0.42061881 -0.01642178
v 0.27385179 0.84217490 -0.01319222
v 0.17042304 0.54764540 -0.01436501
v 0.08175181 0.48671458 -0.01764235
v -0.27553221 0.07453869 -0.02179997
v -0.11941005 0.43447610 -0.01673837
v -0.18450708 0.56330578 -0.01583944
v -0.29005504 0.78365274 -0.01641170
v 0.26488099 0.68321193 -0.01678856
v 0.02165511 0.89837468 -0.02077893
v -0.13556871 0.44427895 -0.03504994
v -0.11769691 0.43369955 -0.01546702
v 0.26300310 0.65509098 -0.01684780
v 0.00478696 0.87210678 -0.02360036
v 0.27382974 0.29287750 -0.00545941
v 0.27974709 0.78718011 -0.01738295
v -0.27524498 0.42725146 -0.01741790
v -0.27556724 0.00845387 -0.02427299
v 0.28536917 0.78484021 -0.02198531
v 0.26691264 0.61204053 -0.01763085
v -0.25754429 0.37805383 -0.01787309
v -0.25926395 0.26974732 -0.01750241
v -0.25889563 0.31806822 -0.01747092
v -0.25908982 0.35023599 -0.01756896
v 0.28553381 0.78402404 -0.01890122
v -0.25748201 0.46022428 -0.01839651
v -0.26100939 0.47084622 -0.01772440
v -0.25837194 0.42803145 -0.01757933
v -0.26029795 0.40777194 -0.01760580
v -0.25754475 0.25301182 -0.01778079
v 0.27318975 0.05726963 -0.01799770
v 0.04664168 0.89803424 -0.00271896
v 0.27321778 0.22380927 -0.01768769
v -0.26108240 0.45912737 -0.01770455
v -0.26109345 0.47706904 -0.01771389
v -0.27518863 0.28425656 -0.01789509
v 0.27840200 0.57629435 -0.01776826
v -0.26476444 0.38214523 -0.01822706
v -0.26442817 0.47201792 -0.01818065
v -0.27644296 0.01012298 0.00050073
v -0.27419412 0.40037758 -0.01876584
v -0.26206024 0.45446518 -0.01782949
v 0.27730911 0.81325535 -0.02329314
v -0.27486667 0.22207886 -0.01948721
v -0.25750653 0.43584046 -0.01834353
v -0.25776978 0.29762537 -0.01763348
v 0.27330184 0.30421726 -0.01763209
v -0.25774473 0.32338837 -0.01782336
v -0.27493673 0.42970346 -0.01798536
v -0.28054567 0.55940338 0.00090005
v -0.26931115 0.24422389 -0.01898412
v -0.25854338 0.48217270 -0.01769988
v -0.26776289 0.32500669 -0.01865178
v 0.31480365 0.80365753 -0.01825166
v -0.26433009 0.29015330 -0.01813686
v -0.26730051 0.49115051 -0.01861150
v -0.26962640 0.33656085 -0.01889304
v -0.26652988 0.40033904 -0.01848452
v -0.27393141 0.36881775 -0.01884050
v -0.26582931 0.29161049 -0.01837593
v -0.25799716 0.35614466 -0.01758936
v -0.26751068 0.30654665 -0.01860712
v -0.27507463 0.24468209 -0.01799778
v -0.27404000 0.46521714 -0.01887684
v -0.25797592 0.35349539 -0.01820999
v 0.28657766 0.83438456 -0.01734748
v -0.27402015 0.40605988 -0.01914872
v -0.27365819 0.31044512 -0.01914371
v -0.27337446 0.44852270 -0.01907563
v -0.26762277 0.28026825 -0.01863252
v -0.19853250 0.57278099 -0.01446829
v -0.27339056 0.46499121 -0.01925891
v -0.25655376 0.47303178 -0.02076970
v 0.27299359 0.79013652 -0.01840271
v -0.27579143 0.14199663 -0.01786189
v -0.26838602 0.39352769 -0.01874561
v -0.26851950 0.32313617 -0.01875774
v -0.25855739 0.44159937 -0.01775637
v -0.27562329 0.05411706 -0.02028761
v -0.26863159 0.48852687 -0.01878752
v -0.25671489 0.28524581 -0.01860997
v -0.27322734 0.35839588 -0.01912904
v -0.28009293 0.57916669 -0.01351397
v -0.27394192 0.28474490 -0.01893989
v -0.25752162 0.46607932 -0.01788814
v -0.26933217 0.27549737 -0.01886808
v -0.25719106 0.43864706 -0.01852331
v -0.27308722 0.39556115 -0.01920261
v -0.26952832 0.44261323 -0.01888385
v -0.27078935 0.31124048 -0.01906249
v -0.31792374 0.80396578 -0.01894339
v -0.25779727 0.23130537 -0.01956034
v -0.27242869 0.46897832 -0.01917020
v -0.27165806 0.44873334 -0.01914218
v -0.27055116 0.32265277 -0.01901608
v -0.11585027 0.43274164 -0.01478088
v -0.27378779 0.24757262 -0.01902046
v -0.27185422 0.50472757 -0.01921662
v -0.27163004 0.47167114 -0.01916933
v -0.27381582 0.28663644 -0.01899725
v -0.27394192 0.38768324 -0.01895127
v -0.27378779 0.25729654 -0.01901257
v -0.25620347 0.51629661 -0.02989857
v -0.27439332 0.22743464 -0.02009920
v -0.27191760 0.44267230 -0.01916177
v -0.26844945 0.26847765 -0.01874636
v -0.26889781 0.38456920 -0.01881379
v -0.27120969 0.28035232 -0.01912292
v -0.27168608 0.37890158 -0.01917108
v -0.27277897 0.32940277 -0.01917633
v -0.27283417 0.27184622 -0.01924662
v -0.27169746 0.31703099 -0.01916634
v -0.09752247 0.87960639 -0.01763729
v -0.27202236 0.43702705 -0.01917283
v -0.27370572 0.38260451 -0.01915568
v -0.27322734 0.38620854 -0.01917458
v -0.25701613 0.40358006 -0.01877482
v -0.27253896 0.39018786 -0.01925827
v -0.27233006 0.33128481 -0.01922727
v -0.27221852 0.31545791 -0.01923238
v -0.27263886 0.43994142 -0.01919210
v -0.27496475 0.39164496 -0.01797179
v -0.27245798 0.30096931 -0.01928786
v -0.27216247 0.38049538 -0.01919823
v -0.27320632 0.41195144 -0.01901914
v -0.25853977 0.24627956 -0.01768144
v -0.27241468 0.30139045 -0.01924727
v -0.27212044 0.31590978 -0.01921924
v -0.00538473 0.87192113 -0.01972282
v 0.27233558 0.05191952 -0.03727429
v -0.27560928 0.06592868 -0.01937600
v -0.27611382 0.01606143 -0.01796676
v 0.27324580 0.41960474 -0.02136569
v -0.27556724 0.16337805 -0.01988610
v -0.08263140 0.88692210 -0.02488262
v -0.25325333 0.28572597 -0.03889166
v 0.27320376 0.42794153 -0.01812730
v -0.27264767 0.24341899 -0.01933966
v 0.26730759 0.79268525 -0.01877497
v 0.27313371 0.06559241 -0.02004336
v -0.26716915 0.17153357 -0.04681593
v -0.25655931 0.43000640 -0.01987288
v -0.27535707 0.06438742 -0.02307851
v -0.27614171 0.12596758 -0.01107938
v -0.25655376 0.38593531 -0.01977532
v -0.27215546 0.22639788 -0.02077889
v 0.27323179 0.41510007 -0.02304794
v 0.27323417 0.29366864 -0.02592794
v -0.05236478 0.86928173 -0.03294794
v -0.27511715 0.20322460 -0.02070877
v -0.25689003 0.51948859 -0.02029156
v 0.27327382 0.29404848 -0.02554810
v -0.27535961 0.18376273 -0.02083813
v -0.27881756 0.60588964 -0.02542711
v 0.01222992 0.87228893 -0.01639828
v -0.00312889 0.87194915 -0.02105215
v -0.28337160 0.78583502 -0.01673484
v 0.27315321 0.43440198 -0.02227979
v 0.27831092 0.57454293 -0.01904812
v 0.27313371 0.07224783 -0.02048472
v -0.27948343 0.60178111 -0.01763157
v -0.27395593 0.23063283 -0.02000125
v 0.08447703 0.48836924 -0.02136742
v -0.25676108 0.51864442 -0.02037953
v -0.25693557 0.44621673 -0.01930375
v -0.27396994 0.21766526 -0.02110027
v -0.25613342 0.37548981 -0.02139539
v -0.25614227 0.36431069 -0.02107211
v 0.07628386 0.88527751 -0.01173550
v -0.22783034 0.11143775 0.15248624
v 0.06840594 0.48217970 -0.03592878
v 0.27314071 0.42185838 -0.02521401
v 0.08277465 0.48754257 -0.02177725
v 0.30240004 0.80360674 -0.01225685
v 0.02696631 0.87232921 -0.01989862
v -0.27580544 0.03790586 -0.02188053
v -0.27545501 0.15601702 -0.02172987
v -0.27481325 0.20713656 -0.02071518
v -0.27516091 0.18484353 -0.02192607
v -0.27488857 0.09760148 -0.02987919
v -0.27728913 0.00737864 -0.00701179
v 0.27323179 0.38268116 -0.02351294
v -0.09692364 0.87943200 -0.02259085
v -0.03578643 0.89736585 -0.02241300
v -0.27590352 0.06226470 -0.01440173
v -0.25590923 0.36439977 -0.02251105
v -0.25702105 0.18181623 -0.02289189
v -0.27216247 0.55597080 -0.04809064
v -0.27532204 0.16951505 -0.02208107
v -0.07748965 0.89073145 -0.02030253
v 0.05569168 0.87226791 -0.04750702
v 0.27321778 0.41784280 -0.02264773
v -0.27549719 0.14590582 -0.02267393
v 0.27311970 0.07031425 -0.02196730
v -0.10377506 0.87834274 -0.02204902
v 0.27327436 0.29846687 -0.02252510
v -0.27383333 0.21351789 -0.02148822
v -0.25640664 0.51810146 -0.02281799
v 0.07900470 0.48693920 -0.03153445
v -0.03434325 0.89744992 -0.02613478
v -0.27173652 0.60866152 -0.02045395
v -0.31868734 0.80397314 -0.02699683
v 0.12437875 0.50960568 -0.02374668
v 0.28508801 0.78595993 -0.07078429
v -0.09098002 0.87115050 -0.01604349
v -0.05019016 0.86960925 -0.02631255
v 0.08215114 0.48739545 -0.02365478
v -0.00160679 0.87194915 -0.02248832
v 0.27069572 0.79104726 -0.02382820
v -0.26446145 0.15830679 -0.02571649
v 0.05727930 0.89320491 -0.02328331
v 0.27321778 0.37812395 -0.02392978
v 0.27315823 0.22677618 -0.02291395
v 0.28069987 0.78667570 -0.01679447
v 0.27321778 0.39580635 -0.02405238
v -0.05739378 0.86951467 -0.02659190
v -0.25561523 0.52814848 -0.02119511
v -0.28000186 0.56423578 -0.01981867
v 0.27318975 0.40475264 -0.02445696
v 0.27304964 0.43233367 -0.02585460
v 0.28036360 0.81688431 -0.04698731
v -0.25835422 0.17938609 -0.02323264
v 0.27324580 0.30796181 -0.02547804
v -0.25596528 0.51359504 -0.02544557
v 0.27312057 0.15474527 -0.02115333
v 0.27313371 0.43751220 -0.02276683
v 0.27313371 0.32689122 -0.02480024
v 0.27323179 0.37202548 -0.02331284
v -0.25610539 0.51973028 -0.02483345
v -0.27555323 0.09927584 -0.02638170
v -0.26431608 0.16557784 -0.02507514
v 0.27316173 0.40624836 -0.02528976
v 0.27307766 0.05536408 -0.02519081
v -0.25550290 0.45265076 -0.02733186
v -0.25520166 0.41650602 -0.02892565
v -0.27635889 0.04844944 -0.02460904
v 0.01331679 0.89756902 -0.03234447
v 0.27310569 0.32509776 -0.02578804
v 0.27313371 0.33174530 -0.02561334
v 0.27302162 0.05710149 -0.02558663
v -0.25579014 0.42559122 -0.02480685
v -0.26725848 0.16605423 -0.02541579
v 0.27316698 0.37527000 -0.02542610
v -0.27542713 0.05302417 -0.02433954
v 0.27332987 0.27315746 -0.00653111
v 0.30672271 0.80376951 -0.02466553
v 0.27310108 0.41689838 -0.02630893
v -0.25551831 0.48010504 -0.02785870
v 0.27302162 0.43136206 -0.02630471
v 0.27272125 0.33112325 -0.02788114
v -0.12403381 0.87548003 -0.02658139
v -0.20920044 0.57967286 -0.02162243
v -0.01103001 0.87154282 -0.02623593
v -0.05342330 0.86953919 -0.02667948
v -0.27544114 0.09280257 -0.02796850
v 0.27296557 0.42689768 -0.02686867
v 0.27290953 0.43592715 -0.02684065
v 0.27307766 0.41514385 -0.02644745
v -0.09569048 0.87961340 -0.02589833
v -0.00863581 0.87155683 -0.02797466
v -0.09586353 0.87931684 -0.02786667
v 0.27291653 0.42145019 -0.02719422
v 0.27761736 0.81332541 -0.02724348
v -0.27451056 0.12538981 -0.02955551
v -0.25602132 0.52419292 -0.02637995
v -0.25543803 0.43113380 -0.02732872
v -0.27546916 0.09675379 -0.02766550
v -0.27249874 0.00049539 -0.02776883
v -0.25490041 0.35298748 -0.02956930
v 0.28118042 0.81646265 -0.02525114
v 0.27293755 0.05448136 -0.02707928
v -0.25543284 0.45744868 -0.02798251
v 0.31409957 0.80381516 -0.02954617
v 0.24501527 0.58505998 -0.02368444
v -0.02768024 0.44262913 -0.12488767
v 0.09962183 0.87686900 -0.02909749
v -0.09478368 0.88403575 -0.02437601
v 0.02051994 0.89808034 -0.02449101
v -0.00916124 0.87152881 -0.02866910
v -0.25553580 0.52457443 -0.03040214
v -0.32115337 0.80398680 -0.02955791
v -0.25513102 0.36613915 -0.02815650
v -0.09558365 0.87931916 -0.02902988
v -0.25588121 0.52517372 -0.02905964
v 0.05479429 0.87233447 -0.02415743
v -0.25848383 0.10307468 -0.03015209
v -0.11936801 0.87616659 -0.02428702
v -0.09371312 0.87078621 -0.03037498
v -0.08596481 0.88590452 -0.02953955
v -0.26829532 0.11440816 -0.02996512
v 0.27309340 0.31507222 -0.02665865
v 0.27269159 0.40419804 -0.02842121
v -0.26568920 0.11062508 -0.02994761
v 0.06030034 0.89316243 -0.01909056
v -0.06107858 0.86939908 -0.02948950
v -0.26821125 0.10986847 -0.03031366
v -0.25568505 0.46353139 -0.02613476
v -0.08419937 0.88601661 -0.03033645
v 0.27229302 0.40537615 -0.02981282
v -0.12379562 0.87539596 -0.03036447
v -0.01488140 0.87108045 -0.03299687
v -0.06174695 0.86953919 -0.02665846
v -0.09205277 0.87080022 -0.03061143
v 0.27193573 0.39286746 -0.03211945
v -0.12805509 0.87480748 -0.03086713
v -0.12593936 0.87508771 -0.03111583
v 0.27209686 0.41265858 -0.03119645
v 0.04474829 0.87231649 -0.04210627
v 0.27198477 0.41813354 -0.03183397
v 0.05699014 0.89232175 -0.03125246
v 0.26259548 0.61234405 -0.02915606
v 0.27208285 0.41343271 -0.03125425
v -0.01221304 0.89751473 -0.03984197
v -0.25462541 0.43825208 -0.03394506
v -0.10833403 0.87295798 -0.04117953
v -0.27151542 0.00050593 -0.03434654
v -0.12656813 0.45060221 -0.00664691
v -0.07549321 0.88690378 -0.04695797
v 0.27198477 0.40592960 -0.03195657
v 0.28382171 0.78565857 -0.02071317
v 0.27014928 0.78987030 -0.05604044
v 0.02295182 0.44907814 -0.02182798
v 0.23305805 0.60699120 -0.07403688
v -0.06120314 0.86930100 -0.03228930
v -0.12426500 0.87521381 -0.03345924
v -0.25536454 0.44275569 -0.02825869
v -0.09071468 0.87080022 -0.03018408
v 0.06499766 0.88579243 -0.03445232
v 0.29011204 0.80406912 -0.08074081
v -0.01190310 0.87119254 -0.03401971
v -0.21279342 0.58537497 -0.03572817
v -0.25516663 0.52406857 -0.03297101
v 0.02108940 0.87228543 -0.03429644
v -0.25481634 0.45277458 -0.04035940
v -0.27579843 0.60584792 -0.04007874
v -0.09409493 0.87080022 -0.03257477
v 0.27201980 0.00104884 -0.03800775
v 0.06612733 0.87231345 -0.02854783
v -0.27225354 0.54122904 -0.03603261
v -0.27820839 0.56588037 -0.03762061
v -0.14354216 0.86962292 -0.02119415
v -0.26067311 0.61287815 -0.03444703
v 0.26502110 0.00087370 -0.03909188
v -0.26988651 0.00126287 -0.07161869
v 0.07559642 0.48679340 -0.03953978
v 0.07438092 0.48581041 -0.03773601
v 0.19316385 0.56705662 -0.00992011
v -0.08239540 0.88607266 -0.03634209
v -0.05584202 0.86911885 -0.03892020
v 0.26660603 0.46986037 -0.05942127
v -0.25428391 0.44439454 -0.03721778
v -0.00971929 0.87134666 -0.03270527
v 0.26898633 0.00091573 -0.04255620
v -0.05400127 0.86914687 -0.03765216
v -0.27792817 0.56165593 -0.03954105
v 0.02272873 0.89744992 -0.02912097
v -0.31734592 0.82972710 -0.09327781
v -0.04844224 0.86917489 -0.03970133
v -0.25347270 0.10212133 -0.03044418
v 0.28610693 0.82719265 -0.03418652
v -0.01392513 0.87102440 -0.03578515
v -0.27752540 0.81352992 -0.03919592
v 0.10291430 0.87168994 -0.03979943
v 0.02328569 0.87228543 -0.03969434
v -0.01088509 0.87103841 -0.03986597
v -0.08714877 0.87027829 -0.04869315
v -0.27790715 0.56387324 -0.03995000
v 0.27747725 0.81341648 -0.03347330
v 0.26802693 0.31383946 -0.05621454
v 0.10330049 0.87655891 -0.04433256
v -0.26699226 0.61138593 0.01637412
v 0.31791418 0.80388872 -0.03289621
v -0.05136713 0.86914687 -0.04024427
v 0.24057119 0.84915959 -0.06104514
v -0.18652684 0.56486141 -0.01457102
v 0.10067433 0.87148169 -0.03989172
v 0.10236610 0.87395279 -0.04121984
v -0.27765494 0.56352996 -0.04156132
v 0.10328035 0.87388273 -0.04189064
v -0.27102473 0.53987178 -0.04308776
v -0.02581079 0.89223865 -0.07250672
v -0.25549765 0.19217238 -0.03156133
v 0.10315425 0.87435912 -0.04203075
v 0.26587054 0.80295171 -0.02348021
v -0.25381102 0.62512062 -0.07634816
v -0.19776888 0.86116037 -0.03934927
v 0.26766926 0.00088771 -0.04262275
v -0.27863574 0.81353558 -0.04201494
v -0.14451918 0.51438597 -0.00903290
v -0.26944426 0.00055143 -0.03810750
v -0.05766876 0.86911885 -0.04110247
v -0.17539265 0.58188359 -0.07135036
v -0.29987704 0.83232488 -0.04564915
v -0.19655689 0.86118839 -0.04333377
v 0.26332877 0.79305302 -0.04909199
v 0.27096194 0.55233134 -0.04197123
v 0.27007572 0.54231055 -0.04555683
v 0.27328608 0.28675904 -0.01924194
v 0.07627860 0.87184057 -0.04426425
v 0.10288059 0.87669377 -0.04473758
v 0.27066770 0.55279021 -0.04362457
v -0.05673350 0.86917489 -0.04367006
v 0.27131143 0.00098439 -0.04248348
v 0.27288748 0.60866598 -0.04547051
v 0.09714948 0.86950767 -0.07286954
v -0.00488756 0.42906601 -0.10111735
v -0.26933917 0.60944360 -0.04472604
v -0.19401382 0.86172082 -0.04348439
v 0.30816224 0.83577169 -0.04461939
v 0.31046011 0.83445462 -0.04466492
v -0.26490981 0.60711245 -0.07901996
v -0.00957195 0.87102440 -0.04484353
v -0.26941623 0.61055226 -0.04496959
v 0.08292176 0.87979554 -0.04342488
v -0.26924810 0.61196741 -0.04522530
v 0.02809751 0.87229243 -0.04780870
v 0.02342755 0.87228543 -0.04413595
v -0.30638534 0.83223381 -0.04577787
v -0.31430880 0.80400782 -0.04722368
v 0.30230547 0.80393776 -0.04546007
v -0.25527049 0.52433799 -0.04266520
v -0.30240506 0.83225491 -0.04588615
v 0.02603251 0.89576119 -0.03827860
v 0.07814387 0.87987961 -0.05180721
v 0.26985504 0.54066684 -0.04658273
v -0.07490367 0.86976337 -0.04609590
v 0.30950733 0.83470682 -0.04593296
v -0.25574810 0.52498281 -0.04183892
v -0.20045206 0.86027765 -0.04490042
v 0.26704225 0.00089822 -0.04661732
v -0.26054563 0.80000342 -0.06353859
v 0.26545545 0.67284349 -0.04693302
v -0.27305920 0.77300757 -0.07907600
v 0.07838735 0.87967252 -0.05185688
v 0.30196919 0.80388172 -0.03417738
v -0.17736126 0.57787064 -0.01697130
v -0.13238367 0.45491706 -0.00958348
v -0.27127975 0.49069689 -0.04745312
v 0.28184776 0.77826006 -0.04888705
v -0.26289108 0.61445254 -0.04105844
v 0.12355263 0.87060756 -0.05149175
v 0.28019765 0.78463441 -0.05741947
v -0.03590663 0.88146290 -0.09025977
v 0.27060968 0.55087883 -0.04359975
v -0.00713112 0.87110847 -0.04847249
v 0.25794534 0.61503591 -0.05340103
v 0.27754818 0.55763750 0.01798602
v 0.25717383 0.68966507 -0.07600385
v 0.04097509 0.87224339 -0.06551913
v 0.27914460 0.77674862 -0.04692076
v 0.26511918 0.67447232 -0.04990168
v -0.30770942 0.83217076 -0.04905217
v 0.26666044 0.69756312 -0.05002428
v -0.27164405 0.46799577 -0.04813968
v -0.27605764 0.81360564 -0.04812567
v -0.27164405 0.55564854 -0.04675955
v -0.27163004 0.50132279 -0.04813092
v -0.27165806 0.51842022 -0.04816770
v -0.14432392 0.47135812 -0.04839962
v 0.10567630 0.86875455 -0.05007681
v -0.05627112 0.86928699 -0.04729202
v 0.26519624 0.00090522 -0.05374738
v 0.26523881 0.66292517 -0.04742644
v 0.26816865 0.74440759 -0.04357627
v 0.26408496 0.80420923 -0.05826880
v -0.28751453 0.81590368 -0.02171728
v -0.27558125 0.81352157 -0.04244929
v -0.27181315 0.46122841 -0.04908792
v 0.26993911 0.55308445 -0.04772992
v -0.27177015 0.51921887 -0.04877019
v 0.08598413 0.87178802 -0.03261814
v 0.04326850 0.46554119 -0.03928830
v -0.27173512 0.52390481 -0.04926015
v -0.27168608 0.14859601 -0.04962839
v -0.31086199 0.80404285 -0.06003361
v 0.26699671 0.00091573 -0.04967750
v 0.32568542 0.82239625 -0.08738440
v 0.26481093 0.68251487 -0.05358318
v -0.27182135 0.50876810 -0.04935294
v -0.27178224 0.48381127 -0.04926342
v -0.27168608 0.16731526 -0.04873166
v -0.27587900 0.04683813 -0.02674009
v 0.26926656 0.54163012 -0.04999276
v 0.09409762 0.87560788 -0.03692819
v 0.27251721 0.55641917 -0.05027299
v -0.01953293 0.87043654 -0.05097933
v 0.27087834 0.55632415 -0.05096841
v -0.27173293 0.15590920 -0.04968010
v -0.14403160 0.48121445 -0.04440592
v -0.27174213 0.45095636 -0.04901189
v 0.13536100 0.52875757 -0.06115844
v 0.27049956 0.55623702 -0.05088249
v 0.27091990 0.55625803 -0.04922914
v 0.03575146 0.87228543 -0.05692225
v 0.10860468 0.86839026 -0.05102258
v 0.04659422 0.89004489 -0.05066117
v -0.14410516 0.47014653 -0.04268268
v -0.27111161 0.45868650 -0.05270740
v -0.27183075 0.31224828 -0.04720756
v -0.27197742 0.22879908 -0.04775323
v -0.10207531 0.87017146 -0.03644039
v -0.10547176 0.87540187 -0.05687939
v -0.14733479 0.87166893 -0.02832142
v -0.10993499 0.87436828 -0.04346402
v -0.25893351 0.34873469 -0.03614126
v -0.26638977 0.04704830 -0.07382906
v -0.30955192 0.83226183 -0.02497443
v -0.27144075 0.46342488 -0.05121457
v -0.02151959 0.43535056 -0.01257678
v -0.14424878 0.46975289 -0.05118718
v 0.27030340 0.55626504 -0.05262340
v 0.27773295 0.83844437 -0.05245877
v 0.05212973 0.87227183 -0.04942192
v 0.01910153 0.44397102 -0.05280902
v -0.08895625 0.87029581 -0.05284754
v 0.05125071 0.87996018 -0.08046930
v -0.03332674 0.89609301 -0.05304319
v 0.28966914 0.83228701 -0.02625455
v -0.26305604 0.42042900 -0.04686582
v -0.08993354 0.87030982 -0.05153221
v 0.26879017 0.54784769 -0.05300697
v 0.08042423 0.87852051 -0.05717534
v -0.27092596 0.13247588 -0.05322429
v 0.10802671 0.86820811 -0.05449566
v -0.00382410 0.87125559 -0.05115917
v -0.04550685 0.86945512 -0.04953384
v -0.31848420 0.80421799 -0.06308635
v -0.01180853 0.87091231 -0.04328125
v -0.25304862 0.59063366 0.01721760
v 0.27267659 0.69494474 -0.05789717
v -0.08361089 0.87018372 -0.05361817
v -0.03197533 0.89624494 -0.05290009
v 0.26412087 0.64629712 -0.04495916
v -0.27158800 0.17380954 -0.05044499
v 0.27156443 0.55442955 -0.03949471
v 0.26174243 0.00095776 -0.07902791
v -0.00031134 0.87141672 -0.05834353
v 0.01660611 0.44178499 -0.05420093
v -0.27045307 0.29589140 -0.05596913
v -0.29398400 0.83440018 -0.05337485
v -0.20137683 0.58561194 -0.05479861
v -0.27766020 0.56964857 -0.03281272
v -0.26826730 0.49566218 -0.06486931
v -0.26985059 0.43594401 -0.05813595
v -0.21091597 0.58760857 -0.05184439
v 0.30011268 0.80396578 -0.05122927
v 0.26425047 0.67874580 -0.05545371
v 0.26930337 0.69435699 -0.05219400
v -0.08666877 0.87038688 -0.06020758
v -0.00279415 0.87130463 -0.05566735
v -0.08749556 0.87029581 -0.05608418
v 0.26909579 0.00095689 -0.04792892
v 0.26537489 0.68587060 -0.05181118
v -0.20123672 0.58589217 -0.05604913
v 0.26443262 0.62638515 -0.05823672
v -0.31540169 0.80407788 -0.05608765
v 0.14039570 0.52611208 -0.05446810
v -0.03263737 0.89548833 -0.05549921
v -0.18739344 0.86235134 -0.05557625
v 0.26778934 0.00224216 -0.07185661
v -0.20461872 0.58627398 -0.05371098
v -0.18868249 0.86197303 -0.05659558
v 0.26165831 0.73042472 -0.07489629
v -0.27256391 0.55683696 -0.05417538
v -0.21017600 0.58827411 -0.05705795
v -0.27045308 0.53029927 -0.05569621
v -0.27549719 0.81366168 -0.05395792
v 0.26780488 0.41564974 -0.05741016
v -0.20495666 0.85486143 -0.03736900
v -0.02852852 0.86998756 -0.04958289
v -0.26905194 0.45394323 -0.06159151
v -0.20862073 0.58797987 -0.05748880
v 0.26754315 0.42001982 -0.05798977
v -0.18833921 0.86198704 -0.05738197
v -0.27106958 0.49891721 -0.05298500
v 0.26612900 0.84302170 -0.05784557
v 0.26480963 0.62232370 -0.05793185
v 0.26764123 0.53297851 -0.05747113
v 0.23521883 0.85070785 -0.05809135
v 0.26725923 0.29733399 -0.05891516
v 0.18567185 0.56192609 0.00435791
v 0.25878953 0.68225916 -0.07577989
v -0.12146447 0.87261907 -0.05167769
v -0.26978053 0.47505665 -0.05851863
v 0.25965736 0.62138001 -0.07637428
v 0.26525929 0.66218431 -0.04728856
v 0.26724891 0.37192040 -0.05879368
v -0.26969646 0.48722031 -0.05872180
v 0.26702473 0.32550409 -0.05912470
v -0.20217030 0.58787365 -0.06511201
v -0.26966844 0.53397989 -0.05898802
v -0.05352205 0.87031442 -0.06189851
v 0.02480888 0.89426408 -0.04978037
v -0.26897838 0.53835758 -0.06193654
v -0.03951872 0.87035536 -0.06139363
v -0.00456561 0.87122757 -0.05966585
v -0.26965571 0.40239353 -0.05927360
v -0.15148218 0.53699935 -0.05890746
v 0.26707027 0.29406336 -0.05888169
v -0.03398422 0.89613285 -0.05248325
v -0.09217889 0.87094656 -0.06347275
v 0.26096979 0.35113198 -0.06240282
v 0.26229588 0.52721413 -0.06073075
v 0.26430652 0.84315570 -0.06153466
v 0.26450268 0.61768406 -0.06100223
v 0.26121350 0.35453486 -0.06229127
v 0.26160582 0.37531641 -0.06154429
v -0.27477002 0.57922334 -0.07329247
v 0.26758519 0.04401483 -0.06258902
v 0.25745144 0.84552713 -0.05364098
v 0.23802111 0.84981112 -0.06078155
v 0.26608422 0.43981973 -0.05936546
v -0.19847647 0.58604980 -0.05977003
v -0.01349915 0.87124158 -0.06932760
v -0.26938471 0.28662768 -0.06023503
v -0.26913601 0.43712163 -0.06106171
v 0.26980862 0.00338874 -0.05622981
v 0.27140856 0.29163547 -0.04725166
v -0.26991364 0.47904071 -0.05786535
v -0.26916403 0.54666722 -0.06115979
v 0.26119183 0.49416909 -0.06205076
v -0.12589034 0.44347411 -0.10360826
v 0.26126185 0.37309247 -0.06178997
v -0.11121064 0.87534013 -0.06150901
v -0.26913601 0.53209536 -0.06131391
v 0.26791796 0.03095269 -0.06117518
v -0.09676854 0.86997318 -0.05300112
v -0.30018529 0.83308150 -0.06144001
v 0.25342270 0.55434033 -0.09811900
v -0.26943951 0.45699273 -0.05991286
v -0.09601450 0.86973535 -0.06198998
v -0.15087087 0.53823199 -0.06258202
v -0.30750275 0.83247025 -0.06287596
v -0.26851959 0.29901960 -0.06414253
v -0.11357255 0.87500364 -0.06177193
v -0.28446799 0.83472609 -0.08726216
v 0.05440635 0.87204373 -0.06456723
v -0.09341538 0.87049197 -0.06221416
v 0.05912338 0.87197718 -0.06240684
v -0.26861758 0.43708912 -0.06332455
v -0.26900076 0.51057398 -0.06183580
v -0.09508624 0.87007162 -0.06259598
v -0.26990663 0.29640239 -0.05822439
v 0.26750112 0.03448707 -0.06292529
v 0.26741705 0.84272135 -0.05753790
v 0.26465330 0.61232120 -0.01706659
v 0.26437658 0.67440926 -0.05394573
v -0.08073855 0.87029581 -0.06348570
v 0.09397852 0.87447121 -0.06646578
v -0.09526138 0.87018372 -0.06354875
v 0.02999015 0.87222938 -0.06358380
v -0.26860357 0.53278191 -0.06360478
v 0.07978665 0.87174863 -0.05317804
v -0.18842494 0.58404391 -0.06477165
v 0.25465557 0.05057618 -0.08032627
v 0.12003098 0.51787377 -0.06400415
v 0.08338571 0.87778016 -0.05839706
v -0.05989395 0.86988247 -0.05694413
v 0.03144033 0.87225740 -0.06411623
v 0.06239942 0.87175650 -0.06408208
v 0.06316392 0.87193514 -0.05907169
v 0.11834961 0.51688597 -0.06422133
v 0.03061715 0.87222938 -0.06705863
v -0.26802910 0.44572168 -0.06594468
v -0.26676808 0.66099334 -0.04511321
v 0.26710880 0.03972734 -0.06448056
v 0.26538540 0.61984182 -0.05602073
v -0.10800651 0.87575325 -0.06293400
v 0.26732598 0.02762148 -0.06377123
v 0.03497339 0.87226978 -0.06350556
v -0.26454433 0.60805858 -0.07331725
v 0.05054112 0.88859887 -0.05823194
v -0.15017562 0.53816055 -0.06447875
v -0.14928239 0.53782602 -0.06679239
v -0.32691901 0.80482233 -0.05102727
v 0.22710065 0.84522549 -0.07274238
v 0.26142017 0.36261332 -0.06181839
v 0.11833560 0.51729930 -0.06518811
v -0.26814820 0.46259377 -0.06549413
v -0.26890482 0.30155159 -0.06243833
v -0.13839552 0.44643922 -0.06623193
v -0.26798707 0.44234788 -0.06607078
v -0.26773486 0.43750826 -0.06720221
v 0.26010309 0.36858218 -0.06514610
v -0.00972904 0.87106994 -0.06165372
v -0.26721644 0.53335288 -0.06963669
v -0.26847747 0.40977836 -0.06426682
v 0.25933651 0.42996527 -0.06694260
v -0.27111770 0.05334675 -0.03994388
v -0.27416654 0.00237861 -0.03365833
v -0.27096449 0.29612567 -0.05362777
v 0.11212680 0.86799443 -0.05121786
v 0.26160232 0.44170686 -0.06094968
v 0.27347805 0.55755007 -0.06090695
v -0.26756673 0.43455163 -0.06795357
v 0.23534492 0.84973406 -0.07014642
v -0.07720242 0.87039389 -0.06635629
v 0.04014754 0.87222238 -0.06845802
v 0.04012740 0.87222938 -0.06720575
v 0.26663241 0.04847046 -0.06960173
v -0.00040518 0.87152005 -0.07070816
v -0.27041104 0.54995815 -0.05581881
v -0.26751068 0.45003853 -0.06823555
v -0.26591338 0.84216089 -0.07168236
v 0.05707921 0.48921311 -0.06814135
v -0.26700627 0.36548741 -0.07040557
v -0.14924035 0.53867371 -0.06785025
v 0.25993496 0.42919029 -0.06483785
v -0.26913425 0.39161475 -0.06145753
v -0.26734955 0.42120466 -0.06920409
v -0.26751068 0.45648496 -0.06831962
v -0.22404554 0.59369653 -0.10902190
v -0.26728650 0.49351493 -0.06922686
v 0.03837773 0.87225740 -0.06616190
v -0.08266512 0.87012767 -0.06872597
v -0.26444919 0.37796457 -0.07810659
v 0.10675835 0.87026822 -0.07287118
v 0.13573778 0.86298185 -0.07094681
v 0.08016677 0.88153996 -0.04764100
v -0.14898815 0.54011689 -0.07015863
v 0.03193423 0.87224339 -0.06371691
v -0.26557221 0.31211587 -0.07612782
v -0.26529688 0.45495175 -0.07655482
v -0.28695152 0.78558631 -0.06070704
v -0.26728650 0.37940249 -0.06940200
v -0.26821826 0.55126406 -0.06546282
v -0.26770684 0.29791562 -0.06762605
v -0.13775589 0.44653710 -0.07152855
v -0.26550059 0.51097414 -0.07632260
v 0.25803854 0.65729854 -0.07677817
v -0.26562535 0.28948349 -0.07614676
v -0.26545125 0.46196507 -0.07637184
v -0.26691335 0.43358187 -0.07062768
v -0.02912051 0.87159887 -0.07644626
v 0.14399400 0.86624125 -0.06488688
v -0.08096273 0.87015569 -0.07030926
v -0.21036866 0.58866468 -0.05972362
v -0.05956380 0.87079321 -0.06740233
v 0.25784726 0.43454353 -0.07241802
v 0.13887633 0.86247744 -0.07082771
v -0.26686907 0.37293291 -0.07108281
v -0.24340638 0.59515158 -0.06012402
v -0.00640188 0.87144474 -0.07157730
v -0.13879134 0.44997152 -0.07309927
v 0.26203667 0.31523373 -0.06123692
v 0.04266434 0.87194915 -0.07588407
v -0.26667000 0.37623241 -0.07189253
v 0.25758104 0.36059568 -0.07426052
v -0.26641779 0.42521061 -0.07283304
v 0.25637781 0.42402369 -0.08356585
v 0.13957340 0.53682596 -0.07434108
v -0.08256704 0.86995953 -0.07268419
v -0.14418749 0.86182941 -0.07217890
v -0.29675950 0.83325314 -0.07561343
v 0.14498881 0.86127946 -0.07360022
v -0.26521281 0.19060222 -0.07658985
v -0.26691338 0.47331699 -0.07087400
v -0.10024945 0.87076869 -0.06916908
v 0.10959774 0.51067672 -0.06106526
v 0.14190994 0.53845350 -0.07375598
v 0.01647624 0.89053051 -0.07832404
v -0.25956621 0.67728160 -0.07417288
v -0.25731230 0.64363300 -0.07512296
v 0.25915732 0.64992607 -0.07465022
v -0.00485362 0.87155683 -0.07460377
v -0.27023511 0.83975528 -0.08108070
v 0.25730081 0.42878746 -0.07454776
v 0.25774918 0.25877475 -0.07472640
v -0.13787009 0.44753670 -0.07321312
v 0.26412062 0.63527024 -0.06555386
v -0.13715726 0.44578385 -0.07244687
v -0.02350281 0.87154983 -0.07574395
v -0.26559361 0.22151123 -0.07592389
v -0.02548619 0.87104191 -0.06783319
v -0.25979039 0.81149692 -0.07610296
v -0.25600731 0.62944664 -0.07467729
v 0.25766511 0.42735042 -0.07331826
v 0.09044589 0.50754736 -0.07538842
v 0.10164286 0.87307576 -0.07143171
v -0.13769495 0.44809125 -0.07539539
v -0.04779772 0.88590452 -0.07543744
v -0.09906023 0.87562014 -0.08015928
v -0.26265485 0.60749821 -0.08316329
v 0.24895437 0.60547399 -0.12112782
v -0.30056753 0.83299515 -0.07599338
v -0.03257924 0.87156441 -0.07583122
v -0.26537335 0.48396378 -0.07645689
v 0.01400618 0.87189311 -0.08394588
v 0.02035116 0.87200520 -0.08016280
v 0.15413301 0.55363527 -0.07951479
v 0.04117212 0.87203322 -0.07497333
v 0.04545787 0.87173198 -0.07814166
v -0.04512154 0.88596057 -0.07513620
v -0.26413743 0.80397454 -0.07881904
v 0.09099234 0.50906760 -0.07786844
v 0.25719573 0.24200834 -0.07688591
v 0.09044589 0.50754736 -0.07538842
v -0.04621093 0.88584847 -0.07691564
v 0.26575615 0.60542107 -0.08436747
v -0.26566144 0.14295506 -0.07520234
v 0.25681041 0.25181107 -0.07797705
v 0.25707663 0.25149582 -0.07710484
v 0.04282810 0.87189311 -0.07716086
v -0.26482399 0.32334940 -0.07766501
v -0.26512874 0.16400856 -0.07669143
v 0.08020509 0.88090329 -0.05163134
v -0.28338852 0.83273620 -0.05076899
v -0.26492558 0.50930054 -0.07761269
v 0.03434244 0.87220136 -0.07078917
v -0.03787063 0.87155683 -0.07629914
v -0.30000367 0.79245597 -0.01200630
v 0.23428900 0.00076378 -0.02025204
v -0.25955469 0.81147080 -0.07639780
v 0.03280961 0.47859999 -0.08805556
v -0.26498863 0.49646083 -0.07747607
v -0.01963653 0.87161288 -0.07753215
v -0.26486603 0.10623426 -0.07709689
v -0.26512874 0.55586922 -0.07780534
v -0.26482049 0.46530033 -0.07765822
v -0.26456829 0.52600740 -0.07808995
v -0.26126159 0.81279297 -0.07784738
v -0.20378110 0.85856650 -0.05861300
v -0.26309756 0.34111454 -0.07977181
v -0.26448422 0.23782068 -0.07814162
v -0.25440477 0.04839340 -0.10389722
v -0.26939522 0.81377377 -0.07579470
v -0.09744541 0.87625766 -0.07415539
v -0.26508145 0.31602450 -0.07715031
v -0.17624736 0.58454708 -0.07935712
v 0.03708881 0.87195834 -0.07862185
v -0.14308735 0.86136487 -0.07958824
v -0.27783709 0.83755114 -0.08404567
v -0.09636829 0.87604049 -0.07873712
v -0.03603974 0.87170045 -0.08209855
v 0.03410818 0.87195266 -0.08044128
v 0.25880003 0.29568956 -0.08792078
v -0.26332920 0.49718415 -0.07952147
v -0.01403328 0.89073846 -0.07978799
v 0.03001379 0.88558226 -0.07630616
v 0.02365042 0.87200520 -0.08110506
v -0.26039288 0.81265286 -0.07943767
v -0.26516741 0.38453271 -0.07737954
v -0.05201866 0.87144474 -0.07955680
v -0.04692026 0.88573638 -0.07899284
v 0.02876261 0.87204373 -0.07989308
v 0.05376751 0.88525999 -0.05891099
v -0.27174913 0.81438327 -0.08401502
v -0.10019341 0.86771771 -0.07983702
v 0.32310388 0.81588971 0.04983062
v -0.01897800 0.87169695 -0.07944471
v -0.09780446 0.86794189 -0.08033442
v 0.25514306 0.45111148 -0.08301766
v -0.01850336 0.89027608 -0.08065670
v -0.18008299 0.58731433 -0.08219092
v -0.26273907 0.40557145 -0.08061414
v -0.13210265 0.44541879 -0.09025713
v -0.10197986 0.87528387 -0.08052358
v 0.03149287 0.87197718 -0.08062868
v -0.01646111 0.89044788 -0.08048353
v -0.25801094 0.81024290 -0.07800150
v 0.04716026 0.87134666 -0.08352904
v 0.04663570 0.87158486 -0.07980551
v -0.04910341 0.87155683 -0.07901561
v -0.26711836 0.81380179 -0.08088085
v -0.00892919 0.89058433 -0.08098597
v -0.26266273 0.43916992 -0.08064966
v 0.01935866 0.87197309 -0.08207768
v -0.01298549 0.89055631 -0.08068472
v -0.26299901 0.40792622 -0.08005417
v 0.10364114 0.86655476 -0.08517189
v 0.25573854 0.45248054 -0.07983356
v 0.25507980 0.44339348 -0.08239053
v -0.02222996 0.87175299 -0.08276541
v -0.17492329 0.58472922 -0.08141329
v -0.26515676 0.44704517 -0.07682454
v 0.18337659 0.58912180 -0.08287403
v -0.25434758 0.31030904 -0.10044243
v 0.04912623 0.87126960 -0.08365340
v -0.14143760 0.45870374 -0.08096310
v -0.26308308 0.39255395 -0.07981948
v -0.25959423 0.81262484 -0.08156741
v -0.26218635 0.44334620 -0.08199475
v -0.25601435 0.55775025 -0.11177208
v -0.01214432 0.87176107 -0.08323181
v -0.01487922 0.87175299 -0.08160947
v -0.27068425 0.83159629 0.10466880
v -0.26594140 0.81380179 -0.08231001
v 0.04717865 0.87138870 -0.08249220
v 0.09285240 0.51130918 -0.08056145
v -0.26248058 0.48752155 -0.08114006
v -0.27784497 0.78586479 -0.08452360
v 0.05169061 0.87933358 -0.08284347
v -0.26193414 0.48779127 -0.08265329
v -0.26173767 0.39294641 -0.08344510
v 0.09221833 0.87584433 -0.08279345
v -0.01937032 0.87175299 -0.08289152
v -0.26201208 0.46663962 -0.08259243
v 0.16186556 0.56500116 -0.08442229
v 0.25511503 0.43981445 -0.08260432
v 0.00788363 0.87186509 -0.08491617
v 0.04224487 0.48728861 -0.08347300
v 0.04118176 0.87170395 -0.08077580
v -0.29533735 0.83319359 -0.08486008
v -0.24904017 0.54147775 -0.10852362
v -0.10502734 0.87483550 -0.08188969
v 0.15898271 0.56114101 -0.08345200
v -0.06038775 0.87100032 -0.10489370
v 0.05367644 0.87909497 -0.08357108
v -0.00776711 0.87178102 -0.08220496
v -0.17371130 0.58452606 -0.08249918
v -0.01951612 0.88474970 -0.09257334
v 0.05078658 0.87920706 -0.08394939
v 0.15694405 0.55904280 -0.08363414
v 0.09143720 0.86749352 -0.08851712
v 0.00619575 0.87188872 -0.08382320
v 0.00650121 0.87188260 -0.08239149
v 0.09883172 0.86712923 -0.08442578
v -0.03112414 0.87168994 -0.08713522
v 0.09071911 0.87584433 -0.08443979
v 0.08245237 0.87647484 -0.08544511
v 0.03335288 0.87176701 -0.08394238
v -0.18690129 0.58991169 -0.08717636
v -0.14510699 0.86058590 -0.08576033
v 0.25498612 0.26577335 -0.07618752
v -0.26114950 0.48903128 -0.08491613
v 0.04871727 0.87121355 -0.08571658
v 0.14391168 0.86548814 -0.06390017
v -0.00874682 0.87178102 -0.08579889
v -0.26188598 0.35630194 -0.08293122
v -0.11074041 0.86931492 -0.08511981
v -0.26166092 0.44367174 -0.08343793
v -0.03493524 0.87166893 -0.08554667
v 0.04064232 0.48753907 -0.08560273
v 0.04606867 0.87116571 -0.08587073
v -0.29909240 0.83291336 -0.08572178
v 0.25858986 0.09041362 -0.08578491
v -0.26248584 0.84060037 -0.07842228
v 0.25903823 0.05322033 -0.08573937
v -0.25893403 0.61211940 -0.08343428
v 0.03469447 0.87162689 -0.08551166
v 0.25877902 0.14772730 -0.08660545
v 0.25848127 0.33239946 -0.08665975
v 0.08786429 0.87611054 -0.08447482
v 0.06397176 0.87137118 -0.06900403
v 0.25840771 0.11502467 -0.08565355
v 0.25819282 0.35687596 -0.09087108
v 0.08044524 0.86895772 -0.08627091
v 0.05552140 0.88275019 -0.07777661
v 0.08313893 0.86861444 -0.08628229
v 0.03103049 0.87169695 -0.08628229
v -0.25816892 0.83248216 -0.11699504
v 0.24529044 0.00216881 -0.12592785
v -0.30179661 0.83282229 -0.08033264
v -0.02487111 0.87177401 -0.08652222
v 0.25615923 0.04701227 -0.09936716
v -0.13118216 0.86461155 -0.07708837
v 0.08486934 0.87618060 -0.08669563
v 0.00517943 0.87187910 -0.08612465
v -0.27932730 0.78321609 -0.08025507
v -0.18352629 0.58957717 -0.08717898
v -0.26606050 0.81385083 -0.08718949
v 0.04985482 0.87110847 -0.08745224
v 0.08464516 0.86833421 -0.08748728
v 0.25570246 0.22101585 -0.08275553
v -0.26944426 0.81388586 -0.08766938
v 0.09146872 0.87560613 -0.08634184
v 0.25898744 0.20475637 -0.08832054
v 0.18854680 0.85147848 -0.09028958
v -0.16726920 0.59416955 -0.11036550
v -0.28185837 0.79054285 -0.08827887
v 0.04687039 0.87099638 -0.08819835
v 0.06129864 0.87735756 -0.09506395
v 0.04269849 0.87137469 -0.08498098
v 0.04931188 0.87102440 -0.08862220
v 0.00067051 0.87521907 -0.09393963
v -0.04452606 0.87151830 -0.08342657
v 0.02839952 0.87172672 -0.08707875
v 0.04234120 0.49063734 -0.08694082
v 0.25801142 0.05278994 -0.08847244
v 0.25905140 0.10958127 -0.08797479
v 0.16846843 0.85558382 -0.08902854
v 0.02308908 0.88867703 -0.07643664
v -0.18226527 0.58901672 -0.08577084
v 0.02311404 0.87166893 -0.09020548
v 0.21234533 0.60909860 -0.10567697
v 0.03193072 0.87122056 -0.09218460
v -0.28807943 0.83375405 -0.09219506
v -0.02618862 0.87180904 -0.08960299
v 0.25746895 0.30756949 -0.09315492
v 0.20298556 0.85411263 -0.10635016
v 0.25861789 0.43678929 -0.09012145
v 0.25875800 0.29993327 -0.08982721
v 0.17320430 0.85413364 -0.09336683
v -0.11098154 0.87273992 -0.09392221
v 0.20236205 0.60466746 -0.09000935
v 0.20368963 0.60498973 -0.09049099
v -0.13714851 0.49527337 -0.08987970
v 0.25867393 0.29700488 -0.09005840
v 0.03095887 0.87140342 -0.09038395
v 0.18339937 0.85245200 -0.08984617
v -0.28953662 0.80416194 -0.09155054
v -0.04873299 0.87096835 -0.09026853
v -0.04781524 0.87096835 -0.09028254
v 0.20063561 0.59488529 -0.06065141
v -0.13699438 0.49783395 -0.09046467
v -0.13662308 0.48017432 -0.09012490
v 0.25896330 0.16778372 -0.08862193
v -0.26828817 0.81388237 -0.09011970
v 0.25844975 0.29632533 -0.09069592
v 0.25767211 0.23935318 -0.09232124
v -0.13705043 0.50241919 -0.09068185
v -0.27812082 0.78596637 -0.08980174
v 0.08957575 0.87407188 -0.09707831
v -0.13633584 0.48265259 -0.09090603
v 0.02411936 0.87158486 -0.09277658
v -0.28082152 0.79034669 -0.09116522
v 0.03104274 0.87133265 -0.11762933
v 0.25741290 0.22910558 -0.09300780
v 0.10294056 0.86610639 -0.09035262
v 0.07366839 0.86940560 -0.08676108
v 0.25922534 0.30185605 -0.08737512
v 0.02354839 0.87161288 -0.09173973
v 0.18796810 0.60032799 -0.09341764
v -0.13640590 0.49874119 -0.09186581
v 0.09884126 0.86623651 -0.09351203
v -0.26790303 0.78373331 -0.11251862
v 0.06029888 0.87769805 -0.09288423
v 0.25632352 0.33413162 -0.09591079
v 0.25915032 0.42514012 -0.08800922
v 0.20118382 0.60504587 -0.09271494
v -0.28900419 0.80416194 -0.09223710
v 0.16926709 0.85507941 -0.09226518
v 0.02456158 0.88271350 -0.09308625
v 0.03754120 0.48404727 -0.08602964
v -0.07538138 0.87769471 -0.08170579
v -0.13501877 0.48894634 -0.09402532
v 0.17593653 0.86118839 -0.09479424
v 0.25755302 0.21823273 -0.09261548
v 0.25898218 0.29695584 -0.08724560
v 0.25899909 0.42718349 -0.08947871
v 0.25752500 0.21178748 -0.09278362
v 0.25730432 0.33393546 -0.08549330
v -0.13580341 0.49642580 -0.09296571
v 0.02739278 0.87147277 -0.09309885
v -0.28772915 0.80369256 -0.09124579
v 0.15674057 0.57887497 -0.10982957
v 0.25749697 0.30308584 -0.09320396
v 0.25772115 0.20806745 -0.09229147
v 0.02245200 0.87149378 -0.09302528
v 0.25731675 0.23681129 -0.09320758
v 0.25711866 0.21175945 -0.09375741
v 0.25732884 0.32173502 -0.09351922
v 0.25732884 0.32644286 -0.09354023
v -0.09754432 0.86899100 -0.06867190
v 0.02766379 0.87142127 -0.09404530
v 0.02893228 0.87126960 -0.09454903
v 0.25716770 0.38984625 -0.09417425
v 0.17864073 0.85362223 -0.08774649
v -0.13548815 0.48523944 -0.09286238
v 0.25728680 0.30202097 -0.09367684
v -0.00288865 0.87762850 -0.10163875
v -0.30933126 0.82871519 -0.10793294
v -0.03912006 0.87161638 -0.09658198
v 0.18710363 0.85138040 -0.09301480
v -0.28800237 0.80417595 -0.09590809
v -0.28838769 0.83369800 -0.09499734
v 0.25417627 0.43283851 -0.10097329
v 0.07805608 0.87881737 -0.06316423
v 0.25511503 0.08400340 -0.09749495
v 0.19930581 0.60508956 -0.09482052
v 0.12735746 0.52670937 -0.07796912
v -0.12941333 0.50923355 -0.10448638
v 0.17562828 0.59123752 -0.09852128
v -0.25662198 0.43333928 -0.09743855
v 0.25632001 0.08061264 -0.09471719
v 0.25567549 0.08349899 -0.09618839
v 0.26646777 0.83395371 -0.10621968
v 0.25806095 0.81034724 -0.07914681
v 0.17352970 0.85367121 -0.09725357
v 0.17863259 0.86028150 -0.09772556
v 0.24029268 0.79188444 -0.12808843
v 0.18804764 0.60214891 -0.09983923
v 0.25334958 0.45390199 -0.10296116
v -0.25836124 0.60672539 -0.10330787
v 0.25486283 0.35707881 -0.09941101
v -0.25941210 0.81397694 -0.10113435
v 0.25553187 0.09554880 -0.09668404
v 0.25517108 0.36520193 -0.09874547
v -0.27943264 0.79258326 -0.09798572
v -0.07750893 0.87590037 -0.09843717
v 0.17649699 0.59221132 -0.09860534
v 0.09588932 0.86721330 -0.10601737
v -0.11916067 0.43126270 -0.10444503
v 0.02955929 0.87749767 -0.10061597
v -0.10926317 0.87109446 -0.10936345
v -0.23983335 0.83907357 -0.12522479
v 0.02497624 0.87924910 -0.09542299
v -0.09561669 0.87230715 -0.10200563
v 0.17299413 0.85356618 -0.09926388
v 0.19661099 0.85380577 -0.09192774
v 0.17901904 0.59423597 -0.09779444
v 0.17595054 0.85289363 -0.09988739
v -0.17001578 0.56276021 -0.05397676
v 0.25564747 0.46326167 -0.09758953
v 0.23093481 0.61957911 -0.12358420
v -0.11255543 0.45295115 -0.12618064
v 0.17718355 0.59401879 -0.10026570
v -0.17715811 0.00089471 -0.13593870
v -0.08083664 0.87539596 -0.10032871
v 0.29305354 0.83239669 -0.10999445
v 0.25183870 0.46489101 -0.10656840
v 0.19352085 0.60484961 -0.10053192
v 0.25511153 0.38275910 -0.09898629
v -0.12808312 0.44446010 -0.10062295
v 0.25254241 0.42919284 -0.10489501
v 0.03561265 0.87008739 -0.11720810
v -0.01038212 0.00110138 -0.22098276
v 0.03055060 0.87774988 -0.10093823
v 0.03137749 0.87220836 -0.11306401
v -0.13164704 0.51356387 -0.10160179
v -0.12755069 0.44389658 -0.10128148
v 0.12092614 0.54954847 -0.11324297
v -0.12804109 0.44539186 -0.10131651
v 0.25306235 0.35090678 -0.10361094
v -0.14789526 0.56996120 -0.10302590
v 0.25442095 0.35807788 -0.10044674
v -0.13224451 0.50957902 -0.10052487
v 0.03072574 0.87803011 -0.10002749
v 0.25483480 0.43744739 -0.09938299
v 0.17503980 0.59050893 -0.09839868
v -0.07947189 0.87552209 -0.10031670
v 0.19445962 0.60550815 -0.10220628
v 0.19507612 0.60531199 -0.10053893
v 0.30586434 0.80461031 -0.10516971
v -0.07205704 0.41489838 -0.07861455
v 0.02686001 0.87164090 -0.09646465
v 0.19209169 0.60483560 -0.10247951
v 0.23496134 0.04912725 -0.14102753
v -0.24702600 0.68094559 -0.10260555
v 0.25061121 0.47852784 -0.10942118
v 0.18745216 0.85798328 -0.10163707
v 0.17326035 0.85314584 -0.10302594
v 0.09327241 0.52589375 -0.10353468
v 0.25351711 0.34505196 -0.10252417
v 0.25315343 0.33255183 -0.10332020
v -0.22892682 0.64368084 -0.12828761
v -0.13683631 0.43846472 -0.05294194
v 0.24557589 0.70127965 -0.10255592
v 0.17099750 0.85402856 -0.09879100
v 0.20418255 0.84471206 -0.11852695
v 0.19202163 0.60510182 -0.10375455
v -0.06018825 0.42869828 -0.11313712
v 0.20969703 0.61103565 -0.11234354
v -0.12158270 0.87109271 -0.09475129
v 0.25142650 0.72293429 -0.10596398
v 0.10120665 0.52559406 -0.09739335
v -0.08967784 0.87391075 -0.10631159
v 0.11342478 0.86298359 -0.12179419
v 0.17217796 0.59183301 -0.10450940
v -0.24506151 0.62625673 -0.10116224
v -0.14768947 0.57300255 -0.10636412
v -0.13053512 0.50923574 -0.10325709
v 0.25784243 0.57104763 -0.10531447
v -0.24915576 0.64515869 -0.10443929
v -0.11262493 0.87143728 -0.10298015
v -0.24358444 0.66991510 -0.10264890
v -0.14662022 0.57010131 -0.10457416
v 0.25332715 0.45074642 -0.10299730
v -0.25736645 0.81399795 -0.10472127
v -0.07371709 0.87543099 -0.10586498
v 0.16774159 0.85841501 -0.09963212
v 0.23923307 0.33975545 -0.11912156
v 0.25198069 0.37210134 -0.10632986
v -0.11604031 0.87094033 -0.10343224
v -0.25036074 0.69871206 -0.10507856
v -0.28243893 0.80381130 -0.10618879
v 0.07561130 0.87479347 -0.10759716
v -0.14545727 0.56948481 -0.10516965
v 0.25315343 0.33255183 -0.10332020
v 0.09258263 0.52680605 -0.10524675
v -0.25217519 0.62323609 -0.07892188
v 0.25200447 0.36212292 -0.10619954
v 0.25231272 0.32785801 -0.10530982
v 0.25710387 0.55781333 -0.10671162
v -0.25269073 0.44284543 -0.10707626
v 0.24738071 0.67433220 -0.10595434
v 0.30186145 0.83618820 -0.04518639
v -0.25360612 0.61010214 -0.10402420
v 0.09421655 0.86636813 -0.10519619
v 0.24685177 0.43868281 -0.11618005
v -0.05825725 0.86951117 -0.10665487
v 0.27891689 0.80442115 -0.11282169
v 0.14593808 0.56505720 -0.10631863
v -0.25306845 0.72479605 -0.10587853
v -0.25823515 0.81405400 -0.10654275
v 0.24719274 0.67320550 -0.10626544
v 0.08398618 0.86339519 -0.13568741
v 0.14194483 0.56423053 -0.10963233
v 0.29073201 0.83277325 -0.10713131
v 0.25079337 0.71807542 -0.10376243
v -0.25501603 0.73307505 -0.10886427
v 0.25100966 0.43338584 -0.10842736
v 0.25150006 0.44227520 -0.10731345
v 0.14456703 0.56520598 -0.10795545
v 0.25120582 0.45100631 -0.10801052
v -0.24830281 0.71967313 -0.10510308
v 0.06948831 0.87515777 -0.10895976
v 0.24884405 0.25343492 -0.11316899
v -0.25221025 0.43516091 -0.10762163
v -0.25264460 0.41761687 -0.10732039
v 0.24684827 0.66551902 -0.10644474
v -0.25792690 0.60280394 -0.10770570
v -0.06538205 0.42617434 -0.10772675
v 0.26577760 0.55528266 -0.06194815
v -0.25265861 0.44391497 -0.10700163
v 0.02506108 0.87313043 -0.14564022
v -0.24819948 0.40811319 -0.10793514
v -0.24814694 0.39182011 -0.10796491
v -0.24807157 0.43270075 -0.10786386
v -0.24817496 0.37340211 -0.10799644
v -0.24755261 0.41256361 -0.10801185
v -0.24764120 0.39792519 -0.10804629
v -0.24760643 0.38280568 -0.10804525
v -0.16945348 0.86310367 -0.06904747
v -0.24762551 0.36982913 -0.10808921
v -0.25056615 0.69530440 -0.10585437
v 0.22196938 0.84650947 -0.10743895
v 0.25113576 0.44256594 -0.10811911
v 0.20750424 0.85286561 -0.10815413
v -0.24741834 0.36555572 -0.10816808
v -0.25111736 0.44039942 -0.10817508
v -0.24858129 0.42539057 -0.10796491
v -0.25766012 0.74576830 -0.10905081
v -0.24716614 0.38117143 -0.10825215
v -0.24719416 0.33281805 -0.10838526
v -0.24709608 0.40899284 -0.10828718
v -0.23136039 0.67854613 -0.13125101
v 0.25428135 0.42081804 -0.10101357
v -0.24709608 0.40899284 -0.10828718
v 0.25134898 0.33942747 -0.10761931
v -0.25258308 0.41076919 -0.10709993
v -0.24718716 0.37777892 -0.10827316
v -0.24696998 0.38760968 -0.10842028
v 0.25183633 0.33509841 -0.10649028
v -0.25412266 0.72630180 -0.10771808
v 0.03147185 0.87735756 -0.10359514
v -0.24602853 0.39681405 -0.10916611
v -0.24789473 0.44477624 -0.10789836
v -0.27364905 0.78969807 -0.10845648
v 0.25150006 0.44227520 -0.10731345
v -0.23742821 0.66133662 -0.11231195
v 0.25584699 0.56031022 -0.10995351
v -0.24664650 0.42877866 -0.10844190
v -0.25176530 0.55631760 -0.10885275
v -0.26262073 0.78499433 -0.10902628
v -0.03442407 0.87739506 -0.10931785
v 0.09033555 0.52321037 -0.10166333
v -0.24553381 0.43433971 -0.10980916
v -0.26197620 0.76745204 -0.11120155
v -0.24416244 0.60702335 -0.13049658
v 0.13670990 0.86263849 -0.10852564
v -0.25689006 0.60280394 -0.11009465
v -0.24544274 0.54994589 -0.11003247
v 0.25036514 0.44180801 -0.10989856
v -0.26759475 0.81398394 -0.09362073
v -0.06015404 0.87278984 -0.10563204
v 0.21068483 0.85191283 -0.11002465
v -0.06431718 0.42732327 -0.11038191
v -0.25197906 0.55481311 -0.10798243
v -0.24972260 0.74379323 -0.10635271
v 0.14285557 0.56605201 -0.11064115
v -0.14414020 0.57364620 -0.11089331
v 0.06599383 0.86785773 -0.11044281
v 0.07639722 0.87449687 -0.10943008
v -0.24554082 0.31919020 -0.11035036
v 0.25249837 0.55684827 -0.11520188
v -0.24467211 0.51039168 -0.11130313
v -0.24458046 0.43671049 -0.11138110
v -0.25617321 0.81506478 -0.12402740
v 0.24758875 0.41723139 -0.11615874
v 0.07142539 0.87438714 -0.11344342
v 0.24930377 0.37030996 -0.11234486
v -0.23682921 0.62716629 -0.11498463
v 0.14049189 0.56406524 -0.11091468
v -0.24602210 0.35585035 -0.10921800
v 0.24200032 0.68056728 -0.12172418
v 0.24917417 0.69697464 -0.10469332
v -0.14284415 0.57295263 -0.11151244
v 0.23941522 0.23266930 -0.12254057
v -0.25474631 0.57030798 -0.11629995
v 0.29139443 0.83262241 -0.10925227
v 0.14642498 0.57414010 -0.11534898
v 0.14153850 0.56693298 -0.11286196
v -0.24254237 0.48718528 -0.11541898
v -0.13762139 0.56838141 -0.11196869
v 0.25049124 0.33470259 -0.10952725
v -0.23779875 0.65814212 -0.11159878
v -0.24237073 0.44018186 -0.11562916
v 0.25119181 0.45613730 -0.10805606
v -0.23861743 0.41460693 -0.13008456
v -0.24450914 0.32991625 -0.11207640
v 0.24852964 0.45846648 -0.11395136
v -0.24651568 0.19806993 -0.10937960
v -0.14362178 0.57508937 -0.11285491
v -0.14164617 0.57642046 -0.11611256
v 0.07106840 0.87468918 -0.11157940
v -0.26076069 0.60402819 -0.10038561
v -0.24502940 0.26484519 -0.11157460
v 0.24900603 0.44594006 -0.11296005
v -0.26646686 0.78293115 -0.11590325
v -0.26586224 0.78129625 -0.11232733
v 0.24788862 0.49118641 -0.11530871
v -0.25237138 0.42036245 -0.10756821
v -0.23773646 0.52436631 -0.12498879
v -0.25690407 0.60054110 -0.11010866
v 0.25599600 0.23590900 -0.09628209
v 0.23356545 0.68334504 -0.11900947
v 0.25671233 0.55438051 -0.08346602
v -0.24648512 0.76246550 -0.13971893
v -0.07167317 0.42937682 -0.11457132
v -0.06814930 0.42793102 -0.11169548
v -0.24513448 0.06320696 -0.11258080
v 0.20798802 0.84996150 -0.12666799
v 0.24861371 0.44884228 -0.11380073
v -0.25245913 0.05579943 -0.10659903
v 0.24740873 0.56628670 -0.12770005
v -0.26657194 0.78245827 -0.11151681
v -0.04481888 0.87618279 -0.10421305
v 0.24779053 0.36296925 -0.11547529
v -0.13927824 0.57225907 -0.11432611
v 0.23986008 0.60827890 -0.12789446
v -0.13794716 0.57123623 -0.11457131
v 0.24863951 0.47512535 -0.11382123
v -0.25596531 0.60344847 -0.11204924
v -0.14140097 0.57542915 -0.11539974
v 0.24834749 0.47093532 -0.11439622
v 0.24968441 0.55785630 -0.12301770
v -0.24605219 0.54802478 -0.10873188
v 0.24747188 0.40036134 -0.11604630
v 0.03198338 0.87240161 -0.11462158
v 0.24750103 0.46559087 -0.11578754
v -0.24309758 0.29753994 -0.11502448
v -0.23938630 0.10872654 -0.12406228
v 0.14722013 0.57080538 -0.11108951
v -0.06735995 0.42977689 -0.11549100
v -0.25786385 0.81408903 -0.11310184
v 0.24791314 0.44157419 -0.11501622
v -0.27116769 0.80333877 -0.13149007
v -0.23283246 0.62958851 -0.12343877
v 0.13731756 0.56267001 -0.11246964
v 0.24402497 0.53356918 -0.11635432
v -0.14164617 0.57642046 -0.11611256
v -0.24451098 0.44387163 -0.11145200
v 0.24696036 0.48367542 -0.11636483
v 0.25370513 0.61779265 -0.07687234
v 0.28515547 0.80455426 -0.11634381
v 0.24722658 0.34032467 -0.11588843
v 0.24686228 0.44558649 -0.11616867
v 0.24673618 0.46761309 -0.11641387
v 0.24696036 0.48367542 -0.11636483
v 0.24673618 0.46761309 -0.11641387
v 0.25178029 0.55700940 -0.11732285
v 0.24286553 0.65970429 -0.11461778
v 0.23621320 0.06064358 -0.13570858
v -0.25827280 0.55699188 -0.10008940
v 0.07531356 0.87368657 -0.11656096
v -0.06732701 0.43091348 -0.11760916
v 0.24606623 0.46630685 -0.11660461
v 0.24634386 0.36758387 -0.11656799
v 0.24617572 0.41918615 -0.11668009
v 0.24138232 0.45308341 -0.11631460
v -0.17573595 0.59875465 -0.12667716
v -0.16707776 0.85730548 -0.13080878
v 0.25273306 0.57098403 -0.11699533
v 0.14450421 0.57500716 -0.11815493
v 0.25239679 0.57164257 -0.11767488
v -0.27008881 0.78852521 -0.11747165
v -0.23545260 0.68259893 -0.11744364
v 0.24086540 0.43900988 -0.11660477
v 0.24062020 0.41360522 -0.11731935
v -0.24275602 0.67026189 -0.10330437
v -0.14946366 0.86338118 -0.12140757
v -0.23922167 0.26359817 -0.12279600
v -0.24305204 0.50503333 -0.11449619
v 0.24506378 0.29843449 -0.11601221
v -0.11268108 0.44353316 -0.11863462
v -0.13735868 0.57333795 -0.11724749
v -0.05969162 0.87159352 -0.10661915
v 0.23961838 0.40037758 -0.11827037
v -0.23993625 0.35495608 -0.12061722
v 0.23423333 0.69039051 -0.11861428
v -0.24457928 0.40080755 -0.11158555
v 0.25270504 0.56863011 -0.11709341
v -0.24116925 0.26968263 -0.11894286
v 0.23928779 0.40153644 -0.11883851
v 0.23902990 0.43477209 -0.11901297
v -0.13902011 0.86727727 -0.08599705
v 0.23870764 0.33503886 -0.12007784
v 0.23900188 0.42836537 -0.11913908
v 0.24525137 0.71118351 -0.11781298
v -0.24063720 0.30342505 -0.11971316
v -0.24053874 0.29842704 -0.12000072
v -0.23741770 0.30278984 -0.12757039
v -0.26802861 0.78637659 -0.11969092
v 0.02955180 0.86937455 -0.11709008
v -0.23349416 0.68298760 -0.12112872
v 0.23883374 0.39364860 -0.11967151
v 0.23858154 0.42799670 -0.11989569
v 0.08375193 0.53399740 -0.11958042
v -0.28038720 0.80475042 -0.15973707
v -0.06255962 0.87349391 -0.11589627
v -0.26723048 0.78741831 -0.12263485
v 0.24564126 0.04717507 -0.12373656
v 0.23866561 0.40765300 -0.11983965
v 0.23849747 0.42378014 -0.12010586
v 0.05096305 0.86277293 -0.15767356
v -0.24095908 0.24874958 -0.11951032
v -0.23926370 0.44340837 -0.12166808
v -0.23985218 0.44402838 -0.12051214
v 0.24152394 0.69128601 -0.12052621
v 0.23421013 0.00208984 -0.14692786
v -0.24553378 0.62425542 -0.10060542
v -0.24241630 0.16717957 -0.11656575
v -0.23957195 0.44515060 -0.12105858
v -0.23910958 0.32291899 -0.12247374
v -0.25197871 0.56496595 -0.12200604
v 0.24637416 0.61357826 -0.10039522
v -0.25097724 0.55955072 -0.12370674
v -0.29774618 0.81085472 -0.14633387
v -0.24017444 0.31281676 -0.12054717
v 0.23782492 0.33804431 -0.12163311
v -0.26885710 0.78926151 -0.12103354
v -0.23791177 0.52748838 -0.12458594
v -0.23644199 0.46422377 -0.12783247
v 0.23820229 0.41315350 -0.12069323
v 0.03457755 0.49792181 -0.09945751
v -0.23965602 0.25052903 -0.12203938
v -0.10898073 0.44401242 -0.12190883
v -0.24078394 0.11330827 -0.12109011
v 0.24225253 0.71442586 -0.12476816
v 0.05077257 0.87102440 -0.08925271
v -0.23923568 0.35410139 -0.12198334
v -0.23971907 0.19328891 -0.12251577
v 0.23052323 0.61748484 -0.13425082
v 0.25417624 0.82806541 -0.12409912
v -0.25147266 0.56076481 -0.12285329
v -0.09494438 0.86869150 -0.10279472
v 0.23723644 0.33764849 -0.12271899
v 0.08662777 0.53837247 -0.12299220
v -0.08688295 0.86721527 -0.10475878
v -0.23851497 0.33876156 -0.12344246
v 0.24101964 0.68495759 -0.12075140
v 0.23605248 0.41725520 -0.12457200
v -0.23962800 0.18020575 -0.12281001
v 0.25660722 0.83090973 -0.11942983
v -0.23920766 0.21274025 -0.12334244
v 0.24362590 0.55461179 -0.11865417
v -0.25122945 0.56561766 -0.12348256
v -0.23906754 0.21688763 -0.12359465
v 0.23517677 0.50579900 -0.12589783
v 0.24083152 0.67364415 -0.12549797
v 0.23992663 0.69078160 -0.12362273
v -0.23822013 0.43474899 -0.12373593
v 0.23732150 0.83954492 -0.13528170
v -0.10717635 0.44645870 -0.12452992
v 0.24093282 0.52366057 -0.11629970
v -0.23983116 0.44659608 -0.13340614
v 0.23411540 0.71273398 -0.12432505
v -0.23828290 0.54321341 -0.12386087
v -0.23825488 0.53605358 -0.12388889
v 0.25569709 0.83017083 -0.12112374
v -0.23906754 0.18082226 -0.12394493
v -0.23867522 0.25990266 -0.12398697
v -0.25022063 0.75150706 -0.12734971
v 0.25722417 0.81938184 -0.08630443
v 0.12591227 0.86569481 -0.12789795
v 0.22421986 0.84000313 -0.12105864
v -0.23803070 0.54003282 -0.12436528
v -0.23738267 0.32516957 -0.12596433
v 0.23020271 0.65248841 -0.12439335
v -0.23938630 0.21586305 -0.12296414
v 0.25960219 0.05250575 -0.08633748
v 0.08526866 0.53924818 -0.12464555
v -0.23975892 0.11587595 -0.12317514
v 0.23059211 0.29512551 -0.13551102
v -0.23863769 0.19558758 -0.12471211
v -0.26591691 0.78256861 -0.11699264
v -0.07793803 0.44466852 -0.13369689
v -0.23859116 0.18344239 -0.12492573
v 0.23547101 0.72396062 -0.12495381
v 0.26303671 0.83533208 -0.13423989
v -0.23927897 0.41727258 -0.13269589
v -0.23740719 0.53829716 -0.12568235
v -0.23850709 0.18799610 -0.12513590
v 0.23796504 0.63913554 -0.12520602
v 0.25908023 0.78655660 -0.11101597
v -0.23867522 0.13856384 -0.12524800
v 0.22979640 0.65175982 -0.12527607
v 0.23435009 0.42861385 -0.12750214
v -0.23080081 0.67483661 -0.12597659
v -0.25155171 0.56169797 -0.12269091
v -0.23861217 0.20332458 -0.12469805
v -0.23779250 0.32010270 -0.12517093
v -0.23766640 0.31945116 -0.12541613
v 0.24374411 0.03764812 -0.12586926
v -0.23727408 0.31618651 -0.12641094
v -0.23781352 0.26919223 -0.12567534
v -0.23800268 0.25115954 -0.12547218
v 0.24157998 0.71283556 -0.12559834
v -0.26812721 0.79247643 -0.12566832
v -0.23741420 0.52432252 -0.12567534
v 0.25283114 0.83036328 -0.12701349
v -0.15379406 0.86202907 -0.12571037
v 0.23734853 0.65079303 -0.12580851
v -0.23730211 0.53555617 -0.12590653
v 0.24365367 0.70599799 -0.11950337
v -0.23811126 0.18784197 -0.12594331
v -0.23870325 0.22104201 -0.12429522
v -0.23847906 0.16344811 -0.12536009
v -0.23892397 0.23724358 -0.13386029
v -0.23907332 0.30327553 -0.13083333
v -0.23721804 0.53030189 -0.12606066
v 0.22538280 0.83907838 -0.12610275
v -0.21281601 0.59833865 -0.13138347
v 0.28455824 0.80463308 -0.12498185
v 0.22939007 0.65160569 -0.12622885
v 0.23499462 0.72496944 -0.12632693
v 0.24728020 0.59538977 -0.12653715
v 0.23891781 0.64223906 -0.12304125
v 0.24784308 0.57740126 -0.12652309
v 0.24893597 0.59460026 -0.12339154
v 0.23474241 0.40960234 -0.12692942
v -0.10969895 0.60237703 -0.15959151
v -0.23699385 0.52999364 -0.12662111
v -0.23795539 0.55451537 -0.12680677
v 0.23860956 0.41096495 -0.11995174
v -0.23046964 0.67278953 -0.12655988
v 0.23720842 0.63919158 -0.12670524
v -0.09281290 0.86278569 -0.12794521
v 0.23004860 0.69770324 -0.12937441
v -0.23974359 0.33137312 -0.13394908
v -0.26700630 0.79135551 -0.12694336
v 0.24115964 0.68388798 -0.12180124
v 0.23499462 0.72822009 -0.12755993
v 0.23939420 0.69327563 -0.12519201
v 0.08951763 0.54056000 -0.12368576
v -0.23283597 0.69113188 -0.12415335
v 0.24740873 0.57623831 -0.12741982
v -0.22989007 0.67134427 -0.12796621
v -0.23794508 0.55513123 -0.12469908
v 0.25142300 0.82976430 -0.13013628
v 0.24342949 0.04039989 -0.12642501
v 0.23642378 0.65226423 -0.12760197
v -0.25143962 0.74738070 -0.12318131
v -0.23077890 0.69667838 -0.12902674
v 0.23583530 0.65376345 -0.12877893
v 0.25248086 0.83055944 -0.12775609
v 0.22949515 0.64639345 -0.12630942
v 0.23362904 0.42276180 -0.12889393
v 0.23719091 0.04540546 -0.13800894
v -0.23017030 0.68030807 -0.12813435
v 0.24360463 0.02782465 -0.12622184
v -0.24795177 0.60835683 -0.11439558
v 0.25243883 0.83114792 -0.12755993
v -0.23870027 0.55518560 -0.13001089
v -0.01366330 0.47787426 -0.12898557
v 0.24210544 0.68156910 -0.10260036
v -0.06963463 0.43238402 -0.12141629
v 0.24019285 0.71067780 -0.12776310
v 0.23359786 0.46313255 -0.12863335
v -0.22973594 0.67583142 -0.12876486
v -0.22984803 0.67819935 -0.12876486
v 0.23428004 0.24449011 -0.12882096
v 0.03732160 0.86383655 -0.15295384
v 0.23342534 0.53514284 -0.12890503
v 0.23342534 0.48205010 -0.12900311
v 0.23420998 0.24003448 -0.12900311
v 0.23356545 0.40552677 -0.12905915
v -0.24980028 0.75349668 -0.12910113
v 0.23836086 0.54766992 -0.12100960
v 0.23231844 0.51995096 -0.13102075
v -0.28025409 0.80424776 -0.13042695
v 0.23549903 0.65304887 -0.12939543
v -0.08382896 0.86353880 -0.13136925
v 0.23405936 0.46651483 -0.12780163
v 0.25500294 0.61542648 -0.07918729
v 0.24496332 0.74815997 -0.11019814
v -0.24901565 0.55799720 -0.12619026
v -0.13834451 0.54698705 -0.10094871
v -0.01870128 0.46489838 -0.13139903
v 0.23378964 0.23832509 -0.12984379
v -0.24313476 0.60445206 -0.13736827
v 0.23247309 0.52473799 -0.13069717
v 0.23259867 0.04937420 -0.14705594
v 0.23046018 0.65426217 -0.13206504
v 0.27827587 0.83387664 -0.12005683
v 0.00008427 0.44133974 -0.11052262
v 0.23900188 0.67092568 -0.12702662
v -0.25071103 0.70284893 -0.10668374
v 0.27627690 0.80426476 -0.11453138
v -0.01658731 0.48288377 -0.13050230
v 0.24710048 0.57360416 -0.12809937
v 0.23336929 0.46013274 -0.12904514
v -0.01668320 0.48699963 -0.13057937
v 0.24611968 0.59467733 -0.12869486
v 0.24413006 0.55669939 -0.13085262
v -0.02179736 0.46746400 -0.13300334
v -0.24761450 0.74883088 -0.13113979
v -0.08542470 0.43938510 -0.12901062
v -0.01766618 0.48090466 -0.13103474
v -0.02102892 0.47292341 -0.13268808
v -0.28620190 0.80422499 -0.10179638
v 0.23042690 0.43430068 -0.13572421
v 0.23269675 0.40829753 -0.13060041
v -0.23744222 0.55458367 -0.12732169
v -0.09040644 0.86258953 -0.13145507
v 0.25068740 0.83061549 -0.13152516
v 0.25096763 0.83114792 -0.13064244
v 0.24715652 0.58216514 -0.12755993
v 0.23208024 0.40695944 -0.13177737
v -0.00009644 0.44106808 -0.10377510
v 0.23078387 0.62218098 -0.13469344
v -0.23776289 0.70682890 -0.13394720
v -0.01966806 0.47068684 -0.13201554
v -0.23452761 0.62008638 -0.13462095
v -0.06371119 0.44252872 -0.13264604
v -0.06852061 0.44298059 -0.13302434
v -0.23028939 0.63026281 -0.13091912
v -0.23466446 0.67720454 -0.13221692
v -0.26108998 0.76729967 -0.11102356
v -0.09892676 0.86392693 -0.11412975
v -0.02093785 0.47072537 -0.13263204
v 0.24758037 0.78732723 -0.13198404
v 0.24929151 0.55741967 -0.12280043
v 0.22868948 0.78629739 -0.16611584
v -0.26476447 0.79188795 -0.13177029
v -0.24736230 0.75828858 -0.13602277
v -0.24998243 0.75427431 -0.12911164
v -0.06504928 0.44422388 -0.13392808
v 0.23093131 0.53308666 -0.13345173
v 0.23032532 0.61747740 -0.13428191
v 0.23493857 0.64558779 -0.13069849
v -0.06576737 0.44290965 -0.13296830
v -0.07226645 0.44408979 -0.13375983
v -0.16506994 0.85884258 -0.13324879
v -0.23580288 0.69464875 -0.13353575
v 0.00293030 0.87166099 -0.10225871
v 0.24981869 0.83061549 -0.13334665
v 0.06636026 0.86331812 -0.13808249
v 0.23433214 0.80339132 -0.12684645
v -0.15531504 0.85608321 -0.11980025
v -0.07545670 0.44265709 -0.13240084
v 0.25248436 0.78175419 -0.13809827
v 0.23156182 0.39368888 -0.13292280
v -0.06421561 0.44610240 -0.13518210
v 0.23061677 0.52988113 -0.13407620
v 0.22901116 0.79973218 -0.13183686
v -0.14997989 0.85695432 -0.14969836
v 0.24530702 0.04365054 -0.12283809
v 0.23042690 0.52893578 -0.13449558
v -0.17887450 0.60035195 -0.13463564
v -0.27081740 0.83393970 -0.13279313
v 0.28885448 0.81128324 -0.14717724
v 0.26282055 0.78054753 -0.11080676
v -0.23846155 0.44437341 -0.12984199
v -0.17330146 0.60142732 -0.13808245
v -0.18257527 0.59775721 -0.12363931
v -0.09083379 0.86202907 -0.13488786
v -0.23888364 0.72035794 -0.13477751
v -0.24562571 0.74820378 -0.13456680
v 0.23020271 0.53144382 -0.13507005
v 0.23073515 0.39544556 -0.13493344
v -0.06880785 0.44548425 -0.13477577
v -0.06862570 0.44620058 -0.13521012
v -0.14464783 0.86211395 -0.13508163
v 0.23010463 0.53590646 -0.13529423
v 0.23017075 0.52274405 -0.13611521
v -0.06649377 0.45478789 -0.13876902
v 0.23059503 0.38681103 -0.13542034
v -0.27266691 0.80409189 -0.13117481
v -0.07073354 0.86299936 -0.14142594
v -0.21586465 0.78477015 -0.19431726
v 0.25458257 0.78320087 -0.13561650
v 0.23053899 0.39013173 -0.13563051
v -0.06762388 0.44695085 -0.13567250
v 0.23786345 0.24060545 -0.12578574
v -0.12148418 0.86694934 -0.12495303
v -0.27073333 0.83392218 -0.13575654
v -0.28368143 0.80430523 -0.13478015
v -0.23259077 0.61981905 -0.13433702
v -0.28566950 0.80433008 -0.13598072
v 0.25461059 0.78364924 -0.13617695
v 0.25483478 0.78398551 -0.13628904
v 0.26590440 0.83511470 -0.13009045
v 0.23037017 0.41303263 -0.13565754
v 0.23271426 0.55521813 -0.13697911
v -0.27796672 0.80435460 -0.13607880
v 0.24194778 0.81513813 -0.14136906
v 0.23294742 0.44765687 -0.14079444
v 0.23039887 0.43691671 -0.13762013
v 0.23031481 0.43177890 -0.13729787
v 0.25466664 0.78440585 -0.13733990
v -0.23801434 0.34048591 -0.12978073
v 0.23056701 0.40885448 -0.13731888
v 0.23045492 0.42560337 -0.13740996
v 0.23046893 0.39555240 -0.13685300
v 0.23071413 0.36797268 -0.13765866
v 0.23053899 0.40199546 -0.13732414
v 0.27744139 0.80465000 -0.13533198
v -0.26910801 0.83402026 -0.13690548
v 0.09645328 0.86853387 -0.10635715
v 0.23042690 0.43308196 -0.13759210
v 0.08074997 0.85007033 -0.22810582
v 0.26986553 0.78525792 -0.09478364
v -0.14087554 0.86282772 -0.13419430
v 0.19566328 0.60414992 -0.10560843
v 0.23076317 0.28145222 -0.13670939
v 0.23076317 0.42677157 -0.13788634
v 0.23090329 0.43019386 -0.13805448
v 0.25483478 0.78398551 -0.13628904
v -0.26157040 0.78930855 -0.13578527
v -0.23761512 0.29385554 -0.13817314
v -0.28583764 0.80438613 -0.13827860
v 0.06994265 0.87255584 -0.11796218
v -0.23968787 0.55938494 -0.14153884
v -0.28673437 0.80438613 -0.13872696
v -0.25208177 0.77396328 -0.13611218
v -0.06877221 0.86549145 -0.13124640
v 0.23734153 0.81464949 -0.14153632
v 0.23097334 0.42429768 -0.13809652
v 0.25382596 0.78437783 -0.13882511
v -0.23623724 0.34507804 -0.14018416
v 0.23173966 0.41286757 -0.13881656
v 0.22960100 0.50202551 -0.13650889
v 0.24403214 0.78488707 -0.14239106
v -0.06087038 0.86401869 -0.13944157
v -0.17891654 0.60137478 -0.13945557
v -0.12724452 0.58052954 -0.13321225
v 0.23280533 0.43788788 -0.14130863
v -0.24097310 0.55515464 -0.13218364
v -0.23648642 0.33693519 -0.13978205
v -0.23565893 0.34845308 -0.14108470
v 0.23287889 0.48455879 -0.14111160
v -0.24493652 0.78175084 -0.14065970
v 0.19619413 0.61175047 -0.13433117
v -0.23550864 0.30829808 -0.14120699
v -0.13221124 0.52074392 -0.10073110
v -0.23563475 0.42529884 -0.14139265
v 0.23373345 0.61295124 -0.13618003
v -0.23982138 0.12174066 -0.13264743
v -0.23612515 0.33634192 -0.14032428
v -0.25092120 0.78049667 -0.14162033
v -0.27122393 0.82580104 -0.09751655
v -0.23551392 0.31315180 -0.14118054
v -0.23671363 0.49302804 -0.13979184
v 0.18770696 0.60491746 -0.10773225
v 0.21854786 0.61915614 -0.14939146
v -0.23525644 0.31537384 -0.14164135
v -0.16696479 0.60259377 -0.14192158
v -0.23548938 0.36205549 -0.14143906
v -0.23522842 0.29756534 -0.14182350
v -0.28566950 0.80447019 -0.14213173
v -0.27055119 0.80448421 -0.14027522
v 0.05757799 0.87103849 -0.11661082
v -0.25131574 0.83717932 -0.14770778
v -0.27189628 0.83385213 -0.13541326
v 0.23296296 0.48410977 -0.14162039
v 0.03318007 0.86564799 -0.13861583
v -0.12767286 0.60797291 -0.15988544
v 0.23103026 0.44482785 -0.14012073
v -0.23535188 0.42598468 -0.14184794
v 0.24179069 0.80424943 -0.17621116
v -0.23424093 0.35926067 -0.14340314
v 0.23213629 0.47614078 -0.14351893
v 0.27293358 0.80577063 -0.17584722
v 0.23226239 0.47493055 -0.14325972
v -0.28168570 0.80450194 -0.14394864
v -0.16336386 0.60354655 -0.14549449
v 0.18074244 0.85348211 -0.14543850
v -0.04689835 0.45539921 -0.14196176
v -0.23379925 0.46475476 -0.14423346
v -0.07445888 0.54327630 -0.14465688
v -0.18780901 0.04313579 -0.20114365
v -0.00137884 0.58175952 -0.16953990
v -0.23290252 0.49639603 -0.14569065
v -0.06683924 0.48727777 -0.14438322
v -0.25310347 0.78448292 -0.14267819
v -0.22428560 0.29878194 -0.15852893
v -0.07140696 0.49228193 -0.14442963
v -0.23310218 0.35316525 -0.14515471
v -0.06497572 0.49920707 -0.14455574
v -0.17775359 0.60256575 -0.14455572
v -0.06639091 0.49605940 -0.14458591
v -0.23101098 0.32433764 -0.14834931
v -0.05999374 0.86249206 -0.14874785
v -0.11313620 0.86532066 -0.12919132
v 0.23128159 0.47825235 -0.14489030
v 0.23276379 0.04602352 -0.14584156
v 0.23195544 0.31330424 -0.14469185
v -0.23356106 0.36997456 -0.14453120
v 0.06434261 0.86223224 -0.14550504
v -0.23193223 0.20946158 -0.14674851
v -0.27118170 0.80455426 -0.14531232
v -0.23267834 0.49015570 -0.14604093
v -0.22847840 0.34708517 -0.15228302
v -0.22863603 0.21000452 -0.15185041
v -0.23281845 0.46417591 -0.14573268
v 0.10166806 0.85255985 -0.20318061
v -0.23108104 0.51329204 -0.14850694
v -0.28180235 0.83067153 -0.16546073
v -0.23368716 0.04592038 -0.14640523
v -0.23368716 0.54499636 -0.14466781
v 0.24163865 0.60621835 -0.13187348
v -0.22824021 0.18981758 -0.15239160
v -0.23478040 0.48680335 -0.14278238
v -0.23679069 0.56846022 -0.14879067
v -0.23164149 0.45715707 -0.14752614
v -0.26714554 0.80452361 -0.14443792
v 0.18310070 0.85276631 -0.14635976
v 0.26605617 0.80414093 -0.13873843
v -0.23127720 0.33329444 -0.14796049
v -0.22993210 0.20408120 -0.14986605
v -0.23265032 0.04597643 -0.14803055
v -0.22397244 0.32102646 -0.15794373
v 0.23412591 0.81467050 -0.14814270
v -0.23207585 0.04582230 -0.14884321
v -0.23478706 0.47718595 -0.14268870
v -0.23088488 0.24353734 -0.14828276
v -0.17922304 0.60326457 -0.14820745
v 0.26425220 0.80432833 -0.14155209
v -0.23094092 0.33099657 -0.14849293
v 0.14260337 0.57640645 -0.12136688
v -0.07489580 0.56049649 -0.14866108
v -0.05651766 0.00100549 -0.16597979
v -0.23096895 0.53840049 -0.14873112
v -0.23091290 0.52225234 -0.14875915
v 0.06510711 0.86013753 -0.15786660
v -0.23010363 0.50199762 -0.14996199
v 0.05549353 0.86144059 -0.15476308
v -0.23960698 0.31831974 -0.13419078
v -0.22859400 0.24470729 -0.15183465
v -0.23183940 0.27035343 -0.14692365
v -0.07732678 0.56228995 -0.14849294
v -0.23017730 0.53446504 -0.14993961
v -0.16294352 0.60445729 -0.14954378
v -0.16827129 0.58100857 -0.08676065
v -0.22998815 0.34487487 -0.14993610
v -0.20699342 0.00085944 -0.13635804
v -0.23026838 0.54117475 -0.14983802
v -0.23592899 0.57504734 -0.14999215
v 0.24333491 0.83523925 -0.14989237
v -0.22827874 0.50482915 -0.15275240
v 0.17014226 0.84669179 -0.15305776
v -0.07134216 0.56203599 -0.15066296
v 0.17300814 0.84700884 -0.14819174
v -0.23548062 0.57415061 -0.15067170
v -0.24248370 0.60565833 -0.13675487
v -0.23637735 0.57632238 -0.14928808
v -0.22745383 0.04945214 -0.15536246
v -0.23046103 0.45903386 -0.14933887
v -0.23101098 0.44672796 -0.14847892
v -0.22842463 0.25556999 -0.15214202
v -0.22923153 0.33187228 -0.15112007
v -0.22879716 0.20116683 -0.15160346
v -0.22876914 0.34352978 -0.15182764
v -0.22865705 0.33852070 -0.15199578
v -0.22865705 0.33438733 -0.15199578
v -0.29190859 0.83089056 -0.14149450
v -0.23356806 0.44084472 -0.14452069
v -0.22345883 0.44501356 -0.15907154
v -0.22867106 0.51170175 -0.15214991
v -0.22334689 0.17128215 -0.15922928
v -0.15053991 0.60546261 -0.15163149
v -0.22822970 0.25680965 -0.15244765
v -0.22860100 0.24921196 -0.15184166
v -0.22860100 0.41324356 -0.15226200
v -0.22829275 0.32726253 -0.15254223
v 0.23188408 0.32008168 -0.14008964
v -0.22731988 0.22732129 -0.15380859
v -0.22165525 0.37074442 -0.15815699
v -0.22841886 0.33890251 -0.15235307
v 0.28827564 0.82886581 -0.15349682
v -0.22317160 0.55614069 -0.16019246
v -0.22362347 0.50532855 -0.15909777
v -0.22795648 0.41505803 -0.15322879
v -0.28278315 0.80455426 -0.14583075
v -0.22281781 0.40807947 -0.15941833
v -0.22788642 0.50894150 -0.15332687
v -0.22307177 0.83448964 -0.17501654
v 0.23238149 0.36371978 -0.14235598
v -0.21900846 0.81446383 -0.16915889
v 0.16776786 0.84695280 -0.15430772
v 0.28860228 0.82823355 -0.15439180
v 0.22622349 0.43811775 -0.15238115
v -0.22649229 0.20487985 -0.15500823
v 0.22571952 0.00193851 -0.16111073
v 0.21560983 0.42024226 -0.16771139
v 0.05804155 0.86157736 -0.15245260
v -0.22511480 0.21433230 -0.15693831
v 0.26261388 0.80567265 -0.19624717
v -0.22580037 0.44808131 -0.15624381
v 0.22596619 0.43893750 -0.15277961
v -0.22809309 0.42312970 -0.15298183
v -0.23214591 0.55903229 -0.15541457
v 0.23254963 0.81192069 -0.13119754
v -0.21325540 0.63025574 -0.15562301
v -0.05508454 0.86097822 -0.15965303
v -0.21346731 0.67068814 -0.15591628
v 0.03522690 0.86245642 -0.15547064
v -0.21356677 0.66910595 -0.15594700
v -0.07672024 0.86136185 -0.15008622
v -0.21243185 0.67365965 -0.15611514
v -0.16537451 0.60718777 -0.16228191
v 0.23380589 0.39967186 -0.14145302
v -0.23032442 0.00481090 -0.15488213
v 0.20903423 0.68584561 -0.15620064
v -0.21527617 0.66441212 -0.15670362
v -0.17162972 0.60410701 -0.14988794
v -0.07310584 0.86596453 -0.13903261
v 0.21651357 0.55479384 -0.16661674
v 0.19797006 0.62439071 -0.16660394
v -0.21561945 0.62931354 -0.15703288
v -0.22903537 0.00478288 -0.15684373
v -0.21553866 0.67281504 -0.15681568
v -0.22493703 0.19616475 -0.15718000
v -0.27944843 0.80472240 -0.15706790
v -0.21514306 0.67493469 -0.15654949
v -0.23108104 0.55965580 -0.15712396
v -0.23094092 0.55901128 -0.15718000
v 0.21449943 0.65852733 -0.15837803
v 0.01841495 0.86138455 -0.16444145
v -0.21148389 0.67049089 -0.15793750
v -0.22469074 0.19910264 -0.15755258
v -0.21620092 0.67713448 -0.15739017
v -0.22537335 0.27942503 -0.15665046
v -0.22379047 0.24242983 -0.15868682
v 0.16436965 0.85016228 -0.16428253
v -0.22333973 0.40036006 -0.15920465
v -0.21810647 0.43733180 -0.15810476
v -0.22206294 0.44247218 -0.15930624
v -0.22292640 0.20111078 -0.15944985
v -0.22403330 0.20881706 -0.15845504
v -0.22351488 0.29542510 -0.15899098
v -0.21743908 0.55191080 -0.15966092
v -0.23288710 0.04955401 -0.14750260
v 0.03405344 0.86188896 -0.15851112
v -0.22330470 0.19446937 -0.15912759
v 0.17935800 0.81460737 -0.20654591
v -0.22311671 0.20618980 -0.15939422
v -0.22387917 0.27359181 -0.15855312
v -0.22313657 0.22666059 -0.15928522
v -0.22226173 0.22626389 -0.15961799
v -0.22357737 0.46933259 -0.15900379
v -0.22344041 0.45653506 -0.15915007
v -0.24680009 0.83625508 -0.13931687
v -0.22308052 0.22550465 -0.15935177
v -0.22572518 0.78680180 -0.16859930
v -0.21939462 0.22166561 -0.15930903
v -0.22296493 0.25286368 -0.15937454
v -0.22240797 0.46064263 -0.15948838
v -0.22301539 0.42495801 -0.15981637
v -0.22240797 0.49596868 -0.15953042
v -0.21681742 0.18794005 -0.15950590
v -0.18793814 0.44415840 -0.19347198
v -0.22346584 0.52201239 -0.15911008
v -0.21629199 0.25924413 -0.15956895
v -0.21641810 0.22649596 -0.15961974
v -0.21730782 0.27608234 -0.15877380
v -0.22243600 0.22057263 -0.15966002
v -0.21708802 0.17946140 -0.15955144
v -0.21585479 0.05086992 -0.17139568
v -0.21611685 0.26688035 -0.15970206
v 0.25340211 0.80461381 -0.16147806
v -0.22376871 0.55366943 -0.15929067
v -0.21650917 0.18592241 -0.15977211
v -0.22207301 0.16007398 -0.15974146
v -0.21534622 0.50245772 -0.15994025
v -0.20778575 0.68031201 -0.16221448
v -0.22907040 0.55817410 -0.15909957
v 0.22314075 0.04181322 -0.16398585
v -0.21520611 0.49535743 -0.16010839
v -0.23388368 0.00193614 -0.15058158
v -0.22791446 0.00542740 -0.15835696
v -0.22987606 0.55852438 -0.15834295
v 0.03389231 0.86152466 -0.16051475
v -0.21550735 0.17562402 -0.16090003
v -0.23157993 0.81669046 -0.16815931
v 0.21267499 0.67648175 -0.16143854
v -0.21569406 0.23962143 -0.16030464
v -0.21598099 0.22336566 -0.16005089
v -0.21443548 0.49773587 -0.16101913
v -0.21500264 0.14663412 -0.16156571
v -0.21578058 0.14790945 -0.16069687
v -0.21599075 0.67416407 -0.16134139
v 0.24969275 0.80468740 -0.16950026
v -0.21247563 0.62877235 -0.15607310
v -0.21559273 0.26573134 -0.16026390
v -0.23019657 0.78624310 -0.16841278
v 0.18676909 0.85004231 -0.15977918
v -0.24755846 0.79295281 -0.16199993
v -0.21446350 0.17933705 -0.16212603
v -0.24482623 0.78930985 -0.16345011
v -0.16356796 0.61907883 -0.17890796
v 0.21713554 0.83691975 -0.17892994
v -0.20625282 0.63673958 -0.16232219
v -0.21694878 0.14149222 -0.15996915
v -0.07991642 0.87218491 -0.12790982
v -0.21571753 0.19515593 -0.16057339
v 0.19682053 0.71876939 -0.18438673
v -0.21409921 0.22329785 -0.16228016
v 0.22784354 0.78589457 -0.16681816
v -0.21547933 0.67004121 -0.16178976
v -0.21481029 0.67492418 -0.16296672
v -0.21509248 0.67359760 -0.16252518
v -0.24611933 0.79203928 -0.16346671
v -0.21580860 0.26782612 -0.16003133
v -0.20496377 0.63699179 -0.16377938
v 0.17372139 0.60536201 -0.16971896
v 0.22003744 0.81453739 -0.16361480
v 0.20450320 0.80782083 -0.16745197
v -0.21306011 0.14224688 -0.16396830
v -0.21286620 0.14952076 -0.16418571
v -0.20440331 0.63942978 -0.16419972
v 0.25312888 0.80466663 -0.16447568
v -0.27216250 0.80461031 -0.14937563
v -0.21244586 0.17894473 -0.16456402
v -0.21247388 0.18354047 -0.16450797
v -0.21175230 0.19190528 -0.16534165
v -0.21195546 0.25207029 -0.16469012
v 0.18602473 0.84930671 -0.16473221
v -0.21196947 0.23924984 -0.16476018
v -0.21299231 0.15731111 -0.16397554
v 0.25407816 0.80469438 -0.16487232
v -0.21110077 0.44027420 -0.16497035
v -0.20962120 0.66213039 -0.15741383
v 0.20802835 0.84448064 -0.16811344
v -0.20886615 0.60702236 -0.17620950
v -0.21164532 0.22800045 -0.16521975
v -0.21161919 0.21363698 -0.16534866
v -0.21124088 0.17900077 -0.16603522
v -0.21161454 0.15316692 -0.16567961
v -0.21170326 0.18480150 -0.16544674
v -0.21131094 0.14372004 -0.16611928
v 0.18957663 0.84826987 -0.16674985
v -0.21203603 0.23739683 -0.16469012
v -0.24615732 0.79513859 -0.16555883
v 0.21588305 0.00105584 -0.16557289
v 0.20942894 0.76610633 -0.19102749
v -0.22441161 0.78886148 -0.16562888
v -0.21097817 0.22454136 -0.16607375
v 0.21623806 0.00106317 -0.16651070
v -0.21816602 0.00092974 -0.16557984
v 0.22031066 0.39524765 -0.16105421
v -0.21629900 0.00094375 -0.16809489
v -0.21330756 0.29486114 -0.16276355
v 0.21812488 0.00108387 -0.16487232
v -0.21158616 0.28409586 -0.16495320
v -0.21069443 0.23846520 -0.16634347
v 0.22509273 0.78431286 -0.16616009
v 0.24982570 0.80464183 -0.16748720
v -0.21283287 0.68709138 -0.15497316
v -0.26853354 0.80484850 -0.18085929
v -0.20909713 0.19833652 -0.16858529
v -0.22467782 0.78841312 -0.16700200
v 0.07530186 0.84914734 -0.21802040
v 0.21605119 0.40957257 -0.16708613
v -0.21007793 0.24215021 -0.16710008
v -0.21580159 0.00092974 -0.16711409
v 0.21592158 0.44724613 -0.16704760
v -0.22816666 0.00451666 -0.15810476
v 0.21574294 0.45521080 -0.16733833
v -0.20892900 0.28616355 -0.16817896
v -0.21048426 0.43556899 -0.16575499
v -0.20619546 0.29576268 -0.17144056
v 0.21559215 0.44520345 -0.16754977
v 0.21536463 0.43752621 -0.16791280
v 0.21565450 0.47789061 -0.16748272
v 0.23155089 0.55476787 -0.14246693
v 0.19843236 0.33987968 -0.19064328
v 0.21570090 0.40519050 -0.16760455
v 0.21605119 0.41416130 -0.16710014
v 0.26380208 0.83313754 -0.16826310
v 0.21536336 0.44146173 -0.16791641
v 0.21513129 0.43250387 -0.16839291
v 0.21560669 0.45904706 -0.16757714
v -0.20878269 0.18796434 -0.16903958
v -0.20613372 0.22577087 -0.17203911
v 0.21437480 0.42258832 -0.17002298
v -0.20965759 0.14489700 -0.16817896
v -0.20558903 0.13996104 -0.17481709
v -0.22287035 0.78841312 -0.16934191
v -0.21533221 0.00094375 -0.16833309
v -0.24250039 0.78663517 -0.16093522
v 0.17657228 0.60511057 -0.17064678
v -0.20254680 0.63651540 -0.16663070
v -0.20437122 0.15726432 -0.18220796
v 0.21511746 0.44166604 -0.16836387
v 0.21439259 0.00110138 -0.16980259
v 0.19131930 0.49122013 -0.19072952
v 0.21530858 0.46463741 -0.16809495
v 0.21536463 0.43752621 -0.16791280
v 0.21464304 0.43203023 -0.16935598
v 0.26318558 0.83308150 -0.16960819
v -0.21453356 0.00092974 -0.16945400
v -0.26473645 0.80472240 -0.16988834
v 0.21441185 0.43677397 -0.16976231
v 0.21347381 0.00102229 -0.16474545
v 0.15687513 0.59786758 -0.18576792
v -0.20790616 0.19805629 -0.17004248
v 0.28393942 0.82896966 -0.16303702
v -0.20357489 0.27226073 -0.17561028
v 0.21385140 0.44761514 -0.17069406
v 0.21401603 0.41329216 -0.17061525
v 0.21431377 0.50014233 -0.17012660
v 0.23878996 0.55614682 -0.13670807
v -0.20752786 0.17894473 -0.17060294
v 0.19478696 0.47162651 -0.19134090
v 0.21397312 0.42633689 -0.17060649
v 0.18445372 0.85196187 -0.14679410
v -0.26925513 0.80482048 -0.17712525
v 0.04637166 0.85452596 -0.19713008
v 0.21411768 0.41044193 -0.17041991
v -0.20356263 0.18600648 -0.17612345
v 0.22954068 0.78659864 -0.16564645
v 0.26657634 0.83249302 -0.17099532
v 0.20178757 0.80884176 -0.17119147
v -0.21291524 0.26167511 -0.16347113
v 0.26383074 0.82894405 -0.19360489
v 0.21347967 0.42959435 -0.17127211
v -0.20801825 0.21323065 -0.16979728
v -0.21622194 0.44325250 -0.15913109
v 0.21593889 0.57682898 -0.18177432
v 0.22517938 0.81805011 -0.17370284
v 0.21325766 0.42052664 -0.17168012
v -0.20496544 0.25637909 -0.17325589
v -0.20692536 0.18743564 -0.17131752
v -0.24178225 0.78767577 -0.16621080
v -0.20587048 0.28545607 -0.17190877
v -0.21340214 0.00099980 -0.17341223
v 0.21305975 0.43607427 -0.17173091
v 0.18366906 0.63114816 -0.18847631
v 0.20445561 0.65047763 -0.17258596
v 0.20794018 0.70006243 -0.17207854
v 0.20049852 0.80945826 -0.17301295
v 0.20023231 0.80898187 -0.17305499
v 0.18178453 0.84928570 -0.16968349
v -0.20340977 0.26643080 -0.17523953
v -0.26297101 0.80478545 -0.17864548
v -0.20444885 0.25442070 -0.17401122
v 0.20292950 0.65305587 -0.17435105
v 0.20362307 0.69651227 -0.17655785
v 0.27015240 0.80479215 -0.16813763
v -0.20466252 0.12472757 -0.17458219
v 0.17157895 0.59938516 -0.17430202
v -0.21573679 0.81463197 -0.18139699
v -0.20964475 0.05440835 -0.16532198
v 0.25932543 0.83333370 -0.17245602
v 0.19795545 0.80840040 -0.17528281
v 0.17141082 0.59931510 -0.17501660
v -0.20347856 0.25569924 -0.17621627
v -0.26496063 0.80477845 -0.17515664
v -0.26760879 0.80479246 -0.17727937
v -0.20348556 0.23752994 -0.17593429
v -0.20351359 0.27006094 -0.17540186
v -0.21454757 0.81453039 -0.17582921
v 0.01626485 0.87480310 -0.10654761
v -0.19229570 0.67340044 -0.18006591
v 0.20855859 0.70338486 -0.17195859
v 0.23991437 0.82960141 -0.21965871
v -0.19168829 0.63291202 -0.17997236
v 0.16942120 0.59864956 -0.17657187
v -0.21535555 0.00271306 -0.17636366
v -0.13395610 0.85595951 -0.16265760
v 0.17519031 0.60215589 -0.17341013
v -0.26780495 0.83144216 -0.17628456
v -0.20307223 0.38840132 -0.17761566
v 0.19112665 0.68595161 -0.18525259
v 0.23767255 0.80473116 -0.18446204
v -0.20408105 0.32558816 -0.18303107
v 0.20596079 0.63079787 -0.16236407
v -0.20474309 0.10995954 -0.18115354
v -0.20464310 0.35338842 -0.17155801
v -0.19559057 0.61943637 -0.18514658
v 0.19998450 0.81326470 -0.17763811
v -0.26849151 0.80483449 -0.17930402
v -0.21069443 0.00936461 -0.17744052
v -0.19835533 0.00106871 -0.19335186
v -0.20746130 0.78591471 -0.19460931
v -0.20497778 0.13318346 -0.18013071
v -0.26619364 0.80486251 -0.18392779
v -0.20324658 0.21875789 -0.17611145
v -0.20266590 0.44032761 -0.17568909
v -0.21412504 0.02914194 -0.17298073
v -0.12269181 0.62442552 -0.21514480
v -0.21989786 0.81143490 -0.24843894
v -0.07153820 0.85569582 -0.19533992
v -0.20563206 0.39636138 -0.18140761
v -0.20492173 0.27259700 -0.18010269
v -0.25171985 0.80479246 -0.17557699
v -0.17528321 0.26838833 -0.20948287
v -0.19240954 0.63021027 -0.18120959
v -0.20531040 0.12005129 -0.18091116
v -0.17681614 0.58966584 -0.09217910
v -0.26617178 0.80559656 -0.19274209
v -0.20444534 0.43649374 -0.18270881
v -0.20193030 0.42290880 -0.18574228
v 0.17728223 0.80465347 -0.19392266
v 0.26360592 0.80483449 -0.18311521
v -0.20457145 0.42026327 -0.18280689
v -0.20518795 0.40685785 -0.18184010
v -0.20383339 0.41789765 -0.18367478
v 0.20794515 0.72843026 -0.17377308
v 0.07503892 0.85275788 -0.19110244
v -0.20331825 0.43321995 -0.18410367
v 0.05014599 0.86806099 -0.15302390
v 0.08120534 0.85297770 -0.18684922
v -0.17799180 0.00806155 -0.21078768
v -0.26472244 0.80487653 -0.18560215
v -0.26526888 0.80489054 -0.18510475
v -0.20478862 0.13677038 -0.18173502
v -0.26563318 0.80491856 -0.18574927
v -0.26468741 0.80505167 -0.18940625
v -0.19264774 0.00133607 -0.19821944
v -0.18050247 0.00097878 -0.18327277
v -0.20693938 0.81458643 -0.18479651
v 0.26094375 0.80486251 -0.18664608
v 0.18419685 0.62463304 -0.18752990
v 0.25861786 0.80489054 -0.19091256
v -0.20930368 0.00657321 -0.18104352
v 0.06720531 0.85426325 -0.18802268
v -0.19974977 0.13045473 -0.18775292
v 0.17616768 0.84770209 -0.17437603
v 0.23747340 0.80479667 -0.18814875
v -0.20287590 0.33025409 -0.18458982
v -0.20329589 0.81480971 -0.19809079
v 0.04081754 0.85789174 -0.17795233
v -0.26227044 0.80488353 -0.18817675
v -0.20368172 0.17972937 -0.17629859
v 0.19779432 0.43090669 -0.18888790
v -0.19837840 0.13506099 -0.18922412
v -0.26432559 0.80500611 -0.18934929
v -0.19435363 0.11295098 -0.19335048
v 0.19713578 0.43233410 -0.18958847
v -0.26221089 0.80496059 -0.19080389
v 0.18895312 0.42276606 -0.18982666
v -0.26232649 0.80491856 -0.18988264
v -0.19420300 0.33405631 -0.19375681
v -0.19774789 0.13923639 -0.18989666
v -0.13457042 0.85474314 -0.18450228
v 0.19369395 0.42324702 -0.19202192
v 0.18969572 0.38247449 -0.19007887
v 0.19238478 0.38687141 -0.19163008
v -0.19739760 0.33427524 -0.19041509
v 0.19544741 0.41910821 -0.19144498
v -0.26283090 0.80494658 -0.18993168
v 0.19668742 0.43452339 -0.19005084
v 0.19340174 0.38782335 -0.19211052
v -0.19808416 0.33463953 -0.18969350
v -0.20073232 0.41967129 -0.18712240
v -0.26112151 0.80494658 -0.19152197
v 0.19269066 0.35002407 -0.19195289
v 0.07360765 0.85225611 -0.19442239
v -0.19591239 0.11973250 -0.19174617
v 0.19244456 0.34169799 -0.19179745
v 0.23816120 0.80483449 -0.19192837
v 0.19293236 0.33826148 -0.19202645
v 0.18484777 0.35933465 -0.19208250
v 0.18509088 0.35336776 -0.19187189
v 0.18738909 0.43598397 -0.19012616
v 0.19579069 0.17911286 -0.19105967
v 0.18844170 0.26405004 -0.19024700
v -0.19589838 0.40311681 -0.19216651
v 0.19450952 0.42371492 -0.19185306
v 0.19303158 0.40543765 -0.19220026
v 0.17174709 0.35158459 -0.20541436
v -0.19556211 0.33103860 -0.19233465
v -0.20208442 0.43596744 -0.18540601
v -0.18977540 0.20489386 -0.19833504
v 0.18932092 0.33948442 -0.19013272
v -0.21414124 0.78359319 -0.19452043
v -0.25680599 0.80496760 -0.19860474
v -0.18708521 0.14283732 -0.20088336
v -0.19411893 0.12179218 -0.19363771
v -0.19459532 0.18345640 -0.19330144
v 0.25749694 0.80494658 -0.19348365
v 0.18633298 0.55616696 -0.19373585
v 0.18694949 0.55612493 -0.19288115
v -0.18371196 0.39318272 -0.20366288
v -0.19228344 0.20702360 -0.19575343
v -0.08260909 0.85154854 -0.19407208
v 0.21722114 0.82879401 -0.24469535
v -0.21472972 0.78420969 -0.19468857
v -0.19325023 0.19601063 -0.19471659
v -0.19320819 0.18810819 -0.19474461
v 0.19290434 0.55507407 -0.19243278
v -0.07695549 0.85194086 -0.19484271
v -0.20912438 0.76483409 -0.18604220
v 0.18089656 0.40092752 -0.19586558
v -0.19049678 0.00152166 -0.20252664
v -0.17519301 0.05370022 -0.20841800
v 0.18777786 0.37249520 -0.18940002
v 0.14990768 0.84768362 -0.18245807
v 0.23246118 0.80486076 -0.20014607
v -0.19183595 0.22698986 -0.19619654
v -0.21334259 0.78412562 -0.19601965
v -0.19318718 0.37763322 -0.19493201
v -0.19378266 0.40376483 -0.19439433
v -0.19203123 0.44367722 -0.19606168
v -0.19156185 0.19071431 -0.19648203
v 0.18087554 0.61618484 -0.19758898
v -0.25692550 0.80492215 -0.19646006
v -0.18951475 0.29487136 -0.20000840
v -0.07876997 0.85143645 -0.19639797
v -0.17515759 0.06165023 -0.20467961
v 0.18118379 0.39200751 -0.19559236
v 0.18232572 0.61530212 -0.19665022
v -0.23566015 0.80417150 -0.18767394
v -0.17394740 0.00007188 -0.19102892
v -0.19123258 0.20651919 -0.19684632
v 0.17988774 0.39668207 -0.19686039
v 0.17931677 0.37725568 -0.19746288
v -0.11147436 0.61595365 -0.21289641
v -0.18969483 0.12179218 -0.19821594
v 0.24677199 0.83628339 -0.15693018
v 0.17918890 0.36982515 -0.19759599
v 0.18498789 0.55618097 -0.19508094
v 0.17836449 0.45393464 -0.19812570
v -0.09974768 0.61517777 -0.18629662
v -0.25799696 0.80493257 -0.19555025
v 0.19097689 0.43880108 -0.19089153
v -0.18249559 0.60729898 -0.20578407
v -0.25507558 0.80493257 -0.19861175
v -0.18403072 0.34627601 -0.20371192
v 0.25737172 0.80502014 -0.19561645
v 0.17685426 0.45406055 -0.19959262
v -0.18375042 0.41298487 -0.20439677
v 0.17517415 0.42715951 -0.20137450
v 0.17772998 0.35770932 -0.19900414
v -0.25327511 0.80491856 -0.20034918
v 0.17248970 0.43224478 -0.20402723
v 0.24969959 0.80504641 -0.20567707
v 0.17740772 0.38994696 -0.19929487
v -0.18442305 0.18233250 -0.20429555
v -0.25139759 0.80491856 -0.20103574
v 0.19655480 0.00214338 -0.19402399
v -0.25291082 0.80500263 -0.20364186
v 0.15819674 0.04987073 -0.22476237
v 0.18652039 0.61651411 -0.19204397
v 0.18424178 0.61151554 -0.19659067
v -0.20729667 0.78488224 -0.19706350
v 0.14252979 0.66894306 -0.21979881
v -0.25246245 0.80494658 -0.20242287
v 0.17728973 0.60700588 -0.21124894
v -0.14816508 0.84958632 -0.18102481
v -0.17059376 0.21716786 -0.21057751
v -0.17437597 0.38258834 -0.20794424
v -0.17984131 0.42570233 -0.20279417
v -0.18356396 0.43822508 -0.20347197
v -0.09406299 0.85300397 -0.18738513
v 0.16861767 0.69218442 -0.20053224
v -0.18002005 0.53259236 -0.20071010
v -0.16374218 0.66941420 -0.20421633
v -0.18068199 0.36159749 -0.20334762
v -0.25050086 0.80493257 -0.20392209
v -0.24869251 0.80499387 -0.20861328
v -0.19850451 0.81622577 -0.20405520
v -0.15643425 0.63998776 -0.20818610
v 0.13355198 0.84312768 -0.20478383
v -0.18450886 0.39174917 -0.20344044
v 0.17167633 0.38521202 -0.20505019
v -0.18394480 0.35555906 -0.20405901
v -0.06985871 0.62007651 -0.20525318
v 0.17168229 0.43113514 -0.20521119
v 0.17131892 0.35151261 -0.20561222
v 0.19363293 0.05301016 -0.19272702
v 0.16723104 0.66401192 -0.20150167
v 0.17187772 0.40850099 -0.20478464
v -0.14600438 0.73164619 -0.22409234
v -0.07466813 0.61998894 -0.20534426
v 0.18158207 0.05524722 -0.19687443
v -0.19781795 0.81652001 -0.20491690
v 0.17099695 0.39178391 -0.20607480
v -0.07264698 0.62006600 -0.20551940
v 0.13358001 0.84300158 -0.20556146
v -0.19736958 0.81719256 -0.20565950
v -0.17233712 0.39982997 -0.21030785
v 0.02062474 0.85715215 -0.19852310
v -0.19664099 0.81654803 -0.20609386
v -0.20172744 0.78614636 -0.20378508
v 0.16958933 0.72807998 -0.20619199
v 0.18796181 0.35157758 -0.18986870
v -0.09296440 0.61163201 -0.18111393
v -0.17975274 0.61300729 -0.20298977
v 0.17142483 0.34997503 -0.20551944
v 0.17244766 0.60686725 -0.21625218
v -0.17670275 0.55641917 -0.20739692
v -0.17866260 0.55690256 -0.20741093
v 0.13697865 0.84132896 -0.21168708
v 0.14894002 0.83858010 -0.21423497
v -0.07065386 0.62015708 -0.20740394
v -0.21923358 0.80475575 -0.20641902
v 0.17076281 0.42042160 -0.20626803
v 0.17180664 0.40700585 -0.21225543
v 0.17064019 0.38103132 -0.20701866
v 0.17144120 0.29051294 -0.20417371
v 0.17120065 0.24450412 -0.20696262
v 0.17125976 0.18153071 -0.20756161
v 0.17056916 0.36523222 -0.20729696
v 0.17065617 0.36409203 -0.20691324
v -0.15528323 0.78431303 -0.23694085
v 0.17205185 0.71968539 -0.20589863
v -0.06673066 0.62019211 -0.20821660
v -0.06919492 0.62013081 -0.21030605
v 0.17012177 0.73107842 -0.20649324
v -0.06844687 0.62020782 -0.20856789
v 0.17151590 0.43331687 -0.21207678
v 0.17083635 0.40455298 -0.20645821
v 0.17052810 0.35303652 -0.20780330
v 0.17125494 0.19394394 -0.20825692
v 0.17212978 0.05358988 -0.20955560
v 0.17044403 0.42880848 -0.20780330
v 0.17054211 0.36710398 -0.20781731
v 0.17064019 0.33863279 -0.20837777
v 0.17059816 0.35087176 -0.20729889
v 0.17054561 0.36034347 -0.20781381
v 0.17139681 0.12222653 -0.20780330
v -0.17757146 0.55679047 -0.20798540
v -0.07668620 0.87125471 -0.10480624
v 0.28248192 0.81068294 -0.16525831
v 0.17139681 0.10748653 -0.20808353
v 0.16639899 0.05794868 -0.21897126
v -0.17142452 0.24441133 -0.20771829
v -0.17076734 0.33547982 -0.21187974
v -0.17740332 0.55702166 -0.20878405
v 0.17671765 0.00111539 -0.20970360
v 0.17082234 0.33956455 -0.20889619
v 0.17142483 0.13876000 -0.20840579
v 0.14222309 0.67738003 -0.21905705
v 0.17093443 0.34501499 -0.20913439
v 0.23541496 0.83280127 -0.20926049
v 0.17168404 0.11777090 -0.20946366
v 0.17099047 0.33875889 -0.20927450
v -0.08674193 0.61914778 -0.20146147
v 0.12488461 0.62818649 -0.21864900
v 0.17205865 0.11092143 -0.21057017
v 0.17145769 0.12546388 -0.20871946
v 0.24286958 0.80498355 -0.21138783
v -0.17810214 0.05421164 -0.20564199
v 0.17145022 0.24778017 -0.21244984
v 0.17442328 0.00111189 -0.21087180
v -0.15960881 0.79894970 -0.21092779
v 0.23449859 0.83266727 -0.21175775
v 0.17340045 0.00108387 -0.20997507
v 0.17244329 0.71838583 -0.20633648
v 0.17213070 0.36518855 -0.21173671
v 0.17324632 0.00111189 -0.21175452
v 0.17155093 0.47310293 -0.21274233
v 0.17209738 0.55758912 -0.21487206
v 0.17175760 0.34819207 -0.21180356
v -0.29990946 0.82853260 -0.13039586
v 0.17222241 0.16881128 -0.21232216
v 0.17200963 0.12246664 -0.21156543
v -0.17383247 0.69890923 -0.20654798
v -0.14409818 0.63131717 -0.22060969
v 0.17174446 0.28835021 -0.21195944
v 0.23561566 0.80491585 -0.21297421
v -0.15658235 0.79808099 -0.21301549
v 0.04460195 0.85028839 -0.22486545
v 0.17235933 0.42017536 -0.21256680
v 0.23667599 0.80494658 -0.21366007
v 0.17100449 0.42274329 -0.21374414
v 0.17089681 0.42938398 -0.21364574
v -0.11175087 0.62218742 -0.21427478
v 0.17044403 0.42997493 -0.21405239
v 0.17077330 0.43152363 -0.21371962
v -0.17704777 0.27622859 -0.20715785
v -0.10196465 0.61692548 -0.22068560
v -0.17207898 0.04926911 -0.21603495
v 0.17020584 0.39703235 -0.21436064
v -0.10152669 0.61765341 -0.22076907
v 0.16926007 0.43652833 -0.21496313
v 0.16867859 0.39198386 -0.21556387
v 0.17973361 0.82033111 -0.21776542
v 0.17179613 0.35059853 -0.21213283
v -0.19412879 0.00400262 -0.19641613
v 0.18961165 0.80501664 -0.23141954
v 0.17883863 0.78694192 -0.21549557
v 0.16958024 0.14226866 -0.21473652
v 0.17536905 0.55636662 -0.20958976
v 0.17108803 0.44923811 -0.21352037
v 0.15572672 0.55633565 -0.22807616
v 0.17048034 0.43122344 -0.21402220
v 0.16852447 0.42868588 -0.21563568
v 0.14553174 0.83879815 -0.21570573
v 0.14208709 0.69170196 -0.22039269
v -0.15658235 0.79808099 -0.21301549
v 0.15345344 0.83306398 -0.23839722
v 0.13314829 0.84593537 -0.21404154
v 0.22890009 0.80504379 -0.22719729
v 0.20268956 0.83428998 -0.20702917
v -0.10786750 0.62531845 -0.21575805
v 0.16301798 0.42694847 -0.21983911
v 0.16550501 0.43839273 -0.21787050
v 0.18197544 0.82220864 -0.21674258
v 0.16551226 0.42385052 -0.21799875
v 0.18252188 0.82403013 -0.21720496
v 0.16449619 0.46039809 -0.21866915
v -0.21167523 0.80489054 -0.21728897
v 0.16619857 0.44242320 -0.21734507
v 0.16480301 0.04938878 -0.22071482
v -0.10648110 0.62904028 -0.21778075
v -0.18314712 0.83711678 -0.22275780
v 0.14662463 0.83820967 -0.21779343
v -0.10374642 0.61786865 -0.22030711
v 0.16099399 0.36907455 -0.22133898
v -0.10093252 0.62361089 -0.22036800
v 0.21344513 0.78747304 -0.19791649
v 0.16525981 0.44444960 -0.21805966
v 0.17124969 0.44063630 -0.21309611
v 0.15469520 0.78511343 -0.23807496
v 0.16486048 0.47363362 -0.21840994
v -0.14980082 0.79855738 -0.21781442
v -0.17683476 0.43530270 -0.20581779
v 0.18249561 0.81764092 -0.21398759
v 0.16450319 0.79026262 -0.21859209
v 0.16439110 0.79064093 -0.21754824
v 0.08413388 0.84960823 -0.23314743
v -0.10398351 0.62317654 -0.21881623
v 0.17151342 0.30284852 -0.21325338
v -0.21226371 0.80489054 -0.21676355
v -0.10441086 0.62542537 -0.21831182
v 0.16385867 0.42264346 -0.21923661
v 0.16338882 0.45278606 -0.21948389
v 0.13238028 0.84340791 -0.20492044
v 0.18041792 0.83633647 -0.22344668
v 0.19349093 0.82664569 -0.20954466
v -0.10284858 0.62376502 -0.21934866
v 0.14676474 0.83720085 -0.22292160
v -0.20262036 0.80492557 -0.22602859
v -0.18551483 0.83648598 -0.22913812
v 0.17602651 0.74771737 -0.21507071
v 0.15319216 0.27556143 -0.22844036
v -0.21132090 0.80481960 -0.21552956
v -0.21031613 0.80490455 -0.21873215
v -0.18000846 0.62829858 -0.19416686
v 0.15849930 0.47390947 -0.22311778
v -0.17307773 0.62978160 -0.19781136
v 0.16119650 0.43141811 -0.22115618
v 0.14400975 0.15732862 -0.22878976
v -0.14656419 0.79810901 -0.21997918
v 0.15251293 0.83415337 -0.23847428
v -0.14718722 0.64708324 -0.22508775
v 0.17178918 0.34268294 -0.21291687
v -0.19529052 0.78828067 -0.18277360
v -0.14530316 0.79757658 -0.22083387
v -0.15298714 0.00353447 -0.23118924
v 0.16189181 0.78956556 -0.22282354
v -0.07981294 0.61906071 -0.22833687
v -0.14609481 0.67268761 -0.22311949
v 0.16708432 0.37556991 -0.21682993
v 0.17205534 0.10653375 -0.21095587
v -0.15536336 0.31304795 -0.22610215
v -0.17562387 0.76364094 -0.22160449
v -0.16999122 0.19244182 -0.21546913
v -0.08384910 0.84452882 -0.22705494
v -0.15554813 0.34301595 -0.22597255
v 0.13960721 0.64467409 -0.22562296
v 0.15431346 0.44411172 -0.22620577
v 0.12096185 0.78875289 -0.24885585
v 0.16340663 0.47090426 -0.21949510
v 0.17215672 0.19534024 -0.21237210
v -0.16262638 0.28019492 -0.22099245
v -0.16043549 0.42501840 -0.22262732
v -0.16074374 0.42179052 -0.22243817
v -0.12617228 0.84298968 -0.25572957
v -0.15950898 0.29691556 -0.22328060
v 0.15731884 0.45995279 -0.22398648
v 0.20433765 0.80491856 -0.22919873
v 0.05005797 0.84776546 -0.22173062
v -0.11231439 0.63057325 -0.22796042
v -0.15431951 0.83373303 -0.24149719
v 0.15069459 0.73270978 -0.22993771
v -0.17332600 0.76411733 -0.22343998
v 0.14824558 0.74160975 -0.22669067
v 0.15475825 0.42600095 -0.22595509
v 0.16231741 0.74920919 -0.22554175
v -0.16206081 0.28805159 -0.22140833
v 0.16383765 0.75202548 -0.22513542
v -0.16015526 0.43430621 -0.22273941
v -0.10190872 0.61769370 -0.22048052
v -0.15794690 0.42887531 -0.22433411
v 0.17185918 0.41168916 -0.21224142
v -0.15464177 0.78566688 -0.23983334
v 0.14889150 0.30499613 -0.23014744
v 0.17123684 0.31590379 -0.21350031
v 0.15650268 0.45728580 -0.22460299
v -0.01235267 0.00070206 -0.02534314
v 0.02534638 0.85136551 -0.22699190
v -0.15676450 0.43634881 -0.22510734
v 0.15351824 0.45901315 -0.22680278
v 0.15429917 0.42117677 -0.22636343
v 0.15946537 0.43061261 -0.22243054
v -0.15399024 0.42105842 -0.22719504
v 0.16306002 0.75117078 -0.22551373
v 0.15426085 0.43734669 -0.22624232
v 0.17116530 0.78779430 -0.22101175
v 0.15508052 0.45704848 -0.22566085
v -0.15452968 0.40412388 -0.22677470
v -0.12719342 0.83500106 -0.26127430
v -0.15595183 0.34516911 -0.22569582
v 0.15582312 0.41954519 -0.22521949
v -0.15749309 0.34893117 -0.22461694
v 0.14599408 0.83719101 -0.22382596
v 0.23751667 0.81912613 -0.22575192
v 0.14015136 0.50234913 -0.22576592
v 0.14025822 0.45850336 -0.22579098
v -0.17751541 0.76302444 -0.21997216
v 0.14119521 0.47566702 -0.22580795
v -0.15576969 0.28674853 -0.22582192
v -0.08705380 0.63068944 -0.22574540
v -0.15554550 0.25952436 -0.22594803
v 0.11568239 0.43380243 -0.24077477
v -0.15553149 0.25478850 -0.22596204
v 0.16263967 0.75185734 -0.22599712
v -0.15553149 0.34953367 -0.22599006
v 0.15461113 0.43029719 -0.22600413
v 0.15461113 0.43029719 -0.22600413
v -0.15546144 0.34089563 -0.22604611
v -0.15540539 0.43599721 -0.22606012
v 0.13826682 0.49346151 -0.22665915
v 0.14710277 0.43651082 -0.23008494
v 0.14719209 0.43533473 -0.23023556
v 0.14009322 0.49372337 -0.22577754
v 0.16112994 0.44754251 -0.22115618
v 0.15414876 0.43288931 -0.22632639
v 0.13966694 0.46800971 -0.22593767
v 0.15716914 0.63048925 -0.20070603
v -0.00402193 0.00111189 -0.23813798
v 0.15409954 0.45748126 -0.22638257
v 0.15301909 0.43975632 -0.22711803
v -0.14404793 0.00085717 -0.12198822
v 0.13907108 0.48752313 -0.22616291
v 0.13832987 0.49464285 -0.22659259
v 0.13687619 0.49816234 -0.22747181
v 0.13968589 0.45506355 -0.22590789
v 0.14692809 0.16889360 -0.23084192
v 0.23661994 0.82341362 -0.22667667
v 0.13774139 0.49118904 -0.22694988
v 0.13750322 0.49633055 -0.22706442
v 0.13768360 0.47202646 -0.22697615
v 0.14009706 0.45160966 -0.22618451
v 0.23687215 0.81189624 -0.22639645
v -0.15439657 0.30035361 -0.22685877
v 0.15367237 0.42078958 -0.22680278
v -0.15357340 0.41556244 -0.22748228
v -0.15429849 0.29659855 -0.22692883
v -0.15389216 0.43867252 -0.22712498
v -0.15415837 0.34459464 -0.22694284
v 0.13643833 0.47372600 -0.22774503
v -0.15374504 0.28956482 -0.22726510
v -0.15542290 0.30249736 -0.22613718
v -0.14647093 0.61940966 -0.22493703
v 0.14416125 0.16443241 -0.22884142
v -0.15709156 0.05024105 -0.22725367
v -0.20441382 0.30827006 -0.18257220
v -0.15436855 0.35027627 -0.22680272
v -0.17898245 0.18878424 -0.20622893
v -0.15399024 0.42105842 -0.22719504
v -0.15361193 0.29448283 -0.22740521
v -0.07425744 0.62051375 -0.22988038
v -0.13953887 0.61293138 -0.23427023
v -0.15312153 0.43653140 -0.22765742
v -0.15211446 0.26439658 -0.22836823
v 0.13663099 0.39643336 -0.22790966
v -0.14867403 0.35430940 -0.23115257
v -0.15302345 0.43275269 -0.22774149
v 0.14720207 0.14429341 -0.23068219
v -0.15316356 0.40990534 -0.22775550
v 0.13985986 0.38180605 -0.23515061
v 0.14817977 0.39300804 -0.23059997
v 0.14109679 0.25496421 -0.22638980
v 0.14759317 0.28723893 -0.23047200
v -0.15349984 0.60863269 -0.22629831
v 0.13668353 0.46241047 -0.22760842
v 0.13628421 0.46697031 -0.22783961
v -0.15348583 0.28569767 -0.22743324
v -0.15186751 0.42194464 -0.22867325
v -0.15312503 0.26272947 -0.22766442
v 0.14116066 0.40517109 -0.22555400
v -0.11411007 0.83973955 -0.23346955
v 0.13082676 0.45383735 -0.23126541
v -0.15119496 0.24834325 -0.22897801
v -0.15209870 0.43658919 -0.22837201
v -0.15099179 0.27530121 -0.22914264
v 0.13530341 0.50382733 -0.22844210
v 0.13222090 0.49956086 -0.23037567
v 0.13542601 0.49060932 -0.22837554
v 0.14586832 0.73102188 -0.22426063
v -0.15124400 0.41212965 -0.22910061
v -0.15263814 0.21751114 -0.22799370
v -0.15183248 0.21753216 -0.22855416
v -0.15169237 0.22928773 -0.22865224
v -0.14464463 0.29020935 -0.23270153
v 0.13529640 0.46226708 -0.22847012
v -0.08435440 0.63364832 -0.24836281
v -0.15034727 0.26208494 -0.22956999
v 0.06229696 0.00111169 -0.24423016
v 0.14828498 0.71346257 -0.22668016
v 0.14709093 0.42399122 -0.23083928
v 0.10110856 0.84897044 -0.22912866
v -0.15099179 0.23025452 -0.22912863
v 0.21831175 0.80450294 -0.20339151
v -0.15211621 0.29899801 -0.22846658
v 0.13195234 0.49583541 -0.23054450
v -0.15026320 0.19805629 -0.22963304
v -0.10686986 0.84567075 -0.21537293
v 0.13352396 0.46331333 -0.22957702
v 0.13241706 0.47335076 -0.23026358
v 0.14890849 0.11513676 -0.22959103
v 0.14891199 0.12610769 -0.22962256
v -0.15108987 0.23534066 -0.22905857
v -0.16074787 0.78520041 -0.24093055
v -0.14016097 0.39509878 -0.22973112
v 0.14925878 0.13073146 -0.22940538
v -0.13927773 0.40144450 -0.22959038
v -0.13864774 0.38853968 -0.22979768
v -0.14461660 0.43915284 -0.23235124
v -0.13885791 0.41798817 -0.22961202
v -0.15009506 0.22376723 -0.22973112
v 0.14752486 0.00113291 -0.22910063
v 0.15685296 0.00113991 -0.22590605
v 0.12892822 0.55572560 -0.23324803
v 0.09855147 0.84699483 -0.23848827
v 0.10206150 0.62992146 -0.23419983
v -0.13786310 0.40581400 -0.22989926
v 0.14925527 0.11351844 -0.22935985
v 0.14560180 0.38901782 -0.22998335
v -0.13843757 0.43625993 -0.22967508
v 0.14633915 0.34331435 -0.23029861
v -0.14957664 0.19895302 -0.23008141
v -0.13727462 0.40543920 -0.23010943
v 0.13259921 0.46695280 -0.23015149
v -0.11974635 0.63035476 -0.23199483
v -0.14961517 0.20712168 -0.23006039
v 0.14390642 0.42131435 -0.22820390
v 0.16066375 0.00293073 -0.22485013
v -0.14781895 0.25124618 -0.23117600
v -0.15035919 0.27770430 -0.22957283
v 0.14962307 0.00116793 -0.23030562
v -0.13651438 0.39315565 -0.23044415
v -0.13632185 0.38323461 -0.23055079
v 0.14802577 0.11695824 -0.23009545
v 0.14740226 0.28939318 -0.23036166
v -0.13575439 0.42872275 -0.23067345
v -0.14919133 0.00110488 -0.22925824
v 0.20012021 0.80497461 -0.23057185
v -0.14828059 0.19451141 -0.23089406
v -0.13629238 0.41285335 -0.23048367
v -0.13543913 0.44415798 -0.23078198
v 0.13216485 0.38452016 -0.23071195
v -0.14979382 0.23128961 -0.22991502
v -0.13522545 0.40376571 -0.23104118
v 0.15467769 0.78704700 -0.23477527
v -0.08757965 0.84283344 -0.23214460
v -0.14914229 0.28383416 -0.23035463
v -0.13411505 0.41856702 -0.23156661
v -0.13107951 0.40946948 -0.23314841
v -0.13957298 0.16482043 -0.23008642
v -0.13497675 0.44823585 -0.23100616
v -0.14751696 0.38028171 -0.23145451
v -0.13723784 0.10637262 -0.23150356
v 0.13109999 0.46479504 -0.23110427
v 0.09011660 0.84867620 -0.23515355
v -0.15793007 0.67555273 -0.21255050
v 0.14943392 0.74235761 -0.23029160
v 0.13062360 0.36752082 -0.23169275
v -0.13873006 0.37163141 -0.22982482
v 0.17286451 0.05279999 -0.21151633
v -0.14732606 0.25103694 -0.23147378
v -0.14747493 0.38871658 -0.23148253
v -0.14832963 0.00113991 -0.23153858
v -0.13382081 0.44773393 -0.23160163
v 0.13028732 0.49539597 -0.23158067
v -0.13577540 0.39828112 -0.23079598
v 0.14032300 0.55297061 -0.22561530
v -0.14856782 0.00115392 -0.23200096
v 0.13047793 0.50249609 -0.23147281
v -0.13615371 0.44992239 -0.23043344
v -0.16642187 0.77758230 -0.23284865
v -0.14054188 0.05217105 -0.23152888
v -0.14839531 0.37394373 -0.23086166
v -0.12062907 0.05309423 -0.24528377
v -0.14433287 0.38159002 -0.23249836
v 0.16996064 0.64740752 -0.20069689
v -0.13611168 0.41737692 -0.23056830
v -0.14821053 0.39407332 -0.23103418
v -0.14699854 0.00111189 -0.23082401
v 0.09877215 0.63001411 -0.23521660
v -0.14104263 0.19800518 -0.23086487
v -0.14434886 0.42808391 -0.23310701
v 0.12846954 0.49003684 -0.23273002
v -0.08780033 0.84274937 -0.23236528
v 0.11014942 0.62997908 -0.23258949
v -0.12254337 0.22966954 -0.23854253
v -0.14083352 0.00116793 -0.23692597
v -0.09758117 0.84153038 -0.23245635
v 0.19541369 0.80501314 -0.23540053
v -0.12629515 0.12487951 -0.23709367
v -0.13464048 0.08253220 -0.23281362
v -0.12521902 0.79620850 -0.23358870
v 0.10334337 0.84790557 -0.23267356
v -0.14530929 0.27532397 -0.23240378
v 0.21256235 0.80483449 -0.23275763
v -0.13488567 0.10256661 -0.23263110
v -0.08724688 0.84272135 -0.23286969
v -0.13169808 0.40054221 -0.23289769
v 0.12256349 0.16994914 -0.23790292
v 0.13997724 0.55299581 -0.22540987
v -0.13370913 0.08139319 -0.23332590
v 0.15608269 0.77514808 -0.23745888
v 0.10299309 0.84703686 -0.23642862
v 0.12737711 0.44840293 -0.23342778
v 0.12871104 0.44319634 -0.23263853
v -0.13276295 0.17241541 -0.23334605
v -0.13280498 0.16767955 -0.23337407
v 0.14519547 0.00113991 -0.23337413
v 0.12880211 0.50093398 -0.23253344
v 0.13014721 0.15647042 -0.23345820
v 0.08570650 0.63118406 -0.24331520
v -0.13152994 0.16225714 -0.23408866
v 0.14460699 0.00113991 -0.23399063
v -0.13491020 0.15885937 -0.23229520
v 0.12677046 0.51846225 -0.23373843
v -0.12972948 0.09072888 -0.23541974
v 0.12968483 0.14699871 -0.23382249
v -0.12441215 0.79648369 -0.23396255
v 0.10610297 0.84697469 -0.23516934
v -0.12645781 0.79555894 -0.23331803
v 0.21167262 0.80484850 -0.23219717
v 0.18992372 0.80506057 -0.23283104
v -0.13213243 0.08150937 -0.23418674
v -0.09756279 0.63178655 -0.23527965
v 0.12873206 0.15176259 -0.23435493
v 0.11862947 0.66470925 -0.23262861
v 0.12427643 0.49915803 -0.23536375
v -0.12851749 0.39827236 -0.23455103
v 0.14719122 0.00116969 -0.23248790
v 0.21271647 0.80486251 -0.23463516
v 0.12560751 0.45327503 -0.23453708
v -0.13618874 0.43784059 -0.23045271
v -0.12882890 0.19026224 -0.23534482
v 0.12902980 0.47561601 -0.23239333
v -0.07467203 0.63525467 -0.24555815
v 0.14202188 0.00113991 -0.23450905
v -0.09245389 0.84069447 -0.25472179
v 0.12540435 0.49159187 -0.23466318
v -0.13124621 0.19304721 -0.23404662
v -0.12772935 0.18439517 -0.23595918
v 0.11875462 0.66315285 -0.23831841
v -0.13014834 0.10316337 -0.23514214
v 0.13494747 0.00263756 -0.24232256
v 0.12119567 0.55460381 -0.24145521
v -0.10518693 0.63329925 -0.23902046
v 0.10839974 0.63691473 -0.23692602
v 0.11947533 0.46511496 -0.24177397
v -0.09225596 0.84140428 -0.23564395
v -0.10091502 0.63159740 -0.23561593
v 0.20470895 0.80493257 -0.24203318
v 0.12482287 0.15208485 -0.23672286
v -0.17260791 0.83712379 -0.23674382
v 0.12354837 0.49330825 -0.23580970
v 0.14055769 0.55396717 -0.22566784
v -0.12650072 0.61543917 -0.24159790
v -0.09224764 0.65475914 -0.24914044
v 0.12266240 0.54475786 -0.23621507
v -0.04978211 0.63438567 -0.23486632
v 0.12333766 0.45667893 -0.23595223
v -0.08379569 0.63104745 -0.22736144
v 0.12312749 0.44841889 -0.23607833
v -0.13357211 0.10472628 -0.23331803
v 0.09340884 0.84429609 -0.25134672
v -0.12430754 0.41054541 -0.23674450
v -0.12025085 0.04328059 -0.24871504
v 0.20814875 0.80489054 -0.23637257
v -0.12480447 0.43589650 -0.23637252
v 0.12256704 0.45702571 -0.23642862
v 0.12309947 0.49195879 -0.23607833
v 0.12259506 0.44630961 -0.23642862
v 0.12377202 0.54883899 -0.23550386
v 0.12171234 0.54884600 -0.23684896
v 0.10941732 0.64080289 -0.23645664
v 0.20924865 0.80489054 -0.23847428
v -0.12615919 0.52292751 -0.23832361
v -0.12368355 0.51392956 -0.23690495
v 0.12338148 0.63992911 -0.23637534
v -0.12439814 0.51245136 -0.23651263
v 0.12218873 0.54197340 -0.23651269
v 0.12224477 0.44791052 -0.23665280
v 0.12201359 0.44979791 -0.23680693
v 0.10919314 0.64803278 -0.23645664
v -0.15352611 0.04607976 -0.22836237
v -0.11965782 0.33327535 -0.23980693
v -0.12400582 0.44363212 -0.23679286
v -0.13326692 0.62835594 -0.22855722
v -0.12399180 0.43637990 -0.23682088
v -0.12480447 0.50723561 -0.23626043
v 0.10819132 0.66083921 -0.23684896
v 0.12260557 0.43889287 -0.23649167
v 0.12209065 0.44223536 -0.23680693
v 0.00087862 0.63190346 -0.23728810
v 0.12183844 0.44291491 -0.23696105
v -0.12400932 0.08502273 -0.23854078
v -0.12358898 0.67466147 -0.23626743
v -0.12343082 0.67759526 -0.23867793
v 0.11030704 0.66204419 -0.23595223
v -0.12420898 0.39238231 -0.23683489
v 0.12389812 0.17939309 -0.23710116
v -0.13805926 0.00111189 -0.23656868
v -0.06140983 0.63508624 -0.24987954
v 0.12257404 0.17610041 -0.23794185
v 0.09371753 0.84779348 -0.23726927
v -0.16794560 0.83781735 -0.23729727
v -0.12336655 0.38692399 -0.23731478
v -0.12356095 0.41012941 -0.23715716
v -0.12796054 0.60827890 -0.24361291
v -0.12011064 0.43862523 -0.23925887
v -0.12344536 0.43957538 -0.23710111
v -0.12168370 0.44288433 -0.23807581
v -0.12608651 0.19336247 -0.23678936
v 0.12182443 0.45373664 -0.23690500
v -0.16590694 0.83827973 -0.23687693
v -0.13652764 0.07062776 -0.23198695
v 0.11946478 0.43735171 -0.24212507
v 0.12290331 0.18337233 -0.23768964
v 0.09059999 0.84798964 -0.23771764
v -0.13738671 0.00113991 -0.23774563
v -0.01168157 0.85213702 -0.23794182
v -0.11970782 0.33348710 -0.24047085
v -0.03343728 0.83563738 -0.29072938
v -0.12078826 0.05159193 -0.24167682
v -0.16606807 0.83795747 -0.23810993
v -0.12413129 0.10434359 -0.23834567
v -0.16290149 0.83846188 -0.23825005
v 0.11442115 0.63939475 -0.23436894
v 0.12165629 0.67480158 -0.23864943
v 0.15400481 0.83332132 -0.23333256
v 0.09633772 0.84716411 -0.23868743
v 0.09141710 0.83711320 -0.25618577
v 0.04700260 0.83522174 -0.28448598
v -0.00875038 0.85189705 -0.23910097
v -0.12094257 0.44786615 -0.23860734
v -0.11928379 0.38883338 -0.24028230
v 0.12320456 0.69920246 -0.23927293
v -0.02644289 0.63386256 -0.23695244
v 0.12131241 0.67552923 -0.23898280
v -0.12038059 0.12456684 -0.24065463
v -0.11998454 0.44418732 -0.23942700
v 0.10475852 0.68688643 -0.23953915
v 0.12060544 0.15763337 -0.24022571
v 0.12098085 0.12308723 -0.23963801
v 0.12179563 0.05116365 -0.23970547
v 0.12333066 0.63269029 -0.23129343
v 0.10463943 0.68912825 -0.23979136
v -0.17590096 0.82227447 -0.22704355
v -0.12074116 0.52653983 -0.23993142
v 0.12185245 0.69108985 -0.23993147
v 0.09290487 0.84723302 -0.23998749
v -0.12281652 0.52811558 -0.24244811
v 0.12071578 0.68163215 -0.23983339
v -0.11941358 0.44286434 -0.24038679
v 0.13894002 0.05146392 -0.22908416
v -0.09574481 0.63205977 -0.24032376
v 0.10085635 0.84630827 -0.24032376
v 0.12021312 0.69019312 -0.24084922
v 0.12413982 0.72204456 -0.24288437
v 0.12087714 0.68785545 -0.24030921
v -0.12050471 0.68745914 -0.24133781
v 0.11085623 0.00119421 -0.25390113
v 0.12034623 0.19917721 -0.24469535
v 0.12045131 0.12006177 -0.24073713
v 0.08968225 0.84816478 -0.23744092
v 0.17571233 0.80500263 -0.24367252
v 0.12046007 0.12143839 -0.24071085
v 0.12757130 0.05142950 -0.24114346
v 0.09638233 0.69210918 -0.24389317
v 0.10714747 0.69122996 -0.23883858
v -0.09297055 0.63228396 -0.23948308
v -0.00644284 0.85182877 -0.23937099
v 0.12003798 0.67176111 -0.23962322
v 0.11730523 0.69120090 -0.23428713
v -0.11556663 0.79134851 -0.26559836
v -0.05709432 0.63512827 -0.24515770
v -0.12069956 0.43389955 -0.23933418
v 0.11673964 0.67372314 -0.24130873
v 0.09170252 0.61003996 -0.25550863
v 0.11673348 0.84364020 -0.24066880
v 0.13242144 0.00120121 -0.24063554
v 0.12474168 0.74234365 -0.24004090
v -0.12439814 0.52978347 -0.24248149
v 0.11598517 0.69489395 -0.24337127
v 0.09351860 0.63282668 -0.24230883
v 0.11826553 0.69019312 -0.23421481
v 0.10861867 0.68377589 -0.24556406
v -0.11994477 0.52455579 -0.24473816
v -0.20565408 0.80147173 -0.17111443
v -0.12093031 0.52845589 -0.24413484
v -0.04111342 0.63515629 -0.24082817
v -0.13351431 0.00113641 -0.24059696
v -0.12312529 0.64484895 -0.23895866
v 0.11766108 0.69013579 -0.24210457
v -0.16693701 0.59336786 -0.21616488
v 0.11753694 0.69994506 -0.24323816
v -0.05116136 0.63528240 -0.24558505
v 0.09049075 0.68937407 -0.25016948
v -0.11988547 0.25599012 -0.24022886
v 0.05559948 0.63022428 -0.24337825
v 0.12313800 0.71358412 -0.24222704
v -0.11945561 0.51565866 -0.24127651
v 0.10413502 0.84557968 -0.24186504
v -0.12384671 0.53133320 -0.24295570
v 0.02409880 0.63061047 -0.23965822
v 0.05238211 0.63062360 -0.24674099
v -0.03888648 0.63514228 -0.24354639
v -0.15810223 0.56193591 -0.22936985
v -0.11966752 0.69090805 -0.24210885
v -0.11962024 0.51270356 -0.24531180
v 0.11616382 0.69652628 -0.24349037
v -0.12573973 0.52829476 -0.24094724
v -0.08728279 0.00165833 -0.26217806
v -0.11676936 0.53064649 -0.24732856
v 0.12201655 0.83251629 -0.25447970
v 0.08584311 0.63127163 -0.24354639
v -0.12000556 0.42005179 -0.24454117
v 0.11562055 0.69810974 -0.24391484
v -0.11994951 0.38002250 -0.24423292
v 0.09410310 0.73767509 -0.25149572
v 0.11221610 0.68677434 -0.24426100
v 0.09373499 0.79584704 -0.24718078
v -0.12005460 0.28621610 -0.24447111
v -0.11958485 0.48418218 -0.24169013
v -0.12005810 0.26267342 -0.24470230
v -0.11994251 0.43745965 -0.24452716
v -0.11938906 0.34777874 -0.24577417
v -0.12004934 0.25801638 -0.24485993
v 0.10606963 0.67776669 -0.24628513
v -0.12019471 0.13279114 -0.24487744
v 0.11987624 0.55322246 -0.23929041
v 0.12009402 0.24078760 -0.24489852
v -0.11994251 0.32180858 -0.24456219
v -0.11984793 0.33835956 -0.24018362
v -0.12208844 0.70633076 -0.24275734
v -0.09944032 0.67864772 -0.24976745
v -0.12014392 0.21390320 -0.24494049
v -0.11977437 0.08876728 -0.24562005
v -0.12491021 0.04969602 -0.24427627
v -0.03544668 0.63505821 -0.24486346
v -0.12018771 0.15876829 -0.24472332
v -0.12014742 0.18537597 -0.24496501
v -0.12015268 0.52648028 -0.24476535
v -0.11937504 0.43887568 -0.24573915
v -0.11807199 0.05118734 -0.24911718
v 0.12204161 0.68759926 -0.23930621
v -0.11980096 0.29808537 -0.24554495
v -0.12014567 0.18319719 -0.24497552
v 0.05581990 0.63038968 -0.24530646
v 0.11458052 0.67193625 -0.24220132
v 0.11969659 0.21732105 -0.24570218
v -0.10881745 0.65953615 -0.24522773
v 0.12045306 0.50012482 -0.23834117
v 0.12898312 0.81613440 -0.25008491
v 0.11681710 0.55465723 -0.24800905
v 0.09842537 0.22518939 -0.25246116
v -0.11037972 0.65509453 -0.24458320
v -0.10679981 0.65851332 -0.24609644
v -0.10948299 0.67571933 -0.24539587
v -0.11950637 0.23737655 -0.24607903
v -0.12306880 0.67996304 -0.23896463
v -0.11987585 0.14678320 -0.24561446
v -0.12472040 0.53398690 -0.24267765
v 0.11506392 0.75156310 -0.24559208
v -0.09666606 0.63200373 -0.24105236
v 0.19870761 0.80495113 -0.24277668
v -0.11943528 0.20073229 -0.24619345
v -0.11981242 0.18064413 -0.24561709
v -0.11029566 0.67594351 -0.24507360
v -0.11941068 0.52948181 -0.24575743
v -0.10985430 0.66564513 -0.24484942
v 0.11337204 0.70374916 -0.24557807
v -0.01834423 0.82307264 -0.28162678
v 0.07285191 0.85548574 -0.20862646
v -0.11955019 0.53271886 -0.24570412
v -0.11925595 0.52582525 -0.24578819
v 0.16683828 0.55906076 -0.22189309
v -0.11922092 0.45390328 -0.24591429
v -0.11965363 0.33377029 -0.24569106
v -0.12678226 0.56001922 -0.24861411
v -0.11800893 0.44639237 -0.24683904
v 0.10671312 0.68733479 -0.24672700
v -0.11826114 0.52934912 -0.24651678
v 0.14434329 0.61472124 -0.23223490
v 0.20304860 0.80497461 -0.24657288
v -0.11834473 0.52041241 -0.24652497
v -0.12582555 0.55634473 -0.24391766
v -0.11651037 0.82314653 -0.25739577
v -0.11812102 0.51048275 -0.24668492
v -0.11958085 0.44624867 -0.24568931
v -0.11855047 0.45419542 -0.24653018
v -0.10601167 0.67829743 -0.24701418
v -0.11864258 0.17280544 -0.24671320
v -0.10250808 0.66074534 -0.24796876
v -0.11947626 0.11844872 -0.24608013
v -0.11804396 0.45770833 -0.24682503
v 0.11323893 0.83512716 -0.24884273
v -0.11777424 0.52380673 -0.24683554
v 0.11934111 0.23752296 -0.24585383
v -0.11732938 0.49004798 -0.24716130
v -0.11782678 0.53110405 -0.24679701
v -0.11766565 0.47662155 -0.24702119
v -0.11836075 0.32316472 -0.24684818
v -0.05738155 0.63515629 -0.24707726
v -0.11933907 0.39854231 -0.24643487
v -0.11915667 0.12313208 -0.24628831
v 0.11316269 0.75461285 -0.24713814
v 0.08988891 0.63964345 -0.24731546
v 0.09631139 0.66598578 -0.24268119
v 0.12022713 0.43535969 -0.24384065
v -0.11675841 0.12643346 -0.24755713
v -0.12047866 0.48483657 -0.24117493
v -0.11409975 0.51639207 -0.24870256
v 0.11755445 0.21814515 -0.24690915
v -0.12600945 0.81467050 -0.24833826
v 0.10941732 0.70501719 -0.24749763
v -0.11929534 0.26838209 -0.24626219
v -0.11660779 0.49159187 -0.24752560
v -0.12463633 0.81461446 -0.24752560
v 0.09140696 0.83396246 -0.27369194
v -0.11622248 0.44075814 -0.24775679
v 0.11628992 0.22173558 -0.24752566
v -0.09407745 0.65793184 -0.25074825
v -0.09901647 0.66973646 -0.24951525
v -0.11673389 0.10855139 -0.24758165
v -0.11678994 0.24030070 -0.24760967
v -0.10363152 0.55727226 -0.25370691
v -0.11647381 0.26556284 -0.24775679
v 0.10345370 0.68352813 -0.24786049
v -0.11379851 0.46509454 -0.24889872
v 0.11710609 0.72835320 -0.24791622
v 0.09134435 0.65545182 -0.24966937
v 0.09046688 0.67043703 -0.24777783
v 0.11577150 0.22484611 -0.24777786
v -0.11716124 0.40874764 -0.24746955
v -0.09480705 0.67061367 -0.25108351
v 0.19205226 0.80500088 -0.25058014
v 0.11544048 0.21052645 -0.24797402
v -0.10280918 0.65400515 -0.24786188
v 0.10898997 0.83585576 -0.24800204
v -0.11545885 0.11566919 -0.24817013
v 0.20592794 0.80500263 -0.24608248
v 0.11133293 0.71874456 -0.24879204
v 0.12037704 0.17859658 -0.24557865
v -0.11537479 0.13371589 -0.24822617
v -0.11557270 0.45474727 -0.24804402
v 0.10469898 0.70767936 -0.24990059
v 0.09131627 0.66187779 -0.25000353
v -0.11938380 0.34253453 -0.24542039
v -0.11639061 0.49673055 -0.24762368
v -0.11464182 0.37918159 -0.24863688
v -0.11449908 0.34053133 -0.24868855
v -0.11875504 0.08727507 -0.24640469
v -0.11389647 0.52203707 -0.24879838
v -0.11452710 0.21567564 -0.24874459
v 0.10222071 0.68266199 -0.24835931
v -0.11384054 0.13887209 -0.24892674
v -0.11406473 0.08008021 -0.24875860
v 0.11425126 0.75607478 -0.24702124
v -0.11436596 0.22616319 -0.24878663
v -0.11419083 0.13475273 -0.24878663
v -0.11493188 0.46922991 -0.24838307
v -0.11379529 0.26813588 -0.24900058
v -0.11406122 0.13007292 -0.24882866
v -0.11672419 0.45123885 -0.24753772
v -0.11348325 0.32651992 -0.24916494
v -0.11407173 0.40263341 -0.24892674
v -0.11342020 0.39893090 -0.24920697
v -0.11739243 0.29790161 -0.24741351
v 0.11610778 0.04488354 -0.24892680
v 0.05979634 0.61850636 -0.26013240
v -0.11445354 0.20415126 -0.24878663
v -0.11408822 0.38376692 -0.24891509
v -0.11383354 0.34254898 -0.24898279
v -0.11357159 0.08472526 -0.24897204
v 0.11706262 0.04181236 -0.24854531
v -0.19867352 0.78637270 -0.21294018
v -0.11392328 0.20980860 -0.24902862
v -0.11600530 0.48611340 -0.24781984
v -0.15519415 0.83604760 -0.24808718
v -0.11954406 0.42548493 -0.24539587
v -0.11431968 0.28370453 -0.24879345
v -0.10986984 0.25268504 -0.25070356
v -0.11350077 0.21243200 -0.24919296
v -0.11363037 0.19864477 -0.24912290
v -0.11345873 0.14783939 -0.24910889
v -0.19570238 0.80451113 -0.22868222
v -0.11335014 0.33423320 -0.24920697
v 0.20194170 0.80514274 -0.25266784
v -0.11392461 0.38877262 -0.24898279
v -0.05200818 0.63528240 -0.24934711
v -0.11402269 0.34750201 -0.24889872
v 0.09680705 0.67367367 -0.25015977
v -0.10620432 0.66966640 -0.24651678
v -0.11218019 0.34277666 -0.24968336
v -0.11196019 0.14228596 -0.24975369
v -0.01927318 0.63447856 -0.25065811
v 0.09486822 0.83788741 -0.26394350
v 0.07939611 0.00272320 -0.26547425
v 0.09041784 0.80650185 -0.25021582
v -0.11232731 0.19589854 -0.24968336
v -0.10754942 0.17001946 -0.25167298
v -0.11204270 0.17815133 -0.24976918
v 0.11145598 0.83507112 -0.24979550
v -0.12391369 0.83179424 -0.25646604
v -0.11364466 0.29719298 -0.24917320
v 0.10887087 0.70327978 -0.24746961
v -0.11171781 0.22564476 -0.24993556
v -0.10975622 0.49926311 -0.25055207
v 0.20134271 0.80499562 -0.24884973
v -0.09456434 0.67918716 -0.25115108
v -0.11229399 0.33175409 -0.24964589
v -0.08863926 0.51344879 -0.26010087
v -0.11097171 0.20245588 -0.25027184
v -0.11276166 0.27441849 -0.24945918
v -0.10780600 0.28923906 -0.25157840
v -0.05315361 0.63525437 -0.25041198
v 0.08730031 0.80346137 -0.25052407
v 0.09191085 0.61000923 -0.25527994
v -0.09811273 0.66403381 -0.24973943
v -0.11085611 0.16776362 -0.25027184
v 0.09210534 0.66612852 -0.25041198
v 0.08769963 0.80463833 -0.25069221
v -0.11364641 0.24749725 -0.24909176
v -0.10882446 0.50131228 -0.25094438
v -0.00320062 0.85184978 -0.23856533
v -0.10881745 0.50683979 -0.25094438
v -0.10926582 0.32573528 -0.25093037
v -0.11056538 0.38956077 -0.25041195
v 0.10820533 0.48077856 -0.25111258
v -0.10892254 0.19640295 -0.25111252
v -0.11220821 0.28560485 -0.24970437
v 0.10839589 0.47577946 -0.25103165
v -0.10443188 0.16058978 -0.25299005
v 0.11175843 0.75187836 -0.25033756
v -0.11398766 0.40742882 -0.24895476
v 0.08642459 0.80564715 -0.25139278
v -0.13719231 0.80494111 -0.23226346
v -0.10828289 0.17269599 -0.25136409
v -0.11372320 0.26185726 -0.24905284
v -0.10505189 0.07580673 -0.25263276
v -0.10718512 0.16650259 -0.25184112
v -0.11412602 0.11555009 -0.24880064
v 0.01863225 0.63253310 -0.25146371
v -0.07492559 0.67816783 -0.25940730
v -0.09283437 0.56042380 -0.26299071
v 0.10441919 0.71449416 -0.25109155
v -0.10694170 0.08093120 -0.25181962
v -0.11441151 0.32180858 -0.24872358
v -0.10245130 0.56018129 -0.26019253
v -0.11409625 0.29947089 -0.24898279
v -0.03362126 0.63629095 -0.25919998
v -0.18130638 0.80491309 -0.25854827
v -0.10913271 0.22249220 -0.25102845
v 0.10913709 0.83462275 -0.25237360
v 0.10268133 0.46157767 -0.25352253
v 0.20177194 0.80510044 -0.25184849
v 0.03270483 0.63196169 -0.25256974
v 0.12516809 0.78104493 -0.25183937
v -0.00226506 0.84593309 -0.26086567
v -0.09197398 0.13537624 -0.25886086
v -0.10439685 0.46874451 -0.25287796
v -0.05607849 0.63570274 -0.25357856
v -0.08254160 0.65910053 -0.25197369
v 0.02699868 0.63222791 -0.25413901
v -0.10607997 0.19672521 -0.25234553
v -0.10563161 0.49926136 -0.25233151
v 0.10452123 0.45414004 -0.25271150
v -0.08617851 0.63362818 -0.24879366
v -0.10427775 0.17818811 -0.25307412
v 0.03974556 0.63162542 -0.25223346
v -0.00995292 0.84810173 -0.25352251
v -0.09126772 0.34865489 -0.25913583
v -0.10159126 0.47555676 -0.25405933
v -0.06666762 0.66936165 -0.25404093
v -0.09911805 0.47453648 -0.25507778
v -0.12508469 0.83437055 -0.25338237
v 0.03051336 0.63031710 -0.26121828
v 0.03210234 0.63196169 -0.25399890
v -0.01795168 0.84784953 -0.25402692
v -0.00289942 0.63369648 -0.25454009
v -0.06274092 0.65842925 -0.25408297
v 0.08571000 0.32429911 -0.25427913
v 0.10530585 0.44037780 -0.25234206
v 0.08507949 0.32916107 -0.25439122
v 0.08507949 0.32446725 -0.25441924
v 0.08507949 0.31949320 -0.25444727
v -0.10384953 0.47956088 -0.25308463
v 0.08446999 0.32268780 -0.25458738
v 0.19674345 0.80517077 -0.25677319
v 0.08095699 0.18651831 -0.25695382
v 0.16921730 0.80469235 -0.24608747
v -0.01196356 0.84759732 -0.25528795
v 0.03078264 0.63195118 -0.25477653
v -0.05915750 0.04636875 -0.26950953
v -0.06400827 0.67318525 -0.25516008
v -0.06131526 0.65691952 -0.25439823
v -0.05999468 0.66415992 -0.25545609
v 0.13110787 0.20617328 -0.23357554
v -0.09572419 0.83593628 -0.26397421
v -0.02082577 0.84790557 -0.25363460
v 0.06185557 0.55524221 -0.26742183
v -0.06226453 0.67824139 -0.25612863
v 0.24314926 0.82999899 -0.21821378
v -0.00659270 0.84645889 -0.25981013
v 0.06219185 0.67267535 -0.25659101
v -0.06190023 0.66638773 -0.25509179
v -0.05611702 0.67165602 -0.25722152
v 0.01717988 0.63261523 -0.25568594
v -0.05886676 0.65987243 -0.25540004
v 0.08283066 0.81583345 -0.27072853
v -0.16239797 0.80492557 -0.25625996
v -0.05051492 0.67509363 -0.26133387
v 0.10764431 0.04441428 -0.25247432
v -0.14129591 0.80486251 -0.26579648
v -0.10341080 0.44538560 -0.25332283
v 0.04030427 0.63154836 -0.25304612
v 0.06269363 0.67222436 -0.26051070
v 0.19308937 0.80513036 -0.25853224
v 0.11114247 0.60999530 -0.24739955
v 0.07192978 0.43619512 -0.25823035
v -0.15963685 0.80491856 -0.25758579
v -0.05881772 0.66933013 -0.25624073
v -0.05481018 0.66971725 -0.25743038
v -0.16224296 0.83854595 -0.23848123
v -0.09270433 0.43778410 -0.25783803
v -0.09314043 0.10419385 -0.25771893
v -0.15857198 0.80490455 -0.25768387
v -0.15878215 0.80491856 -0.25848252
v 0.07099102 0.44020589 -0.25851057
v -0.11035820 0.60873230 -0.25142728
v 0.06374745 0.74090775 -0.26198688
v 0.07531178 0.44387268 -0.25708666
v -0.12285306 0.77730120 -0.25042761
v -0.11578024 0.04617828 -0.24974904
v -0.09430163 0.04533190 -0.25895894
v 0.03366887 0.63111984 -0.25912038
v -0.09046075 0.04014768 -0.26034607
v -0.15471023 0.80481858 -0.25871735
v 0.08406208 0.59949790 -0.26946833
v 0.19018742 0.80517710 -0.26161648
v 0.06794514 0.44502232 -0.25949390
v -0.01727563 0.84741517 -0.25559620
v -0.09356751 0.04507083 -0.25921279
v 0.06848297 0.43987925 -0.25935126
v 0.06806263 0.18345640 -0.26044415
v 0.06195190 0.61039463 -0.26577549
v 0.08818302 0.81429219 -0.25933024
v 0.05959977 0.63219929 -0.26022375
v 0.06898738 0.17561001 -0.26016392
v 0.06589174 0.44918852 -0.26021296
v 0.06428099 0.44106671 -0.26133074
v 0.06806964 0.17986948 -0.26044415
v -0.09034341 0.04526185 -0.26038810
v 0.08152760 0.81427818 -0.26139693
v -0.13863374 0.79707217 -0.26223758
v 0.07756500 0.55979329 -0.26708030
v -0.08834588 0.30945024 -0.26070592
v -0.02445123 0.66777486 -0.26092054
v 0.06388022 0.46229838 -0.26176122
v -0.02373314 0.66617756 -0.26092054
v -0.01967334 0.66721440 -0.26097658
v -0.02556076 0.67231456 -0.26100461
v -0.08896664 0.43024124 -0.26092506
v -0.02106747 0.65654471 -0.26103963
v 0.08468717 0.81436225 -0.26106065
v -0.08851842 0.42208038 -0.26121478
v -0.15859645 0.80630164 -0.28530245
v -0.09223483 0.42854520 -0.25826508
v -0.02147906 0.65152162 -0.26111670
v -0.01641919 0.65886360 -0.26111670
v -0.14170224 0.79810901 -0.26111667
v -0.02855429 0.63370250 -0.26175463
v -0.01510562 0.65641161 -0.26122879
v -0.01235675 0.66535089 -0.26125681
v -0.02091904 0.64601864 -0.26127783
v -0.09054054 0.44726141 -0.25978309
v -0.01772531 0.67545662 -0.26119376
v -0.02793306 0.67520091 -0.26131286
v -0.02843397 0.66703226 -0.26131286
v -0.02389603 0.64345105 -0.26136890
v -0.09009120 0.43563817 -0.26038810
v -0.01114827 0.67335140 -0.26142495
v -0.02838143 0.67476656 -0.26142495
v 0.00224834 0.67495877 -0.26545761
v 0.06836738 0.78577897 -0.27519817
v 0.07922688 0.80325733 -0.25492891
v -0.09855564 0.00105355 -0.25943552
v -0.01818462 0.64858623 -0.26127082
v -0.00885138 0.66022183 -0.26147924
v -0.08730643 0.00205065 -0.26303626
v -0.02327558 0.63390578 -0.26176122
v -0.00832234 0.67445830 -0.26159309
v 0.11870842 0.78737014 -0.25531425
v -0.02948767 0.67827904 -0.26297321
v 0.09879831 0.78181271 -0.26270137
v -0.15183950 0.80486251 -0.26170515
v -0.00899817 0.67043353 -0.26147399
v 0.00368038 0.63140624 -0.26314039
v 0.18612280 0.80508670 -0.26052825
v -0.05535712 0.61865523 -0.26408712
v -0.02748503 0.66451108 -0.26120777
v -0.14179332 0.83570163 -0.26108865
v -0.02912053 0.63151333 -0.26226563
v 0.08150498 0.62909120 -0.24794469
v -0.08459470 0.42242477 -0.26245223
v 0.07619691 0.80415231 -0.25558832
v 0.06377689 0.71208595 -0.26457752
v -0.08221678 0.20761208 -0.26307829
v -0.08438855 0.40773357 -0.26251784
v -0.09047651 0.43270628 -0.26005183
v -0.08103282 0.38781284 -0.26341457
v -0.08296639 0.19556226 -0.26282609
v 0.10384770 0.55662843 -0.25307318
v -0.08287261 0.40320753 -0.26291668
v 0.09022344 0.58656472 -0.26412214
v -0.14773766 0.80390624 -0.26090650
v -0.08965072 0.16206098 -0.26071387
v 0.06254596 0.66223788 -0.26189017
v -0.08166333 0.20248390 -0.26321841
v -0.08044959 0.13854282 -0.26347762
v -0.08254255 0.41503526 -0.26303626
v -0.09047651 0.50487118 -0.26010788
v 0.08706578 0.55346023 -0.25844216
v -0.07363041 0.13950611 -0.26528159
v -0.07900962 0.18584373 -0.26390210
v -0.07940749 0.54716813 -0.26372282
v -0.09223670 0.55868726 -0.25957544
v -0.07949156 0.54263894 -0.26372282
v -0.14173027 0.83537937 -0.26372279
v -0.08977564 0.05060691 -0.26111013
v -0.07937246 0.16874442 -0.26377887
v -0.08341717 0.44702866 -0.26228577
v 0.04630356 0.67388165 -0.25962185
v -0.07769810 0.15560172 -0.26419921
v -0.07908618 0.14281710 -0.26383757
v -0.07858082 0.41410526 -0.26408712
v -0.07498164 0.52343105 -0.26492080
v 0.16740704 0.80500963 -0.27325411
v -0.06541929 0.21227612 -0.26742709
v -0.08524325 0.43595343 -0.26212552
v 0.05460467 0.65760258 -0.26347061
v -0.05669762 0.45709041 -0.26450746
v -0.06414959 0.48497699 -0.26778879
v -0.07632848 0.41113133 -0.26470362
v 0.04940871 0.80604761 -0.25848931
v -0.05727647 0.43735807 -0.26487176
v -0.07313038 0.54508393 -0.26540419
v -0.05719052 0.43561361 -0.26456961
v -0.05423599 0.43735282 -0.26445141
v -0.05431839 0.43096256 -0.26449697
v -0.05448907 0.42868544 -0.26450746
v 0.12379041 0.05214583 -0.24220920
v -0.05393825 0.44461412 -0.26445141
v -0.05321666 0.42977352 -0.26464757
v 0.06381192 0.62587724 -0.25802018
v 0.03097015 0.65051083 -0.26233832
v -0.07101641 0.50327738 -0.26598917
v -0.04869360 0.33574293 -0.26556532
v -0.05099585 0.44224521 -0.26487176
v -0.05659442 0.45530903 -0.26433898
v -0.07554034 0.30391251 -0.26487176
v -0.05005884 0.45370331 -0.26496283
v -0.07446390 0.54707923 -0.26504292
v -0.05674403 0.41886213 -0.26484373
v -0.14797321 0.80495614 -0.26502110
v -0.04958400 0.44768587 -0.26505321
v -0.05132162 0.36920569 -0.26506792
v -0.07370871 0.49989519 -0.26524764
v -0.07334999 0.51920288 -0.26534463
v -0.04309429 0.44197873 -0.26605222
v -0.07804138 0.19149895 -0.26414316
v -0.05457051 0.12511288 -0.26515198
v -0.04517192 0.36145125 -0.26599267
v -0.05344785 0.11020474 -0.26529210
v 0.06324362 0.61049286 -0.26529223
v -0.03030161 0.63281249 -0.26220293
v -0.05668624 0.43804682 -0.26464757
v -0.07679436 0.54256188 -0.26442339
v -0.04924123 0.36832576 -0.26538186
v -0.04788449 0.42202080 -0.26548679
v 0.06367881 0.15041749 -0.26531311
v -0.05346186 0.11774288 -0.26529210
v -0.07334756 0.45207246 -0.26534814
v 0.06415345 0.60987971 -0.26534814
v -0.05468436 0.21501010 -0.26512396
v -0.05590970 0.24701567 -0.26523780
v -0.05173846 0.27350775 -0.26540419
v 0.06369282 0.14805307 -0.26536741
v 0.06358598 0.05345852 -0.26618883
v 0.01728955 0.79556944 -0.26542679
v -0.07334756 0.30206300 -0.26546023
v -0.04771893 0.24250049 -0.26604871
v 0.07380011 0.55655879 -0.26434600
v -0.03331662 0.09259765 -0.26882910
v -0.07029482 0.46019673 -0.26615030
v -0.04633180 0.28555406 -0.26616781
v -0.07282913 0.30602823 -0.26554430
v -0.12446821 0.83095176 -0.25722150
v -0.05685875 0.42345087 -0.26492430
v 0.06365954 0.08295955 -0.26553029
v 0.04033404 0.65192795 -0.26571244
v 0.01566038 0.26812036 -0.26709957
v -0.03406131 0.17681499 -0.26830455
v -0.06824018 0.54919891 -0.26672389
v -0.04944759 0.24287880 -0.26579651
v -0.06184940 0.29646005 -0.26840103
v 0.06275931 0.18813621 -0.26644103
v -0.04753013 0.23563020 -0.26610126
v -0.05249639 0.39473339 -0.26486650
v 0.06198868 0.47448919 -0.26667923
v 0.06300977 0.45544242 -0.26579651
v 0.00039083 0.32883196 -0.27180121
v -0.03421851 0.18421474 -0.26819288
v 0.02922834 0.37354081 -0.26724185
v -0.04655548 0.28220222 -0.26616075
v -0.07392903 0.44777884 -0.26520803
v 0.02891124 0.79446605 -0.26602069
v -0.05321020 0.30513413 -0.26504471
v -0.06126271 0.44578966 -0.26822048
v -0.07101291 0.52488999 -0.26599267
v 0.03948986 0.64982624 -0.26588058
v -0.04498496 0.32670908 -0.26616081
v 0.16481381 0.83514517 -0.25715574
v -0.08207667 0.60528396 -0.26621685
v 0.05237335 0.00116793 -0.26624487
v -0.03892502 0.25005965 -0.26733776
v 0.06391525 0.43567583 -0.26176122
v -0.04700684 0.24595921 -0.26616268
v -0.04815504 0.27823660 -0.26590860
v 0.06914501 0.03761162 -0.26642702
v -0.04405144 0.42609290 -0.26602069
v -0.04288237 0.40678648 -0.26626239
v 0.02343409 0.38490635 -0.26566340
v 0.03190763 0.21236523 -0.26985019
v -0.03245788 0.29457741 -0.26854275
v 0.06840241 0.04373460 -0.26660917
v -0.06287782 0.16534908 -0.26803155
v -0.04054334 0.40526055 -0.26660917
v 0.06812568 0.03468323 -0.26669324
v -0.03945395 0.41710020 -0.26672126
v -0.04470998 0.39591319 -0.26600668
v -0.03734348 0.39306537 -0.26708206
v -0.06162000 0.39010021 -0.26830455
v -0.05597954 0.16685638 -0.26531662
v 0.06259344 0.71222762 -0.26538047
v -0.05329208 0.00456220 -0.27172596
v -0.04675215 0.25049400 -0.26618883
v 0.06727799 0.02743933 -0.26691742
v 0.07058468 0.81450237 -0.26691742
v -0.03856773 0.38723137 -0.26691742
v 0.06730601 0.03765365 -0.26691742
v -0.03558855 0.47021483 -0.26702951
v -0.00076381 0.39753676 -0.27448358
v -0.03743893 0.34160058 -0.26715562
v -0.03875732 0.35395689 -0.26693494
v -0.06700739 0.18631473 -0.26700149
v 0.05502501 0.00119596 -0.26700149
v -0.03358667 0.44399488 -0.26746387
v 0.09906267 0.58526122 -0.25762349
v -0.06606513 0.52066905 -0.26728172
v -0.06643292 0.53920615 -0.26719765
v 0.09594535 0.78664768 -0.26649708
v -0.06461494 0.48659505 -0.26760398
v 0.06421124 0.00120296 -0.26773709
v 0.06432596 0.74019284 -0.26964614
v -0.03437294 0.44908100 -0.26724540
v -0.05860055 0.18213933 -0.26730974
v 0.06213548 0.45596756 -0.26676348
v -0.06585098 0.49801579 -0.26732546
v -0.07966294 0.60518663 -0.26699673
v -0.06558523 0.52476038 -0.26739381
v -0.06071188 0.40739342 -0.26861357
v -0.06138882 0.37698903 -0.26829054
v -0.06613518 0.53283971 -0.26728172
v -0.06566755 0.54451997 -0.26741483
v -0.03903711 0.22116111 -0.26742183
v 0.08999919 0.00096929 -0.12707531
v 0.02973091 0.44446492 -0.26744986
v -0.03340890 0.47119322 -0.26744285
v 0.05964615 0.68919306 -0.26397152
v -0.06592151 0.43448661 -0.26730974
v -0.03784614 0.25135570 -0.26747788
v -0.03180635 0.43861559 -0.26916275
v -0.03930858 0.22409650 -0.26737980
v -0.03023751 0.55793327 -0.27423663
v -0.03672873 0.21686661 -0.26775110
v -0.06091024 0.19588452 -0.26801206
v -0.06477958 0.50712877 -0.26758997
v -0.05888428 0.23231419 -0.26757596
v -0.06013480 0.17420887 -0.26820647
v 0.05916057 0.00236766 -0.27077581
v 0.06423576 0.17420186 -0.26378237
v -0.06426991 0.20303034 -0.26770907
v -0.06036949 0.41603007 -0.26830455
v -0.03726116 0.25542602 -0.26755494
v -0.06039401 0.24755861 -0.26823449
v 0.03380122 0.79484435 -0.26464057
v -0.03601765 0.24855342 -0.26775811
v -0.03907214 0.21433755 -0.26742183
v -0.02979222 0.00118670 -0.26990319
v -0.06493792 0.19165548 -0.26753905
v -0.05958430 0.16920596 -0.26807243
v -0.05985937 0.23248539 -0.26817893
v -0.06357191 0.20618102 -0.26787166
v 0.05810752 0.47064743 -0.26772308
v 0.06554474 0.45481503 -0.26068935
v 0.02504102 0.79464119 -0.26606973
v 0.06841716 0.81456183 -0.26860271
v -0.06441878 0.18354047 -0.26764602
v -0.06318928 0.50924274 -0.26795427
v -0.05860478 0.00585213 -0.27077461
v -0.06392488 0.21653735 -0.26778613
v -0.04629381 0.55836899 -0.26620262
v -0.06062169 0.30228193 -0.26829404
v 0.00406550 0.23159961 -0.26901213
v -0.05722042 0.24748855 -0.26551628
v -0.03389619 0.23786254 -0.26817648
v -0.06293007 0.51509951 -0.26799630
v -0.09027422 0.34992423 -0.26028302
v -0.05709436 0.33674441 -0.26547501
v -0.03398016 0.21661682 -0.26820773
v -0.06448860 0.07773896 -0.26764033
v 0.06207976 0.43886036 -0.26660917
v -0.12632472 0.83620604 -0.26872487
v -0.06222600 0.50487644 -0.26812240
v -0.13905352 0.83523317 -0.26608495
v -0.03231399 0.32119253 -0.26820586
v -0.06146588 0.23849323 -0.26823449
v -0.05952355 0.22562024 -0.26798229
v -0.06111209 0.16816995 -0.26827653
v 0.05492975 0.50258622 -0.26834790
v -0.05695348 0.22223441 -0.26561813
v -0.05988960 0.16358822 -0.26805935
v 0.01074194 0.16221510 -0.26829054
v 0.10413403 0.76738724 -0.25950079
v 0.06005861 0.55816359 -0.26877393
v -0.05951829 0.38978845 -0.26792624
v -0.15014412 0.80496059 -0.26865481
v 0.06342754 0.05139221 -0.26539940
v -0.02929316 0.67662964 -0.26509331
v 0.01025767 0.16919278 -0.26829054
v 0.00807014 0.14946472 -0.26861280
v 0.00127367 0.05343050 -0.27431545
v -0.01714385 0.66647810 -0.26823339
v -0.02975805 0.28535089 -0.27251498
v 0.03048051 0.43432372 -0.26952354
v -0.03335636 0.24977417 -0.26831856
v 0.01154059 0.22333989 -0.26781415
v -0.12549104 0.83638819 -0.26857074
v 0.03047371 0.43876412 -0.26950187
v -0.03300870 0.19472158 -0.26861280
v -0.00715064 0.66834933 -0.26871088
v -0.00103051 0.66821797 -0.26886851
v -0.03030661 0.29421271 -0.27270433
v -0.03286158 0.21820470 -0.26859879
v -0.07779793 0.56246859 -0.26857777
v -0.00466405 0.66836334 -0.26879495
v 0.00033276 0.65922777 -0.26870109
v 0.05722568 0.49996281 -0.26793325
v 0.05200906 0.49753971 -0.26882297
v 0.05186194 0.50369422 -0.26885100
v -0.00254263 0.66865758 -0.26885100
v 0.00160529 0.16147950 -0.27358685
v -0.00777265 0.64965022 -0.26891930
v -0.07111974 0.73959736 -0.26901913
v 0.00652505 0.14336625 -0.26881247
v 0.00133743 0.62176139 -0.27039225
v -0.00224752 0.67737268 -0.26913122
v 0.19009247 0.83324755 -0.20639789
v -0.02826459 0.60835834 -0.27528766
v -0.00255249 0.68032909 -0.26924332
v -0.00333647 0.68355171 -0.26941145
v 0.04289550 0.49576727 -0.27025914
v 0.04578117 0.44480059 -0.26975255
v 0.05103176 0.00119596 -0.26963564
v 0.04231355 0.00127596 -0.27353016
v -0.07118279 0.74287603 -0.26966366
v 0.06404398 0.55328280 -0.26524306
v -0.07040516 0.74209139 -0.26974773
v 0.04501648 0.29087839 -0.27000694
v -0.09084190 0.56005009 -0.26273676
v -0.13550657 0.83162081 -0.29308195
v -0.03038963 0.72505382 -0.26520517
v 0.06618510 0.81455841 -0.26991586
v 0.03089101 0.05278948 -0.27137655
v 0.09456259 0.83147369 -0.31102535
v -0.03072361 0.32169892 -0.27178108
v 0.03669326 0.20564698 -0.27127147
v -0.03112592 0.49529438 -0.27095271
v -0.03126428 0.48487690 -0.27011202
v 0.02316656 0.79275665 -0.27022411
v 0.03096420 0.72229834 -0.26715684
v -0.12272379 0.83661237 -0.26946747
v 0.03087984 0.44433750 -0.27030818
v 0.04241887 0.49261026 -0.27032313
v 0.05002738 0.00119640 -0.27012586
v 0.03093501 0.47673473 -0.27039575
v 0.04212400 0.28369404 -0.27042027
v 0.05196702 0.44024223 -0.26875992
v 0.05335596 0.46622010 -0.26860229
v -0.03169338 0.31807805 -0.26922930
v 0.00361812 0.20430662 -0.26955769
v 0.00342672 0.11052904 -0.27013892
v 0.04095755 0.27771117 -0.27058841
v 0.03216188 0.43746994 -0.27125395
v 0.03987166 0.50069228 -0.27072853
v 0.03872317 0.36697043 -0.27091243
v 0.04523410 0.48560462 -0.26988434
v 0.04664618 0.50108810 -0.26967767
v 0.03859925 0.48731576 -0.27090367
v 0.06258458 0.13409130 -0.26685379
v -0.02969971 0.48756818 -0.27257103
v 0.03854408 0.50006527 -0.27092469
v 0.03888736 0.28623011 -0.27089666
v 0.03942768 0.44691948 -0.27074254
v 0.03268731 0.50642119 -0.27138706
v 0.20896141 0.78435331 -0.19817746
v 0.00514957 0.63149844 -0.25929697
v 0.03642486 0.36866625 -0.27123294
v 0.03770690 0.35943973 -0.27103678
v 0.03792233 0.26916421 -0.27103678
v 0.05069898 0.00123099 -0.27088265
v -0.05947144 0.74270439 -0.27104729
v 0.03213912 0.50656481 -0.27137305
v 0.03716396 0.15526544 -0.27112085
v 0.03784176 0.15788558 -0.27103678
v 0.03148233 0.43585491 -0.27093870
v 0.03741616 0.34772794 -0.27106480
v 0.03676218 0.26969927 -0.27121368
v 0.03671789 0.45795717 -0.27113135
v 0.18889312 0.80735050 -0.27110053
v 0.02836827 0.17691909 -0.26984964
v 0.03325039 0.21801813 -0.27168580
v 0.03247078 0.45782295 -0.27156066
v 0.03509027 0.29253524 -0.27148514
v 0.01724549 0.05132290 -0.26731103
v 0.00995326 0.55559035 -0.26615134
v 0.03553863 0.19519797 -0.27140107
v -0.03025394 0.48774579 -0.27272691
v 0.03239658 0.30669421 -0.27153984
v 0.03552813 0.18687519 -0.27140107
v 0.03484682 0.26237918 -0.27143610
v 0.03721387 0.14623158 -0.27111034
v 0.04928383 0.73348838 -0.27156921
v 0.13822981 0.80498030 -0.26836500
v 0.03572341 0.30120480 -0.27142209
v 0.02999099 0.22376774 -0.26917629
v 0.03160995 0.21862090 -0.27161714
v 0.04727057 0.00118895 -0.27071451
v 0.04922428 0.73494557 -0.27184944
v -0.00943362 0.79124342 -0.27498799
v 0.06338756 0.73434282 -0.26913601
v -0.03081438 0.41159054 -0.27096847
v -0.03055671 0.36427367 -0.27201758
v 0.06644431 0.76452366 -0.27408426
v 0.00382988 0.09760848 -0.26960761
v 0.05447588 0.04344326 -0.27040633
v -0.02039852 0.04692570 -0.27474104
v -0.02926766 0.44908874 -0.27302640
v -0.03055671 0.36427367 -0.27201758
v -0.03243949 0.40732373 -0.26808737
v 0.04550776 0.73533789 -0.27257803
v -0.14041319 0.80514274 -0.27246591
v -0.04144598 0.05157224 -0.27071451
v 0.05074846 0.74083737 -0.27276018
v 0.00258248 0.05258982 -0.27427341
v -0.03027606 0.44601498 -0.27202989
v -0.02953766 0.34640644 -0.27300430
v -0.03034211 0.41952273 -0.27250095
v 0.00166860 0.15813145 -0.27267648
v 0.03729356 0.03557996 -0.27285826
v -0.02983512 0.51755151 -0.27292832
v 0.12736243 0.80498161 -0.27356586
v 0.13117003 0.80503065 -0.27297038
v -0.05226444 0.57374127 -0.27790182
v 0.02723775 0.05144745 -0.27509922
v -0.02926766 0.44908874 -0.27302640
v -0.02868968 0.43978642 -0.27319453
v -0.02886833 0.50685730 -0.27322256
v -0.02905802 0.51713152 -0.27325121
v 0.00108830 0.67773698 -0.26521679
v -0.02868618 0.44564582 -0.27319453
v 0.03477501 0.03286175 -0.27319453
v 0.03940929 0.03866247 -0.27255001
v -0.02839282 0.44872457 -0.27323657
v -0.02750922 0.44780642 -0.27333465
v -0.02736484 0.45090521 -0.27334209
v -0.00218074 0.85058175 -0.24246050
v 0.06594360 0.00152274 -0.26919658
v 0.12996505 0.80503065 -0.27339072
v -0.02694045 0.45295901 -0.27337668
v -0.01756232 0.05551820 -0.27391787
v 0.03498956 0.00935060 -0.27317352
v -0.02593589 0.42085799 -0.27358861
v -0.02615756 0.30609128 -0.27353081
v 0.00141295 0.47796051 -0.27353081
v -0.02716682 0.50206452 -0.27341171
v -0.14065139 0.80473466 -0.26652507
v -0.02587399 0.35322655 -0.27349578
v -0.02442649 0.44932929 -0.27353081
v -0.02614924 0.38833827 -0.27353081
v -0.02780784 0.05422915 -0.27347476
v -0.02457908 0.53307265 -0.27360087
v -0.00675629 0.55417121 -0.27463421
v -0.02663789 0.54710158 -0.27354482
v -0.02774216 0.40260189 -0.27346075
v -0.01567636 0.30889882 -0.27402121
v -0.02646318 0.54301200 -0.27354482
v -0.02926761 0.36745344 -0.27320494
v 0.03347020 0.04269776 -0.27329261
v 0.00079025 0.43940812 -0.27400720
v -0.02937362 0.39014312 -0.27306843
v -0.02533395 0.54462856 -0.27361488
v -0.02985964 0.43745790 -0.27271815
v -0.02445683 0.53726703 -0.27363810
v 0.01776713 0.60772345 -0.27800393
v -0.02318494 0.40508653 -0.27373149
v -0.02096383 0.49959683 -0.27376036
v -0.02886001 0.52595661 -0.27327860
v -0.02405404 0.39079327 -0.27367333
v -0.02041594 0.29417458 -0.27386708
v -0.02342913 0.51931911 -0.27366131
v -0.02362368 0.38092974 -0.27367092
v 0.00009629 0.25448288 -0.27427692
v 0.00061273 0.52024871 -0.27417533
v -0.02277896 0.45071427 -0.27363848
v -0.02361317 0.40297144 -0.27371296
v -0.02559981 0.04948945 -0.27532558
v -0.02229522 0.41702664 -0.27378301
v -0.02337673 0.39668119 -0.27369894
v 0.00218370 0.06660123 -0.27325058
v -0.01684303 0.29872829 -0.27406324
v -0.01236113 0.52206318 -0.27414731
v -0.01890796 0.52581124 -0.27386708
v -0.00612835 0.54338855 -0.27439952
v -0.02081001 0.29857416 -0.27386708
v -0.01299329 0.07556766 -0.27396604
v 0.15951512 0.80497461 -0.27547842
v -0.02095889 0.41055336 -0.27382505
v 0.00117050 0.12192112 -0.27416939
v -0.01561353 0.51881954 -0.27400720
v -0.01466951 0.44023479 -0.27400720
v -0.01384634 0.44250289 -0.27403522
v -0.01367821 0.05783008 -0.27403522
v -0.01900320 0.54523105 -0.27390561
v -0.01712558 0.47531040 -0.27392493
v -0.02831619 0.13410084 -0.27349025
v -0.01522493 0.44369035 -0.27397917
v -0.01367908 0.51605229 -0.27409126
v -0.01139785 0.05726963 -0.27413330
v -0.15349985 0.80500263 -0.27414728
v -0.01110448 0.44573908 -0.27414731
v -0.00516466 0.44167755 -0.27433471
v -0.00071357 0.06561342 -0.27424539
v 0.00187231 0.07948934 -0.27384959
v -0.00819887 0.51659523 -0.27430144
v -0.14290722 0.80511472 -0.27176534
v 0.07698965 0.81450237 -0.26571945
v -0.00811841 0.49200148 -0.27428392
v -0.00151605 0.53485911 -0.27446257
v -0.00957246 0.52701923 -0.27427854
v -0.09737188 0.83484694 -0.26812591
v -0.01409634 0.46529597 -0.27405186
v -0.00969196 0.31098827 -0.27425940
v -0.00493311 0.06161317 -0.27423838
v -0.00258254 0.05903959 -0.27434260
v -0.04053821 0.00297030 -0.27584406
v -0.00039177 0.43837740 -0.27428742
v -0.00804124 0.29438475 -0.27439952
v -0.00211996 0.22900152 -0.27493766
v -0.00693959 0.13958667 -0.27428742
v -0.00569698 0.10423908 -0.27428165
v -0.05108343 0.00223280 -0.27284425
v -0.00777361 0.46669899 -0.27429434
v -0.00483351 0.47194937 -0.27434785
v -0.00714828 0.50607278 -0.27431805
v -0.00745451 0.51888960 -0.27431545
v -0.00847384 0.52273573 -0.27431545
v -0.00567287 0.79152365 -0.27431545
v -0.00041794 0.43429395 -0.27431545
v -0.01669646 0.41651062 -0.27402121
v -0.00946296 0.26330043 -0.27427341
v -0.00336958 0.13438236 -0.27438570
v -0.00136283 0.06127689 -0.27431545
v -0.00179166 0.45449500 -0.27435748
v -0.00733147 0.31061347 -0.27433997
v 0.00279163 0.23363959 -0.27145624
v -0.00953673 0.25444146 -0.27428859
v -0.02872352 0.21900992 -0.27074407
v -0.00102677 0.10672991 -0.27434347
v -0.00511335 0.11103141 -0.27430844
v -0.00138231 0.05889495 -0.27434347
v -0.00178831 0.48049955 -0.27437883
v -0.00114316 0.48465228 -0.27435748
v -0.01200472 0.55039426 -0.27427341
v -0.00181416 0.44283428 -0.27437089
v -0.00099394 0.44112101 -0.27434347
v -0.00484390 0.43054458 -0.27435748
v -0.00816756 0.24245145 -0.27433296
v -0.00240361 0.11870967 -0.27437149
v -0.00196116 0.11197018 -0.27437149
v -0.03050731 0.05214058 -0.27325967
v -0.00225737 0.49530489 -0.27439952
v -0.00094845 0.51179194 -0.27438901
v -0.00418657 0.51529305 -0.27439601
v 0.00046101 0.47829951 -0.27418256
v 0.00039251 0.55026292 -0.27440743
v 0.19105482 0.80522681 -0.26190136
v -0.00784946 0.41424537 -0.27439952
v -0.00845638 0.33445082 -0.27433296
v -0.00465020 0.29069624 -0.27442754
v -0.00845392 0.27686829 -0.27431107
v -0.00187673 0.12521657 -0.27440943
v -0.00257829 0.51981115 -0.27442899
v -0.00096361 0.55025415 -0.27451161
v -0.00482080 0.42578027 -0.27442754
v -0.00717768 0.42033377 -0.27442053
v -0.00567602 0.32493374 -0.27440312
v -0.00343461 0.30823634 -0.27447658
v -0.00657135 0.29445481 -0.27442754
v -0.00422997 0.25459817 -0.27442594
v 0.00067133 0.21582276 -0.27431545
v -0.00162357 0.52588830 -0.27445556
v 0.00211791 0.55479384 -0.27361488
v -0.00614138 0.41386356 -0.27445556
v -0.00978671 0.37667985 -0.27433887
v -0.00261313 0.35660768 -0.27443454
v -0.00253913 0.28868210 -0.27445556
v 0.00022382 0.17570984 -0.27307193
v -0.00023186 0.05335281 -0.27468397
v -0.00901328 0.55213868 -0.27448358
v -0.00254132 0.29099399 -0.27448358
v -0.00109410 0.05385084 -0.27459568
v -0.00289741 0.41928247 -0.27452562
v -0.00387241 0.41926496 -0.27451161
v -0.00524662 0.41619996 -0.27446957
v -0.00469076 0.29879834 -0.27451161
v -0.00148450 0.29222349 -0.27447658
v 0.03154585 0.77778924 -0.27926609
v -0.00431946 0.41406322 -0.27448358
v 0.11733770 0.80504466 -0.27880088
v -0.04474151 0.00808957 -0.27349578
v 0.16357842 0.80500263 -0.27490395
v 0.02215379 0.00211020 -0.27666936
v -0.01713902 0.02148448 -0.27495997
v -0.00145044 0.00436254 -0.27779728
v 0.05913561 0.60666234 -0.27117339
v -0.01193028 0.02944296 -0.27526122
v -0.01462047 0.01307763 -0.27510009
v 0.06839890 0.78348110 -0.27571659
v -0.01497426 0.04527586 -0.27507206
v -0.01377595 0.03688117 -0.27512870
v 0.01316679 0.02574395 -0.27515613
v 0.11074477 0.78720265 -0.27253144
v 0.01099573 0.02870895 -0.27571268
v 0.06400611 0.00267416 -0.26983355
v -0.01024103 0.02626938 -0.27533828
v -0.00605490 0.04320217 -0.27536630
v -0.01037326 0.04457529 -0.27526822
v -0.00980142 0.04104441 -0.27526822
v -0.01167307 0.02717764 -0.27553481
v -0.00865468 0.01077976 -0.27535229
v -0.01378592 0.02560384 -0.27521218
v -0.01181499 0.01514075 -0.27524949
v -0.00508133 0.01290950 -0.27543636
v -0.00202180 0.01091988 -0.27546438
v 0.00244810 0.55604392 -0.27409126
v -0.01906768 0.78556223 -0.28354941
v 0.01760425 0.78933612 -0.27691719
v 0.15061086 0.80497461 -0.27962580
v -0.13873182 0.80517077 -0.27585667
v 0.00027385 0.79457814 -0.26773008
v 0.12962877 0.80505867 -0.27515616
v 0.00095357 0.05224303 -0.27514212
v 0.02986806 0.56220645 -0.27837228
v 0.03584027 0.60770726 -0.27611665
v 0.03499255 0.00716525 -0.27518659
v -0.12705331 0.80519879 -0.27568854
v 0.00215737 0.00137793 -0.27807377
v 0.04414413 0.78986302 -0.27413969
v 0.06672454 0.78051068 -0.27903729
v 0.16345232 0.80503065 -0.27711776
v -0.12949830 0.80522681 -0.27714572
v 0.03512304 0.76040570 -0.27972740
v -0.00357236 0.00205766 -0.27694259
v 0.06310259 0.77672760 -0.27930351
v -0.15602191 0.80503065 -0.27770618
v 0.11868936 0.80505167 -0.28964396
v -0.15051542 0.80504466 -0.27956970
v 0.12256000 0.80509545 -0.27853739
v 0.03769552 0.56328301 -0.27685151
v 0.00011173 0.00195257 -0.27801446
v 0.01922913 0.58244361 -0.27876757
v -0.00581846 0.60566928 -0.27825265
v -0.12420460 0.81206613 -0.23974226
v 0.06502215 0.77515832 -0.27835073
v 0.16157479 0.80500263 -0.27700567
v -0.00338195 0.60081082 -0.27853989
v -0.00502441 0.59648480 -0.27865898
v 0.06535142 0.77733009 -0.27902328
v -0.01615297 0.57860624 -0.27893921
v 0.01002122 0.60053410 -0.27849085
v 0.00344943 0.59390670 -0.27888317
v -0.00346025 0.59101367 -0.27896019
v -0.00616787 0.58379746 -0.27918441
v -0.00693413 0.55862404 -0.27640827
v -0.01512901 0.57524697 -0.27909474
v 0.06484701 0.77706387 -0.27905130
v 0.01722747 0.57661662 -0.27910735
v 0.01966195 0.56394329 -0.27921944
v -0.00739901 0.57273896 -0.27950668
v -0.02099610 0.56631035 -0.27883763
v 0.00765656 0.59121933 -0.27893521
v 0.01914178 0.57049363 -0.27919142
v 0.01501542 0.57699492 -0.27921944
v -0.00012995 0.59043712 -0.27905831
v 0.11997110 0.80464690 -0.27511136
v 0.01422990 0.57231511 -0.27941560
v 0.01094860 0.57401049 -0.27952769
v -0.00986623 0.56813971 -0.27944362
v 0.01315365 0.56612907 -0.27955572
v 0.00816909 0.56892435 -0.27972385
v 0.01278935 0.56507121 -0.27958374
v 0.09047739 0.78568089 -0.27431194
v -0.00471659 0.56752321 -0.27963978
v -0.00420956 0.56564568 -0.27966781
v 0.00941173 0.56636026 -0.27969583
v 0.11152516 0.83415687 -0.28429510
v 0.00461124 0.56464211 -0.27968182
v 0.04167037 0.76699797 -0.28017082
v 0.03790306 0.76483191 -0.28020024
v 0.06026724 0.78392071 -0.28330464
v 0.06789720 0.77893195 -0.27781323
v 0.03161804 0.84694989 -0.24200653
v 0.16454871 0.80507969 -0.27793742
v 0.04500335 0.77131919 -0.28084476
v -0.12201621 0.80528286 -0.28151729
v 0.14757039 0.80514274 -0.28855107
v 0.10592147 0.83417439 -0.28698179
v 0.00627740 0.78653559 -0.29198296
v 0.14809581 0.80500263 -0.28353498
v -0.14846975 0.80508670 -0.28359097
v 0.09251978 0.83524720 -0.28372883
v -0.12333328 0.80531088 -0.28488002
v -0.00642738 0.78150115 -0.28510764
v -0.13015684 0.80525483 -0.27776223
v 0.03558143 0.78483495 -0.28514627
v 0.10222946 0.83456671 -0.28546853
v 0.10599152 0.80514274 -0.28549658
v 0.04307291 0.78315162 -0.28552473
v 0.09469832 0.83512716 -0.28381518
v -0.14657821 0.80511472 -0.28563664
v 0.09191755 0.80495276 -0.28716295
v 0.12406449 0.83289935 -0.28904497
v -0.12452425 0.80531088 -0.28681360
v -0.15267362 0.81195492 -0.28882686
v 0.10129069 0.83439857 -0.28731804
v 0.09832115 0.80513223 -0.28817975
v 0.10286414 0.80515710 -0.28761123
v 0.09944819 0.83437055 -0.28824279
v 0.11587687 0.80506150 -0.28843850
v 0.17830234 0.83055968 -0.27505299
v 0.08324224 0.83423043 -0.29538861
v -0.13876466 0.80517514 -0.28371007
v 0.10452295 0.80514274 -0.28999073
v 0.07852864 0.83495614 -0.29127596
v 0.00464440 0.83607293 -0.29427120
v 0.06632259 0.83440207 -0.27718779
v 0.09150372 0.83476287 -0.28815872
v 0.12215331 0.83295496 -0.28960207
v 0.08725038 0.80450522 -0.28796606
v 0.13954272 0.80509896 -0.29089360
v 0.09974769 0.80509020 -0.29697190
v 0.14988928 0.81542712 -0.29218002
v 0.14962306 0.82615986 -0.29283856
v -0.03179952 0.83783979 -0.29017557
v -0.06002811 0.78741837 -0.28929815
v 0.14869831 0.81822940 -0.29286658
v 0.13517897 0.80506078 -0.28275803
v 0.12461269 0.83229686 -0.29320286
v 0.18525234 0.82959178 -0.26795167
v -0.03622956 0.78520587 -0.29210263
v 0.09922051 0.83395721 -0.29181571
v 0.14495726 0.81878986 -0.29480016
v -0.02033916 0.78913295 -0.29509612
v 0.09318115 0.83155776 -0.30675887
v 0.07468564 0.80506393 -0.31356491
v 0.00057327 0.83739351 -0.29125524
v 0.13974657 0.83209852 -0.28727139
v 0.00424377 0.78749374 -0.29370896
v 0.10369365 0.80511472 -0.29555677
v -0.12809366 0.80538094 -0.29800872
v -0.00932197 0.79192998 -0.29617325
v 0.12698875 0.80505773 -0.29460014
v -0.01642617 0.79219829 -0.29643819
v 0.11431255 0.80518478 -0.30339266
v 0.08510116 0.79532600 -0.28203048
v 0.06615707 0.83431450 -0.29900355
v 0.12732740 0.80511472 -0.29703498
v -0.08167034 0.78670372 -0.28120906
v 0.14293360 0.80926651 -0.29634528
v 0.07054199 0.80491768 -0.29394631
v 0.10137734 0.83196446 -0.30425228
v 0.10615966 0.80511472 -0.29771453
v 0.06322168 0.83459473 -0.29796671
v -0.11765766 0.80539170 -0.29960955
v 0.12419235 0.80514274 -0.29877940
v 0.00145138 0.80427403 -0.30135747
v 0.12730288 0.80517077 -0.29810685
v 0.08314946 0.79583876 -0.28341151
v 0.12131300 0.80512873 -0.29979523
v 0.06280134 0.83474886 -0.29687382
v 0.06289942 0.83431450 -0.29995633
v 0.10875179 0.80508736 -0.29926924
v -0.09303152 0.81891815 -0.31460701
v -0.02545428 0.80379917 -0.30132160
v -0.04715016 0.80358047 -0.29885293
v 0.12215682 0.80557877 -0.30396698
v 0.06691369 0.83389416 -0.30186188
v -0.11580828 0.80538969 -0.29921020
v 0.06783985 0.80502236 -0.29906463
v -0.02438446 0.80424426 -0.30153086
v 0.07009778 0.83345981 -0.30445399
v 0.10415909 0.80509020 -0.30164823
v 0.06617108 0.83333370 -0.30634553
v 0.00916433 0.80517427 -0.30550135
v -0.09941378 0.80535356 -0.30109155
v 0.12298342 0.83081865 -0.29737476
v 0.09461426 0.80503065 -0.30673785
v -0.07481264 0.80624964 -0.30694452
v -0.01733694 0.80526885 -0.30637356
v 0.09548535 0.80502327 -0.30726543
v 0.00956147 0.80519879 -0.30738238
v 0.00715063 0.80522681 -0.30752249
v -0.02833590 0.83437055 -0.31088523
v 0.00211618 0.80526885 -0.31075913
v -0.01435339 0.80536692 -0.31556504
v 0.00657485 0.80525483 -0.30900770
v 0.08872410 0.81796734 -0.31305372
v 0.11088851 0.81043906 -0.30965225
v -0.02505898 0.83456671 -0.30968025
v 0.10704938 0.80982255 -0.31108142
v -0.01658207 0.80531088 -0.30993246
v -0.07882252 0.83092374 -0.31321813
v 0.10303201 0.80634294 -0.31188327
v -0.14093417 0.81536571 -0.30463084
v 0.00450941 0.80528296 -0.31002592
v 0.00123869 0.80532839 -0.31590832
v 0.10704938 0.80982255 -0.31108142
v -0.02394770 0.83456671 -0.30951211
v -0.09164823 0.83113741 -0.31383463
v -0.02256386 0.80535992 -0.31528482
v -0.08227283 0.83078363 -0.31245451
v 0.09510816 0.80636174 -0.31372955
v -0.08127802 0.83086769 -0.31287485
v -0.00831885 0.80542998 -0.32244465
v 0.10909971 0.83096825 -0.31096386
v 0.01356479 0.80521280 -0.30895166
v -0.05533403 0.80580384 -0.32452217
v 0.06166315 0.80512151 -0.31665169
v 0.05835622 0.80510071 -0.31566312
v 0.01377737 0.80532139 -0.32016079
v -0.00713115 0.80537850 -0.31838562
v 0.05692881 0.80519879 -0.31909592
v -0.02718872 0.80540896 -0.31958632
v 0.02793766 0.80503634 -0.30159610
v 0.02515792 0.80525483 -0.31903987
v -0.02707487 0.80542297 -0.32055311
v 0.02066026 0.80531088 -0.32058113
v 0.02473003 0.80532139 -0.32189120
v 0.07371451 0.81490186 -0.32352201
v -0.03848892 0.80554907 -0.32301911
v 0.00765022 0.80536692 -0.32167402
v 0.01050724 0.80536692 -0.32187018
v 0.01465812 0.80539495 -0.32282295
v -0.01438010 0.80547726 -0.32361985
v -0.00049685 0.82038760 -0.32960557
v -0.01603399 0.81189799 -0.32936628
v -0.00553977 0.80909396 -0.32963250
v 0.00058946 0.80627334 -0.32922754
v -0.00443156 0.80951430 -0.32968855
v -0.00159096 0.80930413 -0.32964651
v -0.00493509 0.81029894 -0.32971657
v -0.01859569 0.83121407 -0.32905792
vt 0.83691406 0.80957031
vt 0.99218750 0.92260742
vt 0.89331055 0.93530273
vt 0.25732422 0.83032227
vt 0.94726562 0.79907227
vt 0.36279297 0.68139648
vt 0.35498047 0.78637695
vt 0.44775391 0.68774414
vt 0.74804688 0.11352539
vt 0.94335938 0.81713867
vt 0.35791016 0.78662109
vt 0.48779297 0.89135742
vt 0.16894531 0.62011719
vt 0.07495117 0.46533203
vt 0.84643555 0.81860352
vt 0.99462891 0.91552734
vt 0.99536133 0.91772461
vt 0.95654297 0.54418945
vt 0.95678711 0.56542969
vt 0.94824219 0.55346680
vt 0.18310547 0.10180664
vt 0.72387695 0.30371094
vt 0.47363281 0.79663086
vt 0.89306641 0.93017578
vt 0.72387695 0.30175781
vt 0.50292969 0.68896484
vt 0.89428711 0.92700195
vt 0.90820312 0.90136719
vt 0.35571289 0.80102539
vt 0.09423828 0.47216797
vt 0.16723633 0.39453125
vt 0.17724609 0.09497070
vt 0.95556641 0.56884766
vt 0.87792969 0.84375000
vt 0.18798828 0.57495117
vt 0.36450195 0.81616211
vt 0.14868164 0.34155273
vt 0.27099609 0.71704102
vt 0.21997070 0.03540039
vt 0.21459961 0.03320312
vt 0.24511719 0.80834961
vt 0.51562500 0.05908203
vt 0.27612305 0.79345703
vt 0.24462891 0.05151367
vt 0.83789062 0.80981445
vt 0.15991211 0.08496094
vt 0.86938477 0.83959961
vt 0.90869141 0.90039062
vt 0.72363281 0.29809570
vt 0.01538086 0.15332031
vt 0.37207031 0.67602539
vt 0.36157227 0.67626953
vt 0.18408203 0.57495117
vt 0.99584961 0.92675781
vt 0.99438477 0.92919922
vt 0.99584961 0.92675781
vt 0.24096680 0.04638672
vt 0.99145508 0.46337891
vt 0.45874023 0.63964844
vt 0.18237305 0.39233398
vt 0.26831055 0.82031250
vt 0.08886719 0.92846680
vt 0.73242188 0.34106445
vt 0.01245117 0.05541992
vt 0.16235352 0.08666992
vt 0.50781250 0.50000000
vt 0.83447266 0.80712891
vt 0.99707031 0.92114258
vt 0.34936523 0.79956055
vt 0.32739258 0.83593750
vt 0.01367188 0.14648438
vt 0.45214844 0.68823242
vt 0.49707031 0.04150391
vt 0.13598633 0.50146484
vt 0.72338867 0.10986328
vt 0.35400391 0.68188477
vt 0.38696289 0.84179688
vt 0.07397461 0.47607422
vt 0.71801758 0.27026367
vt 0.95385742 0.53735352
vt 0.06909180 0.46337891
vt 0.16357422 0.08691406
vt 0.95263672 0.53686523
vt 0.72460938 0.31127930
vt 0.10180664 0.71020508
vt 0.84082031 0.81225586
vt 0.41186523 0.84497070
vt 0.34838867 0.82031250
vt 0.95019531 0.80126953
vt 0.72338867 0.30737305
vt 0.34448242 0.82788086
vt 0.72363281 0.29809570
vt 0.71850586 0.09301758
vt 0.36718750 0.67211914
vt 0.51782227 0.05004883
vt 0.73339844 0.35180664
vt 0.94604492 0.80029297
vt 0.08666992 0.92773438
vt 0.71533203 0.27368164
vt 0.72314453 0.10595703
vt 0.36718750 0.68017578
vt 0.90405273 0.90283203
vt 0.84277344 0.81323242
vt 0.31713867 0.82812500
vt 0.33496094 0.82934570
vt 0.99755859 0.92675781
vt 0.09521484 0.45678711
vt 0.83349609 0.80688477
vt 0.85180664 0.83251953
vt 0.13623047 0.36621094
vt 0.27514648 0.79492188
vt 0.15795898 0.39819336
vt 0.90747070 0.89404297
vt 0.95312500 0.57006836
vt 0.08715820 0.92675781
vt 0.95629883 0.57153320
vt 0.15698242 0.07983398
vt 0.90356445 0.90380859
vt 0.90869141 0.90039062
vt 0.15869141 0.39916992
vt 0.88012695 0.84057617
vt 0.84985352 0.81396484
vt 0.51098633 0.25170898
vt 0.17822266 0.08691406
vt 0.09497070 0.06640625
vt 0.98608398 0.47485352
vt 0.85620117 0.82910156
vt 0.50146484 0.68872070
vt 0.18823242 0.57128906
vt 0.49169922 0.10302734
vt 0.37084961 0.80200195
vt 0.71777344 0.27783203
vt 0.23876953 0.04663086
vt 0.09692383 0.75097656
vt 0.49267578 0.69213867
vt 0.46557617 0.69042969
vt 0.95434570 0.55981445
vt 0.90673828 0.91064453
vt 0.71679688 0.27319336
vt 0.16601562 0.08740234
vt 0.73071289 0.34228516
vt 0.73022461 0.34741211
vt 0.72924805 0.34277344
vt 0.72338867 0.31274414
vt 0.73193359 0.35864258
vt 0.59350586 0.16137695
vt 0.55371094 0.69775391
vt 0.16552734 0.08496094
vt 0.52099609 0.45385742
vt 0.48242188 0.41625977
vt 0.34179688 0.81909180
vt 0.71923828 0.10278320
vt 0.48608398 0.88232422
vt 0.01416016 0.76049805
vt 0.01538086 0.15332031
vt 0.27416992 0.80200195
vt 0.24389648 0.05053711
vt 0.51147461 0.46972656
vt 0.94165039 0.80346680
vt 0.69213867 0.59008789
vt 0.49047852 0.89819336
vt 0.49975586 0.05712891
vt 0.13989258 0.02880859
vt 0.49780273 0.69213867
vt 0.71972656 0.31225586
vt 0.02001953 0.08178711
vt 0.07470703 0.48413086
vt 0.11474609 0.46289062
vt 0.18041992 0.61938477
vt 0.02905273 0.50488281
vt 0.99780273 0.92602539
vt 0.09423828 0.06372070
vt 0.48242188 0.41577148
vt 0.08398438 0.07421875
vt 0.02832031 0.06103516
vt 0.28027344 0.79394531
vt 0.88305664 0.84033203
vt 0.17382812 0.39257812
vt 0.20141602 0.44946289
vt 0.22070312 0.06274414
vt 0.27587891 0.81689453
vt 0.24609375 0.05200195
vt 0.01635742 0.06347656
vt 0.48364258 0.90136719
vt 0.48608398 0.90332031
vt 0.01293945 0.06445312
vt 0.24218750 0.05786133
vt 0.95312500 0.54687500
vt 0.51098633 0.22314453
vt 0.79980469 0.99169922
vt 0.27783203 0.79223633
vt 0.60156250 0.14501953
vt 0.01123047 0.05590820
vt 0.48291016 0.41381836
vt 0.01464844 0.05932617
vt 0.94165039 0.81103516
vt 0.24267578 0.99267578
vt 0.94921875 0.56176758
vt 0.23608398 0.04785156
vt 0.05566406 0.46386719
vt 0.90185547 0.90283203
vt 0.26660156 0.70996094
vt 0.02832031 0.50610352
vt 0.94213867 0.81762695
vt 0.24267578 0.05639648
vt 0.49902344 0.04101562
vt 0.13647461 0.48437500
vt 0.08837891 0.05468750
vt 0.94995117 0.56225586
vt 0.71630859 0.27856445
vt 0.10058594 0.45410156
vt 0.98754883 0.47436523
vt 0.75073242 0.94262695
vt 0.79663086 0.99023438
vt 0.74438477 0.94140625
vt 0.08520508 0.69848633
vt 0.76245117 0.96533203
vt 0.09545898 0.06494141
vt 0.97070312 0.46923828
vt 0.13574219 0.36132812
vt 0.08959961 0.13476562
vt 0.00268555 0.84008789
vt 0.24047852 0.05566406
vt 0.72924805 0.08032227
vt 0.73022461 0.94091797
vt 0.73583984 0.35351562
vt 0.79785156 0.98950195
vt 0.27514648 0.80590820
vt 0.95190430 0.53710938
vt 0.06591797 0.45800781
vt 0.75708008 0.94531250
vt 0.72338867 0.11108398
vt 0.51831055 0.69165039
vt 0.51269531 0.22167969
vt 0.51196289 0.22241211
vt 0.08300781 0.91699219
vt 0.86621094 0.82397461
vt 0.73022461 0.94287109
vt 0.02514648 0.50488281
vt 0.74536133 0.94213867
vt 0.52612305 0.22143555
vt 0.89526367 0.91528320
vt 0.72998047 0.34570312
vt 0.02685547 0.06127930
vt 0.06152344 0.45605469
vt 0.30908203 0.80249023
vt 0.94799805 0.57446289
vt 0.72631836 0.94287109
vt 0.14013672 0.02978516
vt 0.71411133 0.26440430
vt 0.17675781 0.09619141
vt 0.51269531 0.05981445
vt 0.51782227 0.03320312
vt 0.89526367 0.91528320
vt 0.05444336 0.45092773
vt 0.51342773 0.05151367
vt 0.23779297 0.05737305
vt 0.17944336 0.57421875
vt 0.16552734 0.08422852
vt 0.74389648 0.94262695
vt 0.97509766 0.47021484
vt 0.73974609 0.94238281
vt 0.00219727 0.84887695
vt 0.00219727 0.84887695
vt 0.02954102 0.50781250
vt 0.94848633 0.80224609
vt 0.94921875 0.56933594
vt 0.22680664 0.04614258
vt 0.72265625 0.94311523
vt 0.73535156 0.94482422
vt 0.32910156 0.82592773
vt 0.50610352 0.06005859
vt 0.06591797 0.48535156
vt 0.85351562 0.81738281
vt 0.72924805 0.34741211
vt 0.89428711 0.91479492
vt 0.45922852 0.98168945
vt 0.01342773 0.06347656
vt 0.34155273 0.78027344
vt 0.88183594 0.83715820
vt 0.22143555 0.03393555
vt 0.54443359 0.93212891
vt 0.89208984 0.91967773
vt 0.26733398 0.83837891
vt 0.14355469 0.34033203
vt 0.72119141 0.94409180
vt 0.48046875 0.41333008
vt 0.00903320 0.07812500
vt 0.13012695 0.03222656
vt 0.48535156 0.40893555
vt 0.72070312 0.27905273
vt 0.01123047 0.75366211
vt 0.85913086 0.81933594
vt 0.35986328 0.79223633
vt 0.44750977 0.69238281
vt 0.74951172 0.94433594
vt 0.72509766 0.10253906
vt 0.22875977 0.04980469
vt 0.94921875 0.54345703
vt 0.00561523 0.84960938
vt 0.17504883 0.58471680
vt 0.74609375 0.94555664
vt 0.58349609 0.48803711
vt 0.27514648 0.80590820
vt 0.71484375 0.28173828
vt 0.16308594 0.03662109
vt 0.79711914 0.42065430
vt 0.26220703 0.81591797
vt 0.51171875 0.05346680
vt 0.51196289 0.05200195
vt 0.18920898 0.34643555
vt 0.94995117 0.55957031
vt 0.47338867 0.69726562
vt 0.88085938 0.83422852
vt 0.29565430 0.77368164
vt 0.00439453 0.84179688
vt 0.73730469 0.94311523
vt 0.34570312 0.64697266
vt 0.17236328 0.39233398
vt 0.37133789 0.66284180
vt 0.02661133 0.50683594
vt 0.09155273 0.08471680
vt 0.35742188 0.80419922
vt 0.19433594 0.56762695
vt 0.16699219 0.08081055
vt 0.01049805 0.76098633
vt 0.73510742 0.94311523
vt 0.22436523 0.03686523
vt 0.88330078 0.93359375
vt 0.94873047 0.56372070
vt 0.48583984 0.40917969
vt 0.48535156 0.40844727
vt 0.95678711 0.77343750
vt 0.49023438 0.41381836
vt 0.35668945 0.80444336
vt 0.89746094 0.90795898
vt 0.13842773 0.02832031
vt 0.48925781 0.42358398
vt 0.16625977 0.08300781
vt 0.50439453 0.49658203
vt 0.56762695 0.18164062
vt 0.15454102 0.07788086
vt 0.24121094 0.99438477
vt 0.09887695 0.44946289
vt 0.93725586 0.78906250
vt 0.51855469 0.04077148
vt 0.72851562 0.34252930
vt 0.15332031 0.07666016
vt 0.86230469 0.81616211
vt 0.85424805 0.81665039
vt 0.24389648 0.99389648
vt 0.22851562 0.04589844
vt 0.74829102 0.94531250
vt 0.23852539 0.03540039
vt 0.17285156 0.62109375
vt 0.86083984 0.82104492
vt 0.72265625 0.94506836
vt 0.07324219 0.48608398
vt 0.48217773 0.88574219
vt 0.47338867 0.87426758
vt 0.13745117 0.02661133
vt 0.37036133 0.78759766
vt 0.29077148 0.79687500
vt 0.34008789 0.81860352
vt 0.61303711 0.12329102
vt 0.71728516 0.95019531
vt 0.71752930 0.94628906
vt 0.86303711 0.81933594
vt 0.88989258 0.90747070
vt 0.80493164 0.43554688
vt 0.50146484 0.70532227
vt 0.01733398 0.06372070
vt 0.01562500 0.04809570
vt 0.71801758 0.30541992
vt 0.16235352 0.07666016
vt 0.27343750 0.83666992
vt 0.47338867 0.68212891
vt 0.37060547 0.68188477
vt 0.27612305 0.83105469
vt 0.17041016 0.61108398
vt 0.94775391 0.56665039
vt 0.19433594 0.56762695
vt 0.24389648 0.99218750
vt 0.13476562 0.36425781
vt 0.93212891 0.56933594
vt 0.06738281 0.46362305
vt 0.09838867 0.44580078
vt 0.88500977 0.83813477
vt 0.24462891 0.99243164
vt 0.47485352 0.41162109
vt 0.27832031 0.80664062
vt 0.88696289 0.91650391
vt 0.86303711 0.82128906
vt 0.58251953 0.49438477
vt 0.73510742 0.35424805
vt 0.36938477 0.78784180
vt 0.13256836 0.36450195
vt 0.14135742 0.33935547
vt 0.15039062 0.34228516
vt 0.07006836 0.48046875
vt 0.02929688 0.06542969
vt 0.49414062 0.04077148
vt 0.24194336 0.99804688
vt 0.31616211 0.79443359
vt 0.86791992 0.82275391
vt 0.37500000 0.66284180
vt 0.88330078 0.83740234
vt 0.48217773 0.88378906
vt 0.75805664 0.95361328
vt 0.09619141 0.44311523
vt 0.37329102 0.68139648
vt 0.72753906 0.34228516
vt 0.72460938 0.33227539
vt 0.75463867 0.34570312
vt 0.51635742 0.50024414
vt 0.58447266 0.49169922
vt 0.00781250 0.84130859
vt 0.08398438 0.92333984
vt 0.52148438 0.03295898
vt 0.72729492 0.34057617
vt 0.00781250 0.74926758
vt 0.88403320 0.83959961
vt 0.88598633 0.83544922
vt 0.01245117 0.06494141
vt 0.47583008 0.90112305
vt 0.23559570 0.05664062
vt 0.01953125 0.06665039
vt 0.45800781 0.69628906
vt 0.08251953 0.92749023
vt 0.51953125 0.50610352
vt 0.89501953 0.90820312
vt 0.49340820 0.88012695
vt 0.52172852 0.46240234
vt 0.27783203 0.82128906
vt 0.57104492 0.49340820
vt 0.13452148 0.33984375
vt 0.50341797 0.98168945
vt 0.95507812 0.53662109
vt 0.89501953 0.90698242
vt 0.07226562 0.07788086
vt 0.86132812 0.81127930
vt 0.72802734 0.10302734
vt 0.27270508 0.83618164
vt 0.37109375 0.66674805
vt 0.87939453 0.83056641
vt 0.94873047 0.54418945
vt 0.01269531 0.83935547
vt 0.88989258 0.90747070
vt 0.16625977 0.07910156
vt 0.99096680 0.12963867
vt 0.08007812 0.46411133
vt 0.22290039 0.18017578
vt 0.17138672 0.62524414
vt 0.07641602 0.45239258
vt 0.37500000 0.67016602
vt 0.24560547 0.83666992
vt 0.17578125 0.63403320
vt 0.13232422 0.36303711
vt 0.17382812 0.58471680
vt 0.13305664 0.36425781
vt 0.08032227 0.48852539
vt 0.27758789 0.79541016
vt 0.01196289 0.06909180
vt 0.88305664 0.92602539
vt 0.87939453 0.92529297
vt 0.13208008 0.32739258
vt 0.03369141 0.13769531
vt 0.32031250 0.82788086
vt 0.87304688 0.82568359
vt 0.24316406 0.99487305
vt 0.07202148 0.45068359
vt 0.08178711 0.45288086
vt 0.06201172 0.48071289
vt 0.91015625 0.26318359
vt 0.17822266 0.08544922
vt 0.47827148 0.89477539
vt 0.88818359 0.91235352
vt 0.58984375 0.15087891
vt 0.47924805 0.88159180
vt 0.24316406 0.99584961
vt 0.88232422 0.92797852
vt 0.00244141 0.75659180
vt 0.58325195 0.49560547
vt 0.17944336 0.08666992
vt 0.99340820 0.12646484
vt 0.53784180 0.67895508
vt 0.08227539 0.92480469
vt 0.53930664 0.92846680
vt 0.24316406 0.99584961
vt 0.58154297 0.50317383
vt 0.00878906 0.85449219
vt 0.73461914 0.35327148
vt 0.90942383 0.89526367
vt 0.37280273 0.65966797
vt 0.27807617 0.80639648
vt 0.47680664 0.90063477
vt 0.37426758 0.66723633
vt 0.70361328 0.29858398
vt 0.10424805 0.12988281
vt 0.57714844 0.49243164
vt 0.91137695 0.29492188
vt 0.16674805 0.07666016
vt 0.13305664 0.02832031
vt 0.88378906 0.83496094
vt 0.90869141 0.30126953
vt 0.87548828 0.93627930
vt 0.15209961 0.25952148
vt 0.46264648 0.98095703
vt 0.87597656 0.93505859
vt 0.89111328 0.93505859
vt 0.71997070 0.95141602
vt 0.50146484 0.70166016
vt 0.50268555 0.70605469
vt 0.91113281 0.27050781
vt 0.17309570 0.08032227
vt 0.48852539 0.88720703
vt 0.78002930 0.76025391
vt 0.27758789 0.82739258
vt 0.87841797 0.91601562
vt 0.88256836 0.83422852
vt 0.45996094 0.99218750
vt 0.01489258 0.06835938
vt 0.14526367 0.36230469
vt 0.15209961 0.26171875
vt 0.58349609 0.49975586
vt 0.59936523 0.25000000
vt 0.69409180 0.49584961
vt 0.86303711 0.86694336
vt 0.74877930 0.34887695
vt 0.47143555 0.87231445
vt 0.56591797 0.25122070
vt 0.15966797 0.02416992
vt 0.50585938 0.97924805
vt 0.88427734 0.91796875
vt 0.86108398 0.86840820
vt 0.87719727 0.82836914
vt 0.35083008 0.66625977
vt 0.88549805 0.91821289
vt 0.38305664 0.67553711
vt 0.14794922 0.28271484
vt 0.37573242 0.65917969
vt 0.86718750 0.81713867
vt 0.59448242 0.14282227
vt 0.25244141 0.20117188
vt 0.88012695 0.92480469
vt 0.90869141 0.30468750
vt 0.58984375 0.26464844
vt 0.11230469 0.45239258
vt 0.28173828 0.82031250
vt 0.77441406 0.30102539
vt 0.54785156 0.22973633
vt 0.46313477 0.71386719
vt 0.93579102 0.53857422
vt 0.90942383 0.30151367
vt 0.03271484 0.14355469
vt 0.09838867 0.44506836
vt 0.09838867 0.44506836
vt 0.88476562 0.83178711
vt 0.09106445 0.25683594
vt 0.78320312 0.25463867
vt 0.15917969 0.02075195
vt 0.88647461 0.90966797
vt 0.70312500 0.29125977
vt 0.53759766 0.92871094
vt 0.88354492 0.91333008
vt 0.58325195 0.49731445
vt 0.70336914 0.28588867
vt 0.11035156 0.45190430
vt 0.13598633 0.33959961
vt 0.74877930 0.95117188
vt 0.37548828 0.66674805
vt 0.91235352 0.27978516
vt 0.69506836 0.49658203
vt 0.38134766 0.67504883
vt 0.58471680 0.26147461
vt 0.93212891 0.56640625
vt 0.57031250 0.49633789
vt 0.10351562 0.44750977
vt 0.70117188 0.27954102
vt 0.70019531 0.27709961
vt 0.56616211 0.17236328
vt 0.77490234 0.28930664
vt 0.11694336 0.45629883
vt 0.10083008 0.44433594
vt 0.15234375 0.26367188
vt 0.15063477 0.25927734
vt 0.88647461 0.83642578
vt 0.74340820 0.95336914
vt 0.01025391 0.85766602
vt 0.32177734 0.82592773
vt 0.10400391 0.44580078
vt 0.19604492 0.44189453
vt 0.70800781 0.02734375
vt 0.29980469 0.82519531
vt 0.68823242 0.47460938
vt 0.09570312 0.26684570
vt 0.77294922 0.34277344
vt 0.37646484 0.65063477
vt 0.31982422 0.82690430
vt 0.59033203 0.26635742
vt 0.80566406 0.43554688
vt 0.68066406 0.03662109
vt 0.14990234 0.26367188
vt 0.89013672 0.88500977
vt 0.62646484 0.12353516
vt 0.16186523 0.03417969
vt 0.70092773 0.27856445
vt 0.31738281 0.82763672
vt 0.50512695 0.70507812
vt 0.77319336 0.30932617
vt 0.84887695 0.13281250
vt 0.84887695 0.13281250
vt 0.57250977 0.16577148
vt 0.59375000 0.26416016
vt 0.96728516 0.78100586
vt 0.12133789 0.33227539
vt 0.70288086 0.02880859
vt 0.87622070 0.82373047
vt 0.86767578 0.81665039
vt 0.77246094 0.33911133
vt 0.62719727 0.99291992
vt 0.58471680 0.26049805
vt 0.90991211 0.30444336
vt 0.77172852 0.32934570
vt 0.77465820 0.29125977
vt 0.15185547 0.26782227
vt 0.91113281 0.27050781
vt 0.03100586 0.14672852
vt 0.11499023 0.14355469
vt 0.69091797 0.49414062
vt 0.66479492 0.58935547
vt 0.15112305 0.26562500
vt 0.93579102 0.55590820
vt 0.88671875 0.83374023
vt 0.97607422 0.36645508
vt 0.28369141 0.81982422
vt 0.77197266 0.33227539
vt 0.01733398 0.84619141
vt 0.73901367 0.95336914
vt 0.73901367 0.95361328
vt 0.73632812 0.95385742
vt 0.77636719 0.33105469
vt 0.77294922 0.29980469
vt 0.93334961 0.56860352
vt 0.10131836 0.68750000
vt 0.13281250 0.27124023
vt 0.09301758 0.42065430
vt 0.45971680 0.98608398
vt 0.03540039 0.82617188
vt 0.69970703 0.03198242
vt 0.62304688 0.99584961
vt 0.80517578 0.43603516
vt 0.77490234 0.32812500
vt 0.61987305 0.99072266
vt 0.62670898 0.99291992
vt 0.77465820 0.30932617
vt 0.15039062 0.26562500
vt 0.87768555 0.82226562
vt 0.50146484 0.70410156
vt 0.77514648 0.31982422
vt 0.96582031 0.36718750
vt 0.96337891 0.18261719
vt 0.85302734 0.13354492
vt 0.29052734 0.99487305
vt 0.20507812 0.20776367
vt 0.68725586 0.49389648
vt 0.45996094 0.70458984
vt 0.47045898 0.71020508
vt 0.77294922 0.34106445
vt 0.35766602 0.76831055
vt 0.88574219 0.83056641
vt 0.93164062 0.57250977
vt 0.42822266 0.78076172
vt 0.52294922 0.26025391
vt 0.10327148 0.15234375
vt 0.43505859 0.77905273
vt 0.88671875 0.83276367
vt 0.10205078 0.64624023
vt 0.46899414 0.70410156
vt 0.38110352 0.69189453
vt 0.47290039 0.87402344
vt 0.92871094 0.77807617
vt 0.11010742 0.43725586
vt 0.42797852 0.78002930
vt 0.86987305 0.81518555
vt 0.43579102 0.77807617
vt 0.13134766 0.46240234
vt 0.77368164 0.33154297
vt 0.87646484 0.81933594
vt 0.52221680 0.22338867
vt 0.58032227 0.50390625
vt 0.89013672 0.93750000
vt 0.58325195 0.25439453
vt 0.08300781 0.52880859
vt 0.38183594 0.63916016
vt 0.12744141 0.11083984
vt 0.92871094 0.56152344
vt 0.09960938 0.68017578
vt 0.49951172 0.98925781
vt 0.85620117 0.14062500
vt 0.38061523 0.63940430
vt 0.57031250 0.49633789
vt 0.97509766 0.36425781
vt 0.97290039 0.36572266
vt 0.96435547 0.18237305
vt 0.57739258 0.25659180
vt 0.43676758 0.77758789
vt 0.77294922 0.34423828
vt 0.50024414 0.87524414
vt 0.77539062 0.33374023
vt 0.77661133 0.31420898
vt 0.10107422 0.66577148
vt 0.00659180 0.34765625
vt 0.56787109 0.93579102
vt 0.75195312 0.95874023
vt 0.93066406 0.57348633
vt 0.68603516 0.48120117
vt 0.62084961 0.13159180
vt 0.69140625 0.48876953
vt 0.20556641 0.20849609
vt 0.18066406 0.35766602
vt 0.51293945 0.98852539
vt 0.94091797 0.53442383
vt 0.93261719 0.55932617
vt 0.00463867 0.34765625
vt 0.10180664 0.66113281
vt 0.46704102 0.70629883
vt 0.68945312 0.48974609
vt 0.52416992 0.26025391
vt 0.58056641 0.25463867
vt 0.12353516 0.11376953
vt 0.77490234 0.32324219
vt 0.93969727 0.20825195
vt 0.12670898 0.11303711
vt 0.62646484 0.99316406
vt 0.38891602 0.82348633
vt 0.09179688 0.15795898
vt 0.13085938 0.33984375
vt 0.77709961 0.31469727
vt 0.01342773 0.84301758
vt 0.48315430 0.70678711
vt 0.77465820 0.33666992
vt 0.13232422 0.11059570
vt 0.10131836 0.66430664
vt 0.43408203 0.77758789
vt 0.06494141 0.00415039
vt 0.25512695 0.08007812
vt 0.10644531 0.15185547
vt 0.78881836 0.32934570
vt 0.43408203 0.77758789
vt 0.15234375 0.27612305
vt 0.84619141 0.14111328
vt 0.53466797 0.92871094
vt 0.10083008 0.67675781
vt 0.73437500 0.95874023
vt 0.73681641 0.95849609
vt 0.01708984 0.34350586
vt 0.10034180 0.68701172
vt 0.47900391 0.70898438
vt 0.03637695 0.13574219
vt 0.74414062 0.96313477
vt 0.02978516 0.11889648
vt 0.38330078 0.66870117
vt 0.12353516 0.09912109
vt 0.09985352 0.68945312
vt 0.58325195 0.25561523
vt 0.70117188 0.03369141
vt 0.32788086 0.81445312
vt 0.14501953 0.27856445
vt 0.97070312 0.37353516
vt 0.85498047 0.14013672
vt 0.43530273 0.77343750
vt 0.00732422 0.32739258
vt 0.69970703 0.02905273
vt 0.12988281 0.33813477
vt 0.01855469 0.84619141
vt 0.12817383 0.11157227
vt 0.85180664 0.14013672
vt 0.19873047 0.44580078
vt 0.77539062 0.31835938
vt 0.68457031 0.03784180
vt 0.14990234 0.27807617
vt 0.31787109 0.81079102
vt 0.67749023 0.47827148
vt 0.10034180 0.67504883
vt 0.73046875 0.79028320
vt 0.32080078 0.81909180
vt 0.03466797 0.14257812
vt 0.78686523 0.52539062
vt 0.50390625 0.70605469
vt 0.97119141 0.39721680
vt 0.48144531 0.70849609
vt 0.95678711 0.77246094
vt 0.87402344 0.91870117
vt 0.53466797 0.92749023
vt 0.66088867 0.55810547
vt 0.50610352 0.70825195
vt 0.73510742 0.96044922
vt 0.70019531 0.16918945
vt 0.06469727 0.01025391
vt 0.77709961 0.34204102
vt 0.77758789 0.30029297
vt 0.87255859 0.92431641
vt 0.87573242 0.91748047
vt 0.77685547 0.32958984
vt 0.10107422 0.16137695
vt 0.68579102 0.49560547
vt 0.69775391 0.03002930
vt 0.58642578 0.50659180
vt 0.31127930 0.81762695
vt 0.69506836 0.03125000
vt 0.73901367 0.78906250
vt 0.12866211 0.33886719
vt 0.79223633 0.25927734
vt 0.51440430 0.92309570
vt 0.25073242 0.10327148
vt 0.81762695 0.47241211
vt 0.50390625 0.70678711
vt 0.77661133 0.33300781
vt 0.84301758 0.14941406
vt 0.62646484 0.27636719
vt 0.77758789 0.30883789
vt 0.50561523 0.99243164
vt 0.09936523 0.67236328
vt 0.92822266 0.53881836
vt 0.96459961 0.73217773
vt 0.09863281 0.67797852
vt 0.86328125 0.18530273
vt 0.10644531 0.15185547
vt 0.75170898 0.78393555
vt 0.57250977 0.25097656
vt 0.77734375 0.31103516
vt 0.92993164 0.55859375
vt 0.63842773 0.27270508
vt 0.70117188 0.16333008
vt 0.39746094 0.77197266
vt 0.81445312 0.45874023
vt 0.47265625 0.87353516
vt 0.77905273 0.31054688
vt 0.59863281 0.27368164
vt 0.03564453 0.14013672
vt 0.70166016 0.16308594
vt 0.08154297 0.68383789
vt 0.92919922 0.55957031
vt 0.75366211 0.45507812
vt 0.76879883 0.77783203
vt 0.78002930 0.01098633
vt 0.04370117 0.11962891
vt 0.50073242 0.99243164
vt 0.69775391 0.03222656
vt 0.22558594 0.18457031
vt 0.12377930 0.35864258
vt 0.61889648 0.27319336
vt 0.47241211 0.87329102
vt 0.47387695 0.86254883
vt 0.52099609 0.70532227
vt 0.69726562 0.02734375
vt 0.74487305 0.78613281
vt 0.97363281 0.21728516
vt 0.06396484 0.01293945
vt 0.78613281 0.26928711
vt 0.83203125 0.16894531
vt 0.55883789 0.93627930
vt 0.57177734 0.93920898
vt 0.93457031 0.52929688
vt 0.03588867 0.14013672
vt 0.20996094 0.42944336
vt 0.53613281 0.85229492
vt 0.54589844 0.21899414
vt 0.79882812 0.01660156
vt 0.39624023 0.81225586
vt 0.76562500 0.77880859
vt 0.68041992 0.49658203
vt 0.57763672 0.50976562
vt 0.38720703 0.65380859
vt 0.09619141 0.64697266
vt 0.12670898 0.10742188
vt 0.79345703 0.26318359
vt 0.55175781 0.14624023
vt 0.58227539 0.51074219
vt 0.09692383 0.64453125
vt 0.12817383 0.10668945
vt 0.69506836 0.03295898
vt 0.68261719 0.48510742
vt 0.66430664 0.97949219
vt 0.06176758 0.00903320
vt 0.67529297 0.20141602
vt 0.50000000 0.99291992
vt 0.56274414 0.13305664
vt 0.17675781 0.44995117
vt 0.53588867 0.26586914
vt 0.85327148 0.18310547
vt 0.14648438 0.29980469
vt 0.14746094 0.28540039
vt 0.58422852 0.51196289
vt 0.68383789 0.48339844
vt 0.57543945 0.52685547
vt 0.68920898 0.17114258
vt 0.02148438 0.56469727
vt 0.99047852 0.27465820
vt 0.01538086 0.33447266
vt 0.99462891 0.26196289
vt 0.01464844 0.33349609
vt 0.60986328 0.24902344
vt 0.21069336 0.23120117
vt 0.81201172 0.33154297
vt 0.68334961 0.48291016
vt 0.48388672 0.26440430
vt 0.53295898 0.22167969
vt 0.00463867 0.33056641
vt 0.73583984 0.47070312
vt 0.24755859 0.07934570
vt 0.80297852 0.02197266
vt 0.95239258 0.38647461
vt 0.72363281 0.76440430
vt 0.99462891 0.26318359
vt 0.62207031 0.26879883
vt 0.50488281 0.00537109
vt 0.95141602 0.38696289
vt 0.09399414 0.25366211
vt 0.59570312 0.11962891
vt 0.93432617 0.52905273
vt 0.80541992 0.44970703
vt 0.43627930 0.35205078
vt 0.83251953 0.17041016
vt 0.53149414 0.22167969
vt 0.11181641 0.24877930
vt 0.83789062 0.16455078
vt 0.95117188 0.38842773
vt 0.53491211 0.22460938
vt 0.74316406 0.48925781
vt 0.65283203 0.24584961
vt 0.86328125 0.18505859
vt 0.09033203 0.53759766
vt 0.65380859 0.26611328
vt 0.14331055 0.27856445
vt 0.08129883 0.43725586
vt 0.66186523 0.26904297
vt 0.69360352 0.18994141
vt 0.95239258 0.38769531
vt 0.69360352 0.02954102
vt 0.88183594 0.98999023
vt 0.47290039 0.85449219
vt 0.97998047 0.43945312
vt 0.06591797 0.44409180
vt 0.75000000 0.45727539
vt 0.87451172 0.87646484
vt 0.11181641 0.43652344
vt 0.30712891 0.81835938
vt 0.68554688 0.19165039
vt 0.14331055 0.28076172
vt 0.66235352 0.27465820
vt 0.74340820 0.49975586
vt 0.39013672 0.81518555
vt 0.50122070 0.64892578
vt 0.14575195 0.28613281
vt 0.57055664 0.13061523
vt 0.13647461 0.27368164
vt 0.79003906 0.30126953
vt 0.53491211 0.22167969
vt 0.39038086 0.65063477
vt 0.06689453 0.01318359
vt 0.08203125 0.12060547
vt 0.62524414 0.27294922
vt 0.69116211 0.03125000
vt 0.46459961 0.71533203
vt 0.53442383 0.25878906
vt 0.68847656 0.03320312
vt 0.74316406 0.75976562
vt 0.67138672 0.57641602
vt 0.15893555 0.09765625
vt 0.64550781 0.24951172
vt 0.11865234 0.16552734
vt 0.53491211 0.26147461
vt 0.94506836 0.12670898
vt 0.76098633 0.96875000
vt 0.81030273 0.44506836
vt 0.74243164 0.04614258
vt 0.07958984 0.43652344
vt 0.10839844 0.25048828
vt 0.73779297 0.04638672
vt 0.99584961 0.42065430
vt 0.97363281 0.21826172
vt 0.53295898 0.22290039
vt 0.64404297 0.25219727
vt 0.83349609 0.17285156
vt 0.43725586 0.77026367
vt 0.69067383 0.03125000
vt 0.86474609 0.06005859
vt 0.09643555 0.24487305
vt 0.13452148 0.26147461
vt 0.12255859 0.15771484
vt 0.79272461 0.28686523
vt 0.24243164 0.07958984
vt 0.74511719 0.04174805
vt 0.13012695 0.27026367
vt 0.50488281 0.00659180
vt 0.55834961 0.06127930
vt 0.10888672 0.43237305
vt 0.74487305 0.75927734
vt 0.12011719 0.15820312
vt 0.83447266 0.17333984
vt 0.74438477 0.49121094
vt 0.79272461 0.27026367
vt 0.08471680 0.68652344
vt 0.94531250 0.12548828
vt 0.43701172 0.76782227
vt 0.64306641 0.24926758
vt 0.29589844 0.82324219
vt 0.68090820 0.49804688
vt 0.74609375 0.78637695
vt 0.08056641 0.65063477
vt 0.56713867 0.04687500
vt 0.79150391 0.30786133
vt 0.81250000 0.44604492
vt 0.12890625 0.16210938
vt 0.84692383 0.16259766
vt 0.79321289 0.31396484
vt 0.52709961 0.92016602
vt 0.64160156 0.27587891
vt 0.76318359 0.96704102
vt 0.10205078 0.42724609
vt 0.71875000 0.78710938
vt 0.69726562 0.77001953
vt 0.67065430 0.58520508
vt 0.74609375 0.49291992
vt 0.64013672 0.18750000
vt 0.50268555 0.00732422
vt 0.50341797 0.00537109
vt 0.30664062 0.81591797
vt 0.50341797 0.00659180
vt 0.79370117 0.26562500
vt 0.08642578 0.66430664
vt 0.06860352 0.01416016
vt 0.53442383 0.26586914
vt 0.31152344 0.81396484
vt 0.65185547 0.16723633
vt 0.72119141 0.76977539
vt 0.69262695 0.16723633
vt 0.79296875 0.29809570
vt 0.79296875 0.28955078
vt 0.14843750 0.30249023
vt 0.78930664 0.32568359
vt 0.30078125 0.82128906
vt 0.19287109 0.50585938
vt 0.08691406 0.53466797
vt 0.74145508 0.75976562
vt 0.13525391 0.27709961
vt 0.82958984 0.18212891
vt 0.06445312 0.01538086
vt 0.58398438 0.52050781
vt 0.39111328 0.81469727
vt 0.66455078 0.97973633
vt 0.64379883 0.25000000
vt 0.96826172 0.52368164
vt 0.81127930 0.44750977
vt 0.11230469 0.43432617
vt 0.83300781 0.89794922
vt 0.10009766 0.42602539
vt 0.79321289 0.28051758
vt 0.30541992 0.81689453
vt 0.06689453 0.01562500
vt 0.06323242 0.01611328
vt 0.64916992 0.48510742
vt 0.85913086 0.14746094
vt 0.83129883 0.89599609
vt 0.34130859 0.76635742
vt 0.96899414 0.52441406
vt 0.68041992 0.16943359
vt 0.65917969 0.18798828
vt 0.31152344 0.81372070
vt 0.95385742 0.52416992
vt 0.50244141 0.00610352
vt 0.53515625 0.23339844
vt 0.24902344 0.09887695
vt 0.72045898 0.76855469
vt 0.64965820 0.26806641
vt 0.31396484 0.81225586
vt 0.50195312 0.00585938
vt 0.97485352 0.52490234
vt 0.97290039 0.52490234
vt 0.14575195 0.29760742
vt 0.79418945 0.26708984
vt 0.68115234 0.16894531
vt 0.10205078 0.42675781
vt 0.24511719 0.09082031
vt 0.97070312 0.52709961
vt 0.95922852 0.52416992
vt 0.23388672 0.07788086
vt 0.10034180 0.25439453
vt 0.96313477 0.52465820
vt 0.95825195 0.52929688
vt 0.22949219 0.07348633
vt 0.12207031 0.15869141
vt 0.94946289 0.52587891
vt 0.86279297 0.08203125
vt 0.78881836 0.32275391
vt 0.85986328 0.14746094
vt 0.94824219 0.52587891
vt 0.58715820 0.18237305
vt 0.14624023 0.29858398
vt 0.99487305 0.42065430
vt 0.64086914 0.24829102
vt 0.74633789 0.49243164
vt 0.39062500 0.81445312
vt 0.22973633 0.87622070
vt 0.95898438 0.52685547
vt 0.67480469 0.53198242
vt 0.73535156 0.50244141
vt 0.09277344 0.54443359
vt 0.59790039 0.01049805
vt 0.60180664 0.00732422
vt 0.98950195 0.26196289
vt 0.23413086 0.85693359
vt 0.28491211 0.18579102
vt 0.43115234 0.68994141
vt 0.79345703 0.28710938
vt 0.73803711 0.50317383
vt 0.84082031 0.18725586
vt 0.23266602 0.85229492
vt 0.69799805 0.16381836
vt 0.68652344 0.03320312
vt 0.02026367 0.68701172
vt 0.71533203 0.03979492
vt 0.87963867 0.90576172
vt 0.14868164 0.30468750
vt 0.60083008 0.00708008
vt 0.79760742 0.26171875
vt 0.40161133 0.75927734
vt 0.73266602 0.50146484
vt 0.86328125 0.88647461
vt 0.47607422 0.72314453
vt 0.93432617 0.12231445
vt 0.67065430 0.58203125
vt 0.79272461 0.29882812
vt 0.79174805 0.30664062
vt 0.67749023 0.16918945
vt 0.39550781 0.64941406
vt 0.79443359 0.28125000
vt 0.71655273 0.06347656
vt 0.02807617 0.11230469
vt 0.72021484 0.77026367
vt 0.59619141 0.00659180
vt 0.39575195 0.67138672
vt 0.79394531 0.30517578
vt 0.79296875 0.30126953
vt 0.73193359 0.50195312
vt 0.84667969 0.16455078
vt 0.14160156 0.30468750
vt 0.94555664 0.11401367
vt 0.93945312 0.99755859
vt 0.79589844 0.26342773
vt 0.79541016 0.29345703
vt 0.85375977 0.05322266
vt 0.66625977 0.16503906
vt 0.65966797 0.16406250
vt 0.79614258 0.26293945
vt 0.85180664 0.05322266
vt 0.96899414 0.52856445
vt 0.79296875 0.30126953
vt 0.07592773 0.43579102
vt 0.12622070 0.16210938
vt 0.73120117 0.50244141
vt 0.67041016 0.58789062
vt 0.79003906 0.32348633
vt 0.73242188 0.50292969
vt 0.12597656 0.08837891
vt 0.35473633 0.76098633
vt 0.10595703 0.24633789
vt 0.79516602 0.28344727
vt 0.58203125 0.06542969
vt 0.13452148 0.27612305
vt 0.74487305 0.03784180
vt 0.55151367 0.22827148
vt 0.68505859 0.03320312
vt 0.68457031 0.03417969
vt 0.03906250 0.12646484
vt 0.51660156 0.91943359
vt 0.96923828 0.53051758
vt 0.79345703 0.30224609
vt 0.71069336 0.80004883
vt 0.14648438 0.30102539
vt 0.64941406 0.27197266
vt 0.97094727 0.39648438
vt 0.71801758 0.76806641
vt 0.41015625 0.68017578
vt 0.79589844 0.28564453
vt 0.02978516 0.35839844
vt 0.15307617 0.09204102
vt 0.79687500 0.27661133
vt 0.73583984 0.50390625
vt 0.07739258 0.67773438
vt 0.66430664 0.58300781
vt 0.10253906 0.25219727
vt 0.13281250 0.16772461
vt 0.14746094 0.30419922
vt 0.67016602 0.58374023
vt 0.66967773 0.58813477
vt 0.74804688 0.49243164
vt 0.19506836 0.48901367
vt 0.68310547 0.03369141
vt 0.53955078 0.23754883
vt 0.53735352 0.98364258
vt 0.68359375 0.03393555
vt 0.12597656 0.26928711
vt 0.84423828 0.17163086
vt 0.67016602 0.58129883
vt 0.68334961 0.02636719
vt 0.66992188 0.58178711
vt 0.80102539 0.25952148
vt 0.74072266 0.50512695
vt 0.66870117 0.58715820
vt 0.66772461 0.58740234
vt 0.73974609 0.50415039
vt 0.78320312 0.01196289
vt 0.66674805 0.58007812
vt 0.71997070 0.76611328
vt 0.02905273 0.10937500
vt 0.81347656 0.45263672
vt 0.68237305 0.03173828
vt 0.58154297 0.52636719
vt 0.40673828 0.67553711
vt 0.55590820 0.23681641
vt 0.58227539 0.52758789
vt 0.68896484 0.20410156
vt 0.00732422 0.32666016
vt 0.78710938 0.01391602
vt 0.31811523 0.67333984
vt 0.54443359 0.98608398
vt 0.09057617 0.53857422
vt 0.13842773 0.31030273
vt 0.22680664 0.24414062
vt 0.89428711 0.11547852
vt 0.68115234 0.03564453
vt 0.68188477 0.03515625
vt 0.69506836 0.19677734
vt 0.72265625 0.76416016
vt 0.13281250 0.27709961
vt 0.19165039 0.49365234
vt 0.69921875 0.77685547
vt 0.12744141 0.27465820
vt 0.66625977 0.58618164
vt 0.68505859 0.02734375
vt 0.98779297 0.27416992
vt 0.19848633 0.48657227
vt 0.13183594 0.27539062
vt 0.09033203 0.53857422
vt 0.96948242 0.38867188
vt 0.89575195 0.11547852
vt 0.84667969 0.17456055
vt 0.66650391 0.16162109
vt 0.67260742 0.49877930
vt 0.68505859 0.02685547
vt 0.69726562 0.20458984
vt 0.71850586 0.03808594
vt 0.10375977 0.24975586
vt 0.14038086 0.29589844
vt 0.14184570 0.29931641
vt 0.65014648 0.27246094
vt 0.12524414 0.25781250
vt 0.67895508 0.03491211
vt 0.66503906 0.58276367
vt 0.59497070 0.00683594
vt 0.09838867 0.54980469
vt 0.65942383 0.16235352
vt 0.22949219 0.07446289
vt 0.68237305 0.03173828
vt 0.65161133 0.27221680
vt 0.90625000 0.14624023
vt 0.66943359 0.57641602
vt 0.73681641 0.50512695
vt 0.66601562 0.58129883
vt 0.80297852 0.01196289
vt 0.08544922 0.55249023
vt 0.01977539 0.69726562
vt 0.66601562 0.57958984
vt 0.66333008 0.58496094
vt 0.04565430 0.43945312
vt 0.84570312 0.17333984
vt 0.09448242 0.24267578
vt 0.08325195 0.55371094
vt 0.08203125 0.64843750
vt 0.31982422 0.98120117
vt 0.32177734 0.99487305
vt 0.14038086 0.30004883
vt 0.65161133 0.58129883
vt 0.68090820 0.03344727
vt 0.66137695 0.58789062
vt 0.55615234 0.10498047
vt 0.70385742 0.76904297
vt 0.13403320 0.08789062
vt 0.94580078 0.14843750
vt 0.73657227 0.50366211
vt 0.14038086 0.29882812
vt 0.56616211 0.93432617
vt 0.57934570 0.53198242
vt 0.69531250 0.15454102
vt 0.11206055 0.25073242
vt 0.07836914 0.67187500
vt 0.08740234 0.98852539
vt 0.12524414 0.25537109
vt 0.21264648 0.14477539
vt 0.67602539 0.23632812
vt 0.66723633 0.58740234
vt 0.67309570 0.53198242
vt 0.66210938 0.27465820
vt 0.58081055 0.11425781
vt 0.65991211 0.15966797
vt 0.68750000 0.21411133
vt 0.09912109 0.17138672
vt 0.47241211 0.73437500
vt 0.68676758 0.20581055
vt 0.12890625 0.27368164
vt 0.66284180 0.58642578
vt 0.66357422 0.57763672
vt 0.09423828 0.54980469
vt 0.58007812 0.06518555
vt 0.13623047 0.30273438
vt 0.26123047 0.32299805
vt 0.08325195 0.55786133
vt 0.02587891 0.99584961
vt 0.09204102 0.56176758
vt 0.32031250 0.99414062
vt 0.13134766 0.29736328
vt 0.94335938 0.11181641
vt 0.73022461 0.04736328
vt 0.66650391 0.58740234
vt 0.23046875 0.87719727
vt 0.73535156 0.50708008
vt 0.11987305 0.16625977
vt 0.10156250 0.17114258
vt 0.32128906 0.99536133
vt 0.68945312 0.15673828
vt 0.08666992 0.98632812
vt 0.38745117 0.43530273
vt 0.81274414 0.45263672
vt 0.22949219 0.07446289
vt 0.43383789 0.75659180
vt 0.55688477 0.14941406
vt 0.55664062 0.54858398
vt 0.66601562 0.58715820
vt 0.69262695 0.15527344
vt 0.11132812 0.24414062
vt 0.85864258 0.18969727
vt 0.67602539 0.49658203
vt 0.81665039 0.28759766
vt 0.58325195 0.11572266
vt 0.22753906 0.86596680
vt 0.22924805 0.88427734
vt 0.23120117 0.91088867
vt 0.64135742 0.89648438
vt 0.22827148 0.86962891
vt 0.23510742 0.92211914
vt 0.78540039 0.08178711
vt 0.07763672 0.66455078
vt 0.84545898 0.18188477
vt 0.23022461 0.88330078
vt 0.25366211 0.91943359
vt 0.12451172 0.27148438
vt 0.67309570 0.53149414
vt 0.58276367 0.04174805
vt 0.67260742 0.52954102
vt 0.04418945 0.11694336
vt 0.22778320 0.07348633
vt 0.66357422 0.58764648
vt 0.99267578 0.42138672
vt 0.02587891 0.99731445
vt 0.65551758 0.89526367
vt 0.01074219 0.99438477
vt 0.21337891 0.14306641
vt 0.79223633 0.08129883
vt 0.57495117 0.53906250
vt 0.88012695 0.90600586
vt 0.64501953 0.89599609
vt 0.13183594 0.31494141
vt 0.67211914 0.52221680
vt 0.84985352 0.17382812
vt 0.10058594 0.97607422
vt 0.73461914 0.50683594
vt 0.20849609 0.14257812
vt 0.57592773 0.12377930
vt 0.56787109 0.12915039
vt 0.84667969 0.07836914
vt 0.22729492 0.86743164
vt 0.67285156 0.52856445
vt 0.78833008 0.08276367
vt 0.19531250 0.49023438
vt 0.80834961 0.28710938
vt 0.57250977 0.12988281
vt 0.21386719 0.89038086
vt 0.83740234 0.06250000
vt 0.96875000 0.39526367
vt 0.65307617 0.88793945
vt 0.02563477 0.99462891
vt 0.12109375 0.25048828
vt 0.22558594 0.86157227
vt 0.67211914 0.52319336
vt 0.68969727 0.20825195
vt 0.79199219 0.08496094
vt 0.69750977 0.77050781
vt 0.35717773 0.76098633
vt 0.40478516 0.68408203
vt 0.72705078 0.04663086
vt 0.94580078 0.11376953
vt 0.65576172 0.89257812
vt 0.08691406 0.98461914
vt 0.40844727 0.75512695
vt 0.08886719 0.55322266
vt 0.09155273 0.54931641
vt 0.12133789 0.25146484
vt 0.98168945 0.60473633
vt 0.02539062 0.99658203
vt 0.81420898 0.45605469
vt 0.02416992 0.99511719
vt 0.28222656 0.99218750
vt 0.54833984 0.25854492
vt 0.09594727 0.17333984
vt 0.40698242 0.68237305
vt 0.08032227 0.56689453
vt 0.67187500 0.52685547
vt 0.11718750 0.24877930
vt 0.66406250 0.58569336
vt 0.04467773 0.43334961
vt 0.12475586 0.27905273
vt 0.66357422 0.58276367
vt 0.55810547 0.14282227
vt 0.80444336 0.30371094
vt 0.22705078 0.88696289
vt 0.69555664 0.21289062
vt 0.67260742 0.51879883
vt 0.10156250 0.24218750
vt 0.09301758 0.55078125
vt 0.00585938 0.97705078
vt 0.77392578 0.01245117
vt 0.09350586 0.98022461
vt 0.11962891 0.24902344
vt 0.78808594 0.09570312
vt 0.28442383 0.99121094
vt 0.67138672 0.51782227
vt 0.69799805 0.15405273
vt 0.55395508 0.54956055
vt 0.81250000 0.47656250
vt 0.02416992 0.99121094
vt 0.45849609 0.01440430
vt 0.28076172 0.99291992
vt 0.81762695 0.06005859
vt 0.66577148 0.89160156
vt 0.21557617 0.13281250
vt 0.67211914 0.52001953
vt 0.22021484 0.83349609
vt 0.10913086 0.24316406
vt 0.77294922 0.00585938
vt 0.77441406 0.01831055
vt 0.13305664 0.30908203
vt 0.04516602 0.43310547
vt 0.66430664 0.54614258
vt 0.69091797 0.21044922
vt 0.69458008 0.20263672
vt 0.77514648 0.01806641
vt 0.23681641 0.20947266
vt 0.66235352 0.58276367
vt 0.19726562 0.49316406
vt 0.29199219 0.63818359
vt 0.24707031 0.25219727
vt 0.81811523 0.05810547
vt 0.55029297 0.26049805
vt 0.67089844 0.52099609
vt 0.47290039 0.73339844
vt 0.55078125 0.15136719
vt 0.66186523 0.75878906
vt 0.55859375 0.14135742
vt 0.68554688 0.76000977
vt 0.12426758 0.24560547
vt 0.56640625 0.13110352
vt 0.28051758 0.99194336
vt 0.78881836 0.09985352
vt 0.81567383 0.05810547
vt 0.08154297 0.56909180
vt 0.81640625 0.31225586
vt 0.23120117 0.13671875
vt 0.27929688 0.98925781
vt 0.08203125 0.56860352
vt 0.54638672 0.53759766
vt 0.61547852 0.75805664
vt 0.55834961 0.14013672
vt 0.85595703 0.17797852
vt 0.81689453 0.05834961
vt 0.11010742 0.24316406
vt 0.00122070 0.98681641
vt 0.21215820 0.86230469
vt 0.64208984 0.58691406
vt 0.30981445 0.87768555
vt 0.69702148 0.20874023
vt 0.73168945 0.03686523
vt 0.11083984 0.24340820
vt 0.64160156 0.55883789
vt 0.61840820 0.74096680
vt 0.11108398 0.24340820
vt 0.11108398 0.24291992
vt 0.02075195 0.68750000
vt 0.11010742 0.24243164
vt 0.67553711 0.75366211
vt 0.31469727 0.90185547
vt 0.58251953 0.06079102
vt 0.87084961 0.01049805
vt 0.15625000 0.11499023
vt 0.66186523 0.53930664
vt 0.19360352 0.49291992
vt 0.08789062 0.56762695
vt 0.55249023 0.22680664
vt 0.87084961 0.01049805
vt 0.85302734 0.17944336
vt 0.42407227 0.68359375
vt 0.40844727 0.67602539
vt 0.80566406 0.06250000
vt 0.00732422 0.73901367
vt 0.02124023 0.69091797
vt 0.52197266 0.56494141
vt 0.19311523 0.49389648
vt 0.54516602 0.99560547
vt 0.23852539 0.20678711
vt 0.32446289 0.87548828
vt 0.87963867 0.00756836
vt 0.54370117 0.99975586
vt 0.22705078 0.24780273
vt 0.66064453 0.51123047
vt 0.23535156 0.13916016
vt 0.54418945 0.99047852
vt 0.70068359 0.21704102
vt 0.13476562 0.25073242
vt 0.01953125 0.68896484
vt 0.26586914 0.31835938
vt 0.13256836 0.30639648
vt 0.00708008 0.73583984
vt 0.72656250 0.04077148
vt 0.72924805 0.03710938
vt 0.26733398 0.11914062
vt 0.22778320 0.12622070
vt 0.72802734 0.03686523
vt 0.72192383 0.04296875
vt 0.09619141 0.55712891
vt 0.41821289 0.67626953
vt 0.22729492 0.25195312
vt 0.69555664 0.20947266
vt 0.65991211 0.58276367
vt 0.12939453 0.24218750
vt 0.44921875 0.03100586
vt 0.19238281 0.49389648
vt 0.22705078 0.24780273
vt 0.66625977 0.49609375
vt 0.55834961 0.13574219
vt 0.12597656 0.29687500
vt 0.29565430 0.64257812
vt 0.23388672 0.90527344
vt 0.77685547 0.55981445
vt 0.87377930 0.90380859
vt 0.58154297 0.06542969
vt 0.13134766 0.30566406
vt 0.26806641 0.30761719
vt 0.10131836 0.97558594
vt 0.21972656 0.87890625
vt 0.72607422 0.03881836
vt 0.13793945 0.12963867
vt 0.09619141 0.56518555
vt 0.65698242 0.56567383
vt 0.61840820 0.75390625
vt 0.54711914 0.13232422
vt 0.41406250 0.68164062
vt 0.41601562 0.68115234
vt 0.19970703 0.50122070
vt 0.23339844 0.12573242
vt 0.24096680 0.20898438
vt 0.66235352 0.55932617
vt 0.26489258 0.30810547
vt 0.69555664 0.21044922
vt 0.18676758 0.49243164
vt 0.55029297 0.12915039
vt 0.87402344 0.90258789
vt 0.11401367 0.54956055
vt 0.21118164 0.51367188
vt 0.12622070 0.31445312
vt 0.56494141 0.12670898
vt 0.66137695 0.56591797
vt 0.54541016 0.99243164
vt 0.10205078 0.55786133
vt 0.56982422 0.12011719
vt 0.23974609 0.20776367
vt 0.24096680 0.20825195
vt 0.87500000 0.90380859
vt 0.23071289 0.12451172
vt 0.66137695 0.56176758
vt 0.29736328 0.63574219
vt 0.55957031 0.26147461
vt 0.12500000 0.29541016
vt 0.19042969 0.49633789
vt 0.41430664 0.67919922
vt 0.49194336 0.28540039
vt 0.12402344 0.29663086
vt 0.30126953 0.88891602
vt 0.97192383 0.91357422
vt 0.87353516 0.01879883
vt 0.87207031 0.01147461
vt 0.66381836 0.88769531
vt 0.01147461 0.73803711
vt 0.23413086 0.13623047
vt 0.87451172 0.90405273
vt 0.65942383 0.56372070
vt 0.18652344 0.49218750
vt 0.20922852 0.51416016
vt 0.87939453 0.74316406
vt 0.87500000 0.90429688
vt 0.34594727 0.89843750
vt 0.49316406 0.28588867
vt 0.87768555 0.01904297
vt 0.84814453 0.19946289
vt 0.01953125 0.69775391
vt 0.65747070 0.56542969
vt 0.78295898 0.09570312
vt 0.69311523 0.88183594
vt 0.55737305 0.12500000
vt 0.66137695 0.75195312
vt 0.25415039 0.24121094
vt 0.66186523 0.53320312
vt 0.65917969 0.56152344
vt 0.65966797 0.55615234
vt 0.86791992 0.12744141
vt 0.85742188 0.08300781
vt 0.67016602 0.75244141
vt 0.21533203 0.99267578
vt 0.11328125 0.54980469
vt 0.87402344 0.02075195
vt 0.69384766 0.22094727
vt 0.03662109 0.47290039
vt 0.47827148 0.27001953
vt 0.86132812 0.17944336
vt 0.38549805 0.13549805
vt 0.49707031 0.30810547
vt 0.33520508 0.87622070
vt 0.57250977 0.11279297
vt 0.06787109 0.02392578
vt 0.56030273 0.26171875
vt 0.49169922 0.41308594
vt 0.66137695 0.75024414
vt 0.53271484 0.54223633
vt 0.66406250 0.75244141
vt 0.13354492 0.14624023
vt 0.65917969 0.56323242
vt 0.92919922 0.94750977
vt 0.87866211 0.01684570
vt 0.88208008 0.01220703
vt 0.65991211 0.55590820
vt 0.65869141 0.55566406
vt 0.66162109 0.52197266
vt 0.10034180 0.97802734
vt 0.65332031 0.48706055
vt 0.66040039 0.52270508
vt 0.18359375 0.54052734
vt 0.04028320 0.03271484
vt 0.53027344 0.27783203
vt 0.34008789 0.90112305
vt 0.88378906 0.01220703
vt 0.65649414 0.55761719
vt 0.92871094 0.91674805
vt 0.80737305 0.05932617
vt 0.66796875 0.75146484
vt 0.45581055 0.03344727
vt 0.19238281 0.99267578
vt 0.65820312 0.56372070
vt 0.92944336 0.91162109
vt 0.10034180 0.56738281
vt 0.17675781 0.49243164
vt 0.20996094 0.97167969
vt 0.66137695 0.72094727
vt 0.85058594 0.24218750
vt 0.41552734 0.67382812
vt 0.55761719 0.25952148
vt 0.56420898 0.12011719
vt 0.13403320 0.23999023
vt 0.65795898 0.56372070
vt 0.65722656 0.56372070
vt 0.24243164 0.90576172
vt 0.42041016 0.67602539
vt 0.21289062 0.97631836
vt 0.65649414 0.56274414
vt 0.99389648 0.66479492
vt 0.85717773 0.18750000
vt 0.09985352 0.56713867
vt 0.98583984 0.67163086
vt 0.60327148 0.01513672
vt 0.81079102 0.33471680
vt 0.97729492 0.92016602
vt 0.99218750 0.66577148
vt 0.11181641 0.27880859
vt 0.00195312 0.89208984
vt 0.81616211 0.31079102
vt 0.86181641 0.18286133
vt 0.60229492 0.02246094
vt 0.86132812 0.18383789
vt 0.98437500 0.67456055
vt 0.09350586 0.57080078
vt 0.51684570 0.12182617
vt 0.69360352 0.88208008
vt 0.26147461 0.91723633
vt 0.81567383 0.28930664
vt 0.26464844 0.31127930
vt 0.60351562 0.02026367
vt 0.00390625 0.97558594
vt 0.54882812 0.53857422
vt 0.65820312 0.55688477
vt 0.23510742 0.90063477
vt 0.30517578 0.95239258
vt 0.67456055 0.75024414
vt 0.45727539 0.03442383
vt 0.98706055 0.53710938
vt 0.43798828 0.97924805
vt 0.45727539 0.03393555
vt 0.27368164 0.93115234
vt 0.26757812 0.28735352
vt 0.32983398 0.88500977
vt 0.23925781 0.88476562
vt 0.48535156 0.04663086
vt 0.54565430 0.55371094
vt 0.67211914 0.75073242
vt 0.21191406 0.88745117
vt 0.99169922 0.53051758
vt 0.11254883 0.28198242
vt 0.66137695 0.49536133
vt 0.55810547 0.24560547
vt 0.65576172 0.56005859
vt 0.54248047 0.53271484
vt 0.67456055 0.74975586
vt 0.66455078 0.75000000
vt 0.40600586 0.11840820
vt 0.13330078 0.24072266
vt 0.43896484 0.98168945
vt 0.65722656 0.55737305
vt 0.37353516 0.42382812
vt 0.65625000 0.56469727
vt 0.42114258 0.63671875
vt 0.65698242 0.56274414
vt 0.65698242 0.56250000
vt 0.55786133 0.25634766
vt 0.62207031 0.28491211
vt 0.19311523 0.97241211
vt 0.65673828 0.56323242
vt 0.65698242 0.56176758
vt 0.07153320 0.02929688
vt 0.70288086 0.74853516
vt 0.86181641 0.18676758
vt 0.79248047 0.06176758
vt 0.55468750 0.12817383
vt 0.65649414 0.56420898
vt 0.28247070 0.91430664
vt 0.27075195 0.90234375
vt 0.65625000 0.56298828
vt 0.97509766 0.92382812
vt 0.55932617 0.25708008
vt 0.42138672 0.63696289
vt 0.17871094 0.49438477
vt 0.65551758 0.54150391
vt 0.17749023 0.49194336
vt 0.41748047 0.67333984
vt 0.43066406 0.63842773
vt 0.57861328 0.29907227
vt 0.55908203 0.12329102
vt 0.47900391 0.03393555
vt 0.01782227 0.19580078
vt 0.98510742 0.52856445
vt 0.67871094 0.24096680
vt 0.55810547 0.25585938
vt 0.70214844 0.26367188
vt 0.69409180 0.74902344
vt 0.44116211 0.97802734
vt 0.71411133 0.74804688
vt 0.19506836 0.97192383
vt 0.62060547 0.74853516
vt 0.65356445 0.53930664
vt 0.05004883 0.44067383
vt 0.32275391 0.90673828
vt 0.32641602 0.90063477
vt 0.83764648 0.08105469
vt 0.43310547 0.11621094
vt 0.31640625 0.94873047
vt 0.81713867 0.48803711
vt 0.32373047 0.88842773
vt 0.20947266 0.89111328
vt 0.53881836 0.53515625
vt 0.48803711 0.12939453
vt 0.68017578 0.75000000
vt 0.65478516 0.55273438
vt 0.65356445 0.55761719
vt 0.68408203 0.74902344
vt 0.80029297 0.05737305
vt 0.32714844 0.88549805
vt 0.23168945 0.03051758
vt 0.48437500 0.04785156
vt 0.98999023 0.52807617
vt 0.97436523 0.91992188
vt 0.42480469 0.67480469
vt 0.29638672 0.94726562
vt 0.42309570 0.63916016
vt 0.67236328 0.74902344
vt 0.87353516 0.01879883
vt 0.17675781 0.49243164
vt 0.54467773 0.54980469
vt 0.29467773 0.94653320
vt 0.46264648 0.03491211
vt 0.66088867 0.52172852
vt 0.65991211 0.51782227
vt 0.64086914 0.74902344
vt 0.29711914 0.64672852
vt 0.92919922 0.95312500
vt 0.66918945 0.74951172
vt 0.84814453 0.20117188
vt 0.13549805 0.14868164
vt 0.92333984 0.95849609
vt 0.97192383 0.91625977
vt 0.29687500 0.92871094
vt 0.87353516 0.02148438
vt 0.32885742 0.88549805
vt 0.32519531 0.90820312
vt 0.33520508 0.87500000
vt 0.67749023 0.74877930
vt 0.54443359 0.54980469
vt 0.83764648 0.08056641
vt 0.86499023 0.12084961
vt 0.70458984 0.74194336
vt 0.69775391 0.22290039
vt 0.44116211 0.95922852
vt 0.65673828 0.48583984
vt 0.22900391 0.02978516
vt 0.23999023 0.90502930
vt 0.13549805 0.12963867
vt 0.31494141 0.94824219
vt 0.04003906 0.47827148
vt 0.88330078 0.01196289
vt 0.56152344 0.11865234
vt 0.66308594 0.90258789
vt 0.14282227 0.14624023
vt 0.92871094 0.95385742
vt 0.14721680 0.14111328
vt 0.65429688 0.55273438
vt 0.97412109 0.91870117
vt 0.32446289 0.90502930
vt 0.42236328 0.68164062
vt 0.55493164 0.12695312
vt 0.93676758 0.29736328
vt 0.10864258 0.28247070
vt 0.88085938 0.01342773
vt 0.44262695 0.98364258
vt 0.48803711 0.12890625
vt 0.92285156 0.94067383
vt 0.98901367 0.52514648
vt 0.42089844 0.68017578
vt 0.55859375 0.26049805
vt 0.28906250 0.95239258
vt 0.63793945 0.51391602
vt 0.92797852 0.95239258
vt 0.21362305 0.02661133
vt 0.47851562 0.03442383
vt 0.23144531 0.01977539
vt 0.26000977 0.90942383
vt 0.20996094 0.97290039
vt 0.56152344 0.11767578
vt 0.48510742 0.13085938
vt 0.47534180 0.13476562
vt 0.65698242 0.48852539
vt 0.68286133 0.90600586
vt 0.48803711 0.12939453
vt 0.66943359 0.71606445
vt 0.67016602 0.74707031
vt 0.65966797 0.51660156
vt 0.85839844 0.08349609
vt 0.21044922 0.88940430
vt 0.23437500 0.01904297
vt 0.03662109 0.47656250
vt 0.20776367 0.97192383
vt 0.19799805 0.97143555
vt 0.65722656 0.48950195
vt 0.65722656 0.48950195
vt 0.15429688 0.14501953
vt 0.98168945 0.52856445
vt 0.29736328 0.94921875
vt 0.97143555 0.91137695
vt 0.55566406 0.12280273
vt 0.98852539 0.52636719
vt 0.32592773 0.88793945
vt 0.65576172 0.55322266
vt 0.32495117 0.88940430
vt 0.31542969 0.95092773
vt 0.88305664 0.01318359
vt 0.65991211 0.51831055
vt 0.23950195 0.90283203
vt 0.25317383 0.90698242
vt 0.01440430 0.19824219
vt 0.61425781 0.73974609
vt 0.65722656 0.49096680
vt 0.25244141 0.90429688
vt 0.20996094 0.99511719
vt 0.65307617 0.54907227
vt 0.61694336 0.74023438
vt 0.42089844 0.67553711
vt 0.87377930 0.02172852
vt 0.43041992 0.68188477
vt 0.71093750 0.74340820
vt 0.97241211 0.79101562
vt 0.46166992 0.03442383
vt 0.55566406 0.11523438
vt 0.48266602 0.04467773
vt 0.65527344 0.55249023
vt 0.49804688 0.12646484
vt 0.33007812 0.89038086
vt 0.33715820 0.43408203
vt 0.48144531 0.13281250
vt 0.44458008 0.96606445
vt 0.33837891 0.40405273
vt 0.64819336 0.50781250
vt 0.00952148 0.50585938
vt 0.65527344 0.48950195
vt 0.92724609 0.95800781
vt 0.55151367 0.11962891
vt 0.04882812 0.03149414
vt 0.51806641 0.28149414
vt 0.65649414 0.54248047
vt 0.21606445 0.97216797
vt 0.27246094 0.93066406
vt 0.19116211 0.50512695
vt 0.26416016 0.90771484
vt 0.47656250 0.26831055
vt 0.32470703 0.89038086
vt 0.29492188 0.64770508
vt 0.84912109 0.23925781
vt 0.29760742 0.66650391
vt 0.46215820 0.03393555
vt 0.03417969 0.92382812
vt 0.65600586 0.54467773
vt 0.25854492 0.13159180
vt 0.37988281 0.11987305
vt 0.98828125 0.52490234
vt 0.42578125 0.68334961
vt 0.13867188 0.14550781
vt 0.21704102 0.99340820
vt 0.65527344 0.54443359
vt 0.47094727 0.03222656
vt 0.25537109 0.90576172
vt 0.01147461 0.50756836
vt 0.65625000 0.49023438
vt 0.65942383 0.51660156
vt 0.55102539 0.12792969
vt 0.01318359 0.92626953
vt 0.98291016 0.52880859
vt 0.65527344 0.49658203
vt 0.01440430 0.50854492
vt 0.33520508 0.40991211
vt 0.29956055 0.95068359
vt 0.29736328 0.95190430
vt 0.42309570 0.67846680
vt 0.42797852 0.67993164
vt 0.37524414 0.01806641
vt 0.39111328 0.11865234
vt 0.63549805 0.55883789
vt 0.32836914 0.73144531
vt 0.34667969 0.90136719
vt 0.17602539 0.01708984
vt 0.78515625 0.06274414
vt 0.27148438 0.43554688
vt 0.00708008 0.97607422
vt 0.88769531 0.02099609
vt 0.17456055 0.01757812
vt 0.36889648 0.45971680
vt 0.32910156 0.90673828
vt 0.67016602 0.71557617
vt 0.01684570 0.97534180
vt 0.47973633 0.03759766
vt 0.29858398 0.95190430
vt 0.02539062 0.00976562
vt 0.46362305 0.03417969
vt 0.97949219 0.91870117
vt 0.39770508 0.13378906
vt 0.68334961 0.24169922
vt 0.88110352 0.13037109
vt 0.26123047 0.13110352
vt 0.66845703 0.90380859
vt 0.05590820 0.55590820
vt 0.21240234 0.99487305
vt 0.00561523 0.50219727
vt 0.04638672 0.59008789
vt 0.98486328 0.52636719
vt 0.88256836 0.12695312
vt 0.37622070 0.43530273
vt 0.24707031 0.22534180
vt 0.03540039 0.46704102
vt 0.27587891 0.95043945
vt 0.32690430 0.90332031
vt 0.53979492 0.53833008
vt 0.21606445 0.99438477
vt 0.97949219 0.91796875
vt 0.39868164 0.13208008
vt 0.15551758 0.48583984
vt 0.37158203 0.01513672
vt 0.27563477 0.94921875
vt 0.40161133 0.13867188
vt 0.67968750 0.24707031
vt 0.02099609 0.19726562
vt 0.50854492 0.12500000
vt 0.02758789 0.01074219
vt 0.14184570 0.13867188
vt 0.69677734 0.73803711
vt 0.03784180 0.92431641
vt 0.04760742 0.59106445
vt 0.28222656 0.49658203
vt 0.18383789 0.00317383
vt 0.66381836 0.90454102
vt 0.88110352 0.12915039
vt 0.03833008 0.02392578
vt 0.03540039 0.92407227
vt 0.00415039 0.97607422
vt 0.33666992 0.40502930
vt 0.15747070 0.48632812
vt 0.51342773 0.12304688
vt 0.71191406 0.74047852
vt 0.67431641 0.30786133
vt 0.33422852 0.41601562
vt 0.65502930 0.52221680
vt 0.88256836 0.02221680
vt 0.37231445 0.01538086
vt 0.03344727 0.00463867
vt 0.97973633 0.91748047
vt 0.97387695 0.90844727
vt 0.98095703 0.91894531
vt 0.93066406 0.23071289
vt 0.00659180 0.50341797
vt 0.14062500 0.12573242
vt 0.02612305 0.92456055
vt 0.03710938 0.92651367
vt 0.02832031 0.92529297
vt 0.51586914 0.12304688
vt 0.70434570 0.74023438
vt 0.51562500 0.12304688
vt 0.42626953 0.67529297
vt 0.24365234 0.25805664
vt 0.52026367 0.12133789
vt 0.97802734 0.91113281
vt 0.59033203 0.00732422
vt 0.02319336 0.92578125
vt 0.91821289 0.94750977
vt 0.97705078 0.90966797
vt 0.27929688 0.65380859
vt 0.01684570 0.92724609
vt 0.66650391 0.90380859
vt 0.53442383 0.13574219
vt 0.98046875 0.91772461
vt 0.36840820 0.42773438
vt 0.36596680 0.42773438
vt 0.48461914 0.56225586
vt 0.89453125 0.95703125
vt 0.02246094 0.19750977
vt 0.33837891 0.40869141
vt 0.93334961 0.22607422
vt 0.26757812 0.43945312
vt 0.58959961 0.00610352
vt 0.58911133 0.00488281
vt 0.98071289 0.91772461
vt 0.06176758 0.57031250
vt 0.70068359 0.73852539
vt 0.18701172 0.01538086
vt 0.70654297 0.73901367
vt 0.68237305 0.90527344
vt 0.93676758 0.29711914
vt 0.33666992 0.40698242
vt 0.04956055 0.57739258
vt 0.33618164 0.40844727
vt 0.14477539 0.14575195
vt 0.08227539 0.30712891
vt 0.62646484 0.49707031
vt 0.88208008 0.12451172
vt 0.58813477 0.00537109
vt 0.58789062 0.00854492
vt 0.03540039 0.46704102
vt 0.36718750 0.42749023
vt 0.42749023 0.68310547
vt 0.01318359 0.27465820
vt 0.58862305 0.00561523
vt 0.25634766 0.90307617
vt 0.04833984 0.57885742
vt 0.90600586 0.95874023
vt 0.08764648 0.30664062
vt 0.15502930 0.48632812
vt 0.46777344 0.03344727
vt 0.01635742 0.92749023
vt 0.65161133 0.49145508
vt 0.03637695 0.92944336
vt 0.04833984 0.58056641
vt 0.88256836 0.12500000
vt 0.44580078 0.96313477
vt 0.26684570 0.43994141
vt 0.00854492 0.50292969
vt 0.03613281 0.46923828
vt 0.08496094 0.30712891
vt 0.09106445 0.30639648
vt 0.63793945 0.54541016
vt 0.51269531 0.28833008
vt 0.02392578 0.92700195
vt 0.24609375 0.24145508
vt 0.03051758 0.92822266
vt 0.43115234 0.67480469
vt 0.01074219 0.27075195
vt 0.25878906 0.44189453
vt 0.51684570 0.02539062
vt 0.55346680 0.11694336
vt 0.66918945 0.73852539
vt 0.09399414 0.30590820
vt 0.16918945 0.01245117
vt 0.58764648 0.00488281
vt 0.88574219 0.02270508
vt 0.64794922 0.48413086
vt 0.88256836 0.12475586
vt 0.40283203 0.13134766
vt 0.08325195 0.30639648
vt 0.14624023 0.14306641
vt 0.04418945 0.42651367
vt 0.09521484 0.30566406
vt 0.81762695 0.47680664
vt 0.87719727 0.12548828
vt 0.17944336 0.98901367
vt 0.14355469 0.14477539
vt 0.43334961 0.68383789
vt 0.43603516 0.65771484
vt 0.26684570 0.11914062
vt 0.33618164 0.40844727
vt 0.25048828 0.22949219
vt 0.43286133 0.63867188
vt 0.86938477 0.12915039
vt 0.00024414 0.09155273
vt 0.00048828 0.08764648
vt 0.54101562 0.29663086
vt 0.03100586 0.92895508
vt 0.52661133 0.32177734
vt 0.37670898 0.03198242
vt 0.67236328 0.70751953
vt 0.16430664 0.49536133
vt 0.00219727 0.26928711
vt 0.00024414 0.08740234
vt 0.03979492 0.02368164
vt 0.25781250 0.23510742
vt 0.91918945 0.95507812
vt 0.25024414 0.23120117
vt 0.36987305 0.43530273
vt 0.68530273 0.62670898
vt 0.86645508 0.28710938
vt 0.05346680 0.30688477
vt 0.99560547 0.00512695
vt 0.03662109 0.01416016
vt 0.14501953 0.14428711
vt 0.92065430 0.91064453
vt 0.00073242 0.08984375
vt 0.06787109 0.02148438
vt 0.03491211 0.01562500
vt 0.91845703 0.95410156
vt 0.23925781 0.88452148
vt 0.40795898 0.14355469
vt 0.47045898 0.03198242
vt 0.52465820 0.54492188
vt 0.35424805 0.41601562
vt 0.81713867 0.48803711
vt 0.94531250 0.88720703
vt 0.09204102 0.30444336
vt 0.77954102 0.06811523
vt 0.25268555 0.23193359
vt 0.52343750 0.12719727
vt 0.44555664 0.95922852
vt 0.78344727 0.06494141
vt 0.42944336 0.67675781
vt 0.43237305 0.68505859
vt 0.93359375 0.30639648
vt 0.28735352 0.28759766
vt 0.98754883 0.00756836
vt 0.03613281 0.01586914
vt 0.06762695 0.59057617
vt 0.43066406 0.67626953
vt 0.51025391 0.02124023
vt 0.86401367 0.11962891
vt 0.07275391 0.55175781
vt 0.71850586 0.38183594
vt 0.19702148 0.52270508
vt 0.33422852 0.41235352
vt 0.17431641 0.51293945
vt 0.06616211 0.30297852
vt 0.25219727 0.22949219
vt 0.25268555 0.22949219
vt 0.51220703 0.02026367
vt 0.64453125 0.50561523
vt 0.51586914 0.30346680
vt 0.43432617 0.67895508
vt 0.86767578 0.12426758
vt 0.70385742 0.38134766
vt 0.93212891 0.64355469
vt 0.44580078 0.96093750
vt 0.70410156 0.38159180
vt 0.25244141 0.23046875
vt 0.36425781 0.69384766
vt 0.67211914 0.63037109
vt 0.51220703 0.02148438
vt 0.51342773 0.02050781
vt 0.81762695 0.64428711
vt 0.98779297 0.00878906
vt 0.37622070 0.03247070
vt 0.99584961 0.01147461
vt 0.88061523 0.11938477
vt 0.72216797 0.37915039
vt 0.43237305 0.67529297
vt 0.77197266 0.52636719
vt 0.99194336 0.00952148
vt 0.52270508 0.02539062
vt 0.25341797 0.23120117
vt 0.88745117 0.02465820
vt 0.26757812 0.89843750
vt 0.34643555 0.90112305
vt 0.06591797 0.30249023
vt 0.70751953 0.38378906
vt 0.68896484 0.68090820
vt 0.33740234 0.41821289
vt 0.47729492 0.14746094
vt 0.90942383 0.94482422
vt 0.47680664 0.14697266
vt 0.28100586 0.66552734
vt 0.27441406 0.89721680
vt 0.27246094 0.89794922
vt 0.17333984 0.99731445
vt 0.67504883 0.65332031
vt 0.40014648 0.95751953
vt 0.40576172 0.13989258
vt 0.90795898 0.94580078
vt 0.47753906 0.14697266
vt 0.67626953 0.63085938
vt 0.25610352 0.23242188
vt 0.68872070 0.27343750
vt 0.43359375 0.67553711
vt 0.27929688 0.66015625
vt 0.82470703 0.61865234
vt 0.95385742 0.90820312
vt 0.90991211 0.94531250
vt 0.21337891 0.45141602
vt 0.90136719 0.73706055
vt 0.39355469 0.29565430
vt 0.23046875 0.43481445
vt 0.21337891 0.45898438
vt 0.21313477 0.46655273
vt 0.44335938 0.11767578
vt 0.64697266 0.49316406
vt 0.64990234 0.50024414
vt 0.27905273 0.66064453
vt 0.68676758 0.28686523
vt 0.21337891 0.46582031
vt 0.14965820 0.14721680
vt 0.41601562 0.26928711
vt 0.21484375 0.45043945
vt 0.17944336 0.99121094
vt 0.15844727 0.49755859
vt 0.05908203 0.57568359
vt 0.41528320 0.26879883
vt 0.21411133 0.46655273
vt 0.06567383 0.59423828
vt 0.21411133 0.45605469
vt 0.43603516 0.38085938
vt 0.26684570 0.89233398
vt 0.21411133 0.46875000
vt 0.00439453 0.27050781
vt 0.06079102 0.57324219
vt 0.36328125 0.28540039
vt 0.86645508 0.12133789
vt 0.40649414 0.27050781
vt 0.43505859 0.67724609
vt 0.62817383 0.52172852
vt 0.82348633 0.62841797
vt 0.90698242 0.94628906
vt 0.24023438 0.89038086
vt 0.40844727 0.95068359
vt 0.90698242 0.94628906
vt 0.86621094 0.12084961
vt 0.82617188 0.61254883
vt 0.43627930 0.66064453
vt 0.52685547 0.55639648
vt 0.27490234 0.89550781
vt 0.43652344 0.38061523
vt 0.67431641 0.63159180
vt 0.17895508 0.98706055
vt 0.50292969 0.14038086
vt 0.28613281 0.66479492
vt 0.58374023 0.29248047
vt 0.24072266 0.89038086
vt 0.36132812 0.45947266
vt 0.48925781 0.14624023
vt 0.27636719 0.89355469
vt 0.41943359 0.12451172
vt 0.06372070 0.55493164
vt 0.67138672 0.63549805
vt 0.95263672 0.91943359
vt 0.28125000 0.67016602
vt 0.48925781 0.14672852
vt 0.95214844 0.91894531
vt 0.82275391 0.62011719
vt 0.77050781 0.62841797
vt 0.33325195 0.41918945
vt 0.90820312 0.95410156
vt 0.67480469 0.63452148
vt 0.67456055 0.63281250
vt 0.29492188 0.19409180
vt 0.00219727 0.26928711
vt 0.90527344 0.94848633
vt 0.28564453 0.66943359
vt 0.28295898 0.66552734
vt 0.95239258 0.91894531
vt 0.16210938 0.52001953
vt 0.42187500 0.13378906
vt 0.90527344 0.95068359
vt 0.82250977 0.61181641
vt 0.27734375 0.21142578
vt 0.28271484 0.66772461
vt 0.67431641 0.63403320
vt 0.17968750 0.99194336
vt 0.67358398 0.63476562
vt 0.94580078 0.66528320
vt 0.71166992 0.40698242
vt 0.06640625 0.57177734
vt 0.33471680 0.42016602
vt 0.41455078 0.98364258
vt 0.90551758 0.94848633
vt 0.27050781 0.21142578
vt 0.42553711 0.38183594
vt 0.68237305 0.26293945
vt 0.77856445 0.06933594
vt 0.50317383 0.14697266
vt 0.30493164 0.66357422
vt 0.67456055 0.28076172
vt 0.87988281 0.74316406
vt 0.27441406 0.26440430
vt 0.06518555 0.56591797
vt 0.82104492 0.61889648
vt 0.51049805 0.56469727
vt 0.60083008 0.55957031
vt 0.33300781 0.42456055
vt 0.41455078 0.97924805
vt 0.33593750 0.42382812
vt 0.33593750 0.42382812
vt 0.33593750 0.42382812
vt 0.41967773 0.12915039
vt 0.50463867 0.14648438
vt 0.72045898 0.38964844
vt 0.18017578 0.90551758
vt 0.44873047 0.00952148
vt 0.45532227 0.00854492
vt 0.01269531 0.53369141
vt 0.15942383 0.14526367
vt 0.06640625 0.56689453
vt 0.15551758 0.12280273
vt 0.60083008 0.99316406
vt 0.45532227 0.00854492
vt 0.00268555 0.53295898
vt 0.80981445 0.60571289
vt 0.94458008 0.66235352
vt 0.41333008 0.96630859
vt 0.53686523 0.29272461
vt 0.01953125 0.48339844
vt 0.27514648 0.23217773
vt 0.18017578 0.90502930
vt 0.42797852 0.38037109
vt 0.60107422 0.97778320
vt 0.67724609 0.26025391
vt 0.22509766 0.44897461
vt 0.29956055 0.29370117
vt 0.54125977 0.13330078
vt 0.06567383 0.56030273
vt 0.42724609 0.37963867
vt 0.33447266 0.42285156
vt 0.53564453 0.13598633
vt 0.41577148 0.38720703
vt 0.06958008 0.56640625
vt 0.33593750 0.42529297
vt 0.15551758 0.12280273
vt 0.27001953 0.88427734
vt 0.72509766 0.38769531
vt 0.91918945 0.01074219
vt 0.53662109 0.28906250
vt 0.10839844 0.99316406
vt 0.95410156 0.91625977
vt 0.93066406 0.99975586
vt 0.63867188 0.50976562
vt 0.67480469 0.27929688
vt 0.15234375 0.05664062
vt 0.13110352 0.06738281
vt 0.31738281 0.96166992
vt 0.32373047 0.96191406
vt 0.70898438 0.94995117
vt 0.33496094 0.42431641
vt 0.31787109 0.96191406
vt 0.32128906 0.96069336
vt 0.27294922 0.96215820
vt 0.29443359 0.96191406
vt 0.42382812 0.38110352
vt 0.22216797 0.45678711
vt 0.12109375 0.38647461
vt 0.42968750 0.37744141
vt 0.92041016 0.02905273
vt 0.28027344 0.96166992
vt 0.27099609 0.96166992
vt 0.22119141 0.45825195
vt 0.41748047 0.98461914
vt 0.00781250 0.53833008
vt 0.42163086 0.38256836
vt 0.94555664 0.66235352
vt 0.93286133 0.36694336
vt 0.29345703 0.28613281
vt 0.06982422 0.58935547
vt 0.12329102 0.07788086
vt 0.91992188 0.01220703
vt 0.30761719 0.96215820
vt 0.98095703 0.59643555
vt 0.25000000 0.45068359
vt 0.94848633 0.89501953
vt 0.41284180 0.96264648
vt 0.11889648 0.38452148
vt 0.28735352 0.95898438
vt 0.95483398 0.91381836
vt 0.92456055 0.01367188
vt 0.31420898 0.24121094
vt 0.14990234 0.38842773
vt 0.28247070 0.96191406
vt 0.28369141 0.23974609
vt 0.22143555 0.46435547
vt 0.26367188 0.23803711
vt 0.27490234 0.20971680
vt 0.44165039 0.11889648
vt 0.13745117 0.38598633
vt 0.42309570 0.12988281
vt 0.42163086 0.12988281
vt 0.07031250 0.58081055
vt 0.11059570 0.99316406
vt 0.22412109 0.44067383
vt 0.22167969 0.46240234
vt 0.59106445 0.99877930
vt 0.72216797 0.97167969
vt 0.93310547 0.36206055
vt 0.14770508 0.38769531
vt 0.15966797 0.14233398
vt 0.14916992 0.38793945
vt 0.15478516 0.38916016
vt 0.67089844 0.64233398
vt 0.19042969 0.12133789
vt 0.06982422 0.58935547
vt 0.01293945 0.54003906
vt 0.14990234 0.05761719
vt 0.65649414 0.64770508
vt 0.44580078 0.01000977
vt 0.15234375 0.05493164
vt 0.43017578 0.37548828
vt 0.79809570 0.62817383
vt 0.67163086 0.64355469
vt 0.33374023 0.42480469
vt 0.81127930 0.61523438
vt 0.80957031 0.60766602
vt 0.15722656 0.38720703
vt 0.72387695 0.39013672
vt 0.55249023 0.28540039
vt 0.95458984 0.91333008
vt 0.14697266 0.38647461
vt 0.11767578 0.38085938
vt 0.97314453 0.59155273
vt 0.95141602 0.89038086
vt 0.59033203 0.99658203
vt 0.22363281 0.45849609
vt 0.44628906 0.00952148
vt 0.22363281 0.46337891
vt 0.94238281 0.39746094
vt 0.72290039 0.97729492
vt 0.95117188 0.88964844
vt 0.12744141 0.38354492
vt 0.95507812 0.91308594
vt 0.11889648 0.38378906
vt 0.81665039 0.48681641
vt 0.94018555 0.59765625
vt 0.94946289 0.90112305
vt 0.15820312 0.14306641
vt 0.94458008 0.66064453
vt 0.13671875 0.86694336
vt 0.67211914 0.65917969
vt 0.69116211 0.42968750
vt 0.80541992 0.62133789
vt 0.41870117 0.13916016
vt 0.12548828 0.38500977
vt 0.14819336 0.38720703
vt 0.81079102 0.61669922
vt 0.01196289 0.54052734
vt 0.29516602 0.24658203
vt 0.72143555 0.96801758
vt 0.14965820 0.38720703
vt 0.27783203 0.20971680
vt 0.15209961 0.05297852
vt 0.80859375 0.60351562
vt 0.68432617 0.71801758
vt 0.68847656 0.71606445
vt 0.28076172 0.20776367
vt 0.14526367 0.38330078
vt 0.51367188 0.54223633
vt 0.22802734 0.45751953
vt 0.68725586 0.71679688
vt 0.72607422 0.97045898
vt 0.54248047 0.29150391
vt 0.36791992 0.46093750
vt 0.14233398 0.38378906
vt 0.89501953 0.95629883
vt 0.72265625 0.96948242
vt 0.44580078 0.00927734
vt 0.16088867 0.14575195
vt 0.27856445 0.21044922
vt 0.14526367 0.06079102
vt 0.68408203 0.71777344
vt 0.14697266 0.05810547
vt 0.95166016 0.60620117
vt 0.81616211 0.48706055
vt 0.68603516 0.71752930
vt 0.96215820 0.29663086
vt 0.89208984 0.00463867
vt 0.96069336 0.29809570
vt 0.51953125 0.55297852
vt 0.38940430 0.29614258
vt 0.69677734 0.26806641
vt 0.12915039 0.38305664
vt 0.07128906 0.55371094
vt 0.52001953 0.55737305
vt 0.95361328 0.90209961
vt 0.96386719 0.29663086
vt 0.70092773 0.26611328
vt 0.28002930 0.21118164
vt 0.28125000 0.21557617
vt 0.16137695 0.13916016
vt 0.27783203 0.67333984
vt 0.81640625 0.48730469
vt 0.11889648 0.88793945
vt 0.95361328 0.90209961
vt 0.15087891 0.05346680
vt 0.81176758 0.60961914
vt 0.81079102 0.61450195
vt 0.72363281 0.39501953
vt 0.37084961 0.46899414
vt 0.96606445 0.29711914
vt 0.81176758 0.49243164
vt 0.81201172 0.60888672
vt 0.80932617 0.61645508
vt 0.43896484 0.35083008
vt 0.06835938 0.91845703
vt 0.81640625 0.48828125
vt 0.07446289 0.58300781
vt 0.36669922 0.38745117
vt 0.67724609 0.27050781
vt 0.81152344 0.61010742
vt 0.14965820 0.05249023
vt 0.35644531 0.44360352
vt 0.12939453 0.38110352
vt 0.59521484 0.99780273
vt 0.43579102 0.12597656
vt 0.14233398 0.38378906
vt 0.01196289 0.53930664
vt 0.36938477 0.46044922
vt 0.81274414 0.60693359
vt 0.95166016 0.60571289
vt 0.48364258 0.56274414
vt 0.42749023 0.37377930
vt 0.81030273 0.60815430
vt 0.15087891 0.05200195
vt 0.14843750 0.38500977
vt 0.33007812 0.43066406
vt 0.01660156 0.52612305
vt 0.58349609 0.29296875
vt 0.12109375 0.37426758
vt 0.80908203 0.51245117
vt 0.29760742 0.19360352
vt 0.81616211 0.48901367
vt 0.67626953 0.26684570
vt 0.11889648 0.88818359
vt 0.33178711 0.43017578
vt 0.02026367 0.54833984
vt 0.00317383 0.43750000
vt 0.39868164 0.28149414
vt 0.22875977 0.44091797
vt 0.26416016 0.52563477
vt 0.81054688 0.60937500
vt 0.72753906 0.97241211
vt 0.02197266 0.48095703
vt 0.93969727 0.59423828
vt 0.96264648 0.30224609
vt 0.96948242 0.87744141
vt 0.15258789 0.38452148
vt 0.59594727 0.99291992
vt 0.14794922 0.38403320
vt 0.00341797 0.43823242
vt 0.01586914 0.51660156
vt 0.34667969 0.45629883
vt 0.85156250 0.99804688
vt 0.23925781 0.45043945
vt 0.91088867 0.65332031
vt 0.12817383 0.81372070
vt 0.00512695 0.43798828
vt 0.72631836 0.96948242
vt 0.38647461 0.07153320
vt 0.80981445 0.60522461
vt 0.29052734 0.20996094
vt 0.16528320 0.14721680
vt 0.01782227 0.18823242
vt 0.97314453 0.86938477
vt 0.97045898 0.87353516
vt 0.90771484 0.00878906
vt 0.00708008 0.43823242
vt 0.00830078 0.43798828
vt 0.13940430 0.05883789
vt 0.29394531 0.20825195
vt 0.96728516 0.87719727
vt 0.49389648 0.41430664
vt 0.00292969 0.44018555
vt 0.02954102 0.46948242
vt 0.81079102 0.60498047
vt 0.29516602 0.20068359
vt 0.24023438 0.43481445
vt 0.81103516 0.60522461
vt 0.39526367 0.30395508
vt 0.13549805 0.05859375
vt 0.44238281 0.35253906
vt 0.17919922 0.89233398
vt 0.79882812 0.55932617
vt 0.95092773 0.89111328
vt 0.13305664 0.37500000
vt 0.00732422 0.44042969
vt 0.00976562 0.78540039
vt 0.62841797 0.51904297
vt 0.84985352 0.99658203
vt 0.81079102 0.60473633
vt 0.39355469 0.28857422
vt 0.97045898 0.87451172
vt 0.80810547 0.60449219
vt 0.16723633 0.38525391
vt 0.30078125 0.67846680
vt 0.97534180 0.87036133
vt 0.39575195 0.30322266
vt 0.44311523 0.35595703
vt 0.90966797 0.00756836
vt 0.45385742 0.86743164
vt 0.70043945 0.65917969
vt 0.97583008 0.86938477
vt 0.38525391 0.31958008
vt 0.18945312 0.11962891
vt 0.82324219 0.59179688
vt 0.97802734 0.31030273
vt 0.97412109 0.86889648
vt 0.29663086 0.19775391
vt 0.00634766 0.78540039
vt 0.29003906 0.21313477
vt 0.96899414 0.59179688
vt 0.35668945 0.49047852
vt 0.95288086 0.62475586
vt 0.01025391 0.79296875
vt 0.22778320 0.52368164
vt 0.95312500 0.62573242
vt 0.95312500 0.62280273
vt 0.84838867 0.99096680
vt 0.27416992 0.26879883
vt 0.17138672 0.14770508
vt 0.44091797 0.11914062
vt 0.40014648 0.85375977
vt 0.29589844 0.20190430
vt 0.97558594 0.86987305
vt 0.02612305 0.49755859
vt 0.13793945 0.05566406
vt 0.44165039 0.35351562
vt 0.12866211 0.37451172
vt 0.89428711 0.00463867
vt 0.71020508 0.48535156
vt 0.69677734 0.66040039
vt 0.29638672 0.19873047
vt 0.13696289 0.05761719
vt 0.29516602 0.20434570
vt 0.00830078 0.78564453
vt 0.01440430 0.79638672
vt 0.96704102 0.59179688
vt 0.45263672 0.13159180
vt 0.94140625 0.65161133
vt 0.96923828 0.59228516
vt 0.46386719 0.32666016
vt 0.97412109 0.86889648
vt 0.71313477 0.41235352
vt 0.29150391 0.21215820
vt 0.14379883 0.51318359
vt 0.94702148 0.64868164
vt 0.39672852 0.38378906
vt 0.41284180 0.07983398
vt 0.13720703 0.37548828
vt 0.07812500 0.13842773
vt 0.00830078 0.79370117
vt 0.00976562 0.79321289
vt 0.00708008 0.78588867
vt 0.96606445 0.59277344
vt 0.93969727 0.65039062
vt 0.14648438 0.37841797
vt 0.05273438 0.91064453
vt 0.00439453 0.79614258
vt 0.28198242 0.70410156
vt 0.36254883 0.45971680
vt 0.60107422 0.98168945
vt 0.01708984 0.54736328
vt 0.29003906 0.21093750
vt 0.39233398 0.29638672
vt 0.16967773 0.53222656
vt 0.63745117 0.51367188
vt 0.00512695 0.18505859
vt 0.02978516 0.49633789
vt 0.44165039 0.11938477
vt 0.44091797 0.12011719
vt 0.00805664 0.79418945
vt 0.48925781 0.37084961
vt 0.60107422 0.97802734
vt 0.43994141 0.35083008
vt 0.63720703 0.51391602
vt 0.27416992 0.24877930
vt 0.95312500 0.61303711
vt 0.60205078 0.99853516
vt 0.14355469 0.50976562
vt 0.01513672 0.54760742
vt 0.03100586 0.49780273
vt 0.89355469 0.00463867
vt 0.00659180 0.17822266
vt 0.39013672 0.29296875
vt 0.62670898 0.49755859
vt 0.38378906 0.28857422
vt 0.29003906 0.22949219
vt 0.84912109 0.99658203
vt 0.17285156 0.88867188
vt 0.02905273 0.47094727
vt 0.01586914 0.51611328
vt 0.02978516 0.46972656
vt 0.97119141 0.59643555
vt 0.44042969 0.35009766
vt 0.97241211 0.59643555
vt 0.39086914 0.29125977
vt 0.33178711 0.43725586
vt 0.23706055 0.43676758
vt 0.04296875 0.91894531
vt 0.71655273 0.40576172
vt 0.44335938 0.33862305
vt 0.45092773 0.13037109
vt 0.39013672 0.29223633
vt 0.63500977 0.51538086
vt 0.28979492 0.22973633
vt 0.44360352 0.12084961
vt 0.11962891 0.89599609
vt 0.30395508 0.25488281
vt 0.38940430 0.29077148
vt 0.01782227 0.51684570
vt 0.14404297 0.51171875
vt 0.36596680 0.31860352
vt 0.01782227 0.51611328
vt 0.60180664 0.97778320
vt 0.29760742 0.26635742
vt 0.71655273 0.40576172
vt 0.48876953 0.31811523
vt 0.38671875 0.29150391
vt 0.17968750 0.14819336
vt 0.78051758 0.62426758
vt 0.23876953 0.45166016
vt 0.37500000 0.26391602
vt 0.04516602 0.13037109
vt 0.29614258 0.21264648
vt 0.43432617 0.35498047
vt 0.36718750 0.37768555
vt 0.03320312 0.15966797
vt 0.37646484 0.34179688
vt 0.38598633 0.05786133
vt 0.29174805 0.68872070
vt 0.23803711 0.44384766
vt 0.48779297 0.38647461
vt 0.14501953 0.51391602
vt 0.36254883 0.37768555
vt 0.36718750 0.38574219
vt 0.07226562 0.86083984
vt 0.43505859 0.35424805
vt 0.18164062 0.54296875
vt 0.01293945 0.46948242
vt 0.36938477 0.38549805
vt 0.12084961 0.77294922
vt 0.23950195 0.43652344
vt 0.23828125 0.44116211
vt 0.36596680 0.38647461
vt 0.23901367 0.47387695
vt 0.36352539 0.38769531
vt 0.06665039 0.14233398
vt 0.14428711 0.51562500
vt 0.38598633 0.29614258
vt 0.40673828 0.36303711
vt 0.14306641 0.51489258
vt 0.04370117 0.14501953
vt 0.04418945 0.14257812
vt 0.87158203 0.28222656
vt 0.64941406 0.66040039
vt 0.04443359 0.15429688
vt 0.23901367 0.44628906
vt 0.00683594 0.16894531
vt 0.04467773 0.15209961
vt 0.30590820 0.68676758
vt 0.23974609 0.45092773
vt 0.03857422 0.16528320
vt 0.27880859 0.25585938
vt 0.42382812 0.31811523
vt 0.06201172 0.83056641
vt 0.38549805 0.29931641
vt 0.33984375 0.46630859
vt 0.07446289 0.85888672
vt 0.03271484 0.15893555
vt 0.63281250 0.51757812
vt 0.01660156 0.46899414
vt 0.38500977 0.29589844
vt 0.72875977 0.45800781
vt 0.11987305 0.89062500
vt 0.38476562 0.29833984
vt 0.07812500 0.14111328
vt 0.38476562 0.29638672
vt 0.18188477 0.13647461
vt 0.17309570 0.12500000
vt 0.37548828 0.37695312
vt 0.79589844 0.58740234
vt 0.67382812 0.66333008
vt 0.33325195 0.45703125
vt 0.00903320 0.47167969
vt 0.01635742 0.46948242
vt 0.27758789 0.26098633
vt 0.38134766 0.29980469
vt 0.06958008 0.16162109
vt 0.38330078 0.29321289
vt 0.43310547 0.34228516
vt 0.28637695 0.23779297
vt 0.06860352 0.17382812
vt 0.00659180 0.47265625
vt 0.74584961 0.59570312
vt 0.71508789 0.41040039
vt 0.03881836 0.16601562
vt 0.00976562 0.47241211
vt 0.28759766 0.23657227
vt 0.56811523 0.28271484
vt 0.12622070 0.76635742
vt 0.38281250 0.29687500
vt 0.17797852 0.54418945
vt 0.28686523 0.23706055
vt 0.71752930 0.42163086
vt 0.27807617 0.25708008
vt 0.12231445 0.77368164
vt 0.07812500 0.14111328
vt 0.71411133 0.41503906
vt 0.17822266 0.54370117
vt 0.01123047 0.47387695
vt 0.01318359 0.31518555
vt 0.02001953 0.47143555
vt 0.15063477 0.54492188
vt 0.26318359 0.48413086
vt 0.71777344 0.41503906
vt 0.71777344 0.41503906
vt 0.33471680 0.91406250
vt 0.37426758 0.29321289
vt 0.01928711 0.47192383
vt 0.17797852 0.54370117
vt 0.64086914 0.98950195
vt 0.24560547 0.47753906
vt 0.62817383 0.52075195
vt 0.37329102 0.33178711
vt 0.33398438 0.93212891
vt 0.35058594 0.45776367
vt 0.01489258 0.31665039
vt 0.71582031 0.41723633
vt 0.71191406 0.41406250
vt 0.18945312 0.12915039
vt 0.36230469 0.93212891
vt 0.25463867 0.99267578
vt 0.12817383 0.77246094
vt 0.35131836 0.46215820
vt 0.17749023 0.12841797
vt 0.37744141 0.29687500
vt 0.37915039 0.91992188
vt 0.51611328 0.43847656
vt 0.67700195 0.70922852
vt 0.00976562 0.31494141
vt 0.50195312 0.39892578
vt 0.46533203 0.00756836
vt 0.37866211 0.93676758
vt 0.33227539 0.44921875
vt 0.33276367 0.45849609
vt 0.25000000 0.98706055
vt 0.43505859 0.34643555
vt 0.51147461 0.43530273
vt 0.61816406 0.50463867
vt 0.43652344 0.34179688
vt 0.98291016 0.75708008
vt 0.43139648 0.85131836
vt 0.25585938 0.99145508
vt 0.37915039 0.93652344
vt 0.31420898 0.24096680
vt 0.50537109 0.42041016
vt 0.49584961 0.39013672
vt 0.51538086 0.44067383
vt 0.51660156 0.44287109
vt 0.12573242 0.77026367
vt 0.32568359 0.46386719
vt 0.13378906 0.76879883
vt 0.25659180 0.99121094
vt 0.15576172 0.54663086
vt 0.51660156 0.41723633
vt 0.62597656 0.52172852
vt 0.14721680 0.52294922
vt 0.51733398 0.44189453
vt 0.43725586 0.34179688
vt 0.62817383 0.52075195
vt 0.70605469 0.42822266
vt 0.80761719 0.39379883
vt 0.25683594 0.99218750
vt 0.00927734 0.31420898
vt 0.49877930 0.38891602
vt 0.50073242 0.39672852
vt 0.51196289 0.42797852
vt 0.67626953 0.02270508
vt 0.66845703 0.00415039
vt 0.62817383 0.52075195
vt 0.43725586 0.34204102
vt 0.79907227 0.38134766
vt 0.43701172 0.34155273
vt 0.90942383 0.38525391
vt 0.98730469 0.56762695
vt 0.35766602 0.36450195
vt 0.39770508 0.93139648
vt 0.80200195 0.38500977
vt 0.67236328 0.28857422
vt 0.62719727 0.52197266
vt 0.10205078 0.98632812
vt 0.61450195 0.53442383
vt 0.78613281 0.37817383
vt 0.98632812 0.76074219
vt 0.98315430 0.75634766
vt 0.14404297 0.52221680
vt 0.14550781 0.52270508
vt 0.87231445 0.41479492
vt 0.79541016 0.59008789
vt 0.14331055 0.52343750
vt 0.35937500 0.35717773
vt 0.78613281 0.36181641
vt 0.78295898 0.36694336
vt 0.79321289 0.37402344
vt 0.61523438 0.51171875
vt 0.39868164 0.93164062
vt 0.18017578 0.14819336
vt 0.47875977 0.32202148
vt 0.18017578 0.13989258
vt 0.78222656 0.36718750
vt 0.11767578 0.82446289
vt 0.13134766 0.76904297
vt 0.78857422 0.35668945
vt 0.06933594 0.17163086
vt 0.12524414 0.79370117
vt 0.80224609 0.38842773
vt 0.67260742 0.30249023
vt 0.43090820 0.34521484
vt 0.79492188 0.38281250
vt 0.61425781 0.50537109
vt 0.14672852 0.52612305
vt 0.31396484 0.24121094
vt 0.51611328 0.43457031
vt 0.46630859 0.01098633
vt 0.39721680 0.92822266
vt 0.79418945 0.37329102
vt 0.81982422 0.41186523
vt 0.08081055 0.24584961
vt 0.10229492 0.98657227
vt 0.99511719 0.45141602
vt 0.14916992 0.52563477
vt 0.79418945 0.58764648
vt 0.37548828 0.29931641
vt 0.05541992 0.21582031
vt 0.79663086 0.38354492
vt 0.67773438 0.02539062
vt 0.80078125 0.58129883
vt 0.71606445 0.41943359
vt 0.73535156 0.83422852
vt 0.51367188 0.42480469
vt 0.99755859 0.04589844
vt 0.12817383 0.77246094
vt 0.45336914 0.13061523
vt 0.80029297 0.38671875
vt 0.98852539 0.55297852
vt 0.80541992 0.39233398
vt 0.27490234 0.02636719
vt 0.08081055 0.99731445
vt 0.18017578 0.14453125
vt 0.08007812 0.99316406
vt 0.28198242 0.05786133
vt 0.69482422 0.42749023
vt 0.13159180 0.76416016
vt 0.71508789 0.42431641
vt 0.13037109 0.76611328
vt 0.08007812 0.99658203
vt 0.80126953 0.38574219
vt 0.49926758 0.38256836
vt 0.14599609 0.52514648
vt 0.97802734 0.76953125
vt 0.39453125 0.90795898
vt 0.78076172 0.36767578
vt 0.01489258 0.56518555
vt 0.11474609 0.82666016
vt 0.01562500 0.56396484
vt 0.76757812 0.39038086
vt 0.71752930 0.42089844
vt 0.13378906 0.76879883
vt 0.73876953 0.84130859
vt 0.72387695 0.85449219
vt 0.82324219 0.55883789
vt 0.27148438 0.05175781
vt 0.80883789 0.38208008
vt 0.27343750 0.05957031
vt 0.27221680 0.05908203
vt 0.99682617 0.45190430
vt 0.88085938 0.38403320
vt 0.89526367 0.39599609
vt 0.87988281 0.37207031
vt 0.27221680 0.05834961
vt 0.89672852 0.39550781
vt 0.11621094 0.82275391
vt 0.98754883 0.45483398
vt 0.79125977 0.36230469
vt 0.81274414 0.40161133
vt 0.25341797 0.00854492
vt 0.25512695 0.01611328
vt 0.99414062 0.04711914
vt 0.28735352 0.06738281
vt 0.34497070 0.00976562
vt 0.41088867 0.33251953
vt 0.80371094 0.39721680
vt 0.53906250 0.02319336
vt 0.98779297 0.81445312
vt 0.37329102 0.29541016
vt 0.37158203 0.29296875
vt 0.98803711 0.99804688
vt 0.07885742 0.99609375
vt 0.99340820 0.04711914
vt 0.99340820 0.79638672
vt 0.77929688 0.37036133
vt 0.18188477 0.14135742
vt 0.79614258 0.58593750
vt 0.30395508 0.25488281
vt 0.87817383 0.37011719
vt 0.79736328 0.58618164
vt 0.72802734 0.82348633
vt 0.07763672 0.99877930
vt 0.11718750 0.82177734
vt 0.00708008 0.40942383
vt 0.13256836 0.76562500
vt 0.29443359 0.06811523
vt 0.66894531 0.00537109
vt 0.79614258 0.58593750
vt 0.13330078 0.80834961
vt 0.74267578 0.84228516
vt 0.13330078 0.76416016
vt 0.73535156 0.83740234
vt 0.41625977 0.35107422
vt 0.89233398 0.41357422
vt 0.07788086 0.99755859
vt 0.37060547 0.29589844
vt 0.79956055 0.58349609
vt 0.33374023 0.46899414
vt 0.22460938 0.97290039
vt 0.79785156 0.40942383
vt 0.07568359 0.99658203
vt 0.66845703 0.68334961
vt 0.07739258 0.99804688
vt 0.39746094 0.91723633
vt 0.79638672 0.36157227
vt 0.75732422 0.60595703
vt 0.73974609 0.84008789
vt 0.87646484 0.37451172
vt 0.12451172 0.79833984
vt 0.34936523 0.00854492
vt 0.69824219 0.42480469
vt 0.69824219 0.42480469
vt 0.27124023 0.06787109
vt 0.37011719 0.29882812
vt 0.27905273 0.03662109
vt 0.85424805 0.62182617
vt 0.46386719 0.00805664
vt 0.80151367 0.53637695
vt 0.29589844 0.06713867
vt 0.76000977 0.36914062
vt 0.37133789 0.29345703
vt 0.54638672 0.08325195
vt 0.12377930 0.80493164
vt 0.33374023 0.46411133
vt 0.61938477 0.52294922
vt 0.23876953 0.93505859
vt 0.33447266 0.91357422
vt 0.54028320 0.07250977
vt 0.01098633 0.40722656
vt 0.37036133 0.29223633
vt 0.12500000 0.80566406
vt 0.78100586 0.37500000
vt 0.29394531 0.06665039
vt 0.79028320 0.38256836
vt 0.12280273 0.80517578
vt 0.53564453 0.10742188
vt 0.72607422 0.85009766
vt 0.72387695 0.84423828
vt 0.38964844 0.91430664
vt 0.98779297 0.80224609
vt 0.36621094 0.30175781
vt 0.37011719 0.29370117
vt 0.12475586 0.79711914
vt 0.24755859 0.52490234
vt 0.34667969 0.01171875
vt 0.37329102 0.33447266
vt 0.35913086 0.30541992
vt 0.38598633 0.05810547
vt 0.33374023 0.46899414
vt 0.25341797 0.00854492
vt 0.54248047 0.10034180
vt 0.61743164 0.51855469
vt 0.54736328 0.06176758
vt 0.86767578 0.63916016
vt 0.26318359 0.34350586
vt 0.11987305 0.81909180
vt 0.98315430 0.99755859
vt 0.78002930 0.37402344
vt 0.51074219 0.36791992
vt 0.52221680 0.10620117
vt 0.25634766 0.03686523
vt 0.78759766 0.38061523
vt 0.11962891 0.82128906
vt 0.85351562 0.62109375
vt 0.80615234 0.37060547
vt 0.12377930 0.97192383
vt 0.13867188 0.80297852
vt 0.13525391 0.77856445
vt 0.98339844 0.99804688
vt 0.98803711 0.80664062
vt 0.35009766 0.01342773
vt 0.80761719 0.37597656
vt 0.28613281 0.05981445
vt 0.33374023 0.46704102
vt 0.97631836 0.76464844
vt 0.33349609 0.46630859
vt 0.13452148 0.98193359
vt 0.71264648 0.42553711
vt 0.98071289 0.99951172
vt 0.71630859 0.84204102
vt 0.14843750 0.76538086
vt 0.72290039 0.85546875
vt 0.50854492 0.39453125
vt 0.78125000 0.37573242
vt 0.73706055 0.83325195
vt 0.61840820 0.52172852
vt 0.26562500 0.04809570
vt 0.12597656 0.79638672
vt 0.72534180 0.85107422
vt 0.98364258 0.99755859
vt 0.12377930 0.97290039
vt 0.82055664 0.41186523
vt 0.61889648 0.52246094
vt 0.69067383 0.43383789
vt 0.77734375 0.58740234
vt 0.73461914 0.80151367
vt 0.26342773 0.97460938
vt 0.72583008 0.82177734
vt 0.72167969 0.84716797
vt 0.38989258 0.35083008
vt 0.12841797 0.78808594
vt 0.70214844 0.43505859
vt 0.87036133 0.41894531
vt 0.29174805 0.05249023
vt 0.29711914 0.00708008
vt 0.36157227 0.49438477
vt 0.01074219 0.41186523
vt 0.80859375 0.37207031
vt 0.12915039 0.78881836
vt 0.12841797 0.78906250
vt 0.60815430 0.54760742
vt 0.79125977 0.39428711
vt 0.12719727 0.79370117
vt 0.01074219 0.41308594
vt 0.29833984 0.05273438
vt 0.97583008 0.75170898
vt 0.13647461 0.79467773
vt 0.13720703 0.77026367
vt 0.15600586 0.78295898
vt 0.98754883 0.80371094
vt 0.51147461 0.10156250
vt 0.98754883 0.80249023
vt 0.69873047 0.43188477
vt 0.72485352 0.84936523
vt 0.77880859 0.37792969
vt 0.26293945 0.97436523
vt 0.35180664 0.00952148
vt 0.87060547 0.41918945
vt 0.26123047 0.97412109
vt 0.25903320 0.97363281
vt 0.26196289 0.97485352
vt 0.78417969 0.37988281
vt 0.76440430 0.36816406
vt 0.25756836 0.97436523
vt 0.71752930 0.84252930
vt 0.36157227 0.30981445
vt 0.80297852 0.36914062
vt 0.13452148 0.77050781
vt 0.25195312 0.97290039
vt 0.36547852 0.31835938
vt 0.36499023 0.31518555
vt 0.70849609 0.43212891
vt 0.98120117 0.99731445
vt 0.22314453 0.97338867
vt 0.36499023 0.31518555
vt 0.29980469 0.06298828
vt 0.32666016 0.45800781
vt 0.36157227 0.92651367
vt 0.35498047 0.35888672
vt 0.35546875 0.00952148
vt 0.37280273 0.33544922
vt 0.80737305 0.37109375
vt 0.74243164 0.83251953
vt 0.73071289 0.81152344
vt 0.78100586 0.38671875
vt 0.48876953 0.31835938
vt 0.80126953 0.40502930
vt 0.28417969 0.03466797
vt 0.41381836 0.34692383
vt 0.72094727 0.84619141
vt 0.40917969 0.34741211
vt 0.01123047 0.41430664
vt 0.33984375 0.02465820
vt 0.69677734 0.43115234
vt 0.32910156 0.48413086
vt 0.14892578 0.54614258
vt 0.78930664 0.39477539
vt 0.80053711 0.57495117
vt 0.66967773 0.29418945
vt 0.26098633 0.52612305
vt 0.69116211 0.30590820
vt 0.54272461 0.05737305
vt 0.27026367 0.04882812
vt 0.71752930 0.84448242
vt 0.01147461 0.41601562
vt 0.35913086 0.49780273
vt 0.38793945 0.05810547
vt 0.71630859 0.84204102
vt 0.36425781 0.14038086
vt 0.35864258 0.01464844
vt 0.75976562 0.36621094
vt 0.77880859 0.85546875
vt 0.69531250 0.43139648
vt 0.08203125 0.24633789
vt 0.98242188 0.99487305
vt 0.25463867 0.03393555
vt 0.78906250 0.39257812
vt 0.34082031 0.47583008
vt 0.34497070 0.91967773
vt 0.29003906 0.05371094
vt 0.28051758 0.04663086
vt 0.12988281 0.79785156
vt 0.75976562 0.83886719
vt 0.33300781 0.47387695
vt 0.67016602 0.29223633
vt 0.66870117 0.29614258
vt 0.34765625 0.91967773
vt 0.31201172 0.27294922
vt 0.89770508 0.83081055
vt 0.26464844 0.03613281
vt 0.36572266 0.92944336
vt 0.97851562 0.99658203
vt 0.90869141 0.41796875
vt 0.01342773 0.41748047
vt 0.89990234 0.86889648
vt 0.26757812 0.04614258
vt 0.27270508 0.04541016
vt 0.28344727 0.03686523
vt 0.76342773 0.36865234
vt 0.01342773 0.41845703
vt 0.36743164 0.92602539
vt 0.55151367 0.10058594
vt 0.36743164 0.92602539
vt 0.74340820 0.36059570
vt 0.76416016 0.36889648
vt 0.34497070 0.28198242
vt 0.98168945 0.99487305
vt 0.28344727 0.03759766
vt 0.04614258 0.18383789
vt 0.76489258 0.84252930
vt 0.76977539 0.84472656
vt 0.77880859 0.38574219
vt 0.50708008 0.36645508
vt 0.54931641 0.10058594
vt 0.23730469 0.93457031
vt 0.76123047 0.36767578
vt 0.76562500 0.37011719
vt 0.12768555 0.82177734
vt 0.21411133 0.93701172
vt 0.98339844 0.99145508
vt 0.70288086 0.44067383
vt 0.68237305 0.70727539
vt 0.26464844 0.33593750
vt 0.66210938 0.08544922
vt 0.83935547 0.63061523
vt 0.83935547 0.62280273
vt 0.83862305 0.62890625
vt 0.35229492 0.12353516
vt 0.77294922 0.37719727
vt 0.49560547 0.32519531
vt 0.28466797 0.03906250
vt 0.51831055 0.40039062
vt 0.25146484 0.36596680
vt 0.79174805 0.56372070
vt 0.66796875 0.29492188
vt 0.98730469 0.08349609
vt 0.04663086 0.18261719
vt 0.27197266 0.04785156
vt 0.36547852 0.92797852
vt 0.28295898 0.04858398
vt 0.71044922 0.42993164
vt 0.82031250 0.41308594
vt 0.48730469 0.56103516
vt 0.42358398 0.31787109
vt 0.81958008 0.41186523
vt 0.81982422 0.41186523
vt 0.35522461 0.01708984
vt 0.74829102 0.58715820
vt 0.69555664 0.08227539
vt 0.68408203 0.07031250
vt 0.34863281 0.02319336
vt 0.90063477 0.86865234
vt 0.83666992 0.63012695
vt 0.74194336 0.58984375
vt 0.03100586 0.93823242
vt 0.66406250 0.08471680
vt 0.36669922 0.92700195
vt 0.29638672 0.05029297
vt 0.85229492 0.64257812
vt 0.74389648 0.58911133
vt 0.74487305 0.58520508
vt 0.35327148 0.92358398
vt 0.74731445 0.58691406
vt 0.93115234 0.87744141
vt 0.98681641 0.08911133
vt 0.84350586 0.63696289
vt 0.75537109 0.57739258
vt 0.51879883 0.72998047
vt 0.42016602 0.33007812
vt 0.13793945 0.77612305
vt 0.66772461 0.29809570
vt 0.35107422 0.92333984
vt 0.72680664 0.00903320
vt 0.70483398 0.44458008
vt 0.53906250 0.06274414
vt 0.35180664 0.92358398
vt 0.76245117 0.10815430
vt 0.05541992 0.21557617
vt 0.76708984 0.84350586
vt 0.75073242 0.58349609
vt 0.70849609 0.43212891
vt 0.74853516 0.58398438
vt 0.21362305 0.93676758
vt 0.13037109 0.81347656
vt 0.35449219 0.50048828
vt 0.66992188 0.29809570
vt 0.35742188 0.30737305
vt 0.03027344 0.93725586
vt 0.11352539 0.98803711
vt 0.35156250 0.92480469
vt 0.84545898 0.64355469
vt 0.50952148 0.10278320
vt 0.79248047 0.56225586
vt 0.25854492 0.50805664
vt 0.10766602 0.97729492
vt 0.02587891 0.28076172
vt 0.91577148 0.83862305
vt 0.34545898 0.92480469
vt 0.34570312 0.92529297
vt 0.84521484 0.64233398
vt 0.52661133 0.09741211
vt 0.26879883 0.04541016
vt 0.04663086 0.29150391
vt 0.26611328 0.37231445
vt 0.28930664 0.04809570
vt 0.01904297 0.29394531
vt 0.31958008 0.12402344
vt 0.13525391 0.81201172
vt 0.35278320 0.92578125
vt 0.50561523 0.73583984
vt 0.27343750 0.04492188
vt 0.34521484 0.92822266
vt 0.29370117 0.05004883
vt 0.97290039 0.84716797
vt 0.51269531 0.09912109
vt 0.54028320 0.09887695
vt 0.12988281 0.80981445
vt 0.35620117 0.30639648
vt 0.12377930 0.98730469
vt 0.13110352 0.81176758
vt 0.35620117 0.50292969
vt 0.53515625 0.09765625
vt 0.74291992 0.82275391
vt 0.29443359 0.04833984
vt 0.12963867 0.81152344
vt 0.90551758 0.83447266
vt 0.26953125 0.34521484
vt 0.26416016 0.34448242
vt 0.53564453 0.09887695
vt 0.76611328 0.83959961
vt 0.84179688 0.63867188
vt 0.34301758 0.93920898
vt 0.54174805 0.09814453
vt 0.28198242 0.04418945
vt 0.01879883 0.28027344
vt 0.13427734 0.79565430
vt 0.26049805 0.51318359
vt 0.25903320 0.51538086
vt 0.74291992 0.82275391
vt 0.11328125 0.98852539
vt 0.46313477 0.88671875
vt 0.26489258 0.33789062
vt 0.35327148 0.51269531
vt 0.02319336 0.28564453
vt 0.57055664 0.00854492
vt 0.26513672 0.33813477
vt 0.48657227 0.76904297
vt 0.55029297 0.09497070
vt 0.75097656 0.81958008
vt 0.70971680 0.43652344
vt 0.42675781 0.32128906
vt 0.89892578 0.83325195
vt 0.60498047 0.54736328
vt 0.84008789 0.63891602
vt 0.02001953 0.28149414
vt 0.42602539 0.32250977
vt 0.10107422 0.22241211
vt 0.25952148 0.51245117
vt 0.56494141 0.01171875
vt 0.89868164 0.83715820
vt 0.13061523 0.81274414
vt 0.77929688 0.84838867
vt 0.26123047 0.51464844
vt 0.33471680 0.97973633
vt 0.56835938 0.00927734
vt 0.34399414 0.54467773
vt 0.56860352 0.00952148
vt 0.04614258 0.29174805
vt 0.01928711 0.28271484
vt 0.94970703 0.69677734
vt 0.94580078 0.71020508
vt 0.46313477 0.88696289
vt 0.51562500 0.09887695
vt 0.36425781 0.14013672
vt 0.78173828 0.85205078
vt 0.90649414 0.83129883
vt 0.34130859 0.94042969
vt 0.01977539 0.28369141
vt 0.42578125 0.32153320
vt 0.59472656 0.92651367
vt 0.03247070 0.94067383
vt 0.71191406 0.43505859
vt 0.77270508 0.84252930
vt 0.13134766 0.81298828
vt 0.33520508 0.98046875
vt 0.35595703 0.30664062
vt 0.76831055 0.83813477
vt 0.77441406 0.84375000
vt 0.60424805 0.92065430
vt 0.89941406 0.83593750
vt 0.35717773 0.30688477
vt 0.25952148 0.51977539
vt 0.32910156 0.98535156
vt 0.25927734 0.41748047
vt 0.94873047 0.69653320
vt 0.34399414 0.54223633
vt 0.90039062 0.83837891
vt 0.30346680 0.05151367
vt 0.68579102 0.06445312
vt 0.51416016 0.74462891
vt 0.94458008 0.69848633
vt 0.42504883 0.32397461
vt 0.34985352 0.49560547
vt 0.29833984 0.04760742
vt 0.71484375 0.43505859
vt 0.77148438 0.84082031
vt 0.34448242 0.53686523
vt 0.27758789 0.04467773
vt 0.13330078 0.81274414
vt 0.78491211 0.85375977
vt 0.78247070 0.85131836
vt 0.02514648 0.36474609
vt 0.32958984 0.51635742
vt 0.28930664 0.04443359
vt 0.78417969 0.85253906
vt 0.78051758 0.84887695
vt 0.47802734 0.05883789
vt 0.52392578 0.09692383
vt 0.53735352 0.09497070
vt 0.29907227 0.04760742
vt 0.51440430 0.09887695
vt 0.41235352 0.01098633
vt 0.49755859 0.93798828
vt 0.34057617 0.51538086
vt 0.60156250 0.92504883
vt 0.54589844 0.09448242
vt 0.32836914 0.06079102
vt 0.66137695 0.05004883
vt 0.73901367 0.80859375
vt 0.90112305 0.83740234
vt 0.35839844 0.13598633
vt 0.26489258 0.52392578
vt 0.35205078 0.13378906
vt 0.00097656 0.72412109
vt 0.69604492 0.30810547
vt 0.66650391 0.03906250
vt 0.90209961 0.83496094
vt 0.42480469 0.31982422
vt 0.60253906 0.92211914
vt 0.13598633 0.80566406
vt 0.01855469 0.46142578
vt 0.01757812 0.46166992
vt 0.55664062 0.77197266
vt 0.01879883 0.36303711
vt 0.35961914 0.93383789
vt 0.02050781 0.36328125
vt 0.51489258 0.76000977
vt 0.31127930 0.14355469
vt 0.46362305 0.89062500
vt 0.99121094 0.18823242
vt 0.00878906 0.36572266
vt 0.67138672 0.04809570
vt 0.25195312 0.40917969
vt 0.32983398 0.98364258
vt 0.01440430 0.36035156
vt 0.04516602 0.28808594
vt 0.76513672 0.82641602
vt 0.28393555 0.38305664
vt 0.29394531 0.12915039
vt 0.10986328 0.98559570
vt 0.97241211 0.84692383
vt 0.02270508 0.46093750
vt 0.72973633 0.45117188
vt 0.33886719 0.51660156
vt 0.74731445 0.81738281
vt 0.47436523 0.98315430
vt 0.70361328 0.44335938
vt 0.03857422 0.95117188
vt 0.01391602 0.36108398
vt 0.47436523 0.98242188
vt 0.36083984 0.14868164
vt 0.29492188 0.12963867
vt 0.01831055 0.45947266
vt 0.26708984 0.85498047
vt 0.47583008 0.98559570
vt 0.66259766 0.05761719
vt 0.13623047 0.81079102
vt 0.90405273 0.83740234
vt 0.47143555 0.08569336
vt 0.01806641 0.45898438
vt 0.74218750 0.81250000
vt 0.74536133 0.81542969
vt 0.65869141 0.07275391
vt 0.65991211 0.07128906
vt 0.01806641 0.45947266
vt 0.74609375 0.81494141
vt 0.78393555 0.55395508
vt 0.35278320 0.93603516
vt 0.42797852 0.00219727
vt 0.33251953 0.05786133
vt 0.89282227 0.71826172
vt 0.74804688 0.81689453
vt 0.94628906 0.70532227
vt 0.35375977 0.14062500
vt 0.15527344 0.78247070
vt 0.02099609 0.45458984
vt 0.76147461 0.82299805
vt 0.47167969 0.08715820
vt 0.32324219 0.97387695
vt 0.90942383 0.83349609
vt 0.90844727 0.83251953
vt 0.76489258 0.82373047
vt 0.93237305 0.84814453
vt 0.32983398 0.98168945
vt 0.68066406 0.32324219
vt 0.87329102 0.72363281
vt 0.75244141 0.81811523
vt 0.74609375 0.80908203
vt 0.33398438 0.96997070
vt 0.94580078 0.73437500
vt 0.74047852 0.81030273
vt 0.33032227 0.97827148
vt 0.48535156 0.98388672
vt 0.74658203 0.81396484
vt 0.32910156 0.96582031
vt 0.29858398 0.13330078
vt 0.25781250 0.52319336
vt 0.75805664 0.81835938
vt 0.34790039 0.14379883
vt 0.67041016 0.05151367
vt 0.66552734 0.05615234
vt 0.00073242 0.71972656
vt 0.00097656 0.72119141
vt 0.75805664 0.81835938
vt 0.76293945 0.82153320
vt 0.66552734 0.05688477
vt 0.01831055 0.29272461
vt 0.73876953 0.80175781
vt 0.04565430 0.29614258
vt 0.47949219 0.07592773
vt 0.76684570 0.82275391
vt 0.91064453 0.83398438
vt 0.25927734 0.52490234
vt 0.05102539 0.89428711
vt 0.66772461 0.05737305
vt 0.44873047 0.76928711
vt 0.98413086 0.17529297
vt 0.45361328 0.76586914
vt 0.04077148 0.88549805
vt 0.44702148 0.75805664
vt 0.25952148 0.40429688
vt 0.75000000 0.81030273
vt 0.90332031 0.83789062
vt 0.66723633 0.06372070
vt 0.03344727 0.43505859
vt 0.27319336 0.35253906
vt 0.01831055 0.45312500
vt 0.04223633 0.89453125
vt 0.00903320 0.36547852
vt 0.32763672 0.05786133
vt 0.03271484 0.44970703
vt 0.28222656 0.87109375
vt 0.07470703 0.60449219
vt 0.99072266 0.19067383
vt 0.97973633 0.17456055
vt 0.00927734 0.72045898
vt 0.36303711 0.14428711
vt 0.32519531 0.97387695
vt 0.01269531 0.44921875
vt 0.76245117 0.81738281
vt 0.36279297 0.14404297
vt 0.07470703 0.60302734
vt 0.73608398 0.80322266
vt 0.73486328 0.80053711
vt 0.47729492 0.08203125
vt 0.71166992 0.44262695
vt 0.33276367 0.05810547
vt 0.01293945 0.45019531
vt 0.32836914 0.06079102
vt 0.03393555 0.94677734
vt 0.60742188 0.54370117
vt 0.73559570 0.80200195
vt 0.02001953 0.87866211
vt 0.45239258 0.76977539
vt 0.48315430 0.97900391
vt 0.47729492 0.08398438
vt 0.73706055 0.80346680
vt 0.67041016 0.05517578
vt 0.67382812 0.05615234
vt 0.66772461 0.06420898
vt 0.67382812 0.05615234
vt 0.26074219 0.41235352
vt 0.47680664 0.08325195
vt 0.73559570 0.79907227
vt 0.47412109 0.05395508
vt 0.24731445 0.52514648
vt 0.48339844 0.98168945
vt 0.12280273 0.01513672
vt 0.26269531 0.41162109
vt 0.26269531 0.40527344
vt 0.98779297 0.85180664
vt 0.48852539 0.97998047
vt 0.97436523 0.65185547
vt 0.29101562 0.84814453
vt 0.69409180 0.29052734
vt 0.97460938 0.66528320
vt 0.02026367 0.87963867
vt 0.26171875 0.40649414
vt 0.12426758 0.02514648
vt 0.01220703 0.30981445
vt 0.97534180 0.24707031
vt 0.89916992 0.72192383
vt 0.46240234 0.91870117
vt 0.32861328 0.08789062
vt 0.71044922 0.48437500
vt 0.11474609 0.01757812
vt 0.74902344 0.03222656
vt 0.97314453 0.65185547
vt 0.91845703 0.83691406
vt 0.97509766 0.24707031
vt 0.75927734 0.02124023
vt 0.07031250 0.64819336
vt 0.93920898 0.70239258
vt 0.96752930 0.65673828
vt 0.28320312 0.85815430
vt 0.32958984 0.51611328
vt 0.97705078 0.51684570
vt 0.87304688 0.72412109
vt 0.97729492 0.65356445
vt 0.67919922 0.30908203
vt 0.98242188 0.51928711
vt 0.98510742 0.51049805
vt 0.73754883 0.80004883
vt 0.35327148 0.14282227
vt 0.47534180 0.05444336
vt 0.11987305 0.01562500
vt 0.01171875 0.44799805
vt 0.46582031 0.75537109
vt 0.03271484 0.43432617
vt 0.03588867 0.61718750
vt 0.97631836 0.66040039
vt 0.12500000 0.02075195
vt 0.73632812 0.79980469
vt 0.27783203 0.41259766
vt 0.09594727 0.31811523
vt 0.33984375 0.14233398
vt 0.67797852 0.05297852
vt 0.90893555 0.83813477
vt 0.73754883 0.79589844
vt 0.10766602 0.00830078
vt 0.04101562 0.60888672
vt 0.48706055 0.99340820
vt 0.12500000 0.02734375
vt 0.12475586 0.02514648
vt 0.12426758 0.01293945
vt 0.12597656 0.01953125
vt 0.28344727 0.85693359
vt 0.73901367 0.08764648
vt 0.48828125 0.98144531
vt 0.25439453 0.84912109
vt 0.98120117 0.84277344
vt 0.44897461 0.76318359
vt 0.48193359 0.08935547
vt 0.12426758 0.02416992
vt 0.12524414 0.02758789
vt 0.48754883 0.99365234
vt 0.49340820 0.93750000
vt 0.48706055 0.98974609
vt 0.33276367 0.95678711
vt 0.03442383 0.43579102
vt 0.73876953 0.01513672
vt 0.75219727 0.80639648
vt 0.98510742 0.52050781
vt 0.79638672 0.54345703
vt 0.00927734 0.30273438
vt 0.77270508 0.81127930
vt 0.90161133 0.72216797
vt 0.73681641 0.10839844
vt 0.04833984 0.60034180
vt 0.34814453 0.14575195
vt 0.67553711 0.05712891
vt 0.02124023 0.88208008
vt 0.26806641 0.86181641
vt 0.98364258 0.85620117
vt 0.44970703 0.75927734
vt 0.67529297 0.06079102
vt 0.91088867 0.83593750
vt 0.04663086 0.61157227
vt 0.06323242 0.60327148
vt 0.01977539 0.87133789
vt 0.51196289 0.74023438
vt 0.03857422 0.61108398
vt 0.04223633 0.61132812
vt 0.48828125 0.98608398
vt 0.12524414 0.00830078
vt 0.28759766 0.83251953
vt 0.00561523 0.42602539
vt 0.32861328 0.96435547
vt 0.00561523 0.42602539
vt 0.00585938 0.42431641
vt 0.70458984 0.45703125
vt 0.90942383 0.83715820
vt 0.01879883 0.01928711
vt 0.05346680 0.64331055
vt 0.39331055 0.16894531
vt 0.48901367 0.98095703
vt 0.97998047 0.65795898
vt 0.32861328 0.96606445
vt 0.45141602 0.76171875
vt 0.60278320 0.54833984
vt 0.48876953 0.98095703
vt 0.98315430 0.85449219
vt 0.34838867 0.14672852
vt 0.95605469 0.64477539
vt 0.01977539 0.02880859
vt 0.60083008 0.55957031
vt 0.94238281 0.73583984
vt 0.04516602 0.61572266
vt 0.00732422 0.42626953
vt 0.98144531 0.85668945
vt 0.32934570 0.96508789
vt 0.97705078 0.19677734
vt 0.09912109 0.61791992
vt 0.09863281 0.61840820
vt 0.98168945 0.84863281
vt 0.09497070 0.61791992
vt 0.09545898 0.62768555
vt 0.70410156 0.44970703
vt 0.00854492 0.42846680
vt 0.07397461 0.61865234
vt 0.10375977 0.63037109
vt 0.09838867 0.62646484
vt 0.00805664 0.42602539
vt 0.01171875 0.42651367
vt 0.91552734 0.83740234
vt 0.97827148 0.84741211
vt 0.09497070 0.62011719
vt 0.96215820 0.67871094
vt 0.09472656 0.62377930
vt 0.05737305 0.18066406
vt 0.97705078 0.67456055
vt 0.32861328 0.96582031
vt 0.09594727 0.61206055
vt 0.09106445 0.60742188
vt 0.08886719 0.61840820
vt 0.09619141 0.63085938
vt 0.01953125 0.91162109
vt 0.10131836 0.63208008
vt 0.09838867 0.19580078
vt 0.11230469 0.17529297
vt 0.93627930 0.72680664
vt 0.93212891 0.83105469
vt 0.08691406 0.61254883
vt 0.87890625 0.71997070
vt 0.10644531 0.63208008
vt 0.09423828 0.60791016
vt 0.09790039 0.63671875
vt 0.08789062 0.61450195
vt 0.07373047 0.61865234
vt 0.36352539 0.16503906
vt 0.11987305 0.00659180
vt 0.09057617 0.61352539
vt 0.11791992 0.31616211
vt 0.02685547 0.02636719
vt 0.32861328 0.96508789
vt 0.08129883 0.61157227
vt 0.02636719 0.03515625
vt 0.45849609 0.76733398
vt 0.93164062 0.82910156
vt 0.04077148 0.21582031
vt 0.52099609 0.80078125
vt 0.03564453 0.19165039
vt 0.08227539 0.60986328
vt 0.75781250 0.01269531
vt 0.08105469 0.61181641
vt 0.51123047 0.96435547
vt 0.01147461 0.42602539
vt 0.10717773 0.59033203
vt 0.12573242 0.61962891
vt 0.70288086 0.45092773
vt 0.26611328 0.42651367
vt 0.91552734 0.85913086
vt 0.01098633 0.42773438
vt 0.11621094 0.00585938
vt 0.11621094 0.20117188
vt 0.08349609 0.58666992
vt 0.09252930 0.32812500
vt 0.13159180 0.44018555
vt 0.74462891 0.01318359
vt 0.95678711 0.67724609
vt 0.30566406 0.83911133
vt 0.46313477 0.75854492
vt 0.95727539 0.67651367
vt 0.93066406 0.83618164
vt 0.07763672 0.34472656
vt 0.05712891 0.18164062
vt 0.94165039 0.16040039
vt 0.12109375 0.21655273
vt 0.71557617 0.22802734
vt 0.94750977 0.16674805
vt 0.04272461 0.89477539
vt 0.32934570 0.51635742
vt 0.04077148 0.78564453
vt 0.92895508 0.71118164
vt 0.92480469 0.56835938
vt 0.91918945 0.53369141
vt 0.31616211 0.17871094
vt 0.78588867 0.55590820
vt 0.92651367 0.57006836
vt 0.91821289 0.52880859
vt 0.14013672 0.42846680
vt 0.95068359 0.15869141
vt 0.04052734 0.79272461
vt 0.92431641 0.56616211
vt 0.92041016 0.54296875
vt 0.05297852 0.64306641
vt 0.31616211 0.17797852
vt 0.92016602 0.55395508
vt 0.49975586 0.78222656
vt 0.99072266 0.93872070
vt 0.92016602 0.57080078
vt 0.91870117 0.53466797
vt 0.51928711 0.80297852
vt 0.03906250 0.79003906
vt 0.71215820 0.21606445
vt 0.97778320 0.56811523
vt 0.38061523 0.17626953
vt 0.93188477 0.72167969
vt 0.13793945 0.40576172
vt 0.91748047 0.51977539
vt 0.82006836 0.07080078
vt 0.91821289 0.52880859
vt 0.94506836 0.15991211
vt 0.72436523 0.21923828
vt 0.99658203 0.93676758
vt 0.96679688 0.16357422
vt 0.13769531 0.19482422
vt 0.75976562 0.01220703
vt 0.01489258 0.63867188
vt 0.01416016 0.64770508
vt 0.94750977 0.16015625
vt 0.01342773 0.93457031
vt 0.92089844 0.54296875
vt 0.01391602 0.93457031
vt 0.91992188 0.55493164
vt 0.13745117 0.41455078
vt 0.37622070 0.17700195
vt 0.38085938 0.17749023
vt 0.38842773 0.17724609
vt 0.81030273 0.08593750
vt 0.79052734 0.07250977
vt 0.93090820 0.82836914
vt 0.71289062 0.21557617
vt 0.97729492 0.19653320
vt 0.94555664 0.15673828
vt 0.58715820 0.92797852
vt 0.94946289 0.15869141
vt 0.36596680 0.17309570
vt 0.71557617 0.20288086
vt 0.38476562 0.17749023
vt 0.04150391 0.95629883
vt 0.03051758 0.03808594
vt 0.11645508 0.00512695
vt 0.55004883 0.78759766
vt 0.37744141 0.17773438
vt 0.38012695 0.17871094
vt 0.38281250 0.17797852
vt 0.13574219 0.40625000
vt 0.73657227 0.23461914
vt 0.73315430 0.22973633
vt 0.14892578 0.17382812
vt 0.12182617 0.41235352
vt 0.71264648 0.21459961
vt 0.33374023 0.18261719
vt 0.64648438 0.02197266
vt 0.01196289 0.93408203
vt 0.13500977 0.41918945
vt 0.13574219 0.41308594
vt 0.02612305 0.90527344
vt 0.37939453 0.17871094
vt 0.78979492 0.07250977
vt 0.32836914 0.17871094
vt 0.04345703 0.79541016
vt 0.37475586 0.18017578
vt 0.95288086 0.59399414
vt 0.77197266 0.22753906
vt 0.71508789 0.22778320
vt 0.71411133 0.21484375
vt 0.13500977 0.41503906
vt 0.31152344 0.17749023
vt 0.71533203 0.21435547
vt 0.37817383 0.18066406
vt 0.14599609 0.23168945
vt 0.94335938 0.15771484
vt 0.49243164 0.79443359
vt 0.01440430 0.93579102
vt 0.37744141 0.18261719
vt 0.30200195 0.84960938
vt 0.39501953 0.18798828
vt 0.94555664 0.15673828
vt 0.78442383 0.23022461
vt 0.00976562 0.95214844
vt 0.95434570 0.15942383
vt 0.80395508 0.07275391
vt 0.79223633 0.06958008
vt 0.00952148 0.96459961
vt 0.99975586 0.94921875
vt 0.95605469 0.16821289
vt 0.95874023 0.15698242
vt 0.96191406 0.16064453
vt 0.95971680 0.15283203
vt 0.37622070 0.18041992
vt 0.38330078 0.18115234
vt 0.95434570 0.15747070
vt 0.37744141 0.18066406
vt 0.38159180 0.18139648
vt 0.94409180 0.15673828
vt 0.67089844 0.02929688
vt 0.72924805 0.22387695
vt 0.38305664 0.18237305
vt 0.99829102 0.95092773
vt 0.99511719 0.25000000
vt 0.24023438 0.10400391
vt 0.96166992 0.15551758
vt 0.88598633 0.48681641
vt 0.35449219 0.18554688
vt 0.92138672 0.72656250
vt 0.94165039 0.15502930
vt 0.73559570 0.23046875
vt 0.38842773 0.18188477
vt 0.93115234 0.72094727
vt 0.71289062 0.22338867
vt 0.03076172 0.95556641
vt 0.11108398 0.60400391
vt 0.55297852 0.78710938
vt 0.28125000 0.40087891
vt 0.94335938 0.15527344
vt 0.94213867 0.15429688
vt 0.27807617 0.41601562
vt 0.94091797 0.16503906
vt 0.78393555 0.23046875
vt 0.78540039 0.23095703
vt 0.94458008 0.15527344
vt 0.38403320 0.18164062
vt 0.38549805 0.18139648
vt 0.95483398 0.16699219
vt 0.01977539 0.96069336
vt 0.02636719 0.95703125
vt 0.47338867 0.76831055
vt 0.76196289 0.22778320
vt 0.33227539 0.18774414
vt 0.38305664 0.18188477
vt 0.98950195 0.77929688
vt 0.14599609 0.18969727
vt 0.99487305 0.76757812
vt 0.38842773 0.18188477
vt 0.76342773 0.22949219
vt 0.96337891 0.15820312
vt 0.81127930 0.00854492
vt 0.73510742 0.22924805
vt 0.50537109 0.79052734
vt 0.95434570 0.16772461
vt 0.72729492 0.22021484
vt 0.78393555 0.23071289
vt 0.78222656 0.23022461
vt 0.14111328 0.45434570
vt 0.78247070 0.23046875
vt 0.78125000 0.23022461
vt 0.38671875 0.98925781
vt 0.37670898 0.99267578
vt 0.37817383 0.19580078
vt 0.73950195 0.11010742
vt 0.27807617 0.41088867
vt 0.07836914 0.32006836
vt 0.05468750 0.63916016
vt 0.28955078 0.84326172
vt 0.41748047 0.99511719
vt 0.81323242 0.07495117
vt 0.80249023 0.06982422
vt 0.41601562 0.99218750
vt 0.39477539 0.19091797
vt 0.81469727 0.01000977
vt 0.98925781 0.78613281
vt 0.95581055 0.15087891
vt 0.87329102 0.49853516
vt 0.14648438 0.19238281
vt 0.11645508 0.62084961
vt 0.48071289 0.76782227
vt 0.00659180 0.52441406
vt 0.14501953 0.22363281
vt 0.11962891 0.61962891
vt 0.93310547 0.85253906
vt 0.41748047 0.99487305
vt 0.04394531 0.95800781
vt 0.19335938 0.01220703
vt 0.04809570 0.80688477
vt 0.38281250 0.99414062
vt 0.35815430 0.20092773
vt 0.98803711 0.36157227
vt 0.01586914 0.66162109
vt 0.00610352 0.37915039
vt 0.82739258 0.08081055
vt 0.35546875 0.20141602
vt 0.87060547 0.49926758
vt 0.04125977 0.80981445
vt 0.98803711 0.36621094
vt 0.91723633 0.56787109
vt 0.72680664 0.21044922
vt 0.00488281 0.68994141
vt 0.37573242 0.20434570
vt 0.91870117 0.56152344
vt 0.79028320 0.07080078
vt 0.50415039 0.79077148
vt 0.77832031 0.56030273
vt 0.99462891 0.24975586
vt 0.91699219 0.72631836
vt 0.34057617 0.19311523
vt 0.19970703 0.00317383
vt 0.73901367 0.10937500
vt 0.49511719 0.77514648
vt 0.00268555 0.62988281
vt 0.97998047 0.16259766
vt 0.99389648 0.71118164
vt 0.05224609 0.19873047
vt 0.30639648 0.84497070
vt 0.03344727 0.19458008
vt 0.01806641 0.66455078
vt 0.66040039 0.03393555
vt 0.99462891 0.47851562
vt 0.00439453 0.37792969
vt 0.99096680 0.71826172
vt 0.00097656 0.07275391
vt 0.64697266 0.99560547
vt 0.65820312 0.03662109
vt 0.70434570 0.45874023
vt 0.19409180 0.00439453
vt 0.00048828 0.07495117
vt 0.15063477 0.19555664
vt 0.30957031 0.84082031
vt 0.98437500 0.16650391
vt 0.98193359 0.16357422
vt 0.47387695 0.04150391
vt 0.01611328 0.66503906
vt 0.73876953 0.11010742
vt 0.39184570 0.19848633
vt 0.00415039 0.37695312
vt 0.47387695 0.04150391
vt 0.98779297 0.23291016
vt 0.08691406 0.33105469
vt 0.74755859 0.23413086
vt 0.57299805 0.99365234
vt 0.98437500 0.23315430
vt 0.03369141 0.19848633
vt 0.98535156 0.16259766
vt 0.53979492 0.78344727
vt 0.81420898 0.01733398
vt 0.98632812 0.16577148
vt 0.57666016 0.99487305
vt 0.57495117 0.99389648
vt 0.39428711 0.17724609
vt 0.04687500 0.20922852
vt 0.08666992 0.57983398
vt 0.50634766 0.79223633
vt 0.00952148 0.95532227
vt 0.99145508 0.35375977
vt 0.00048828 0.07446289
vt 0.15502930 0.23413086
vt 0.91894531 0.70629883
vt 0.64794922 0.99511719
vt 0.98413086 0.16064453
vt 0.00927734 0.95336914
vt 0.00024414 0.05615234
vt 0.00024414 0.07446289
vt 0.01171875 0.64477539
vt 0.57690430 0.99340820
vt 0.98510742 0.23315430
vt 0.57617188 0.99291992
vt 0.50634766 0.79223633
vt 0.28784180 0.83203125
vt 0.57617188 0.99389648
vt 0.57543945 0.99316406
vt 0.74169922 0.22412109
vt 0.57617188 0.99365234
vt 0.98413086 0.16186523
vt 0.57714844 0.99414062
vt 0.53735352 0.77880859
vt 0.01245117 0.64477539
vt 0.98510742 0.16162109
vt 0.01318359 0.64477539
vt 0.99316406 0.25073242
vt 0.00781250 0.11523438
vt 0.70727539 0.45776367
vt 0.98437500 0.16455078
vt 0.04150391 0.81103516
vt 0.98437500 0.16528320
vt 0.92822266 0.83300781
vt 0.98242188 0.71093750
vt 0.98486328 0.16528320
vt 0.98681641 0.16210938
vt 0.48657227 0.76904297
vt 0.00024414 0.07519531
vt 0.65844727 0.98193359
vt 0.65258789 0.99511719
vt 0.98999023 0.25122070
vt 0.03637695 0.19628906
vt 0.91625977 0.72656250
vt 0.78564453 0.55566406
vt 0.10766602 0.58862305
vt 0.99072266 0.25122070
vt 0.56689453 0.99365234
vt 0.33203125 0.19140625
vt 0.95556641 0.58715820
vt 0.00415039 0.68945312
vt 0.00048828 0.05004883
vt 0.49951172 0.75122070
vt 0.33935547 0.00512695
vt 0.38305664 0.19116211
vt 0.38305664 0.19262695
vt 0.38745117 0.19091797
vt 0.38476562 0.19116211
vt 0.38012695 0.18994141
vt 0.15356445 0.23242188
vt 0.38085938 0.19213867
vt 0.10546875 0.58886719
vt 0.37280273 0.19042969
vt 0.35742188 0.20117188
vt 0.69604492 0.30761719
vt 0.00024414 0.07495117
vt 0.38085938 0.19409180
vt 0.38159180 0.19506836
vt 0.92089844 0.72460938
vt 0.19384766 0.00439453
vt 0.38134766 0.19653320
vt 0.12744141 0.42993164
vt 0.13671875 0.42602539
vt 0.39013672 0.19262695
vt 0.38574219 0.19458008
vt 0.97045898 0.15454102
vt 0.98730469 0.62329102
vt 0.99560547 0.62548828
vt 0.35327148 0.19262695
vt 0.34716797 0.19555664
vt 0.74902344 0.00537109
vt 0.06054688 0.19482422
vt 0.39038086 0.18920898
vt 0.39208984 0.18896484
vt 0.33520508 0.00585938
vt 0.98974609 0.62475586
vt 0.35302734 0.19604492
vt 0.36181641 0.19262695
vt 0.36865234 0.19311523
vt 0.38842773 0.19360352
vt 0.71948242 0.20263672
vt 0.36962891 0.19287109
vt 0.38549805 0.19384766
vt 0.98828125 0.62426758
vt 0.75537109 0.23681641
vt 0.22949219 0.11181641
vt 0.00024414 0.07519531
vt 0.36621094 0.19482422
vt 0.36938477 0.19189453
vt 0.08544922 0.33813477
vt 0.74096680 0.22338867
vt 0.74243164 0.22021484
vt 0.73461914 0.21630859
vt 0.73217773 0.21313477
vt 0.73168945 0.21337891
vt 0.73144531 0.21289062
vt 0.73461914 0.21508789
vt 0.37939453 0.19726562
vt 0.98681641 0.62353516
vt 0.11596680 0.42456055
vt 0.73291016 0.21264648
vt 0.71508789 0.19628906
vt 0.33520508 0.00488281
vt 0.10913086 0.40820312
vt 0.99438477 0.62622070
vt 0.99487305 0.47851562
vt 0.35009766 0.19433594
vt 0.36499023 0.19360352
vt 0.05029297 0.19677734
vt 0.98974609 0.62500000
vt 0.74218750 0.22338867
vt 0.73510742 0.21411133
vt 0.35205078 0.19458008
vt 0.36035156 0.19702148
vt 0.33129883 0.00878906
vt 0.75122070 0.23095703
vt 0.75415039 0.23510742
vt 0.34106445 0.19482422
vt 0.70776367 0.18896484
vt 0.36328125 0.19384766
vt 0.38500977 0.19531250
vt 0.54150391 0.78222656
vt 0.98925781 0.62670898
vt 0.35986328 0.19482422
vt 0.13232422 0.44677734
vt 0.74682617 0.22460938
vt 0.70532227 0.18408203
vt 0.36743164 0.19458008
vt 0.11108398 0.41186523
vt 0.71166992 0.19018555
vt 0.36425781 0.19995117
vt 0.11181641 0.41186523
vt 0.47045898 0.79199219
vt 0.99169922 0.62622070
vt 0.99316406 0.62744141
vt 0.76025391 0.23876953
vt 0.75439453 0.23364258
vt 0.73120117 0.20800781
vt 0.74853516 0.00610352
vt 0.38525391 0.19604492
vt 0.75195312 0.22509766
vt 0.73046875 0.20703125
vt 0.70703125 0.18676758
vt 0.35498047 0.19653320
vt 0.36547852 0.19506836
vt 0.38037109 0.19702148
vt 0.11181641 0.40917969
vt 0.11059570 0.41040039
vt 0.11279297 0.41381836
vt 0.11621094 0.41845703
vt 0.36645508 0.19555664
vt 0.36694336 0.19604492
vt 0.37207031 0.19580078
vt 0.37182617 0.19677734
vt 0.08764648 0.33691406
vt 0.71533203 0.19409180
vt 0.33886719 0.01123047
vt 0.32617188 0.00854492
vt 0.98535156 0.62695312
vt 0.76342773 0.23925781
vt 0.26245117 0.98999023
vt 0.36303711 0.19873047
vt 0.99121094 0.62768555
vt 0.81445312 0.01831055
vt 0.99658203 0.03100586
vt 0.76318359 0.23999023
vt 0.99951172 0.02099609
vt 0.74707031 0.22338867
vt 0.74487305 0.21899414
vt 0.73193359 0.20751953
vt 0.98608398 0.62792969
vt 0.35400391 0.19873047
vt 0.36669922 0.19970703
vt 0.99438477 0.76806641
vt 0.76025391 0.23803711
vt 0.74755859 0.22314453
vt 0.70947266 0.18505859
vt 0.33300781 0.01074219
vt 0.11547852 0.41674805
vt 0.99267578 0.36010742
vt 0.99877930 0.02539062
vt 0.11767578 0.41845703
vt 0.76562500 0.24072266
vt 0.76391602 0.23803711
vt 0.73828125 0.21337891
vt 0.99047852 0.36083984
vt 0.33691406 0.01318359
vt 0.12500000 0.42529297
vt 0.76245117 0.23828125
vt 0.75830078 0.23364258
vt 0.37646484 0.99414062
vt 0.98974609 0.36840820
vt 0.99267578 0.36840820
vt 0.35522461 0.19970703
vt 0.35913086 0.19848633
vt 0.36401367 0.19824219
vt 0.76123047 0.23754883
vt 0.35913086 0.19848633
vt 0.11303711 0.40673828
vt 0.11547852 0.41137695
vt 0.11718750 0.41699219
vt 0.76611328 0.24047852
vt 0.76440430 0.23950195
vt 0.76391602 0.23901367
vt 0.76171875 0.23730469
vt 0.73242188 0.20556641
vt 0.72656250 0.20117188
vt 0.71362305 0.18725586
vt 0.71704102 0.18823242
vt 0.32714844 0.01147461
vt 0.73242188 0.20556641
vt 0.72827148 0.20141602
vt 0.99169922 0.36743164
vt 0.11499023 0.41040039
vt 0.11450195 0.40942383
vt 0.11694336 0.41088867
vt 0.11840820 0.41845703
vt 0.76538086 0.23876953
vt 0.76293945 0.23754883
vt 0.75952148 0.23217773
vt 0.71679688 0.18823242
vt 0.76098633 0.23559570
vt 0.74462891 0.21850586
vt 0.71679688 0.19018555
vt 0.57934570 0.93676758
vt 0.88183594 0.10156250
vt 0.98486328 0.63134766
vt 0.74755859 0.22094727
vt 0.73681641 0.20434570
vt 0.71777344 0.18945312
vt 0.71533203 0.18896484
vt 0.98828125 0.36791992
vt 0.99096680 0.36889648
vt 0.65551758 0.00585938
vt 0.32373047 0.01147461
vt 0.08911133 0.33862305
vt 0.71777344 0.18969727
vt 0.37988281 0.99414062
vt 0.11376953 0.40698242
vt 0.76196289 0.23608398
vt 0.75756836 0.22680664
vt 0.75122070 0.22387695
vt 0.74536133 0.21728516
vt 0.74243164 0.21533203
vt 0.73657227 0.20849609
vt 0.71386719 0.18627930
vt 0.71459961 0.18627930
vt 0.37597656 0.99267578
vt 0.98828125 0.36206055
vt 0.05273438 0.19970703
vt 0.06079102 0.19482422
vt 0.65722656 0.00439453
vt 0.12377930 0.42651367
vt 0.75366211 0.22607422
vt 0.98876953 0.36669922
vt 0.98901367 0.36816406
vt 0.11401367 0.40747070
vt 0.75952148 0.23217773
vt 0.75854492 0.22949219
vt 0.73828125 0.21044922
vt 0.73486328 0.20458984
vt 0.73535156 0.20361328
vt 0.65600586 0.00805664
vt 0.12084961 0.42407227
vt 0.47045898 0.79199219
vt 0.99902344 0.02099609
vt 0.99951172 0.01660156
vt 0.75048828 0.22094727
vt 0.74340820 0.21240234
vt 0.65600586 0.00634766
vt 0.32421875 0.01220703
vt 0.32299805 0.01245117
vt 0.75537109 0.22509766
vt 0.73876953 0.20874023
vt 0.98706055 0.63256836
vt 0.33032227 0.01538086
vt 0.99804688 0.02197266
vt 0.76416016 0.23461914
vt 0.98559570 0.63232422
vt 0.98583984 0.63403320
vt 0.99633789 0.02685547
vt 0.74853516 0.21826172
vt 0.45263672 0.99707031
vt 0.47045898 0.79174805
vt 0.99755859 0.02661133
vt 0.99682617 0.02783203
vt 0.99829102 0.02270508
vt 0.99926758 0.01855469
vt 0.76562500 0.23388672
vt 0.11425781 0.40649414
vt 0.11499023 0.40698242
vt 0.12036133 0.42065430
vt 0.99755859 0.02880859
vt 0.99804688 0.02197266
vt 0.05200195 0.19482422
vt 0.32226562 0.01733398
vt 0.12133789 0.41699219
vt 0.75024414 0.21777344
vt 0.05346680 0.19799805
vt 0.33325195 0.01684570
vt 0.12207031 0.41918945
vt 0.76391602 0.23364258
vt 0.76416016 0.23242188
vt 0.75708008 0.22485352
vt 0.75708008 0.22485352
vt 0.64746094 0.98779297
vt 0.12084961 0.41943359
vt 0.49072266 0.76147461
vt 0.75708008 0.22387695
vt 0.58715820 0.07666016
vt 0.76513672 0.23217773
vt 0.76513672 0.23388672
vt 0.76489258 0.23315430
vt 0.76538086 0.23315430
vt 0.75878906 0.22583008
vt 0.32641602 0.01684570
vt 0.12133789 0.41601562
vt 0.08764648 0.33691406
vt 0.76342773 0.22949219
vt 0.12182617 0.42041016
vt 0.39404297 0.19360352
vt 0.12133789 0.41650391
vt 0.12182617 0.41821289
vt 0.70971680 0.46508789
vt 0.64868164 0.98120117
vt 0.64794922 0.98046875
vt 0.11669922 0.32788086
vt 0.39526367 0.19409180
vt 0.64575195 0.98242188
vt 0.64770508 0.98437500
vt 0.05493164 0.20092773
vt 0.01879883 0.91357422
vt 0.64575195 0.98242188
vt 0.64575195 0.97949219
vt 0.64672852 0.98046875
vt 0.09179688 0.59106445
vt 0.09741211 0.22021484
vt 0.39550781 0.19482422
vt 0.93212891 0.83520508
vt 0.49877930 0.76879883
vt 0.58129883 0.85961914
vt 0.08715820 0.58203125
vt 0.08666992 0.58178711
vt 0.52929688 0.77490234
vt 0.14331055 0.44653320
vt 0.08691406 0.58227539
vt 0.85302734 0.09667969
vt 0.08740234 0.58105469
vt 0.09399414 0.57836914
vt 0.08984375 0.58081055
vt 0.51538086 0.77270508
vt 0.50073242 0.76708984
vt 0.13305664 0.42895508
vt 0.14672852 0.23608398
vt 0.11596680 0.31835938
vt 0.51220703 0.77075195
vt 0.57958984 0.93676758
vt 0.92895508 0.83618164
vt 0.57910156 0.93408203
vt 0.09497070 0.58374023
vt 0.09619141 0.58398438
vt 0.14990234 0.23095703
vt 0.51684570 0.94702148
vt 0.49609375 0.76586914
vt 0.49560547 0.76684570
vt 0.49609375 0.76586914
vt 0.09790039 0.58203125
vt 0.15087891 0.23437500
vt 0.09741211 0.58251953
vt 0.52880859 0.77587891
vt 0.15161133 0.23535156
vt 0.14941406 0.22949219
vt 0.09375000 0.57934570
vt 0.09399414 0.31738281
vt 0.15380859 0.23681641
vt 0.09716797 0.57983398
vt 0.15087891 0.23266602
vt 0.51757812 0.77026367
vt 0.04003906 0.96435547
vt 0.10131836 0.58325195
vt 0.14990234 0.22998047
vt 0.15209961 0.23461914
vt 0.09741211 0.58154297
vt 0.15063477 0.23071289
vt 0.15063477 0.23046875
vt 0.09667969 0.58007812
vt 0.15502930 0.23437500
vt 0.15502930 0.23779297
vt 0.15454102 0.23583984
vt 0.15380859 0.23461914
vt 0.15527344 0.23754883
vt 0.09912109 0.57934570
vt 0.12915039 0.43579102
vt 0.15283203 0.23242188
vt 0.09936523 0.57934570
vt 0.15771484 0.23876953
vt 0.09814453 0.57739258
vt 0.09790039 0.57958984
vt 0.12915039 0.42968750
vt 0.09790039 0.57885742
vt 0.15722656 0.23632812
vt 0.12988281 0.43847656
vt 0.55151367 0.91894531
vt 0.58496094 0.93457031
vt 0.13085938 0.43920898
vt 0.12915039 0.44116211
vt 0.13012695 0.44018555
vt 0.12939453 0.44018555
vt 0.13061523 0.44018555
vt 0.15747070 0.23730469
vt 0.56323242 0.09692383
vt 0.12792969 0.43115234
vt 0.12719727 0.43139648
vt 0.12792969 0.43115234
vt 0.12915039 0.43115234
vt 0.59252930 0.08154297
vt 0.95532227 0.58911133
vt 0.48754883 0.79370117
vt 0.51171875 0.96459961
vt 0.58569336 0.93554688
vt 0.52709961 0.77392578
vt 0.93212891 0.83520508
vt 0.58422852 0.93383789
vt 0.58496094 0.93408203
vt 0.93090820 0.83691406
vt 0.49194336 0.79467773
vt 0.87426758 0.11108398
vt 0.57910156 0.93627930
vt 0.51245117 0.77001953
vt 0.55932617 0.08740234
vt 0.55566406 0.77197266
vt 0.93261719 0.83764648
vt 0.58129883 0.07861328
vt 0.51977539 0.80297852
vt 0.09326172 0.31835938
vt 0.51611328 0.80053711
vt 0.93237305 0.83837891
vt 0.01855469 0.42504883
vt 0.32763672 0.73095703
vt 0.58203125 0.93530273
vt 0.93212891 0.83740234
vt 0.55615234 0.08813477
vt 0.57299805 0.08544922
vt 0.50561523 0.95166016
vt 0.71313477 0.47607422
vt 0.04711914 0.96533203
vt 0.93261719 0.83813477
vt 0.32592773 0.73022461
vt 0.85034180 0.11547852
vt 0.02050781 0.42407227
vt 0.57958984 0.93505859
vt 0.57519531 0.08496094
vt 0.55029297 0.86132812
vt 0.00659180 0.25976562
vt 0.57934570 0.93530273
vt 0.86157227 0.09936523
vt 0.57910156 0.93554688
vt 0.56054688 0.77416992
vt 0.86254883 0.09814453
vt 0.00781250 0.26147461
vt 0.05249023 0.78613281
vt 0.44921875 0.92651367
vt 0.57275391 0.08398438
vt 0.46801758 0.91821289
vt 0.01757812 0.25268555
vt 0.58544922 0.07568359
vt 0.55810547 0.08691406
vt 0.06591797 0.78125000
vt 0.04418945 0.96191406
vt 0.06396484 0.81445312
vt 0.08666992 0.21289062
vt 0.55786133 0.82495117
vt 0.55126953 0.84814453
vt 0.05859375 0.79589844
vt 0.04223633 0.96484375
vt 0.03686523 0.96801758
vt 0.58618164 0.07592773
vt 0.55761719 0.08666992
vt 0.58984375 0.07397461
vt 0.04223633 0.96484375
vt 0.08544922 0.21142578
vt 0.55273438 0.82934570
vt 0.58544922 0.07568359
vt 0.55859375 0.08569336
vt 0.06274414 0.79638672
vt 0.57812500 0.87866211
vt 0.02587891 0.98291016
vt 0.57763672 0.07739258
vt 0.56250000 0.08447266
vt 0.58300781 0.07592773
vt 0.10107422 0.22436523
vt 0.01513672 0.24145508
vt 0.01293945 0.24975586
vt 0.10205078 0.22363281
vt 0.04760742 0.96411133
vt 0.06127930 0.78051758
vt 0.03540039 0.97387695
vt 0.06054688 0.81665039
vt 0.04541016 0.97070312
vt 0.06005859 0.81591797
vt 0.06054688 0.79711914
vt 0.55322266 0.07690430
vt 0.01440430 0.24658203
vt 0.55639648 0.07421875
vt 0.03100586 0.97802734
vt 0.17309570 0.65112305
vt 0.01293945 0.24707031
vt 0.16137695 0.65258789
vt 0.16357422 0.64916992
vt 0.15258789 0.65576172
vt 0.15307617 0.65527344
vt 0.16210938 0.65039062
vt 0.00830078 0.25585938
vt 0.16455078 0.65014648
vt 0.06005859 0.77905273
vt 0.83740234 0.11425781
vt 0.16821289 0.65234375
vt 0.16796875 0.64819336
vt 0.15795898 0.65332031
vt 0.09765625 0.22436523
vt 0.15112305 0.65673828
vt 0.00585938 0.26269531
vt 0.56982422 0.07739258
vt 0.09472656 0.22851562
vt 0.16137695 0.65258789
vt 0.00952148 0.25170898
vt 0.00927734 0.25390625
vt 0.09497070 0.22900391
vt 0.15356445 0.65747070
vt 0.16064453 0.65429688
vt 0.00708008 0.25952148
vt 0.05810547 0.77954102
vt 0.17138672 0.65087891
vt 0.01367188 0.23852539
vt 0.83886719 0.11425781
vt 0.00585938 0.26025391
vt 0.56958008 0.07666016
vt 0.09155273 0.22265625
vt 0.17065430 0.64941406
vt 0.14965820 0.65966797
vt 0.00708008 0.25439453
vt 0.16137695 0.65942383
vt 0.15307617 0.66552734
vt 0.00341797 0.25610352
vt 0.56713867 0.07568359
vt 0.16772461 0.65478516
vt 0.00415039 0.24755859
vt 0.83886719 0.11523438
vt 0.83862305 0.11547852
vt 0.83886719 0.11499023
vt 0.83813477 0.11474609
vt 0.00927734 0.24169922
vt 0.19262695 0.65551758
vt 0.00537109 0.24633789
vt 0.56835938 0.87548828
vt 0.15942383 0.66210938
vt 0.19946289 0.64868164
vt 0.16674805 0.67187500
vt 0.16821289 0.65673828
vt 0.55590820 0.07421875
vt 0.04980469 0.79248047
vt 0.05126953 0.78540039
vt 0.18310547 0.66210938
vt 0.49218750 0.93164062
vt 0.15844727 0.66381836
vt 0.04931641 0.79052734
vt 0.49682617 0.93237305
vt 0.57495117 0.86279297
vt 0.57812500 0.86352539
vt 0.15600586 0.66479492
vt 0.18041992 0.66455078
vt 0.04858398 0.78686523
vt 0.18212891 0.66259766
vt 0.57861328 0.87915039
vt 0.18066406 0.66406250
vt 0.48193359 0.93750000
vt 0.17822266 0.66625977
vt 0.15332031 0.67993164
vt 0.16796875 0.66967773
vt 0.16455078 0.66772461
vt 0.16577148 0.67041016
vt 0.16625977 0.67260742
vt 0.51733398 0.03784180
vt 0.95678711 0.55249023
vt 0.95678711 0.55810547
vt 0.45092773 0.68823242
vt 0.01513672 0.05615234
vt 0.29150391 0.79638672
vt 0.95458984 0.57641602
vt 0.72436523 0.11132812
vt 0.95507812 0.57836914
vt 0.82470703 0.80151367
vt 0.13745117 0.52392578
vt 0.51733398 0.05273438
vt 0.13769531 0.52685547
vt 0.72412109 0.11181641
vt 0.06323242 0.07153320
vt 0.36083984 0.68310547
vt 0.06250000 0.47827148
vt 0.08520508 0.74926758
vt 0.05834961 0.47900391
vt 0.50170898 0.90209961
vt 0.01098633 0.05419922
vt 0.95703125 0.55664062
vt 0.49365234 0.05639648
vt 0.49853516 0.68652344
vt 0.58544922 0.17089844
vt 0.49804688 0.68896484
vt 0.36010742 0.78564453
vt 0.13720703 0.52539062
vt 0.95703125 0.56152344
vt 0.01318359 0.05590820
vt 0.98095703 0.47460938
vt 0.95605469 0.54003906
vt 0.83520508 0.80957031
vt 0.72045898 0.10595703
vt 0.95507812 0.57666016
vt 0.01855469 0.05346680
vt 0.49511719 0.88525391
vt 0.02685547 0.05541992
vt 0.32250977 0.84472656
vt 0.73608398 0.34594727
vt 0.73486328 0.34838867
vt 0.47143555 0.68847656
vt 0.51733398 0.05444336
vt 0.89941406 0.91821289
vt 0.14697266 0.03100586
vt 0.47021484 0.58984375
vt 0.16748047 0.60644531
vt 0.16748047 0.60644531
vt 0.72338867 0.11108398
vt 0.47656250 0.68872070
vt 0.09448242 0.06005859
vt 0.01318359 0.05371094
vt 0.29663086 0.79565430
vt 0.49291992 0.05688477
vt 0.73706055 0.32446289
vt 0.89233398 0.93237305
vt 0.14379883 0.36718750
vt 0.09570312 0.89379883
vt 0.42114258 0.80346680
vt 0.15332031 0.33398438
vt 0.98901367 0.91333008
vt 0.13403320 0.52270508
vt 0.26757812 0.82446289
vt 0.73999023 0.34692383
vt 0.72460938 0.25634766
vt 0.17895508 0.57373047
vt 0.59716797 0.15771484
vt 0.13720703 0.52661133
vt 0.16918945 0.60522461
vt 0.16821289 0.60620117
vt 0.13623047 0.52416992
vt 0.48120117 0.79882812
vt 0.06054688 0.48022461
vt 0.36279297 0.68237305
vt 0.26684570 0.82397461
vt 0.60058594 0.15771484
vt 0.07299805 0.46386719
vt 0.48950195 0.88403320
vt 0.01147461 0.14892578
vt 0.01464844 0.04321289
vt 0.75097656 0.24877930
vt 0.51904297 0.04199219
vt 0.72460938 0.28295898
vt 0.86352539 0.84228516
vt 0.36083984 0.68310547
vt 0.52050781 0.45703125
vt 0.47509766 0.80053711
vt 0.32617188 0.84326172
vt 0.13671875 0.52587891
vt 0.29345703 0.79663086
vt 0.46801758 0.68701172
vt 0.15820312 0.33520508
vt 0.52172852 0.46240234
vt 0.52099609 0.04541016
vt 0.82958984 0.80688477
vt 0.16406250 0.77905273
vt 0.06372070 0.07299805
vt 0.24243164 0.03466797
vt 0.17724609 0.09912109
vt 0.94677734 0.77832031
vt 0.83129883 0.80810547
vt 0.49096680 0.88452148
vt 0.49926758 0.86669922
vt 0.32470703 0.84521484
vt 0.13452148 0.53198242
vt 0.18359375 0.57543945
vt 0.10742188 0.52441406
vt 0.26977539 0.81640625
vt 0.35937500 0.66015625
vt 0.05566406 0.46484375
vt 0.26440430 0.82983398
vt 0.72583008 0.28222656
vt 0.73193359 0.29467773
vt 0.89257812 0.93334961
vt 0.48925781 0.42236328
vt 0.73535156 0.34521484
vt 0.16186523 0.41333008
vt 0.18188477 0.39086914
vt 0.16308594 0.77929688
vt 0.28002930 0.79589844
vt 0.28027344 0.79394531
vt 0.18750000 0.40014648
vt 0.14282227 0.36645508
vt 0.01733398 0.09057617
vt 0.09130859 0.05664062
vt 0.48168945 0.79931641
vt 0.09326172 0.92236328
vt 0.89135742 0.93774414
vt 0.06274414 0.07324219
vt 0.78222656 0.11474609
vt 0.72094727 0.26391602
vt 0.21533203 0.03710938
vt 0.05346680 0.46508789
vt 0.35961914 0.82006836
vt 0.87622070 0.84326172
vt 0.84448242 0.82470703
vt 0.87670898 0.84887695
vt 0.98828125 0.32226562
vt 0.74902344 0.13793945
vt 0.64331055 0.80249023
vt 0.02050781 0.04321289
vt 0.89379883 0.93530273
vt 0.18237305 0.10546875
vt 0.16992188 0.60400391
vt 0.09838867 0.92041016
vt 0.17333984 0.10107422
vt 0.73974609 0.33276367
vt 0.73559570 0.33056641
vt 0.24682617 0.05175781
vt 0.61816406 0.15161133
vt 0.33520508 0.79565430
vt 0.52172852 0.04541016
vt 0.17700195 0.10302734
vt 0.01147461 0.05224609
vt 0.98559570 0.47656250
vt 0.15014648 0.34472656
vt 0.44873047 0.68725586
vt 0.62353516 0.13720703
vt 0.17626953 0.60498047
vt 0.06103516 0.07348633
vt 0.25170898 0.05615234
vt 0.87768555 0.84472656
vt 0.13305664 0.52758789
vt 0.52368164 0.04394531
vt 0.83007812 0.80810547
vt 0.35766602 0.67553711
vt 0.47534180 0.79736328
vt 0.15307617 0.34228516
vt 0.41918945 0.83105469
vt 0.11352539 0.74316406
vt 0.17187500 0.60229492
vt 0.98754883 0.91137695
vt 0.72338867 0.27172852
vt 0.63891602 0.80224609
vt 0.72680664 0.26855469
vt 0.72509766 0.27709961
vt 0.14843750 0.02270508
vt 0.14355469 0.36743164
vt 0.47973633 0.66674805
vt 0.49072266 0.90356445
vt 0.06298828 0.46606445
vt 0.18212891 0.38598633
vt 0.29077148 0.79394531
vt 0.60034180 0.16040039
vt 0.08666992 0.13012695
vt 0.63964844 0.80322266
vt 0.87866211 0.84545898
vt 0.25244141 0.05615234
vt 0.87133789 0.84594727
vt 0.90454102 0.92749023
vt 0.94897461 0.80468750
vt 0.21582031 0.04199219
vt 0.24780273 0.05151367
vt 0.36962891 0.81591797
vt 0.84985352 0.82397461
vt 0.22094727 0.06298828
vt 0.48803711 0.42114258
vt 0.49169922 0.41552734
vt 0.89233398 0.93798828
vt 0.09448242 0.13110352
vt 0.18310547 0.38842773
vt 0.52050781 0.04760742
vt 0.86303711 0.83715820
vt 0.89257812 0.93774414
vt 0.43603516 0.39599609
vt 0.73437500 0.33178711
vt 0.72656250 0.27587891
vt 0.17260742 0.60327148
vt 0.17114258 0.60595703
vt 0.62329102 0.13427734
vt 0.07617188 0.46704102
vt 0.31860352 0.68041992
vt 0.84619141 0.82495117
vt 0.09399414 0.92626953
vt 0.13159180 0.52709961
vt 0.94921875 0.77490234
vt 0.89428711 0.93750000
vt 0.01342773 0.91748047
vt 0.05224609 0.47216797
vt 0.72802734 0.26831055
vt 0.85034180 0.82568359
vt 0.01977539 0.15209961
vt 0.52148438 0.04370117
vt 0.10400391 0.12744141
vt 0.95019531 0.77465820
vt 0.72460938 0.27148438
vt 0.18432617 0.38891602
vt 0.21289062 0.03613281
vt 0.25805664 0.82592773
vt 0.57690430 0.18457031
vt 0.52075195 0.06030273
vt 0.25219727 0.05639648
vt 0.17919922 0.58007812
vt 0.17919922 0.10449219
vt 0.49438477 0.04638672
vt 0.90478516 0.92285156
vt 0.52124023 0.05688477
vt 0.72509766 0.26855469
vt 0.86083984 0.83544922
vt 0.28515625 0.74047852
vt 0.48876953 0.41821289
vt 0.17919922 0.57910156
vt 0.98364258 0.47583008
vt 0.01293945 0.05004883
vt 0.43603516 0.39648438
vt 0.98193359 0.47680664
vt 0.72314453 0.26538086
vt 0.09765625 0.12963867
vt 0.45507812 0.56274414
vt 0.28979492 0.78857422
vt 0.51953125 0.50537109
vt 0.16210938 0.33544922
vt 0.50317383 0.23120117
vt 0.87036133 0.84545898
vt 0.35522461 0.66674805
vt 0.52124023 0.05883789
vt 0.79418945 0.42089844
vt 0.00903320 0.91796875
vt 0.95263672 0.78540039
vt 0.89355469 0.93994141
vt 0.35766602 0.66845703
vt 0.35644531 0.65966797
vt 0.49047852 0.03833008
vt 0.17675781 0.44946289
vt 0.89428711 0.93920898
vt 0.35766602 0.68261719
vt 0.85205078 0.82763672
vt 0.87646484 0.84863281
vt 0.52172852 0.05859375
vt 0.86303711 0.83813477
vt 0.89868164 0.94067383
vt 0.24365234 0.35083008
vt 0.35473633 0.67260742
vt 0.20874023 0.42773438
vt 0.52172852 0.05664062
vt 0.09790039 0.91674805
vt 0.85546875 0.83325195
vt 0.09643555 0.91015625
vt 0.63891602 0.80664062
vt 0.26391602 0.81884766
vt 0.26586914 0.81713867
vt 0.29101562 0.79101562
vt 0.57910156 0.18432617
vt 0.15258789 0.02880859
vt 0.73120117 0.28320312
vt 0.34643555 0.83447266
vt 0.14843750 0.40527344
vt 0.87329102 0.84448242
vt 0.50073242 0.23071289
vt 0.50024414 0.67944336
vt 0.10351562 0.12768555
vt 0.50195312 0.22314453
vt 0.86376953 0.84277344
vt 0.49243164 0.02929688
vt 0.35693359 0.66064453
vt 0.09033203 0.13061523
vt 0.86621094 0.84252930
vt 0.20678711 0.42675781
vt 0.01293945 0.05004883
vt 0.87817383 0.05297852
vt 0.85449219 0.83203125
vt 0.08129883 0.47241211
vt 0.73583984 0.32958984
vt 0.27832031 0.79199219
vt 0.15820312 0.33520508
vt 0.17602539 0.63281250
vt 0.10302734 0.12719727
vt 0.00732422 0.91821289
vt 0.00537109 0.91918945
vt 0.27636719 0.79028320
vt 0.58325195 0.18286133
vt 0.61035156 0.15405273
vt 0.87036133 0.84619141
vt 0.13232422 0.52685547
vt 0.25317383 0.27099609
vt 0.73706055 0.32763672
vt 0.52514648 0.06030273
vt 0.46508789 0.60034180
vt 0.11743164 0.53710938
vt 0.13208008 0.52636719
vt 0.35522461 0.67333984
vt 0.49169922 0.58105469
vt 0.86962891 0.99462891
vt 0.17773438 0.58325195
vt 0.59130859 0.17187500
vt 0.02294922 0.77075195
vt 0.03320312 0.77319336
vt 0.01391602 0.04833984
vt 0.96435547 0.71313477
vt 0.11279297 0.09228516
vt 0.11303711 0.11083984
vt 0.10986328 0.11059570
vt 0.17529297 0.58471680
vt 0.63598633 0.00268555
vt 0.64453125 0.00952148
vt 0.96630859 0.70874023
vt 0.96948242 0.70410156
vt 0.11425781 0.08593750
vt 0.73730469 0.33154297
vt 0.00732422 0.09692383
vt 0.72778320 0.27783203
vt 0.64184570 0.00952148
vt 0.02124023 0.10864258
vt 0.35791016 0.82275391
vt 0.26318359 0.82031250
vt 0.97045898 0.71289062
vt 0.64086914 0.01367188
vt 0.49414062 0.41625977
vt 0.72265625 0.99438477
vt 0.63720703 0.01342773
vt 0.56201172 0.93505859
vt 0.01318359 0.29614258
vt 0.83618164 0.04785156
vt 0.11450195 0.09692383
vt 0.09741211 0.92114258
vt 0.11425781 0.10815430
vt 0.72827148 0.98657227
vt 0.08520508 0.13085938
vt 0.10961914 0.07690430
vt 0.64697266 0.00708008
vt 0.10913086 0.11303711
vt 0.50097656 0.68090820
vt 0.49218750 0.10131836
vt 0.10278320 0.71240234
vt 0.55273438 0.01464844
vt 0.97241211 0.70312500
vt 0.01171875 0.04663086
vt 0.11083984 0.11279297
vt 0.96435547 0.72021484
vt 0.25146484 0.27539062
vt 0.36889648 0.81616211
vt 0.64331055 0.01611328
vt 0.96337891 0.71972656
vt 0.27807617 0.79199219
vt 0.72583008 0.98876953
vt 0.35034180 0.83081055
vt 0.63671875 0.01708984
vt 0.10986328 0.09716797
vt 0.49609375 0.23022461
vt 0.64379883 0.01538086
vt 0.02929688 0.38427734
vt 0.17749023 0.57910156
vt 0.85571289 0.83764648
vt 0.97119141 0.71093750
vt 0.10986328 0.10888672
vt 0.96850586 0.69775391
vt 0.87573242 0.84912109
vt 0.10351562 0.71826172
vt 0.11499023 0.09692383
vt 0.55273438 0.01147461
vt 0.09570312 0.12744141
vt 0.10717773 0.09399414
vt 0.63745117 0.00537109
vt 0.99414062 0.72753906
vt 0.84057617 0.02832031
vt 0.97314453 0.71166992
vt 0.99145508 0.72729492
vt 0.10888672 0.10522461
vt 0.72436523 0.98803711
vt 0.11230469 0.07592773
vt 0.64477539 0.01513672
vt 0.99414062 0.72998047
vt 0.10839844 0.10986328
vt 0.13061523 0.52612305
vt 0.10791016 0.08007812
vt 0.10156250 0.72631836
vt 0.10180664 0.71264648
vt 0.35205078 0.82714844
vt 0.01293945 0.10791016
vt 0.51953125 0.67724609
vt 0.11865234 0.74951172
vt 0.01220703 0.29663086
vt 0.99340820 0.72900391
vt 0.10864258 0.08666992
vt 0.97265625 0.70996094
vt 0.10839844 0.09375000
vt 0.01391602 0.10766602
vt 0.55273438 0.00366211
vt 0.10791016 0.09375000
vt 0.86865234 0.99389648
vt 0.25146484 0.26782227
vt 0.99194336 0.72827148
vt 0.01513672 0.10644531
vt 0.97314453 0.71240234
vt 0.96606445 0.70898438
vt 0.97363281 0.71118164
vt 0.55297852 0.00854492
vt 0.10815430 0.10351562
vt 0.99414062 0.73022461
vt 0.34448242 0.83593750
vt 0.10766602 0.10034180
vt 0.89770508 0.93676758
vt 0.72509766 0.98901367
vt 0.11303711 0.07739258
vt 0.10766602 0.10205078
vt 0.35131836 0.82910156
vt 0.48095703 0.58911133
vt 0.76025391 0.33203125
vt 0.48632812 0.81958008
vt 0.49169922 0.41967773
vt 0.17529297 0.10400391
vt 0.85205078 0.83398438
vt 0.44677734 0.56103516
vt 0.75512695 0.18725586
vt 0.17626953 0.10449219
vt 0.10839844 0.07910156
vt 0.17895508 0.57739258
vt 0.89697266 0.93920898
vt 0.78344727 0.18212891
vt 0.83569336 0.04394531
vt 0.87158203 0.84716797
vt 0.85913086 0.83984375
vt 0.48242188 0.79980469
vt 0.10839844 0.07788086
vt 0.17065430 0.10449219
vt 0.01367188 0.04077148
vt 0.49316406 0.81518555
vt 0.84228516 0.82373047
vt 0.35424805 0.69506836
vt 0.09985352 0.92333984
vt 0.84326172 0.82446289
vt 0.10302734 0.11547852
vt 0.65820312 0.81250000
vt 0.98803711 0.32543945
vt 0.35498047 0.69653320
vt 0.17871094 0.10620117
vt 0.26220703 0.81835938
vt 0.48583984 0.81518555
vt 0.45410156 0.55957031
vt 0.35791016 0.22558594
vt 0.61035156 0.15405273
vt 0.02929688 0.37109375
vt 0.83813477 0.02563477
vt 0.01342773 0.29687500
vt 0.83374023 0.04736328
vt 0.44116211 0.57617188
vt 0.47973633 0.58422852
vt 0.48706055 0.81494141
vt 0.61865234 0.15209961
vt 0.17578125 0.10595703
vt 0.60937500 0.15356445
vt 0.50585938 0.67211914
vt 0.65258789 0.80712891
vt 0.15405273 0.03222656
vt 0.84765625 0.82958984
vt 0.48852539 0.10791016
vt 0.84252930 0.82421875
vt 0.79077148 0.98486328
vt 0.49609375 0.41674805
vt 0.09545898 0.89624023
vt 0.25097656 0.26831055
vt 0.35473633 0.69482422
vt 0.87500000 0.84887695
vt 0.96166992 0.71752930
vt 0.78149414 0.97094727
vt 0.29028320 0.74365234
vt 0.84545898 0.82739258
vt 0.95483398 0.78564453
vt 0.66821289 0.80590820
vt 0.15747070 0.01342773
vt 0.85083008 0.83251953
vt 0.49731445 0.67675781
vt 0.24511719 0.27465820
vt 0.48974609 0.82519531
vt 0.78540039 0.95947266
vt 0.02832031 0.37133789
vt 0.61572266 0.15747070
vt 0.45263672 0.55834961
vt 0.09619141 0.47314453
vt 0.34667969 0.67895508
vt 0.60913086 0.17236328
vt 0.51586914 0.61987305
vt 0.90087891 0.94213867
vt 0.48901367 0.81591797
vt 0.61132812 0.15307617
vt 0.48193359 0.58593750
vt 0.35400391 0.69677734
vt 0.78613281 0.96875000
vt 0.00708008 0.09619141
vt 0.09545898 0.89746094
vt 0.15478516 0.03173828
vt 0.03051758 0.77807617
vt 0.95507812 0.77539062
vt 0.49291992 0.81738281
vt 0.11352539 0.74487305
vt 0.09301758 0.12548828
vt 0.35717773 0.22412109
vt 0.17895508 0.10888672
vt 0.53247070 0.03320312
vt 0.15527344 0.02587891
vt 0.09936523 0.92163086
vt 0.02709961 0.37866211
vt 0.73608398 0.30419922
vt 0.25024414 0.26806641
vt 0.09741211 0.91430664
vt 0.54516602 0.04199219
vt 0.09570312 0.88964844
vt 0.79272461 0.98095703
vt 0.78295898 0.96069336
vt 0.01049805 0.76831055
vt 0.49975586 0.25415039
vt 0.02758789 0.39697266
vt 0.83471680 0.03125000
vt 0.48999023 0.42504883
vt 0.46386719 0.60888672
vt 0.09814453 0.91528320
vt 0.09838867 0.91040039
vt 0.45556641 0.55737305
vt 0.83642578 0.03369141
vt 0.78540039 0.96289062
vt 0.09765625 0.90112305
vt 0.48901367 0.81982422
vt 0.72778320 0.26074219
vt 0.50463867 0.67626953
vt 0.17553711 0.10595703
vt 0.02783203 0.38452148
vt 0.17749023 0.10742188
vt 0.10180664 0.91455078
vt 0.24731445 0.28051758
vt 0.49731445 0.23437500
vt 0.48559570 0.59155273
vt 0.48901367 0.81713867
vt 0.79345703 0.98291016
vt 0.17651367 0.10644531
vt 0.17773438 0.10839844
vt 0.09985352 0.92333984
vt 0.24975586 0.26684570
vt 0.48266602 0.58935547
vt 0.24975586 0.26708984
vt 0.09765625 0.87670898
vt 0.64868164 0.80761719
vt 0.79052734 0.98461914
vt 0.02465820 0.37231445
vt 0.83618164 0.02880859
vt 0.79272461 0.98168945
vt 0.13598633 0.68945312
vt 0.82958984 0.05029297
vt 0.57226562 0.93920898
vt 0.48803711 0.10278320
vt 0.12426758 0.49340820
vt 0.50024414 0.67211914
vt 0.51098633 0.88330078
vt 0.22192383 0.55224609
vt 0.42871094 0.23022461
vt 0.95727539 0.77807617
vt 0.46508789 0.60546875
vt 0.48291016 0.59008789
vt 0.02563477 0.37036133
vt 0.33740234 0.67285156
vt 0.83178711 0.04882812
vt 0.24926758 0.26684570
vt 0.02661133 0.37011719
vt 0.48144531 0.67602539
vt 0.77343750 0.97216797
vt 0.49218750 0.82446289
vt 0.49560547 0.83691406
vt 0.77197266 0.95166016
vt 0.48559570 0.09936523
vt 0.10083008 0.92041016
vt 0.36303711 0.23486328
vt 0.78710938 0.97851562
vt 0.00415039 0.09741211
vt 0.77197266 0.94702148
vt 0.78808594 0.97875977
vt 0.02709961 0.39575195
vt 0.25000000 0.29785156
vt 0.08251953 0.12524414
vt 0.09985352 0.90258789
vt 0.48559570 0.59155273
vt 0.83471680 0.02709961
vt 0.02709961 0.38061523
vt 0.10302734 0.90600586
vt 0.24267578 0.28100586
vt 0.24511719 0.28100586
vt 0.09814453 0.88574219
vt 0.66113281 0.80395508
vt 0.10717773 0.87646484
vt 0.10693359 0.73950195
vt 0.51464844 0.90625000
vt 0.18798828 0.79736328
vt 0.47998047 0.11523438
vt 0.82739258 0.04956055
vt 0.42187500 0.59301758
vt 0.13623047 0.69140625
vt 0.42822266 0.84594727
vt 0.41088867 0.54101562
vt 0.09912109 0.88793945
vt 0.03271484 0.77709961
vt 0.02612305 0.79516602
vt 0.42529297 0.41528320
vt 0.53564453 0.90527344
vt 0.49438477 0.81860352
vt 0.24267578 0.27929688
vt 0.43847656 0.40698242
vt 0.49658203 0.83471680
vt 0.16113281 0.02563477
vt 0.50000000 0.63208008
vt 0.48559570 0.59057617
vt 0.48461914 0.23144531
vt 0.49389648 0.82348633
vt 0.65039062 0.80590820
vt 0.01147461 0.39501953
vt 0.10302734 0.11474609
vt 0.51757812 0.85522461
vt 0.53564453 0.66284180
vt 0.01733398 0.03906250
vt 0.10864258 0.74536133
vt 0.10180664 0.11645508
vt 0.22924805 0.30761719
vt 0.97680664 0.60693359
vt 0.54125977 0.67529297
vt 0.15698242 0.73486328
vt 0.61669922 0.16015625
vt 0.61669922 0.15698242
vt 0.52075195 0.88183594
vt 0.15795898 0.01367188
vt 0.49536133 0.81665039
vt 0.17138672 0.77343750
vt 0.83227539 0.02612305
vt 0.48754883 0.58959961
vt 0.53930664 0.67456055
vt 0.47802734 0.67309570
vt 0.08276367 0.12109375
vt 0.46093750 0.61181641
vt 0.69189453 0.80053711
vt 0.49633789 0.81445312
vt 0.77124023 0.96655273
vt 0.55029297 0.02075195
vt 0.09252930 0.47241211
vt 0.16455078 0.34912109
vt 0.06103516 0.05517578
vt 0.24707031 0.83349609
vt 0.49365234 0.58105469
vt 0.50341797 0.83154297
vt 0.49340820 0.80615234
vt 0.47729492 0.67211914
vt 0.11303711 0.91186523
vt 0.04345703 0.06250000
vt 0.09228516 0.47338867
vt 0.50244141 0.66674805
vt 0.23413086 0.31445312
vt 0.54638672 0.34765625
vt 0.49072266 0.22705078
vt 0.05517578 0.05566406
vt 0.66943359 0.78857422
vt 0.48291016 0.11328125
vt 0.35009766 0.21411133
vt 0.11230469 0.74633789
vt 0.46411133 0.11450195
vt 0.77050781 0.96484375
vt 0.34423828 0.68359375
vt 0.67211914 0.78662109
vt 0.95947266 0.61181641
vt 0.23266602 0.31713867
vt 0.47290039 0.66967773
vt 0.17163086 0.35058594
vt 0.45336914 0.81860352
vt 0.16601562 0.72729492
vt 0.50415039 0.82006836
vt 0.60766602 0.80712891
vt 0.33276367 0.63793945
vt 0.23388672 0.31347656
vt 0.02636719 0.79443359
vt 0.16552734 0.77954102
vt 0.16796875 0.78076172
vt 0.43041992 0.59692383
vt 0.67333984 0.78955078
vt 0.34326172 0.21044922
vt 0.55664062 0.99511719
vt 0.44311523 0.55761719
vt 0.53857422 0.67358398
vt 0.24072266 0.82568359
vt 0.69653320 0.79467773
vt 0.08618164 0.50585938
vt 0.09716797 0.47290039
vt 0.23193359 0.31201172
vt 0.77368164 0.19653320
vt 0.16723633 0.34887695
vt 0.28173828 0.96875000
vt 0.50244141 0.84204102
vt 0.28808594 0.98535156
vt 0.38452148 0.97973633
vt 0.49658203 0.80493164
vt 0.66015625 0.81054688
vt 0.66699219 0.81372070
vt 0.34155273 0.64453125
vt 0.33886719 0.67553711
vt 0.50463867 0.66674805
vt 0.01123047 0.39404297
vt 0.34204102 0.64135742
vt 0.45043945 0.61279297
vt 0.38842773 0.98168945
vt 0.16894531 0.78173828
vt 0.50878906 0.82617188
vt 0.02026367 0.00146484
vt 0.48950195 0.58593750
vt 0.23242188 0.31469727
vt 0.53955078 0.67309570
vt 0.17553711 0.37841797
vt 0.62963867 0.01416016
vt 0.22534180 0.98266602
vt 0.38061523 0.97973633
vt 0.50585938 0.66577148
vt 0.48608398 0.22558594
vt 0.44335938 0.84448242
vt 0.12841797 0.75610352
vt 0.66210938 0.11279297
vt 0.95947266 0.61181641
vt 0.03857422 0.06079102
vt 0.65795898 0.10913086
vt 0.45043945 0.10302734
vt 0.16528320 0.78076172
vt 0.49218750 0.58789062
vt 0.24536133 0.84082031
vt 0.25439453 0.80639648
vt 0.69824219 0.11425781
vt 0.67089844 0.81176758
vt 0.66943359 0.12573242
vt 0.62597656 0.01293945
vt 0.54101562 0.66870117
vt 0.00659180 0.28295898
vt 0.34570312 0.74389648
vt 0.16845703 0.35058594
vt 0.10400391 0.75439453
vt 0.65795898 0.80932617
vt 0.62841797 0.00659180
vt 0.43676758 0.83496094
vt 0.82739258 0.92871094
vt 0.54125977 0.67333984
vt 0.54101562 0.66870117
vt 0.62548828 0.00366211
vt 0.67211914 0.10571289
vt 0.78271484 0.93115234
vt 0.18530273 0.35424805
vt 0.17114258 0.35253906
vt 0.34814453 0.74487305
vt 0.16528320 0.77905273
vt 0.31030273 0.74414062
vt 0.50854492 0.89672852
vt 0.43945312 0.42846680
vt 0.30859375 0.74536133
vt 0.90551758 0.78540039
vt 0.33569336 0.67626953
vt 0.53979492 0.67260742
vt 0.47875977 0.61865234
vt 0.62695312 0.01635742
vt 0.32202148 0.74511719
vt 0.33593750 0.74584961
vt 0.24633789 0.82348633
vt 0.90576172 0.78662109
vt 0.50854492 0.89672852
vt 0.50585938 0.84643555
vt 0.25146484 0.80615234
vt 0.49511719 0.59082031
vt 0.25219727 0.80590820
vt 0.90478516 0.78564453
vt 0.44238281 0.82495117
vt 0.33911133 0.67700195
vt 0.32421875 0.67846680
vt 0.15820312 0.75268555
vt 0.66015625 0.81054688
vt 0.66381836 0.80810547
vt 0.05541992 0.05175781
vt 0.44848633 0.62573242
vt 0.43774414 0.83618164
vt 0.34033203 0.74853516
vt 0.82763672 0.20458984
vt 0.79956055 0.19262695
vt 0.50708008 0.83129883
vt 0.38378906 0.58666992
vt 0.22900391 0.30566406
vt 0.87915039 0.05273438
vt 0.40942383 0.22631836
vt 0.89404297 0.82324219
vt 0.11279297 0.47827148
vt 0.49584961 0.59033203
vt 0.17480469 0.78051758
vt 0.44189453 0.82714844
vt 0.25219727 0.80566406
vt 0.53027344 0.03149414
vt 0.66748047 0.80517578
vt 0.11279297 0.47485352
vt 0.50463867 0.83203125
vt 0.44458008 0.63012695
vt 0.44262695 0.54809570
vt 0.53637695 0.02905273
vt 0.81494141 0.02685547
vt 0.67041016 0.79418945
vt 0.16723633 0.77734375
vt 0.38061523 0.98242188
vt 0.90576172 0.79858398
vt 0.05590820 0.04858398
vt 0.81909180 0.93090820
vt 0.50195312 0.80444336
vt 0.33422852 0.67480469
vt 0.49414062 0.58764648
vt 0.47998047 0.26196289
vt 0.01000977 0.29077148
vt 0.50463867 0.82934570
vt 0.57617188 0.81396484
vt 0.02416992 0.78295898
vt 0.89916992 0.77197266
vt 0.49291992 0.57983398
vt 0.54272461 0.66113281
vt 0.49853516 0.58251953
vt 0.33886719 0.67553711
vt 0.80468750 0.19531250
vt 0.32250977 0.63623047
vt 0.23486328 0.34619141
vt 0.25976562 0.75366211
vt 0.96142578 0.45996094
vt 0.96093750 0.45874023
vt 0.48486328 0.23828125
vt 0.50146484 0.65673828
vt 0.62646484 0.01489258
vt 0.01000977 0.28979492
vt 0.51684570 0.81250000
vt 0.67138672 0.79663086
vt 0.44042969 0.83520508
vt 0.16430664 0.37304688
vt 0.00708008 0.29028320
vt 0.48437500 0.23291016
vt 0.23754883 0.83422852
vt 0.33813477 0.67651367
vt 0.60644531 0.19018555
vt 0.22363281 0.34057617
vt 0.66064453 0.11938477
vt 0.54736328 0.64868164
vt 0.11230469 0.48168945
vt 0.46557617 0.66186523
vt 0.65820312 0.10913086
vt 0.28710938 0.75708008
vt 0.48437500 0.23730469
vt 0.30737305 0.75000000
vt 0.81250000 0.03198242
vt 0.67333984 0.79565430
vt 0.24023438 0.35986328
vt 0.49829102 0.59252930
vt 0.33862305 0.75219727
vt 0.48413086 0.23657227
vt 0.81005859 0.03759766
vt 0.32592773 0.74853516
vt 0.66064453 0.81127930
vt 0.42993164 0.21166992
vt 0.23852539 0.83422852
vt 0.17431641 0.77832031
vt 0.42285156 0.24218750
vt 0.11206055 0.92358398
vt 0.52001953 0.87744141
vt 0.61645508 0.01660156
vt 0.85473633 0.22143555
vt 0.33642578 0.74877930
vt 0.23291016 0.82861328
vt 0.62255859 0.00976562
vt 0.11352539 0.90551758
vt 0.33642578 0.66870117
vt 0.11328125 0.91650391
vt 0.47119141 0.23242188
vt 0.66210938 0.81396484
vt 0.50976562 0.81103516
vt 0.45043945 0.61816406
vt 0.30151367 0.75390625
vt 0.51391602 0.80737305
vt 0.49658203 0.58496094
vt 0.80932617 0.03442383
vt 0.57934570 0.82934570
vt 0.11303711 0.91943359
vt 0.95434570 0.45849609
vt 0.51171875 0.83520508
vt 0.85473633 0.02099609
vt 0.59667969 0.97119141
vt 0.42773438 0.20996094
vt 0.23681641 0.83178711
vt 0.84912109 0.02294922
vt 0.52172852 0.99145508
vt 0.27001953 0.78466797
vt 0.75390625 0.33398438
vt 0.42504883 0.21069336
vt 0.42089844 0.24194336
vt 0.17749023 0.77539062
vt 0.48168945 0.23217773
vt 0.50537109 0.58422852
vt 0.80517578 0.19335938
vt 0.95605469 0.45825195
vt 0.75512695 0.34545898
vt 0.75708008 0.27416992
vt 0.33374023 0.75097656
vt 0.52124023 0.87792969
vt 0.62329102 0.10449219
vt 0.08666992 0.51660156
vt 0.52148438 0.99243164
vt 0.87036133 0.26684570
vt 0.30639648 0.75146484
vt 0.75341797 0.34033203
vt 0.51269531 0.84082031
vt 0.33496094 0.64135742
vt 0.57397461 0.95922852
vt 0.17456055 0.35278320
vt 0.50952148 0.83496094
vt 0.58105469 0.82958984
vt 0.32836914 0.64526367
vt 0.80615234 0.19287109
vt 0.87011719 0.26367188
vt 0.32055664 0.64038086
vt 0.67089844 0.81103516
vt 0.51098633 0.83471680
vt 0.67285156 0.79833984
vt 0.95458984 0.46142578
vt 0.31274414 0.75122070
vt 0.96337891 0.40332031
vt 0.80517578 0.19335938
vt 0.33325195 0.68481445
vt 0.42919922 0.42822266
vt 0.51147461 0.90673828
vt 0.62255859 0.01147461
vt 0.50903320 0.82714844
vt 0.37377930 0.98315430
vt 0.51025391 0.83422852
vt 0.66430664 0.81005859
vt 0.59667969 0.97021484
vt 0.69433594 0.78662109
vt 0.47216797 0.22875977
vt 0.76562500 0.29223633
vt 0.58081055 0.81811523
vt 0.37890625 0.98242188
vt 0.50805664 0.81860352
vt 0.24096680 0.82250977
vt 0.67602539 0.79882812
vt 0.79223633 0.18872070
vt 0.30053711 0.75195312
vt 0.66625977 0.81079102
vt 0.95458984 0.46142578
vt 0.41186523 0.23217773
vt 0.33374023 0.67431641
vt 0.17089844 0.37060547
vt 0.87133789 0.26489258
vt 0.78173828 0.18457031
vt 0.42529297 0.22680664
vt 0.28198242 0.96899414
vt 0.44750977 0.62500000
vt 0.58276367 0.82910156
vt 0.58374023 0.83007812
vt 0.31884766 0.67285156
vt 0.43774414 0.23242188
vt 0.52172852 0.99511719
vt 0.40136719 0.43774414
vt 0.34741211 0.75268555
vt 0.42041016 0.22900391
vt 0.44580078 0.84619141
vt 0.51220703 0.82812500
vt 0.95654297 0.46069336
vt 0.34350586 0.75219727
vt 0.90087891 0.81933594
vt 0.29980469 0.75537109
vt 0.02856445 0.70947266
vt 0.18237305 0.24047852
vt 0.89477539 0.82299805
vt 0.11572266 0.72680664
vt 0.82592773 0.19433594
vt 0.04125977 0.04858398
vt 0.44360352 0.84667969
vt 0.22949219 0.80151367
vt 0.95458984 0.46215820
vt 0.42358398 0.23730469
vt 0.51074219 0.82348633
vt 0.66894531 0.80810547
vt 0.66870117 0.80712891
vt 0.52954102 0.64306641
vt 0.50439453 0.58056641
vt 0.29321289 0.75463867
vt 0.35131836 0.75195312
vt 0.93432617 0.00683594
vt 0.42944336 0.44921875
vt 0.80249023 0.04077148
vt 0.58276367 0.82983398
vt 0.18383789 0.23925781
vt 0.66699219 0.81494141
vt 0.96264648 0.45996094
vt 0.51000977 0.81665039
vt 0.46264648 0.24609375
vt 0.66845703 0.81005859
vt 0.52612305 0.87841797
vt 0.51171875 0.82763672
vt 0.96484375 0.47631836
vt 0.36303711 0.97656250
vt 0.72387695 0.11889648
vt 0.78417969 0.18408203
vt 0.58471680 0.83007812
vt 0.66723633 0.81103516
vt 0.80126953 0.18627930
vt 0.34741211 0.75610352
vt 0.86962891 0.25390625
vt 0.80566406 0.03540039
vt 0.29980469 0.75537109
vt 0.41650391 0.60742188
vt 0.44677734 0.84814453
vt 0.31005859 0.76025391
vt 0.61645508 0.01562500
vt 0.79174805 0.18188477
vt 0.34179688 0.75634766
vt 0.95507812 0.46264648
vt 0.50756836 0.58886719
vt 0.03662109 0.06298828
vt 0.12353516 0.70288086
vt 0.47924805 0.24121094
vt 0.51074219 0.80957031
vt 0.18017578 0.24291992
vt 0.72509766 0.11987305
vt 0.79492188 0.93676758
vt 0.46289062 0.24609375
vt 0.50512695 0.65161133
vt 0.96264648 0.40209961
vt 0.66918945 0.81176758
vt 0.67285156 0.80957031
vt 0.80395508 0.03979492
vt 0.85253906 0.02001953
vt 0.96362305 0.46142578
vt 0.17382812 0.21484375
vt 0.53710938 0.85058594
vt 0.51367188 0.82714844
vt 0.88574219 0.24780273
vt 0.32690430 0.64111328
vt 0.72363281 0.12133789
vt 0.78564453 0.18066406
vt 0.44409180 0.62109375
vt 0.51708984 0.83325195
vt 0.40039062 0.44213867
vt 0.53613281 0.85156250
vt 0.46313477 0.10791016
vt 0.31396484 0.97094727
vt 0.29467773 0.97021484
vt 0.47534180 0.65429688
vt 0.50512695 0.58300781
vt 0.92968750 0.00512695
vt 0.46728516 0.11669922
vt 0.75390625 0.26245117
vt 0.44702148 0.84619141
vt 0.23266602 0.83129883
vt 0.44775391 0.84838867
vt 0.50781250 0.59057617
vt 0.78466797 0.18041992
vt 0.50708008 0.59716797
vt 0.50170898 0.57885742
vt 0.40673828 0.57006836
vt 0.17895508 0.23779297
vt 0.41455078 0.43823242
vt 0.36376953 0.97705078
vt 0.44726562 0.84692383
vt 0.42480469 0.54760742
vt 0.39941406 0.56787109
vt 0.98950195 0.31689453
vt 0.21118164 0.81396484
vt 0.68847656 0.78833008
vt 0.50708008 0.59423828
vt 0.32714844 0.67480469
vt 0.50195312 0.57592773
vt 0.49951172 0.57543945
vt 0.53735352 0.85888672
vt 0.67163086 0.81103516
vt 0.67700195 0.80834961
vt 0.43701172 0.61865234
vt 0.98510742 0.28369141
vt 0.98535156 0.28417969
vt 0.75610352 0.26562500
vt 0.41528320 0.43872070
vt 0.52221680 0.89038086
vt 0.21215820 0.81494141
vt 0.89257812 0.79296875
vt 0.75610352 0.26562500
vt 0.75463867 0.26464844
vt 0.32690430 0.63476562
vt 0.53955078 0.42968750
vt 0.89477539 0.78393555
vt 0.39331055 0.60205078
vt 0.18896484 0.34643555
vt 0.31030273 0.76049805
vt 0.66870117 0.81542969
vt 0.50781250 0.59521484
vt 0.32153320 0.68701172
vt 0.60229492 0.65209961
vt 0.99462891 0.86059570
vt 0.44946289 0.43627930
vt 0.53588867 0.85595703
vt 0.50659180 0.58911133
vt 0.94116211 0.41723633
vt 0.28784180 0.76293945
vt 0.66918945 0.81396484
vt 0.07006836 0.33325195
vt 0.99584961 0.86157227
vt 0.24047852 0.36035156
vt 0.54467773 0.41040039
vt 0.78759766 0.18066406
vt 0.57592773 0.32690430
vt 0.18383789 0.35644531
vt 0.41088867 0.54003906
vt 0.79125977 0.18164062
vt 0.81616211 0.42407227
vt 0.67187500 0.81152344
vt 0.88403320 0.24829102
vt 0.92895508 0.00488281
vt 0.41479492 0.55590820
vt 0.51098633 0.59130859
vt 0.67211914 0.81396484
vt 0.76440430 0.25463867
vt 0.04614258 0.35742188
vt 0.46435547 0.10986328
vt 0.17797852 0.37231445
vt 0.49975586 0.57446289
vt 0.99536133 0.86059570
vt 0.96142578 0.46704102
vt 0.32641602 0.68579102
vt 0.42456055 0.54370117
vt 0.67065430 0.81640625
vt 0.50952148 0.59277344
vt 0.18701172 0.35351562
vt 0.52075195 0.83300781
vt 0.49487305 0.65136719
vt 0.50756836 0.58789062
vt 0.69189453 0.79077148
vt 0.99023438 0.11181641
vt 0.46362305 0.10961914
vt 0.46948242 0.23486328
vt 0.53881836 0.44140625
vt 0.45898438 0.85009766
vt 0.40161133 0.57202148
vt 0.41259766 0.61157227
vt 0.47387695 0.23120117
vt 0.99243164 0.86083984
vt 0.67773438 0.80932617
vt 0.47436523 0.65209961
vt 0.51684570 0.81054688
vt 0.43115234 0.62084961
vt 0.42919922 0.62011719
vt 0.95947266 0.46850586
vt 0.50073242 0.57543945
vt 0.47436523 0.64965820
vt 0.53857422 0.44531250
vt 0.69604492 0.78979492
vt 0.98730469 0.11010742
vt 0.98730469 0.11132812
vt 0.50781250 0.57983398
vt 0.10498047 0.50097656
vt 0.06958008 0.35595703
vt 0.53784180 0.87719727
vt 0.56054688 0.39306641
vt 0.74145508 0.71313477
vt 0.45800781 0.84912109
vt 0.54077148 0.43457031
vt 0.99511719 0.86181641
vt 0.95678711 0.46801758
vt 0.27075195 0.78588867
vt 0.50805664 0.58471680
vt 0.50878906 0.58691406
vt 0.23193359 0.82202148
vt 0.18334961 0.35839844
vt 0.67700195 0.80908203
vt 0.41333008 0.44262695
vt 0.06787109 0.34375000
vt 0.22363281 0.97900391
vt 0.43139648 0.62304688
vt 0.06811523 0.34130859
vt 0.54052734 0.43652344
vt 0.41381836 0.61352539
vt 0.50927734 0.58862305
vt 0.04492188 0.35864258
vt 0.53784180 0.86840820
vt 0.98657227 0.11132812
vt 0.54394531 0.42016602
vt 0.43847656 0.44067383
vt 0.67675781 0.81030273
vt 0.32055664 0.64233398
vt 0.94531250 0.21899414
vt 0.39843750 0.56909180
vt 0.51708984 0.80981445
vt 0.53881836 0.82031250
vt 0.43041992 0.62304688
vt 0.50683594 0.58251953
vt 0.50512695 0.64599609
vt 0.45410156 0.11010742
vt 0.42993164 0.62451172
vt 0.53759766 0.86206055
vt 0.69726562 0.79370117
vt 0.52954102 0.88403320
vt 0.50683594 0.57885742
vt 0.69311523 0.78955078
vt 0.51391602 0.59252930
vt 0.54223633 0.42871094
vt 0.41455078 0.61743164
vt 0.67333984 0.81420898
vt 0.83764648 0.42211914
vt 0.88183594 0.24682617
vt 0.76367188 0.25732422
vt 0.06591797 0.34106445
vt 0.68017578 0.80981445
vt 0.73803711 0.13867188
vt 0.52514648 0.89331055
vt 0.54614258 0.41992188
vt 0.38232422 0.58666992
vt 0.43579102 0.43676758
vt 0.18017578 0.18627930
vt 0.43750000 0.43579102
vt 0.67480469 0.81469727
vt 0.60839844 0.94970703
vt 0.81762695 0.33764648
vt 0.93017578 0.00439453
vt 0.76171875 0.33081055
vt 0.98437500 0.31347656
vt 0.67382812 0.81420898
vt 0.82861328 0.32177734
vt 0.11059570 0.63891602
vt 0.41406250 0.61547852
vt 0.68017578 0.80932617
vt 0.42968750 0.62377930
vt 0.17553711 0.20312500
vt 0.69580078 0.79565430
vt 0.44384766 0.62963867
vt 0.68920898 0.79614258
vt 0.54370117 0.42163086
vt 0.88134766 0.18310547
vt 0.54394531 0.62915039
vt 0.81787109 0.80981445
vt 0.51196289 0.58618164
vt 0.54223633 0.64111328
vt 0.88183594 0.24682617
vt 0.52758789 0.88940430
vt 0.50585938 0.57763672
vt 0.22485352 0.97949219
vt 0.72558594 0.71435547
vt 0.72607422 0.71240234
vt 0.67968750 0.80957031
vt 0.69018555 0.79614258
vt 0.41455078 0.61791992
vt 0.40185547 0.56494141
vt 0.41259766 0.61572266
vt 0.69384766 0.79418945
vt 0.39648438 0.56469727
vt 0.82666016 0.44238281
vt 0.04028320 0.99902344
vt 0.42895508 0.62426758
vt 0.41943359 0.62866211
vt 0.67333984 0.81567383
vt 0.67993164 0.81005859
vt 0.58715820 0.56030273
vt 0.51196289 0.59814453
vt 0.67285156 0.81665039
vt 0.43725586 0.43774414
vt 0.82836914 0.37402344
vt 0.82055664 0.34130859
vt 0.51757812 0.64111328
vt 0.45556641 0.10009766
vt 0.82080078 0.42529297
vt 0.81860352 0.81030273
vt 0.53515625 0.89843750
vt 0.81420898 0.81469727
vt 0.91088867 0.16333008
vt 0.75903320 0.25146484
vt 0.12231445 0.64233398
vt 0.73779297 0.15771484
vt 0.42822266 0.99145508
vt 0.75781250 0.24975586
vt 0.66284180 0.13476562
vt 0.38916016 0.56640625
vt 0.53002930 0.88793945
vt 0.53320312 0.88842773
vt 0.05664062 0.97363281
vt 0.09838867 0.48168945
vt 0.67407227 0.81542969
vt 0.72558594 0.14404297
vt 0.05004883 0.99584961
vt 0.40869141 0.44750977
vt 0.98852539 0.30639648
vt 0.53662109 0.87695312
vt 0.68896484 0.80004883
vt 0.06127930 0.97875977
vt 0.82690430 0.33032227
vt 0.72460938 0.71289062
vt 0.76025391 0.25219727
vt 0.11547852 0.66552734
vt 0.05395508 0.97216797
vt 0.04248047 0.99536133
vt 0.39086914 0.62597656
vt 0.05932617 0.97680664
vt 0.81884766 0.81103516
vt 0.53125000 0.88696289
vt 0.82934570 0.82226562
vt 0.11376953 0.67163086
vt 0.69726562 0.79052734
vt 0.69580078 0.80883789
vt 0.11669922 0.64428711
vt 0.60644531 0.94335938
vt 0.53613281 0.88574219
vt 0.05493164 0.97070312
vt 0.69653320 0.79223633
vt 0.03784180 0.98242188
vt 0.42407227 0.62402344
vt 0.17602539 0.18310547
vt 0.42431641 0.97070312
vt 0.53125000 0.88818359
vt 0.72314453 0.14331055
vt 0.66162109 0.13403320
vt 0.44726562 0.09326172
vt 0.87280273 0.22973633
vt 0.39648438 0.56469727
vt 0.06225586 0.97460938
vt 0.66528320 0.14990234
vt 0.60791016 0.94213867
vt 0.11645508 0.65039062
vt 0.42553711 0.97534180
vt 0.39331055 0.60986328
vt 0.81347656 0.81518555
vt 0.05615234 0.97216797
vt 0.77343750 0.05834961
vt 0.72314453 0.14233398
vt 0.38916016 0.47460938
vt 0.58984375 0.95703125
vt 0.84716797 0.31738281
vt 0.77392578 0.05810547
vt 0.53247070 0.88769531
vt 0.83984375 0.32128906
vt 0.17822266 0.17968750
vt 0.17822266 0.18188477
vt 0.53833008 0.82006836
vt 0.72314453 0.14331055
vt 0.77099609 0.05273438
vt 0.42456055 0.97753906
vt 0.72265625 0.14624023
vt 0.64575195 0.22534180
vt 0.11743164 0.64916992
vt 0.58618164 0.56103516
vt 0.92724609 0.18798828
vt 0.51708984 0.59423828
vt 0.72436523 0.14672852
vt 0.38818359 0.57031250
vt 0.42578125 0.98266602
vt 0.42602539 0.99291992
vt 0.42138672 0.62402344
vt 0.81518555 0.35961914
vt 0.53344727 0.88891602
vt 0.39501953 0.46313477
vt 0.05883789 0.94702148
vt 0.40087891 0.89599609
vt 0.95922852 0.47558594
vt 0.11914062 0.64086914
vt 0.52319336 0.81201172
vt 0.46386719 0.62841797
vt 0.79467773 0.89062500
vt 0.66577148 0.13476562
vt 0.66601562 0.14868164
vt 0.77172852 0.91088867
vt 0.53735352 0.88549805
vt 0.60937500 0.93041992
vt 0.98437500 0.31542969
vt 0.17407227 0.19506836
vt 0.72607422 0.70336914
vt 0.81909180 0.34838867
vt 0.17358398 0.20166016
vt 0.04003906 0.99169922
vt 0.40112305 0.55151367
vt 0.40112305 0.89721680
vt 0.70068359 0.79736328
vt 0.09008789 0.52172852
vt 0.77441406 0.02514648
vt 0.38183594 0.56640625
vt 0.88647461 0.19506836
vt 0.44653320 0.09277344
vt 0.36425781 0.56518555
vt 0.60913086 0.37109375
vt 0.73706055 0.18652344
vt 0.40185547 0.89672852
vt 0.66650391 0.13525391
vt 0.59960938 0.94580078
vt 0.03051758 0.31567383
vt 0.05053711 0.70068359
vt 0.06909180 0.93286133
vt 0.50415039 0.63940430
vt 0.14306641 0.75170898
vt 0.39916992 0.55322266
vt 0.47167969 0.63061523
vt 0.03417969 0.31738281
vt 0.53564453 0.88696289
vt 0.18188477 0.06518555
vt 0.45874023 0.85034180
vt 0.42504883 0.99194336
vt 0.75463867 0.03588867
vt 0.82934570 0.12622070
vt 0.54711914 0.43652344
vt 0.76757812 0.03930664
vt 0.59594727 0.84130859
vt 0.45898438 0.85058594
vt 0.41040039 0.47534180
vt 0.45922852 0.85058594
vt 0.17358398 0.19238281
vt 0.59838867 0.81811523
vt 0.72436523 0.70727539
vt 0.54394531 0.20654297
vt 0.77343750 0.02539062
vt 0.61279297 0.92797852
vt 0.37988281 0.46801758
vt 0.40063477 0.55371094
vt 0.53613281 0.88769531
vt 0.53613281 0.88720703
vt 0.50244141 0.62695312
vt 0.09448242 0.51733398
vt 0.84252930 0.32153320
vt 0.53662109 0.88671875
vt 0.55786133 0.60473633
vt 0.69628906 0.99267578
vt 0.03564453 0.31835938
vt 0.39111328 0.60449219
vt 0.52197266 0.59228516
vt 0.00561523 0.58618164
vt 0.17480469 0.18725586
vt 0.12182617 0.63916016
vt 0.35351562 0.99511719
vt 0.38647461 0.60791016
vt 0.90112305 0.17285156
vt 0.38745117 0.60839844
vt 0.69995117 0.13671875
vt 0.53710938 0.88720703
vt 0.09155273 0.50585938
vt 0.53613281 0.90039062
vt 0.38012695 0.56713867
vt 0.98510742 0.39477539
vt 0.46166992 0.63671875
vt 0.39550781 0.55639648
vt 0.34619141 0.60693359
vt 0.41162109 0.87231445
vt 0.98876953 0.73999023
vt 0.60229492 0.81665039
vt 0.59570312 0.84570312
vt 0.22338867 0.80395508
vt 0.45800781 0.42578125
vt 0.38793945 0.56738281
vt 0.98583984 0.73071289
vt 0.59912109 0.81835938
vt 0.61035156 0.92993164
vt 0.72558594 0.68676758
vt 0.39990234 0.55078125
vt 0.66821289 0.13793945
vt 0.15258789 0.62329102
vt 0.18286133 0.07153320
vt 0.38549805 0.56958008
vt 0.76977539 0.98071289
vt 0.04687500 0.97631836
vt 0.41601562 0.62915039
vt 0.60009766 0.81787109
vt 0.17431641 0.18481445
vt 0.38867188 0.58422852
vt 0.98413086 0.31347656
vt 0.18481445 0.07519531
vt 0.90283203 0.17407227
vt 0.22583008 0.79809570
vt 0.96582031 0.47802734
vt 0.21093750 0.00244141
vt 0.46411133 0.63208008
vt 0.60937500 0.98583984
vt 0.70117188 0.80664062
vt 0.18286133 0.05200195
vt 0.00415039 0.90380859
vt 0.50292969 0.62768555
vt 0.38964844 0.46533203
vt 0.76806641 0.99121094
vt 0.49584961 0.63891602
vt 0.20654297 0.55151367
vt 0.71093750 0.81469727
vt 0.39331055 0.46606445
vt 0.46655273 0.63671875
vt 0.98974609 0.38647461
vt 0.77539062 0.98876953
vt 0.42431641 0.99194336
vt 0.61083984 0.92797852
vt 0.09790039 0.52905273
vt 0.02587891 0.32031250
vt 0.90747070 0.33715820
vt 0.41748047 0.62915039
vt 0.12158203 0.66943359
vt 0.96166992 0.47875977
vt 0.96484375 0.47875977
vt 0.20874023 0.00708008
vt 0.38159180 0.09277344
vt 0.38623047 0.58471680
vt 0.15722656 0.75024414
vt 0.90380859 0.17529297
vt 0.83984375 0.86938477
vt 0.39013672 0.60180664
vt 0.98388672 0.73071289
vt 0.61645508 0.10424805
vt 0.60375977 0.09643555
vt 0.61743164 0.09960938
vt 0.61206055 0.09863281
vt 0.60913086 0.09790039
vt 0.85498047 0.20068359
vt 0.60400391 0.09643555
vt 0.70068359 0.97973633
vt 0.73779297 0.18774414
vt 0.02270508 0.32128906
vt 0.73657227 0.15795898
vt 0.60424805 0.09643555
vt 0.61547852 0.10498047
vt 0.61621094 0.10253906
vt 0.87280273 0.33056641
vt 0.60595703 0.09692383
vt 0.69824219 0.80395508
vt 0.61718750 0.09936523
vt 0.88452148 0.31640625
vt 0.42358398 0.98852539
vt 0.04418945 0.07714844
vt 0.18676758 0.07812500
vt 0.55932617 0.40478516
vt 0.04492188 0.07958984
vt 0.60913086 0.09765625
vt 0.19042969 0.08715820
vt 0.77319336 0.98901367
vt 0.53295898 0.64184570
vt 0.04150391 0.07617188
vt 0.12353516 0.65209961
vt 0.04296875 0.98217773
vt 0.47485352 0.63891602
vt 0.35034180 0.98559570
vt 0.22753906 0.79956055
vt 0.61987305 0.10522461
vt 0.96728516 0.21826172
vt 0.88842773 0.34619141
vt 0.51660156 0.19311523
vt 0.38696289 0.60424805
vt 0.62207031 0.10058594
vt 0.43457031 0.01367188
vt 0.61230469 0.97167969
vt 0.35205078 0.61181641
vt 0.58398438 0.95385742
vt 0.95336914 0.21508789
vt 0.72387695 0.70288086
vt 0.70825195 0.68261719
vt 0.01000977 0.90014648
vt 0.73754883 0.16064453
vt 0.04687500 0.09326172
vt 0.04931641 0.33569336
vt 0.88964844 0.33227539
vt 0.39135742 0.46630859
vt 0.87011719 0.20043945
vt 0.70800781 0.81225586
vt 0.41528320 0.62890625
vt 0.04370117 0.10034180
vt 0.15698242 0.74951172
vt 0.80053711 0.09716797
vt 0.62084961 0.10400391
vt 0.72509766 0.67578125
vt 0.18432617 0.05859375
vt 0.41723633 0.63012695
vt 0.18652344 0.06884766
vt 0.86108398 0.45703125
vt 0.39257812 0.46630859
vt 0.80468750 0.83178711
vt 0.22094727 0.01391602
vt 0.82421875 0.81958008
vt 0.60400391 0.81787109
vt 0.86083984 0.32495117
vt 0.26928711 0.78564453
vt 0.47192383 0.63671875
vt 0.38916016 0.47216797
vt 0.39208984 0.46997070
vt 0.81542969 0.09399414
vt 0.61083984 0.81884766
vt 0.19238281 0.08764648
vt 0.34741211 0.98535156
vt 0.62597656 0.10327148
vt 0.02905273 0.32202148
vt 0.63793945 0.09545898
vt 0.83007812 0.98730469
vt 0.03027344 0.32177734
vt 0.21875000 0.53808594
vt 0.60522461 0.81811523
vt 0.60693359 0.81518555
vt 0.41650391 0.62988281
vt 0.26708984 0.78466797
vt 0.56347656 0.39208984
vt 0.02319336 0.32470703
vt 0.43286133 0.00927734
vt 0.43432617 0.00952148
vt 0.04443359 0.31518555
vt 0.55981445 0.40747070
vt 0.95385742 0.21459961
vt 0.38208008 0.09594727
vt 0.12109375 0.66870117
vt 0.76269531 0.93676758
vt 0.15747070 0.75048828
vt 0.88623047 0.34033203
vt 0.09375000 0.51245117
vt 0.09423828 0.51000977
vt 0.56811523 0.34521484
vt 0.70874023 0.13989258
vt 0.02636719 0.32348633
vt 0.57153320 0.32617188
vt 0.21704102 0.79833984
vt 0.43579102 0.00634766
vt 0.48242188 0.21337891
vt 0.04565430 0.10107422
vt 0.34765625 0.98754883
vt 0.05273438 0.68237305
vt 0.81298828 0.82592773
vt 0.03930664 0.31713867
vt 0.42773438 0.09985352
vt 0.60546875 0.81713867
vt 0.02905273 0.32250977
vt 0.21923828 0.79492188
vt 0.56079102 0.40332031
vt 0.56127930 0.40771484
vt 0.75634766 0.03613281
vt 0.02636719 0.32666016
vt 0.56323242 0.40649414
vt 0.56787109 0.34912109
vt 0.80810547 0.09545898
vt 0.09350586 0.51123047
vt 0.72509766 0.69653320
vt 0.39208984 0.46899414
vt 0.04687500 0.97583008
vt 0.98925781 0.74047852
vt 0.39379883 0.46875000
vt 0.02978516 0.66357422
vt 0.60473633 0.81665039
vt 0.62280273 0.10571289
vt 0.03881836 0.31835938
vt 0.53686523 0.90551758
vt 0.54003906 0.19750977
vt 0.61352539 0.98046875
vt 0.02539062 0.32812500
vt 0.03149414 0.32250977
vt 0.03686523 0.64086914
vt 0.03686523 0.63378906
vt 0.78271484 0.98974609
vt 0.20800781 0.01538086
vt 0.84082031 0.39086914
vt 0.96655273 0.22436523
vt 0.41552734 0.63085938
vt 0.09228516 0.51269531
vt 0.03662109 0.63452148
vt 0.83959961 0.33544922
vt 0.18652344 0.06201172
vt 0.02880859 0.63305664
vt 0.83276367 0.44604492
vt 0.34838867 0.58959961
vt 0.82519531 0.82080078
vt 0.39013672 0.47094727
vt 0.22070312 0.80346680
vt 0.61206055 0.37988281
vt 0.89208984 0.30883789
vt 0.03173828 0.62500000
vt 0.83544922 0.98657227
vt 0.34887695 0.99121094
vt 0.36450195 0.56860352
vt 0.56494141 0.39990234
vt 0.03710938 0.07421875
vt 0.14282227 0.62670898
vt 0.08251953 0.97875977
vt 0.60644531 0.81787109
vt 0.72290039 0.17480469
vt 0.03808594 0.07617188
vt 0.04125977 0.09350586
vt 0.75634766 0.93432617
vt 0.04223633 0.09057617
vt 0.22167969 0.79882812
vt 0.56225586 0.39941406
vt 0.00976562 0.70483398
vt 0.83422852 0.99584961
vt 0.88500977 0.19677734
vt 0.13818359 0.64624023
vt 0.83642578 0.99169922
vt 0.82421875 0.36157227
vt 0.56323242 0.40649414
vt 0.56323242 0.40893555
vt 0.56713867 0.40747070
vt 0.03784180 0.98315430
vt 0.83251953 0.82690430
vt 0.89013672 0.29321289
vt 0.14599609 0.62084961
vt 0.83593750 0.99365234
vt 0.41870117 0.46386719
vt 0.61303711 0.40209961
vt 0.00561523 0.90234375
vt 0.03979492 0.98095703
vt 0.53857422 0.63110352
vt 0.01660156 0.70288086
vt 0.01684570 0.70483398
vt 0.60253906 0.21020508
vt 0.54736328 0.64599609
vt 0.62597656 0.10498047
vt 0.62500000 0.10498047
vt 0.98632812 0.38378906
vt 0.55932617 0.62646484
vt 0.83422852 0.34863281
vt 0.56713867 0.35717773
vt 0.14526367 0.62353516
vt 0.04296875 0.10302734
vt 0.27001953 0.78588867
vt 0.05346680 0.68286133
vt 0.26904297 0.78808594
vt 0.60009766 0.41064453
vt 0.13232422 0.65502930
vt 0.39404297 0.09619141
vt 0.14624023 0.62133789
vt 0.95239258 0.21484375
vt 0.81469727 0.10278320
vt 0.01025391 0.70751953
vt 0.42626953 0.46679688
vt 0.00903320 0.70654297
vt 0.37500000 0.60791016
vt 0.05590820 0.68603516
vt 0.97973633 0.39306641
vt 0.36621094 0.57568359
vt 0.03881836 0.09326172
vt 0.56567383 0.37402344
vt 0.84057617 0.01416016
vt 0.58203125 0.00512695
vt 0.21850586 0.53930664
vt 0.14477539 0.62451172
vt 0.14086914 0.63525391
vt 0.41699219 0.46240234
vt 0.85302734 0.32739258
vt 0.04077148 0.09619141
vt 0.98461914 0.38012695
vt 0.01074219 0.70825195
vt 0.82495117 0.44238281
vt 0.46484375 0.62670898
vt 0.56445312 0.38110352
vt 0.78344727 0.98999023
vt 0.53637695 0.59667969
vt 0.56445312 0.38232422
vt 0.02636719 0.62915039
vt 0.05688477 0.29370117
vt 0.43945312 0.10131836
vt 0.62719727 0.10107422
vt 0.70947266 0.14013672
vt 0.08471680 0.97583008
vt 0.02807617 0.66259766
vt 0.83178711 0.10888672
vt 0.73999023 0.93457031
vt 0.95898438 0.21704102
vt 0.46484375 0.62866211
vt 0.58129883 0.00561523
vt 0.56494141 0.37084961
vt 0.89575195 0.33691406
vt 0.88061523 0.32958984
vt 0.79931641 0.88476562
vt 0.34521484 0.60717773
vt 0.69409180 0.13500977
vt 0.95800781 0.21630859
vt 0.04125977 0.09985352
vt 0.82861328 0.00366211
vt 0.56567383 0.38647461
vt 0.03808594 0.08764648
vt 0.14208984 0.63256836
vt 0.56738281 0.35009766
vt 0.14868164 0.63256836
vt 0.04174805 0.10009766
vt 0.63525391 0.39184570
vt 0.06884766 0.93164062
vt 0.56591797 0.37133789
vt 0.19067383 0.45483398
vt 0.47143555 0.62133789
vt 0.63745117 0.09814453
vt 0.95800781 0.21435547
vt 0.56567383 0.37304688
vt 0.05151367 0.69799805
vt 0.70629883 0.91088867
vt 0.56787109 0.35107422
vt 0.82080078 0.82617188
vt 0.01538086 0.70996094
vt 0.35375977 0.99194336
vt 0.26953125 0.78735352
vt 0.04150391 0.10131836
vt 0.04174805 0.10009766
vt 0.04223633 0.10180664
vt 0.53955078 0.63793945
vt 0.04248047 0.10449219
vt 0.56542969 0.39843750
vt 0.14648438 0.62402344
vt 0.13476562 0.65063477
vt 0.62939453 0.38842773
vt 0.79760742 0.10449219
vt 0.58178711 0.00805664
vt 0.56860352 0.34521484
vt 0.82421875 0.01342773
vt 0.69873047 0.13452148
vt 0.98095703 0.38916016
vt 0.56616211 0.37158203
vt 0.56616211 0.39306641
vt 0.56665039 0.36645508
vt 0.57812500 0.37670898
vt 0.57080078 0.40771484
vt 0.79614258 0.10498047
vt 0.69580078 0.13500977
vt 0.84814453 0.43872070
vt 0.50439453 0.62475586
vt 0.36499023 0.57397461
vt 0.19018555 0.45556641
vt 0.21508789 0.81152344
vt 0.05004883 0.69873047
vt 0.21630859 0.80590820
vt 0.21435547 0.81054688
vt 0.00952148 0.70898438
vt 0.63989258 0.81347656
vt 0.79614258 0.10522461
vt 0.96582031 0.21679688
vt 0.00781250 0.70874023
vt 0.35400391 0.99169922
vt 0.60229492 0.38671875
vt 0.22265625 0.53198242
vt 0.19970703 0.46264648
vt 0.03222656 0.10107422
vt 0.62988281 0.38891602
vt 0.98315430 0.38037109
vt 0.18945312 0.45751953
vt 0.98266602 0.38330078
vt 0.41772461 0.46850586
vt 0.89013672 0.29882812
vt 0.62133789 0.97460938
vt 0.35400391 0.99560547
vt 0.96606445 0.21728516
vt 0.58349609 0.00878906
vt 0.54052734 0.63696289
vt 0.88012695 0.32836914
vt 0.88061523 0.32714844
vt 0.88647461 0.33276367
vt 0.82495117 0.01269531
vt 0.58105469 0.00659180
vt 0.83007812 0.00634766
vt 0.01293945 0.70947266
vt 0.53979492 0.62939453
vt 0.44140625 0.07299805
vt 0.54052734 0.63696289
vt 0.61010742 0.97338867
vt 0.88989258 0.29760742
vt 0.82885742 0.10717773
vt 0.46777344 0.44213867
vt 0.73583984 0.90258789
vt 0.08642578 0.50732422
vt 0.98022461 0.39086914
vt 0.44067383 0.08276367
vt 0.88964844 0.29174805
vt 0.88964844 0.29272461
vt 0.86279297 0.32055664
vt 0.84130859 0.83715820
vt 0.01318359 0.70874023
vt 0.43994141 0.08813477
vt 0.86206055 0.32128906
vt 0.56860352 0.36425781
vt 0.87939453 0.33081055
vt 0.78417969 0.98950195
vt 0.22338867 0.53613281
vt 0.61499023 0.38940430
vt 0.82543945 0.01269531
vt 0.28491211 0.55908203
vt 0.44067383 0.07885742
vt 0.05346680 0.68261719
vt 0.61523438 0.38720703
vt 0.96704102 0.21704102
vt 0.63769531 0.81494141
vt 0.47021484 0.43798828
vt 0.86181641 0.32202148
vt 0.39379883 0.10913086
vt 0.43701172 0.10522461
vt 0.84082031 0.39111328
vt 0.82666016 0.00952148
vt 0.47216797 0.62622070
vt 0.47656250 0.43408203
vt 0.21972656 0.01464844
vt 0.69946289 0.97705078
vt 0.50585938 0.61791992
vt 0.79248047 0.89233398
vt 0.61376953 0.38647461
vt 0.14794922 0.62670898
vt 0.46630859 0.44677734
vt 0.21289062 0.80932617
vt 0.78320312 0.98974609
vt 0.47241211 0.43945312
vt 0.88061523 0.32958984
vt 0.08642578 0.51171875
vt 0.46679688 0.44458008
vt 0.47021484 0.44116211
vt 0.04809570 0.97900391
vt 0.01440430 0.71337891
vt 0.00878906 0.71069336
vt 0.78662109 0.10986328
vt 0.70898438 0.61596680
vt 0.58129883 0.00854492
vt 0.58129883 0.00854492
vt 0.21411133 0.80541992
vt 0.01025391 0.71069336
vt 0.82299805 0.82934570
vt 0.84057617 0.01440430
vt 0.69580078 0.97680664
vt 0.56811523 0.41064453
vt 0.61474609 0.97094727
vt 0.48803711 0.43090820
vt 0.49047852 0.43115234
vt 0.35009766 0.99536133
vt 0.63989258 0.96972656
vt 0.88037109 0.34277344
vt 0.21752930 0.53076172
vt 0.46948242 0.44067383
vt 0.16455078 0.45727539
vt 0.70312500 0.61547852
vt 0.70361328 0.56323242
vt 0.62744141 0.39379883
vt 0.88305664 0.33276367
vt 0.36425781 0.61279297
vt 0.49047852 0.43212891
vt 0.43627930 0.10839844
vt 0.39941406 0.01293945
vt 0.84155273 0.01635742
vt 0.48950195 0.43090820
vt 0.09741211 0.96752930
vt 0.35546875 0.57763672
vt 0.69580078 0.98095703
vt 0.83081055 0.84326172
vt 0.06054688 0.26269531
vt 0.62158203 0.21191406
vt 0.71435547 0.61889648
vt 0.35449219 0.59082031
vt 0.70214844 0.14550781
vt 0.14038086 0.46411133
vt 0.00122070 0.71240234
vt 0.48901367 0.43310547
vt 0.43627930 0.10571289
vt 0.69946289 0.59570312
vt 0.35278320 0.56811523
vt 0.53930664 0.63183594
vt 0.43603516 0.10449219
vt 0.83447266 0.43969727
vt 0.90771484 0.19189453
vt 0.48266602 0.61718750
vt 0.82153320 0.10327148
vt 0.03393555 0.09838867
vt 0.83544922 0.44360352
vt 0.83374023 0.44067383
vt 0.22192383 0.53320312
vt 0.69555664 0.97558594
vt 0.88330078 0.32836914
vt 0.52856445 0.20605469
vt 0.48193359 0.62646484
vt 0.09814453 0.96704102
vt 0.48901367 0.43286133
vt 0.35888672 0.57153320
vt 0.83374023 0.36132812
vt 0.43359375 0.09790039
vt 0.48950195 0.45068359
vt 0.06372070 0.93994141
vt 0.62133789 0.39257812
vt 0.51855469 0.18652344
vt 0.64135742 0.47021484
vt 0.15747070 0.46606445
vt 0.00341797 0.71264648
vt 0.48999023 0.43334961
vt 0.13696289 0.66845703
vt 0.35327148 0.56811523
vt 0.41381836 0.47241211
vt 0.84155273 0.43286133
vt 0.41235352 0.47241211
vt 0.61572266 0.39013672
vt 0.15722656 0.46582031
vt 0.15698242 0.46508789
vt 0.46484375 0.62231445
vt 0.00732422 0.71264648
vt 0.14501953 0.96044922
vt 0.61914062 0.39477539
vt 0.71875000 0.60839844
vt 0.42993164 0.08154297
vt 0.93750000 0.17309570
vt 0.93701172 0.17480469
vt 0.28833008 0.49487305
vt 0.02807617 0.08764648
vt 0.00976562 0.71240234
vt 0.93603516 0.17944336
vt 0.00708008 0.71264648
vt 0.14892578 0.63281250
vt 0.93334961 0.18872070
vt 0.50048828 0.61840820
vt 0.90795898 0.19238281
vt 0.36547852 0.60253906
vt 0.93725586 0.17431641
vt 0.56884766 0.23876953
vt 0.51318359 0.61791992
vt 0.36059570 0.56982422
vt 0.43139648 0.90087891
vt 0.14477539 0.64526367
vt 0.93701172 0.17651367
vt 0.93823242 0.17504883
vt 0.28833008 0.49536133
vt 0.63159180 0.40258789
vt 0.57690430 0.40185547
vt 0.61230469 0.38964844
vt 0.70996094 0.81420898
vt 0.40747070 0.11279297
vt 0.61376953 0.39038086
vt 0.88403320 0.34252930
vt 0.52050781 0.18090820
vt 0.71777344 0.61425781
vt 0.93798828 0.17846680
vt 0.28833008 0.49584961
vt 0.03002930 0.09887695
vt 0.93579102 0.18457031
vt 0.43261719 0.08789062
vt 0.13989258 0.46411133
vt 0.52661133 0.18530273
vt 0.83715820 0.44091797
vt 0.62866211 0.81225586
vt 0.95092773 0.18188477
vt 0.81494141 0.10888672
vt 0.62109375 0.21557617
vt 0.03027344 0.09814453
vt 0.42846680 0.07861328
vt 0.88623047 0.34448242
vt 0.42138672 0.87304688
vt 0.57324219 0.41137695
vt 0.63574219 0.82348633
vt 0.63989258 0.10131836
vt 0.39697266 0.01831055
vt 0.58154297 0.35156250
vt 0.03149414 0.10058594
vt 0.88549805 0.34521484
vt 0.88256836 0.18286133
vt 0.61254883 0.39111328
vt 0.96606445 0.05151367
vt 0.41455078 0.87231445
vt 0.39770508 0.01928711
vt 0.44799805 0.46801758
vt 0.83349609 0.44555664
vt 0.02905273 0.09521484
vt 0.57348633 0.40966797
vt 0.61376953 0.39184570
vt 0.57666016 0.37841797
vt 0.59008789 0.23730469
vt 0.90966797 0.21166992
vt 0.43505859 0.46972656
vt 0.11865234 0.94677734
vt 0.83642578 0.83349609
vt 0.83496094 0.47900391
vt 0.42773438 0.07299805
vt 0.64086914 0.10131836
vt 0.29296875 0.52514648
vt 0.02612305 0.08911133
vt 0.11669922 0.94628906
vt 0.31396484 0.50878906
vt 0.48901367 0.44799805
vt 0.61572266 0.39331055
vt 0.83569336 0.44580078
vt 0.95092773 0.13500977
vt 0.07128906 0.93359375
vt 0.97021484 0.03881836
vt 0.48730469 0.47998047
vt 0.37719727 0.94555664
vt 0.42431641 0.53662109
vt 0.97338867 0.05004883
vt 0.48535156 0.45483398
vt 0.49682617 0.01196289
vt 0.58081055 0.41015625
vt 0.48193359 0.46777344
vt 0.02539062 0.09106445
vt 0.48486328 0.45605469
vt 0.83740234 0.44311523
vt 0.48559570 0.45507812
vt 0.57739258 0.41796875
vt 0.52294922 0.18725586
vt 0.24926758 0.54907227
vt 0.12158203 0.94873047
vt 0.54492188 0.62182617
vt 0.21020508 0.34936523
vt 0.10253906 0.94506836
vt 0.61938477 0.21704102
vt 0.58105469 0.38183594
vt 0.11328125 0.94628906
vt 0.97363281 0.04687500
vt 0.02587891 0.09887695
vt 0.58129883 0.37939453
vt 0.97094727 0.03857422
vt 0.55981445 0.22070312
vt 0.42114258 0.10546875
vt 0.92260742 0.21337891
vt 0.57592773 0.32666016
vt 0.41015625 0.11181641
vt 0.38989258 0.01171875
vt 0.58178711 0.37011719
vt 0.97143555 0.04687500
vt 0.39941406 0.10913086
vt 0.97192383 0.03588867
vt 0.41040039 0.10766602
vt 0.95922852 0.13891602
vt 0.49804688 0.61694336
vt 0.57592773 0.41992188
vt 0.58007812 0.37670898
vt 0.64453125 0.09667969
vt 0.08520508 0.78369141
vt 0.71728516 0.61230469
vt 0.64404297 0.09838867
vt 0.35595703 0.97167969
vt 0.57836914 0.39135742
vt 0.84179688 0.44189453
vt 0.30053711 0.50341797
vt 0.52124023 0.18310547
vt 0.39428711 0.48632812
vt 0.48754883 0.48120117
vt 0.82885742 0.12963867
vt 0.41284180 0.10620117
vt 0.38842773 0.10937500
vt 0.61352539 0.21044922
vt 0.97314453 0.05297852
vt 0.61572266 0.21093750
vt 0.57788086 0.41552734
vt 0.58032227 0.39135742
vt 0.58056641 0.39331055
vt 0.39086914 0.10961914
vt 0.41845703 0.10668945
vt 0.83471680 0.44921875
vt 0.62231445 0.81030273
vt 0.02661133 0.10009766
vt 0.14062500 0.75000000
vt 0.41162109 0.10766602
vt 0.57885742 0.33691406
vt 0.07739258 0.75292969
vt 0.97656250 0.05249023
vt 0.95288086 0.12036133
vt 0.48559570 0.49707031
vt 0.43261719 0.47607422
vt 0.20336914 0.37817383
vt 0.34716797 0.96826172
vt 0.20898438 0.39355469
vt 0.58105469 0.32763672
vt 0.70239258 0.60546875
vt 0.97314453 0.05468750
vt 0.57910156 0.39648438
vt 0.57788086 0.41845703
vt 0.58105469 0.37768555
vt 0.58251953 0.35253906
vt 0.02636719 0.10009766
vt 0.14062500 0.95776367
vt 0.92260742 0.21142578
vt 0.54589844 0.62768555
vt 0.97924805 0.03442383
vt 0.97412109 0.03662109
vt 0.58740234 0.35961914
vt 0.83935547 0.45068359
vt 0.58056641 0.39331055
vt 0.58056641 0.39331055
vt 0.49316406 0.01171875
vt 0.57861328 0.41821289
vt 0.19482422 0.35913086
vt 0.58325195 0.37329102
vt 0.09252930 0.78247070
vt 0.71777344 0.60913086
vt 0.05444336 0.72851562
vt 0.40795898 0.11328125
vt 0.97924805 0.05932617
vt 0.84765625 0.35961914
vt 0.60424805 0.39697266
vt 0.65063477 0.09497070
vt 0.11010742 0.94995117
vt 0.71337891 0.64990234
vt 0.10034180 0.94799805
vt 0.72753906 0.64501953
vt 0.85180664 0.35717773
vt 0.05493164 0.72705078
vt 0.54687500 0.58959961
vt 0.01049805 0.88037109
vt 0.56250000 0.62768555
vt 0.19506836 0.34277344
vt 0.61718750 0.21166992
vt 0.58447266 0.38208008
vt 0.31713867 0.53320312
vt 0.97851562 0.03930664
vt 0.11010742 0.95849609
vt 0.64599609 0.09838867
vt 0.84448242 0.36401367
vt 0.71362305 0.59570312
vt 0.99145508 0.90454102
vt 0.51855469 0.19091797
vt 0.99536133 0.63720703
vt 0.83715820 0.83471680
vt 0.19799805 0.36157227
vt 0.51000977 0.18041992
vt 0.99658203 0.63647461
vt 0.84057617 0.45532227
vt 0.95166016 0.17871094
vt 0.13354492 0.73754883
vt 0.07690430 0.09033203
vt 0.63037109 0.82055664
vt 0.83935547 0.44897461
vt 0.51586914 0.17993164
vt 0.14013672 0.96679688
vt 0.44287109 0.88134766
vt 0.98217773 0.90429688
vt 0.08105469 0.27954102
vt 0.99462891 0.63598633
vt 0.01269531 0.88037109
vt 0.58374023 0.38647461
vt 0.99487305 0.63452148
vt 0.20336914 0.37231445
vt 0.41674805 0.91357422
vt 0.78198242 0.87011719
vt 0.83178711 0.84082031
vt 0.99511719 0.89379883
vt 0.01147461 0.88110352
vt 0.08447266 0.79663086
vt 0.58349609 0.39990234
vt 0.58496094 0.38745117
vt 0.95605469 0.12792969
vt 0.09106445 0.81762695
vt 0.65063477 0.10498047
vt 0.64868164 0.10693359
vt 0.00732422 0.88330078
vt 0.00830078 0.88208008
vt 0.58105469 0.40966797
vt 0.20825195 0.28906250
vt 0.58105469 0.32836914
vt 0.22216797 0.41162109
vt 0.58715820 0.37451172
vt 0.72290039 0.54858398
vt 0.00903320 0.88330078
vt 0.58398438 0.39965820
vt 0.58520508 0.38720703
vt 0.90014648 0.46557617
vt 0.97924805 0.04687500
vt 0.97973633 0.03930664
vt 0.90698242 0.20922852
vt 0.00317383 0.88330078
vt 0.90258789 0.61499023
vt 0.89672852 0.47412109
vt 0.58520508 0.39111328
vt 0.97973633 0.03881836
vt 0.64941406 0.09667969
vt 0.97924805 0.05664062
vt 0.34155273 0.07934570
vt 0.16381836 0.26367188
vt 0.98022461 0.06323242
vt 0.35742188 0.10644531
vt 0.34960938 0.09423828
vt 0.89697266 0.43676758
vt 0.00463867 0.88354492
vt 0.89648438 0.47363281
vt 0.20727539 0.08129883
vt 0.09252930 0.77563477
vt 0.29907227 0.50488281
vt 0.40917969 0.11328125
vt 0.12817383 0.95996094
vt 0.95605469 0.12182617
vt 0.17944336 0.32470703
vt 0.90966797 0.63134766
vt 0.40698242 0.11230469
vt 0.56542969 0.60986328
vt 0.29907227 0.50195312
vt 0.13476562 0.74487305
vt 0.13378906 0.73901367
vt 0.42871094 0.91479492
vt 0.83618164 0.83642578
vt 0.34130859 0.07617188
vt 0.93554688 0.06298828
vt 0.08593750 0.08935547
vt 0.35522461 0.09936523
vt 0.35253906 0.09545898
vt 0.16235352 0.31762695
vt 0.77954102 0.79980469
vt 0.16235352 0.31909180
vt 0.42211914 0.96313477
vt 0.30908203 0.51391602
vt 0.72534180 0.60864258
vt 0.35986328 0.10693359
vt 0.49340820 0.02270508
vt 0.96533203 0.13403320
vt 0.48632812 0.01660156
vt 0.34228516 0.07861328
vt 0.48852539 0.01782227
vt 0.85302734 0.48315430
vt 0.98071289 0.12817383
vt 0.98779297 0.90258789
vt 0.20483398 0.05151367
vt 0.28442383 0.55883789
vt 0.34863281 0.08447266
vt 0.62573242 0.08569336
vt 0.35229492 0.09155273
vt 0.56079102 0.56201172
vt 0.30053711 0.50341797
vt 0.42529297 0.96484375
vt 0.42260742 0.96411133
vt 0.48925781 0.01708984
vt 0.36108398 0.10791016
vt 0.20361328 0.36718750
vt 0.93530273 0.06201172
vt 0.71948242 0.59692383
vt 0.71459961 0.59252930
vt 0.20336914 0.05151367
vt 0.20312500 0.04809570
vt 0.99023438 0.90185547
vt 0.29931641 0.50488281
vt 0.61596680 0.40502930
vt 0.34252930 0.07788086
vt 0.34643555 0.08325195
vt 0.34375000 0.07836914
vt 0.35693359 0.09912109
vt 0.96020508 0.13598633
vt 0.35546875 0.09741211
vt 0.29956055 0.50439453
vt 0.20947266 0.37792969
vt 0.09985352 0.82788086
vt 0.99218750 0.90087891
vt 0.97729492 0.13012695
vt 0.43457031 0.93237305
vt 0.35351562 0.09350586
vt 0.35620117 0.84204102
vt 0.34301758 0.07788086
vt 0.35668945 0.84008789
vt 0.34423828 0.07983398
vt 0.35839844 0.83569336
vt 0.96289062 0.13452148
vt 0.35742188 0.09765625
vt 0.09985352 0.95361328
vt 0.56079102 0.63159180
vt 0.62915039 0.05468750
vt 0.82836914 0.46704102
vt 0.54760742 0.57421875
vt 0.56054688 0.63085938
vt 0.13720703 0.74340820
vt 0.95068359 0.18310547
vt 0.13745117 0.74316406
vt 0.09326172 0.78125000
vt 0.43359375 0.88110352
vt 0.09130859 0.77685547
vt 0.35693359 0.09594727
vt 0.63500977 0.06518555
vt 0.30102539 0.50512695
vt 0.90112305 0.62158203
vt 0.61547852 0.41235352
vt 0.90551758 0.02514648
vt 0.88745117 0.58032227
vt 0.57031250 0.20751953
vt 0.95043945 0.18432617
vt 0.35693359 0.09594727
vt 0.17089844 0.31835938
vt 0.10302734 0.95629883
vt 0.13378906 0.74267578
vt 0.43920898 0.88769531
vt 0.09301758 0.77954102
vt 0.17260742 0.30126953
vt 0.09472656 0.77832031
vt 0.09936523 0.95507812
vt 0.19335938 0.33862305
vt 0.11352539 0.96093750
vt 0.13281250 0.96630859
vt 0.23657227 0.39794922
vt 0.95019531 0.18579102
vt 0.95092773 0.18383789
vt 0.06176758 0.73950195
vt 0.72387695 0.67016602
vt 0.19409180 0.34033203
vt 0.10595703 0.95800781
vt 0.34448242 0.07885742
vt 0.35717773 0.09057617
vt 0.19555664 0.34252930
vt 0.35791016 0.83715820
vt 0.37231445 0.84082031
vt 0.89550781 0.58007812
vt 0.09667969 0.80053711
vt 0.49291992 0.02172852
vt 0.37939453 0.50000000
vt 0.99145508 0.90185547
vt 0.36694336 0.86523438
vt 0.10131836 0.95703125
vt 0.56152344 0.62963867
vt 0.98193359 0.97143555
vt 0.10620117 0.95947266
vt 0.09765625 0.95678711
vt 0.09741211 0.80151367
vt 0.06298828 0.73974609
vt 0.13745117 0.74438477
vt 0.61791992 0.40820312
vt 0.09912109 0.95751953
vt 0.56933594 0.62719727
vt 0.39379883 0.50927734
vt 0.35742188 0.84228516
vt 0.05468750 0.74975586
vt 0.09692383 0.77319336
vt 0.95874023 0.96508789
vt 0.19677734 0.34423828
vt 0.13183594 0.96655273
vt 0.78149414 0.79638672
vt 0.05761719 0.73730469
vt 0.98071289 0.97314453
vt 0.19604492 0.34326172
vt 0.97314453 0.14355469
vt 0.61425781 0.41040039
vt 0.85375977 0.85205078
vt 0.19873047 0.34765625
vt 0.89184570 0.03369141
vt 0.13964844 0.46411133
vt 0.06103516 0.74072266
vt 0.71313477 0.59301758
vt 0.78515625 0.86840820
vt 0.05249023 0.76806641
vt 0.19604492 0.34277344
vt 0.89965820 0.02539062
vt 0.10107422 0.81274414
vt 0.74975586 0.90307617
vt 0.72412109 0.57495117
vt 0.19848633 0.34594727
vt 0.35986328 0.09204102
vt 0.34448242 0.07836914
vt 0.63842773 0.07177734
vt 0.16284180 0.31250000
vt 0.13793945 0.74658203
vt 0.20288086 0.33715820
vt 0.77734375 0.89184570
vt 0.78320312 0.86914062
vt 0.08837891 0.10791016
vt 0.74462891 0.87744141
vt 0.73754883 0.87963867
vt 0.96118164 0.13159180
vt 0.36596680 0.09912109
vt 0.61694336 0.41259766
vt 0.36059570 0.09252930
vt 0.78515625 0.87133789
vt 0.08251953 0.11059570
vt 0.38525391 0.49731445
vt 0.19970703 0.05468750
vt 0.37866211 0.49951172
vt 0.72314453 0.66162109
vt 0.20776367 0.08105469
vt 0.06298828 0.74414062
vt 0.71362305 0.58911133
vt 0.37866211 0.49951172
vt 0.36767578 0.10180664
vt 0.40234375 0.49560547
vt 0.61547852 0.41088867
vt 0.30151367 0.51245117
vt 0.30859375 0.50219727
vt 0.89404297 0.58398438
vt 0.82006836 0.85766602
vt 0.99951172 0.89208984
vt 0.73657227 0.88183594
vt 0.05151367 0.76977539
vt 0.99902344 0.89160156
vt 0.37939453 0.50000000
vt 0.13671875 0.75317383
vt 0.80590820 0.77661133
vt 0.38037109 0.50097656
vt 0.22436523 0.39160156
vt 0.08862305 0.02661133
vt 0.07812500 0.11523438
vt 0.31127930 0.51855469
vt 0.11059570 0.02734375
vt 0.44287109 0.88134766
vt 0.96484375 0.00390625
vt 0.10180664 0.78515625
vt 0.43627930 0.93164062
vt 0.71948242 0.57836914
vt 0.60400391 0.41235352
vt 0.42724609 0.93261719
vt 0.13940430 0.75683594
vt 0.90502930 0.58105469
vt 0.96411133 0.00878906
vt 0.61499023 0.41406250
vt 0.88867188 0.03369141
vt 0.10229492 0.78515625
vt 0.35620117 0.95532227
vt 0.85278320 0.48559570
vt 0.63159180 0.48388672
vt 0.47802734 0.19384766
vt 0.08276367 0.03540039
vt 0.88208008 0.03466797
vt 0.61889648 0.42285156
vt 0.94165039 0.47900391
vt 0.36132812 0.85791016
vt 0.96215820 0.00488281
vt 0.95996094 0.99731445
vt 0.61621094 0.43090820
vt 0.30810547 0.99243164
vt 0.30273438 0.99536133
vt 0.71875000 0.53637695
vt 0.30883789 0.50683594
vt 0.07666016 0.03540039
vt 0.07836914 0.03417969
vt 0.07983398 0.03442383
vt 0.07836914 0.11523438
vt 0.59619141 0.21533203
vt 0.30468750 0.99609375
vt 0.60375977 0.20581055
vt 0.59643555 0.21728516
vt 0.36254883 0.94140625
vt 0.22607422 0.38476562
vt 0.61523438 0.41381836
vt 0.96679688 0.00610352
vt 0.22875977 0.39062500
vt 0.61401367 0.41650391
vt 0.13916016 0.75708008
vt 0.84179688 0.94653320
vt 0.72631836 0.65771484
vt 0.31005859 0.51220703
vt 0.77270508 0.89233398
vt 0.31079102 0.51318359
vt 0.13623047 0.75390625
vt 0.59545898 0.21069336
vt 0.20556641 0.70947266
vt 0.98046875 0.12841797
vt 0.30249023 0.51855469
vt 0.09741211 0.03247070
vt 0.72509766 0.64331055
vt 0.84326172 0.85229492
vt 0.61645508 0.41845703
vt 0.36523438 0.87841797
vt 0.85888672 0.45971680
vt 0.17260742 0.30126953
vt 0.30468750 0.99145508
vt 0.20263672 0.71557617
vt 0.00732422 0.01440430
vt 0.61572266 0.41870117
vt 0.08593750 0.03515625
vt 0.61547852 0.41650391
vt 0.10864258 0.03076172
vt 0.30395508 0.99389648
vt 0.79687500 0.80688477
vt 0.36376953 0.87841797
vt 0.17724609 0.30249023
vt 0.00732422 0.03125000
vt 0.47045898 0.50634766
vt 0.20751953 0.34277344
vt 0.61523438 0.41650391
vt 0.47583008 0.50805664
vt 0.00732422 0.03002930
vt 0.10327148 0.03247070
vt 0.08251953 0.03833008
vt 0.30273438 0.99121094
vt 0.15673828 0.20458984
vt 0.59545898 0.21069336
vt 0.20532227 0.71118164
vt 0.15771484 0.21362305
vt 0.37695312 0.52392578
vt 0.08544922 0.03710938
vt 0.95117188 0.96044922
vt 0.95141602 0.95849609
vt 0.17626953 0.16430664
vt 0.23950195 0.40332031
vt 0.20556641 0.70825195
vt 0.08422852 0.03710938
vt 0.00756836 0.02807617
vt 0.00854492 0.02368164
vt 0.94238281 0.95800781
vt 0.10644531 0.03051758
vt 0.37109375 0.85083008
vt 0.37060547 0.86450195
vt 0.16308594 0.20361328
vt 0.64086914 0.42749023
vt 0.61669922 0.42236328
vt 0.37744141 0.84130859
vt 0.20483398 0.70947266
vt 0.37011719 0.85205078
vt 0.36547852 0.87695312
vt 0.36450195 0.88110352
vt 0.21362305 0.30541992
vt 0.29687500 0.03637695
vt 0.36865234 0.86157227
vt 0.10327148 0.03247070
vt 0.32910156 0.56591797
vt 0.28686523 0.15258789
vt 0.74658203 0.88818359
vt 0.46972656 0.50830078
vt 0.74365234 0.89501953
vt 0.50024414 0.18847656
vt 0.90502930 0.58129883
vt 0.92822266 0.28979492
vt 0.80200195 0.95434570
vt 0.18359375 0.68432617
vt 0.17114258 0.17138672
vt 0.77246094 0.73315430
vt 0.31176758 0.52905273
vt 0.36865234 0.86425781
vt 0.64086914 0.42871094
vt 0.10498047 0.03344727
vt 0.08471680 0.03881836
vt 0.29028320 0.15087891
vt 0.37060547 0.85791016
vt 0.77148438 0.88916016
vt 0.61743164 0.42041016
vt 0.92578125 0.49023438
vt 0.91650391 0.48901367
vt 0.18237305 0.72509766
vt 0.76123047 0.73779297
vt 0.77246094 0.88647461
vt 0.64111328 0.44140625
vt 0.82031250 0.95312500
vt 0.36938477 0.86157227
vt 0.17236328 0.16650391
vt 0.16503906 0.19628906
vt 0.49584961 0.52416992
vt 0.20239258 0.71093750
vt 0.07324219 0.76928711
vt 0.16479492 0.19677734
vt 0.28662109 0.15136719
vt 0.98242188 0.97167969
vt 0.83666992 0.48144531
vt 0.32250977 0.10278320
vt 0.98168945 0.97412109
vt 0.41845703 0.05346680
vt 0.61743164 0.42211914
vt 0.10131836 0.04125977
vt 0.29150391 0.15332031
vt 0.98291016 0.97241211
vt 0.28906250 0.02514648
vt 0.17895508 0.16040039
vt 0.46093750 0.50878906
vt 0.61645508 0.42358398
vt 0.18090820 0.15673828
vt 0.31250000 0.52319336
vt 0.92456055 0.28637695
vt 0.37548828 0.86157227
vt 0.61816406 0.42333984
vt 0.57446289 0.61181641
vt 0.61718750 0.42553711
vt 0.58593750 0.58764648
vt 0.77197266 0.88989258
vt 0.39111328 0.52563477
vt 0.86425781 0.54370117
vt 0.03930664 0.72705078
vt 0.61743164 0.42358398
vt 0.76831055 0.89721680
vt 0.80737305 0.77563477
vt 0.38208008 0.87646484
vt 0.00854492 0.81933594
vt 0.28784180 0.02587891
vt 0.28344727 0.01904297
vt 0.49267578 0.17993164
vt 0.03125000 0.72631836
vt 0.20043945 0.28466797
vt 0.32275391 0.02441406
vt 0.85058594 0.47363281
vt 0.61743164 0.42578125
vt 0.61889648 0.43017578
vt 0.72949219 0.63696289
vt 0.33154297 0.02490234
vt 0.75219727 0.72143555
vt 0.09448242 0.04272461
vt 0.94067383 0.28466797
vt 0.09838867 0.04199219
vt 0.48339844 0.51733398
vt 0.91772461 0.28369141
vt 0.94653320 0.28466797
vt 0.30883789 0.15844727
vt 0.01513672 0.72460938
vt 0.92846680 0.28540039
vt 0.88208008 0.55297852
vt 0.48486328 0.51757812
vt 0.24316406 0.15820312
vt 0.72192383 0.64868164
vt 0.93334961 0.28417969
vt 0.48510742 0.51708984
vt 0.75122070 0.72216797
vt 0.32202148 0.03637695
vt 0.01000977 0.81567383
vt 0.84643555 0.86889648
vt 0.06225586 0.76074219
vt 0.84863281 0.54663086
vt 0.02197266 0.75244141
vt 0.94287109 0.92968750
vt 0.49560547 0.52099609
vt 0.41821289 0.05102539
vt 0.94848633 0.28491211
vt 0.74975586 0.90405273
vt 0.20581055 0.29248047
vt 0.20629883 0.29321289
vt 0.76049805 0.71606445
vt 0.76660156 0.74194336
vt 0.48291016 0.51879883
vt 0.63232422 0.43945312
vt 0.91943359 0.28442383
vt 0.38842773 0.02172852
vt 0.93652344 0.28393555
vt 0.94042969 0.92822266
vt 0.93920898 0.91796875
vt 0.28027344 0.15673828
vt 0.94287109 0.28417969
vt 0.86376953 0.54443359
vt 0.88256836 0.55249023
vt 0.56689453 0.56494141
vt 0.48217773 0.51806641
vt 0.47851562 0.51904297
vt 0.02270508 0.75561523
vt 0.48291016 0.51806641
vt 0.90039062 0.99340820
vt 0.92333984 0.28442383
vt 0.94580078 0.28442383
vt 0.40869141 0.72802734
vt 0.24316406 0.15844727
vt 0.91870117 0.28369141
vt 0.94116211 0.28393555
vt 0.93994141 0.92846680
vt 0.94750977 0.28442383
vt 0.38256836 0.04003906
vt 0.44653320 0.72436523
vt 0.86499023 0.61206055
vt 0.26513672 0.55957031
vt 0.04443359 0.75830078
vt 0.45190430 0.72363281
vt 0.16284180 0.90917969
vt 0.38061523 0.88183594
vt 0.94067383 0.52050781
vt 0.92773438 0.50170898
vt 0.57641602 0.61499023
vt 0.30834961 0.10913086
vt 0.92626953 0.50830078
vt 0.03759766 0.73364258
vt 0.86328125 0.54614258
vt 0.02539062 0.74975586
vt 0.44628906 0.72363281
vt 0.94091797 0.95483398
vt 0.48974609 0.52001953
vt 0.40478516 0.53466797
vt 0.44946289 0.72290039
vt 0.43750000 0.72436523
vt 0.31201172 0.52539062
vt 0.37768555 0.94531250
vt 0.40380859 0.72534180
vt 0.57617188 0.61572266
vt 0.74023438 0.63427734
vt 0.81079102 0.74804688
vt 0.07397461 0.51269531
vt 0.06005859 0.52807617
vt 0.38745117 0.02612305
vt 0.57690430 0.61523438
vt 0.27539062 0.00927734
vt 0.19970703 0.93188477
vt 0.35717773 0.72338867
vt 0.59472656 0.46020508
vt 0.42553711 0.71850586
vt 0.44482422 0.72265625
vt 0.84033203 0.56811523
vt 0.57910156 0.57641602
vt 0.39233398 0.72607422
vt 0.31079102 0.52685547
vt 0.88256836 0.96484375
vt 0.84667969 0.86938477
vt 0.90942383 0.98999023
vt 0.31103516 0.52612305
vt 0.90161133 0.98901367
vt 0.90087891 0.99316406
vt 0.10791016 0.06372070
vt 0.41894531 0.04052734
vt 0.75781250 0.00756836
vt 0.38085938 0.88647461
vt 0.48754883 0.52734375
vt 0.52539062 0.71752930
vt 0.38891602 0.02294922
vt 0.48339844 0.52905273
vt 0.75781250 0.00561523
vt 0.35278320 0.72509766
vt 0.72753906 0.57104492
vt 0.38940430 0.02368164
vt 0.80346680 0.97216797
vt 0.30297852 0.55224609
vt 0.60571289 0.07373047
vt 0.43920898 0.71215820
vt 0.84570312 0.60375977
vt 0.27075195 0.00830078
vt 0.19384766 0.93847656
vt 0.75756836 0.00585938
vt 0.75830078 0.00659180
vt 0.76367188 0.74365234
vt 0.03808594 0.74975586
vt 0.74169922 0.62744141
vt 0.76879883 0.74560547
vt 0.76977539 0.71191406
vt 0.31298828 0.54565430
vt 0.79931641 0.73974609
vt 0.10961914 0.06835938
vt 0.90258789 0.98852539
vt 0.26269531 0.00878906
vt 0.26708984 0.00878906
vt 0.90356445 0.99096680
vt 0.72949219 0.57226562
vt 0.26977539 0.01293945
vt 0.63134766 0.43920898
vt 0.57519531 0.57666016
vt 0.59423828 0.59692383
vt 0.11523438 0.06152344
vt 0.82739258 0.76904297
vt 0.76464844 0.74340820
vt 0.11401367 0.07031250
vt 0.35058594 0.72045898
vt 0.11254883 0.06713867
vt 0.30175781 0.55834961
vt 0.26440430 0.00878906
vt 0.80664062 0.95678711
vt 0.03662109 0.50097656
vt 0.27685547 0.01025391
vt 0.26171875 0.00927734
vt 0.01684570 0.81030273
vt 0.72875977 0.56909180
vt 0.80712891 0.95678711
vt 0.60107422 0.06982422
vt 0.56665039 0.23828125
vt 0.11059570 0.06787109
vt 0.39428711 0.72070312
vt 0.63159180 0.44042969
vt 0.11157227 0.06640625
vt 0.40454102 0.03637695
vt 0.26831055 0.01049805
vt 0.76245117 0.74658203
vt 0.77563477 0.71044922
vt 0.73437500 0.55029297
vt 0.11132812 0.06689453
vt 0.76562500 0.74389648
vt 0.63208008 0.44555664
vt 0.60302734 0.46508789
vt 0.03759766 0.53637695
vt 0.41259766 0.71191406
vt 0.63232422 0.44213867
vt 0.63159180 0.44042969
vt 0.39501953 0.03100586
vt 0.27075195 0.01489258
vt 0.90356445 0.98974609
vt 0.90307617 0.98583984
vt 0.12329102 0.92578125
vt 0.15478516 0.93310547
vt 0.77416992 0.70019531
vt 0.41357422 0.04882812
vt 0.37060547 0.72021484
vt 0.74951172 0.61181641
vt 0.21362305 0.28930664
vt 0.83593750 0.95898438
vt 0.60205078 0.07397461
vt 0.47875977 0.52832031
vt 0.39282227 0.03320312
vt 0.35839844 0.72192383
vt 0.44897461 0.71655273
vt 0.94067383 0.49169922
vt 0.85302734 0.56030273
vt 0.18408203 0.68457031
vt 0.48242188 0.19116211
vt 0.94458008 0.50292969
vt 0.84887695 0.98437500
vt 0.26098633 0.01611328
vt 0.70117188 0.51904297
vt 0.27197266 0.01293945
vt 0.41479492 0.04492188
vt 0.93969727 0.48388672
vt 0.01367188 0.81372070
vt 0.01147461 0.81127930
vt 0.46191406 0.21142578
vt 0.94091797 0.49243164
vt 0.26879883 0.01489258
vt 0.30590820 0.54272461
vt 0.92089844 0.27026367
vt 0.11401367 0.05834961
vt 0.01806641 0.22338867
vt 0.05175781 0.50170898
vt 0.35400391 0.72167969
vt 0.03808594 0.75781250
vt 0.90576172 0.98632812
vt 0.05126953 0.50585938
vt 0.93920898 0.48828125
vt 0.05249023 0.50805664
vt 0.01318359 0.81054688
vt 0.18847656 0.68115234
vt 0.01269531 0.81127930
vt 0.90917969 0.98828125
vt 0.82861328 0.53564453
vt 0.37573242 0.71582031
vt 0.37792969 0.71948242
vt 0.01098633 0.81396484
vt 0.05322266 0.50781250
vt 0.93750000 0.26928711
vt 0.01391602 0.81005859
vt 0.26977539 0.01586914
vt 0.90625000 0.98730469
vt 0.19482422 0.66992188
vt 0.01171875 0.81054688
vt 0.05322266 0.50756836
vt 0.33666992 0.72021484
vt 0.60522461 0.07739258
vt 0.26879883 0.01489258
vt 0.00781250 0.81616211
vt 0.46191406 0.20922852
vt 0.94018555 0.50415039
vt 0.90771484 0.98730469
vt 0.43017578 0.51757812
vt 0.76953125 0.74267578
vt 0.04931641 0.76806641
vt 0.37329102 0.71923828
vt 0.03344727 0.55590820
vt 0.84423828 0.56079102
vt 0.37182617 0.71923828
vt 0.16088867 0.92480469
vt 0.11962891 0.06152344
vt 0.94238281 0.47778320
vt 0.26513672 0.56909180
vt 0.40161133 0.71728516
vt 0.05249023 0.50708008
vt 0.93945312 0.50561523
vt 0.33886719 0.72021484
vt 0.22314453 0.28735352
vt 0.93969727 0.50292969
vt 0.94018555 0.50073242
vt 0.57763672 0.23291016
vt 0.19946289 0.87988281
vt 0.33715820 0.71850586
vt 0.01855469 0.55468750
vt 0.57348633 0.23022461
vt 0.33813477 0.71997070
vt 0.02807617 0.55493164
vt 0.40258789 0.53637695
vt 0.34741211 0.04736328
vt 0.27001953 0.01538086
vt 0.26074219 0.01660156
vt 0.82934570 0.12841797
vt 0.02416992 0.55395508
vt 0.17675781 0.96972656
vt 0.17236328 0.97021484
vt 0.03955078 0.55395508
vt 0.41479492 0.71191406
vt 0.04785156 0.76928711
vt 0.17529297 0.96948242
vt 0.17626953 0.97045898
vt 0.02709961 0.55395508
vt 0.04101562 0.55102539
vt 0.04614258 0.76928711
vt 0.94067383 0.48999023
vt 0.90649414 0.98730469
vt 0.00903320 0.81250000
vt 0.17895508 0.26953125
vt 0.01391602 0.80688477
vt 0.19116211 0.67529297
vt 0.02783203 0.55322266
vt 0.94140625 0.48803711
vt 0.94091797 0.49096680
vt 0.41503906 0.04907227
vt 0.44555664 0.70996094
vt 0.52612305 0.71044922
vt 0.86694336 0.95605469
vt 0.55786133 0.72680664
vt 0.17041016 0.26831055
vt 0.01074219 0.81176758
vt 0.21313477 0.63281250
vt 0.45629883 0.52807617
vt 0.84790039 0.01489258
vt 0.01318359 0.80834961
vt 0.94580078 0.47558594
vt 0.21191406 0.58837891
vt 0.94506836 0.48901367
vt 0.01196289 0.80883789
vt 0.43823242 0.71044922
vt 0.94116211 0.49072266
vt 0.26586914 0.57177734
vt 0.35375977 0.71752930
vt 0.21826172 0.62744141
vt 0.20507812 0.61743164
vt 0.85595703 0.01538086
vt 0.03173828 0.55419922
vt 0.02783203 0.55322266
vt 0.94409180 0.48242188
vt 0.01000977 0.81176758
vt 0.94384766 0.47827148
vt 0.20556641 0.58081055
vt 0.46948242 0.18408203
vt 0.03466797 0.54858398
vt 0.94799805 0.47290039
vt 0.01074219 0.81030273
vt 0.60083008 0.72631836
vt 0.02050781 0.60644531
vt 0.17651367 0.97265625
vt 0.17358398 0.96997070
vt 0.03784180 0.75708008
vt 0.00708008 0.81518555
vt 0.57958984 0.72631836
vt 0.58105469 0.72680664
vt 0.19238281 0.66845703
vt 0.94555664 0.48901367
vt 0.03271484 0.55322266
vt 0.48193359 0.54296875
vt 0.94628906 0.47558594
vt 0.62426758 0.59521484
vt 0.17065430 0.26538086
vt 0.34472656 0.71801758
vt 0.57519531 0.22924805
vt 0.19335938 0.66601562
vt 0.31250000 0.54199219
vt 0.94213867 0.48950195
vt 0.17578125 0.97290039
vt 0.57739258 0.72534180
vt 0.37646484 0.71679688
vt 0.03173828 0.55249023
vt 0.02734375 0.55151367
vt 0.30371094 0.54589844
vt 0.44067383 0.71142578
vt 0.19506836 0.66333008
vt 0.82812500 0.53247070
vt 0.76367188 0.07055664
vt 0.44067383 0.71142578
vt 0.76269531 0.06860352
vt 0.76245117 0.06787109
vt 0.98999023 0.34204102
vt 0.76391602 0.06542969
vt 0.19238281 0.66674805
vt 0.58569336 0.60815430
vt 0.58911133 0.60815430
vt 0.01171875 0.62426758
vt 0.57055664 0.23120117
vt 0.40576172 0.53564453
vt 0.21337891 0.59252930
vt 0.21386719 0.57031250
vt 0.94702148 0.47412109
vt 0.99731445 0.20239258
vt 0.37475586 0.71557617
vt 0.57543945 0.72485352
vt 0.76318359 0.06713867
vt 0.15161133 0.92651367
vt 0.10839844 0.05175781
vt 0.21362305 0.57495117
vt 0.20507812 0.59204102
vt 0.58740234 0.60498047
vt 0.94726562 0.47509766
vt 0.60083008 0.72583008
vt 0.42602539 0.53076172
vt 0.76049805 0.06909180
vt 0.75732422 0.07275391
vt 0.21337891 0.59252930
vt 0.38037109 0.71557617
vt 0.99243164 0.20507812
vt 0.81640625 0.95458984
vt 0.42504883 0.53076172
vt 0.56713867 0.72290039
vt 0.76342773 0.06542969
vt 0.16894531 0.25268555
vt 0.87304688 0.97949219
vt 0.58862305 0.72509766
vt 0.75390625 0.07104492
vt 0.60522461 0.07812500
vt 0.48242188 0.19116211
vt 0.60107422 0.72534180
vt 0.99487305 0.20410156
vt 0.75317383 0.07006836
vt 0.55468750 0.71142578
vt 0.94433594 0.51586914
vt 0.97094727 0.35229492
vt 0.55175781 0.70947266
vt 0.03271484 0.55053711
vt 0.57446289 0.23510742
vt 0.88208008 0.57568359
vt 0.03515625 0.55126953
vt 0.21508789 0.59082031
vt 0.62817383 0.71826172
vt 0.21386719 0.57885742
vt 0.94726562 0.47680664
vt 0.21435547 0.57226562
vt 0.20214844 0.27294922
vt 0.19116211 0.26000977
vt 0.17504883 0.97485352
vt 0.75756836 0.06762695
vt 0.01684570 0.60742188
vt 0.81713867 0.95507812
vt 0.01586914 0.60546875
vt 0.17358398 0.25024414
vt 0.84252930 0.55224609
vt 0.52978516 0.70776367
vt 0.21362305 0.59985352
vt 0.52807617 0.70678711
vt 0.97241211 0.35034180
vt 0.71875000 0.55078125
vt 0.76367188 0.06079102
vt 0.97851562 0.34790039
vt 0.81665039 0.95483398
vt 0.30615234 0.54882812
vt 0.60595703 0.71484375
vt 0.21801758 0.63330078
vt 0.16748047 0.97045898
vt 0.01416016 0.61010742
vt 0.40454102 0.53588867
vt 0.57592773 0.71069336
vt 0.82153320 0.95532227
vt 0.48071289 0.18945312
vt 0.30834961 0.54809570
vt 0.55322266 0.70922852
vt 0.53710938 0.70922852
vt 0.83886719 0.74804688
vt 0.56372070 0.71411133
vt 0.60815430 0.72485352
vt 0.31030273 0.54077148
vt 0.54467773 0.71289062
vt 0.34326172 0.39379883
vt 0.76025391 0.06640625
vt 0.12377930 0.92504883
vt 0.01171875 0.62426758
vt 0.53637695 0.71166992
vt 0.03686523 0.50073242
vt 0.57153320 0.22973633
vt 0.03784180 0.54907227
vt 0.04003906 0.54956055
vt 0.56933594 0.71459961
vt 0.56640625 0.71459961
vt 0.17578125 0.97436523
vt 0.01660156 0.60473633
vt 0.21777344 0.63085938
vt 0.04101562 0.26513672
vt 0.56567383 0.71362305
vt 0.69287109 0.00463867
vt 0.55737305 0.71240234
vt 0.01269531 0.60595703
vt 0.54272461 0.70874023
vt 0.13159180 0.92285156
vt 0.59277344 0.47509766
vt 0.56835938 0.23193359
vt 0.83911133 0.74804688
vt 0.31030273 0.54174805
vt 0.30346680 0.55151367
vt 0.53808594 0.71118164
vt 0.11962891 0.06005859
vt 0.13085938 0.92529297
vt 0.02856445 0.25244141
vt 0.17773438 0.97778320
vt 0.55737305 0.71240234
vt 0.58764648 0.60717773
vt 0.61889648 0.71875000
vt 0.03881836 0.54736328
vt 0.99243164 0.20556641
vt 0.57299805 0.71337891
vt 0.16601562 0.96948242
vt 0.48095703 0.54272461
vt 0.01245117 0.61352539
vt 0.46289062 0.19677734
vt 0.16723633 0.97119141
vt 0.56982422 0.71264648
vt 0.57226562 0.23291016
vt 0.57080078 0.23486328
vt 0.54467773 0.71044922
vt 0.59521484 0.60156250
vt 0.00561523 0.62231445
vt 0.12670898 0.05957031
vt 0.03906250 0.26147461
vt 0.15527344 0.98071289
vt 0.48046875 0.19165039
vt 0.57812500 0.59179688
vt 0.31250000 0.54711914
vt 0.13061523 0.92211914
vt 0.59619141 0.46972656
vt 0.17260742 0.97485352
vt 0.19360352 0.93896484
vt 0.19042969 0.94677734
vt 0.12695312 0.05981445
vt 0.01025391 0.61938477
vt 0.30444336 0.08129883
vt 0.69335938 0.00390625
vt 0.03881836 0.54736328
vt 0.03881836 0.54736328
vt 0.54833984 0.71044922
vt 0.56469727 0.23828125
vt 0.75952148 0.06054688
vt 0.83691406 0.97119141
vt 0.92944336 0.26855469
vt 0.76293945 0.05444336
vt 0.16162109 0.96777344
vt 0.16870117 0.97436523
vt 0.03881836 0.54711914
vt 0.01025391 0.62084961
vt 0.00976562 0.62109375
vt 0.03637695 0.25341797
vt 0.31250000 0.54711914
vt 0.21557617 0.26879883
vt 0.20092773 0.26000977
vt 0.03393555 0.23120117
vt 0.20019531 0.25976562
vt 0.00976562 0.61352539
vt 0.03930664 0.54687500
vt 0.55078125 0.70947266
vt 0.21508789 0.64746094
vt 0.82299805 0.76904297
vt 0.60913086 0.71142578
vt 0.00708008 0.51879883
vt 0.84741211 0.00439453
vt 0.00195312 0.22827148
vt 0.00146484 0.22753906
vt 0.03002930 0.25415039
vt 0.04150391 0.54687500
vt 0.21582031 0.64599609
vt 0.42504883 0.53710938
vt 0.15649414 0.96533203
vt 0.54003906 0.70703125
vt 0.15551758 0.94702148
vt 0.16088867 0.95288086
vt 0.02832031 0.25463867
vt 0.75463867 0.06689453
vt 0.12182617 0.92773438
vt 0.81982422 0.95581055
vt 0.48071289 0.54150391
vt 0.11914062 0.92724609
vt 0.63427734 0.71801758
vt 0.75561523 0.06542969
vt 0.75610352 0.06420898
vt 0.75903320 0.05957031
vt 0.84741211 0.01562500
vt 0.00366211 0.51562500
vt 0.56494141 0.71069336
vt 0.00634766 0.51733398
vt 0.57348633 0.71191406
vt 0.15673828 0.96679688
vt 0.59448242 0.47290039
vt 0.53002930 0.70849609
vt 0.15795898 0.97973633
vt 0.12060547 0.92749023
vt 0.57299805 0.23608398
vt 0.57934570 0.59228516
vt 0.79443359 0.67163086
vt 0.73852539 0.07983398
vt 0.82641602 0.67456055
vt 0.52832031 0.70678711
vt 0.59497070 0.47241211
vt 0.54492188 0.70727539
vt 0.59423828 0.47363281
vt 0.54638672 0.70800781
vt 0.98852539 0.82006836
vt 0.76953125 0.74462891
vt 0.57250977 0.23486328
vt 0.55761719 0.20776367
vt 0.94702148 0.23608398
vt 0.79516602 0.67382812
vt 0.00708008 0.51489258
vt 0.74291992 0.07617188
vt 0.40502930 0.98193359
vt 0.28466797 0.08764648
vt 0.98632812 0.82031250
vt 0.55761719 0.70434570
vt 0.30541992 0.55102539
vt 0.15673828 0.85034180
vt 0.12939453 0.91821289
vt 0.14160156 0.91259766
vt 0.16210938 0.90893555
vt 0.04589844 0.24145508
vt 0.56103516 0.70727539
vt 0.82031250 0.75683594
vt 0.55908203 0.03100586
vt 0.62744141 0.44995117
vt 0.57055664 0.23315430
vt 0.56030273 0.02929688
vt 0.98510742 0.82446289
vt 0.00195312 0.51440430
vt 0.15161133 0.91015625
vt 0.12036133 0.05957031
vt 0.57006836 0.23168945
vt 0.98657227 0.82592773
vt 0.40942383 0.99560547
vt 0.98608398 0.82275391
vt 0.21435547 0.66503906
vt 0.61157227 0.59619141
vt 0.67968750 0.36401367
vt 0.14160156 0.91235352
vt 0.57128906 0.23632812
vt 0.30273438 0.55810547
vt 0.66235352 0.39599609
vt 0.16284180 0.90893555
vt 0.16137695 0.84228516
vt 0.16235352 0.84399414
vt 0.12109375 0.06030273
vt 0.79516602 0.67407227
vt 0.98095703 0.82202148
vt 0.16943359 0.84643555
vt 0.23779297 0.73168945
vt 0.47778320 0.54028320
vt 0.76074219 0.05249023
vt 0.99780273 0.99731445
vt 0.05468750 0.22851562
vt 0.56250000 0.22827148
vt 0.59252930 0.60424805
vt 0.20214844 0.83837891
vt 0.55224609 0.97290039
vt 0.99047852 0.82763672
vt 0.03930664 0.26416016
vt 0.14379883 0.83081055
vt 0.98828125 0.82812500
vt 0.28442383 0.00805664
vt 0.74902344 0.61303711
vt 0.56030273 0.02539062
vt 0.28833008 0.08642578
vt 0.82592773 0.95556641
vt 0.17968750 0.95581055
vt 0.60668945 0.45581055
vt 0.22387695 0.27197266
vt 0.16455078 0.81445312
vt 0.30517578 0.08276367
vt 0.18945312 0.82958984
vt 0.57373047 0.70629883
vt 0.62475586 0.94238281
vt 0.40747070 0.99414062
vt 0.28271484 0.00927734
vt 0.56835938 0.23193359
vt 0.55297852 0.97338867
vt 0.26220703 0.07592773
vt 0.62353516 0.94189453
vt 0.29858398 0.08178711
vt 0.21679688 0.27099609
vt 0.21582031 0.66821289
vt 0.28515625 0.00610352
vt 0.16064453 0.81542969
vt 0.56103516 0.03076172
vt 0.84106445 0.95751953
vt 0.55737305 0.97509766
vt 0.55786133 0.21191406
vt 0.62719727 0.93994141
vt 0.75048828 0.06347656
vt 0.16381836 0.81591797
vt 0.95898438 0.06787109
vt 0.20825195 0.82910156
vt 0.99047852 0.82763672
vt 0.70141602 0.52001953
vt 0.58471680 0.77392578
vt 0.01074219 0.22851562
vt 0.59692383 0.70971680
vt 0.01025391 0.45556641
vt 0.96191406 0.06689453
vt 0.59960938 0.77197266
vt 0.98339844 0.83178711
vt 0.64233398 0.77392578
vt 0.00488281 0.62084961
vt 0.68457031 0.35693359
vt 0.57666016 0.77319336
vt 0.61132812 0.71118164
vt 0.22143555 0.66674805
vt 0.22607422 0.66552734
vt 0.61767578 0.77221680
vt 0.65405273 0.77636719
vt 0.90551758 0.49926758
vt 0.29711914 0.08251953
vt 0.63208008 0.77392578
vt 0.57934570 0.70751953
vt 0.28271484 0.01000977
vt 0.01000977 0.45703125
vt 0.90478516 0.49829102
vt 0.39697266 0.98583984
vt 0.58886719 0.77441406
vt 0.62841797 0.77294922
vt 0.62500000 0.94116211
vt 0.98193359 0.82934570
vt 0.68041992 0.36645508
vt 0.16455078 0.95434570
vt 0.00463867 0.60522461
vt 0.73266602 0.51757812
vt 0.09765625 0.37695312
vt 0.69091797 0.40234375
vt 0.16577148 0.95434570
vt 0.16503906 0.95581055
vt 0.14379883 0.99731445
vt 0.60937500 0.77514648
vt 0.16064453 0.95458984
vt 0.63476562 0.77416992
vt 0.55444336 0.97802734
vt 0.20507812 0.85180664
vt 0.12353516 0.05932617
vt 0.30981445 0.55078125
vt 0.61523438 0.77416992
vt 0.62866211 0.77392578
vt 0.14453125 0.99804688
vt 0.20043945 0.84619141
vt 0.16357422 0.95507812
vt 0.16723633 0.82006836
vt 0.34887695 0.35253906
vt 0.21948242 0.27221680
vt 0.56201172 0.02807617
vt 0.28466797 0.00878906
vt 0.59838867 0.47387695
vt 0.00122070 0.46069336
vt 0.57055664 0.77294922
vt 0.20751953 0.94677734
vt 0.00561523 0.45971680
vt 0.98901367 0.82885742
vt 0.56079102 0.02685547
vt 0.84643555 0.98413086
vt 0.31250000 0.54858398
vt 0.56030273 0.02416992
vt 0.55053711 0.98657227
vt 0.33227539 0.34033203
vt 0.56030273 0.01904297
vt 0.00854492 0.45776367
vt 0.00537109 0.45922852
vt 0.14575195 0.99658203
vt 0.63183594 0.77783203
vt 0.16528320 0.95678711
vt 0.64721680 0.77587891
vt 0.00146484 0.46142578
vt 0.56176758 0.21850586
vt 0.56079102 0.02343750
vt 0.68652344 0.35961914
vt 0.01538086 0.22119141
vt 0.56152344 0.02685547
vt 0.01538086 0.22119141
vt 0.58178711 0.77685547
vt 0.47900391 0.54052734
vt 0.96093750 0.08935547
vt 0.64355469 0.77563477
vt 0.20849609 0.84741211
vt 0.63647461 0.94067383
vt 0.02758789 0.26538086
vt 0.14916992 0.97314453
vt 0.64550781 0.77709961
vt 0.00903320 0.23120117
vt 0.56323242 0.97509766
vt 0.68286133 0.36596680
vt 0.30712891 0.32568359
vt 0.16870117 0.82006836
vt 0.58691406 0.77612305
vt 0.01367188 0.22412109
vt 0.30517578 0.32446289
vt 0.77392578 0.65649414
vt 0.00805664 0.46069336
vt 0.68212891 0.36572266
vt 0.14135742 0.98437500
vt 0.14428711 0.99072266
vt 0.65161133 0.77758789
vt 0.60107422 0.77587891
vt 0.57421875 0.98266602
vt 0.59326172 0.77807617
vt 0.98681641 0.82958984
vt 0.02026367 0.21948242
vt 0.40307617 0.99365234
vt 0.44042969 0.99780273
vt 0.05981445 0.38110352
vt 0.68212891 0.36645508
vt 0.96655273 0.07250977
vt 0.14941406 0.99169922
vt 0.31152344 0.55957031
vt 0.68164062 0.36938477
vt 0.16552734 0.95776367
vt 0.56176758 0.21850586
vt 0.64770508 0.77685547
vt 0.31347656 0.55029297
vt 0.39624023 0.98974609
vt 0.67797852 0.37670898
vt 0.64184570 0.77685547
vt 0.00878906 0.46386719
vt 0.17382812 0.82568359
vt 0.43994141 0.99340820
vt 0.56811523 0.77490234
vt 0.01586914 0.22387695
vt 0.96630859 0.07592773
vt 0.57373047 0.77539062
vt 0.88623047 0.49804688
vt 0.55834961 0.97143555
vt 0.61303711 0.77636719
vt 0.98681641 0.83105469
vt 0.64599609 0.78027344
vt 0.89526367 0.49731445
vt 0.21093750 0.84814453
vt 0.61059570 0.77612305
vt 0.64135742 0.77734375
vt 0.01879883 0.21875000
vt 0.59667969 0.77636719
vt 0.64355469 0.77783203
vt 0.00927734 0.46044922
vt 0.57690430 0.77636719
vt 0.96093750 0.08422852
vt 0.96240234 0.08178711
vt 0.58422852 0.78027344
vt 0.58691406 0.58789062
vt 0.61596680 0.89746094
vt 0.04785156 0.38940430
vt 0.96264648 0.07836914
vt 0.57177734 0.77514648
vt 0.89086914 0.49707031
vt 0.58837891 0.58935547
vt 0.84057617 0.53686523
vt 0.61596680 0.77587891
vt 0.01928711 0.22314453
vt 0.60424805 0.48095703
vt 0.96484375 0.09155273
vt 0.96191406 0.09106445
vt 0.60253906 0.78051758
vt 0.61352539 0.77709961
vt 0.61987305 0.77612305
vt 0.63500977 0.77807617
vt 0.63281250 0.46240234
vt 0.57348633 0.77685547
vt 0.31445312 0.55126953
vt 0.64624023 0.77856445
vt 0.55908203 0.97485352
vt 0.57128906 0.77685547
vt 0.98388672 0.83300781
vt 0.96289062 0.07275391
vt 0.57446289 0.77880859
vt 0.63867188 0.77832031
vt 0.29028320 0.08618164
vt 0.55834961 0.20483398
vt 0.61254883 0.59594727
vt 0.71386719 0.52587891
vt 0.62084961 0.77685547
vt 0.62988281 0.78051758
vt 0.63647461 0.78100586
vt 0.56274414 0.21777344
vt 0.46630859 0.19116211
vt 0.58715820 0.77807617
vt 0.62426758 0.77734375
vt 0.56127930 0.96777344
vt 0.56201172 0.96386719
vt 0.31298828 0.55151367
vt 0.14990234 0.99218750
vt 0.01928711 0.22167969
vt 0.57739258 0.98046875
vt 0.96484375 0.09155273
vt 0.59545898 0.77758789
vt 0.59057617 0.78027344
vt 0.96435547 0.07275391
vt 0.71264648 0.52514648
vt 0.05493164 0.22949219
vt 0.16333008 0.95996094
vt 0.49755859 0.08959961
vt 0.43920898 0.99218750
vt 0.23657227 0.69360352
vt 0.62646484 0.77880859
vt 0.56250000 0.96459961
vt 0.79980469 0.67749023
vt 0.56372070 0.96850586
vt 0.01953125 0.21801758
vt 0.96459961 0.08056641
vt 0.15747070 0.98388672
vt 0.62060547 0.77856445
vt 0.59448242 0.77905273
vt 0.49536133 0.08862305
vt 0.63427734 0.78173828
vt 0.21020508 0.82861328
vt 0.96508789 0.08251953
vt 0.71337891 0.52465820
vt 0.82080078 0.75463867
vt 0.62817383 0.78002930
vt 0.59912109 0.77880859
vt 0.89648438 0.50000000
vt 0.64599609 0.78027344
vt 0.65112305 0.78173828
vt 0.27124023 0.08374023
vt 0.95581055 0.51635742
vt 0.20971680 0.96728516
vt 0.39404297 0.99096680
vt 0.56176758 0.98071289
vt 0.58007812 0.78027344
vt 0.20800781 0.96582031
vt 0.58618164 0.78027344
vt 0.29370117 0.09301758
vt 0.63427734 0.46948242
vt 0.89746094 0.49902344
vt 0.63867188 0.46557617
vt 0.14868164 0.98168945
vt 0.31396484 0.55224609
vt 0.90087891 0.49902344
vt 0.03906250 0.36743164
vt 0.80981445 0.68261719
vt 0.62695312 0.79028320
vt 0.02026367 0.21630859
vt 0.48120117 0.54296875
vt 0.95800781 0.51708984
vt 0.27587891 0.08642578
vt 0.63208008 0.78149414
vt 0.56542969 0.96459961
vt 0.14892578 0.98095703
vt 0.97802734 0.49121094
vt 0.62890625 0.78125000
vt 0.26953125 0.08276367
vt 0.79980469 0.67578125
vt 0.97558594 0.08129883
vt 0.02246094 0.22094727
vt 0.97314453 0.48852539
vt 0.02343750 0.22021484
vt 0.19775391 0.95141602
vt 0.08740234 0.02099609
vt 0.31250000 0.55395508
vt 0.80004883 0.67358398
vt 0.27929688 0.08837891
vt 0.56347656 0.97875977
vt 0.24365234 0.60693359
vt 0.31274414 0.55590820
vt 0.19555664 0.95263672
vt 0.24389648 0.60693359
vt 0.24389648 0.60864258
vt 0.21655273 0.70556641
vt 0.24340820 0.57617188
vt 0.31445312 0.55664062
vt 0.68969727 0.40625000
vt 0.31005859 0.57080078
vt 0.80053711 0.67553711
vt 0.27001953 0.08374023
vt 0.91113281 0.51782227
vt 0.97436523 0.48559570
vt 0.97656250 0.49121094
vt 0.90917969 0.97534180
vt 0.24145508 0.64208984
vt 0.46679688 0.19458008
vt 0.80053711 0.67187500
vt 0.10058594 0.41015625
vt 0.97509766 0.48315430
vt 0.80615234 0.72216797
vt 0.80468750 0.67675781
vt 0.07495117 0.00488281
vt 0.98364258 0.48486328
vt 0.98632812 0.48315430
vt 0.24804688 0.63671875
vt 0.98437500 0.48779297
vt 0.73291016 0.51684570
vt 0.63964844 0.47021484
vt 0.99414062 0.48437500
vt 0.66333008 0.44995117
vt 0.64257812 0.47973633
vt 0.24902344 0.61059570
vt 0.09179688 0.00585938
vt 0.19628906 0.03442383
vt 0.31396484 0.55639648
vt 0.05517578 0.22875977
vt 0.07250977 0.41796875
vt 0.24902344 0.61059570
vt 0.97558594 0.48413086
vt 0.98657227 0.48559570
vt 0.60009766 0.48901367
vt 0.96948242 0.09594727
vt 0.88574219 0.50732422
vt 0.63964844 0.47021484
vt 0.61083984 0.46508789
vt 0.07421875 0.41772461
vt 0.20361328 0.96606445
vt 0.69604492 0.96777344
vt 0.31860352 0.32788086
vt 0.23681641 0.72778320
vt 0.83666992 0.97485352
vt 0.79003906 0.70776367
vt 0.06835938 0.99438477
vt 0.96606445 0.31811523
vt 0.63647461 0.47314453
vt 0.61669922 0.89819336
vt 0.31420898 0.55810547
vt 0.07812500 0.41699219
vt 0.80468750 0.67675781
vt 0.96093750 0.31738281
vt 0.07495117 0.41992188
vt 0.25463867 0.65429688
vt 0.16137695 0.05078125
vt 0.71826172 0.51928711
vt 0.16162109 0.05053711
vt 0.25488281 0.65649414
vt 0.64135742 0.92236328
vt 0.13647461 0.01171875
vt 0.25488281 0.65527344
vt 0.96093750 0.31835938
vt 0.71850586 0.51928711
vt 0.82836914 0.53417969
vt 0.64892578 0.87817383
vt 0.76220703 0.98071289
vt 0.29199219 0.10815430
vt 0.13720703 0.01000977
vt 0.28979492 0.10522461
vt 0.28808594 0.11059570
vt 0.29248047 0.11279297
vt 0.98754883 0.97900391
vt 0.29003906 0.10107422
vt 0.71899414 0.52172852
vt 0.98852539 0.97680664
vt 0.62500000 0.48779297
vt 0.97460938 0.08935547
vt 0.29077148 0.10083008
vt 0.28759766 0.10546875
vt 0.30346680 0.35986328
vt 0.29370117 0.09228516
vt 0.28833008 0.10327148
vt 0.28759766 0.10742188
vt 0.94433594 0.96899414
vt 0.52368164 0.08276367
vt 0.28784180 0.11206055
vt 0.13671875 0.61132812
vt 0.13549805 0.59887695
vt 0.29174805 0.09716797
vt 0.98706055 0.98291016
vt 0.28759766 0.11108398
vt 0.13696289 0.61108398
vt 0.27783203 0.09887695
vt 0.28271484 0.43090820
vt 0.70507812 0.52001953
vt 0.84057617 0.95776367
vt 0.28564453 0.09399414
vt 0.28320312 0.10424805
vt 0.98022461 0.32763672
vt 0.28955078 0.09301758
vt 0.28662109 0.11303711
vt 0.03881836 0.37207031
vt 0.84814453 0.77514648
vt 0.04321289 0.40502930
vt 0.63891602 0.47705078
vt 0.28564453 0.11181641
vt 0.27368164 0.09057617
vt 0.31347656 0.55908203
vt 0.11791992 0.58154297
vt 0.29443359 0.09985352
vt 0.61010742 0.48413086
vt 0.13500977 0.59448242
vt 0.62695312 0.92651367
vt 0.99145508 0.97973633
vt 0.98876953 0.97778320
vt 0.66870117 0.93627930
vt 0.61547852 0.79125977
vt 0.98852539 0.96923828
vt 0.96728516 0.33520508
vt 0.99072266 0.96533203
vt 0.62084961 0.79174805
vt 0.64624023 0.88940430
vt 0.98950195 0.97094727
vt 0.84619141 0.98437500
vt 0.82763672 0.53247070
vt 0.87817383 0.52026367
vt 0.18872070 0.04077148
vt 0.61816406 0.79125977
vt 0.87719727 0.51782227
vt 0.99194336 0.97045898
vt 0.52343750 0.08032227
vt 0.09716797 0.41040039
vt 0.87255859 0.52148438
vt 0.52343750 0.08032227
vt 0.45507812 0.94995117
vt 0.99096680 0.98071289
vt 0.57543945 0.98266602
vt 0.55737305 0.79541016
vt 0.91064453 0.51708984
vt 0.51586914 0.07812500
vt 0.50244141 0.07177734
vt 0.64697266 0.95141602
vt 0.87011719 0.52148438
vt 0.87573242 0.51879883
vt 0.99096680 0.97436523
vt 0.53393555 0.08374023
vt 0.31250000 0.57128906
vt 0.61303711 0.79858398
vt 0.99633789 0.98266602
vt 0.18554688 0.03833008
vt 0.24023438 0.00708008
vt 0.50390625 0.06738281
vt 0.99340820 0.97216797
vt 0.31152344 0.40673828
vt 0.13330078 0.99340820
vt 0.45751953 0.95092773
vt 0.13330078 0.99365234
vt 0.13647461 0.99511719
vt 0.13623047 0.99389648
vt 0.13647461 0.99218750
vt 0.65527344 0.44262695
vt 0.23706055 0.01025391
vt 0.13647461 0.99389648
vt 0.53149414 0.08374023
vt 0.19628906 0.04345703
vt 0.52172852 0.07446289
vt 0.57763672 0.89575195
vt 0.23754883 0.01269531
vt 0.24145508 0.01049805
vt 0.52807617 0.08178711
vt 0.23510742 0.00903320
vt 0.65234375 0.94165039
vt 0.55078125 0.88964844
vt 0.64111328 0.47607422
vt 0.23583984 0.01098633
vt 0.56396484 0.89404297
vt 0.52563477 0.07910156
vt 0.53002930 0.08178711
vt 0.23022461 0.00927734
vt 0.85986328 0.52343750
vt 0.50000000 0.07128906
vt 0.56347656 0.89868164
vt 0.63232422 0.36499023
vt 0.16967773 0.02636719
vt 0.50244141 0.07250977
vt 0.37670898 0.06689453
vt 0.57836914 0.98217773
vt 0.56323242 0.89501953
vt 0.54565430 0.89672852
vt 0.68945312 0.40917969
vt 0.63330078 0.36425781
vt 0.50512695 0.07373047
vt 0.27416992 0.57983398
vt 0.95629883 0.42749023
vt 0.96728516 0.42700195
vt 0.96069336 0.43994141
vt 0.67285156 0.82153320
vt 0.68774414 0.44335938
vt 0.29223633 0.40161133
vt 0.58520508 0.79394531
vt 0.95507812 0.42211914
vt 0.64697266 0.87841797
vt 0.60302734 0.35644531
vt 0.51049805 0.07324219
vt 0.59204102 0.89868164
vt 0.95874023 0.43041992
vt 0.46606445 0.19116211
vt 0.55273438 0.89672852
vt 0.29882812 0.40502930
vt 0.54223633 0.89672852
vt 0.28125000 0.63159180
vt 0.95483398 0.44580078
vt 0.37670898 0.06713867
vt 0.60498047 0.89477539
vt 0.58666992 0.79907227
vt 0.68627930 0.83569336
vt 0.95434570 0.42382812
vt 0.56835938 0.89965820
vt 0.94189453 0.03125000
vt 0.95483398 0.03588867
vt 0.24487305 0.77978516
vt 0.95410156 0.43969727
vt 0.26855469 0.58227539
vt 0.59204102 0.89624023
vt 0.50610352 0.07299805
vt 0.29223633 0.40966797
vt 0.57934570 0.89746094
vt 0.52416992 0.07177734
vt 0.53662109 0.08300781
vt 0.15820312 0.99316406
vt 0.58593750 0.89697266
vt 0.78564453 0.67456055
vt 0.11352539 0.58007812
vt 0.95947266 0.44238281
vt 0.59960938 0.89941406
vt 0.13696289 0.01367188
vt 0.48461914 0.96142578
vt 0.59033203 0.89819336
vt 0.67187500 0.43530273
vt 0.54785156 0.89990234
vt 0.55395508 0.89819336
vt 0.23852539 0.78808594
vt 0.27148438 0.65429688
vt 0.56909180 0.90405273
vt 0.67260742 0.43554688
vt 0.87036133 0.52636719
vt 0.59570312 0.89697266
vt 0.51733398 0.07446289
vt 0.54858398 0.89892578
vt 0.55664062 0.89965820
vt 0.55737305 0.90039062
vt 0.99731445 0.96435547
vt 0.96435547 0.44140625
vt 0.66943359 0.94042969
vt 0.95971680 0.34838867
vt 0.90673828 0.51269531
vt 0.66699219 0.44042969
vt 0.30297852 0.43432617
vt 0.55834961 0.89916992
vt 0.67138672 0.43627930
vt 0.22851562 0.00268555
vt 0.21215820 0.76440430
vt 0.56469727 0.90063477
vt 0.56909180 0.90014648
vt 0.97290039 0.43554688
vt 0.61962891 0.59619141
vt 0.22680664 0.01464844
vt 0.63208008 0.92260742
vt 0.46777344 0.94604492
vt 0.46093750 0.95068359
vt 0.99438477 0.74633789
vt 0.52319336 0.07324219
vt 0.61767578 0.59545898
vt 0.68896484 0.94091797
vt 0.22900391 0.01147461
vt 0.98388672 0.50537109
vt 0.46582031 0.94750977
vt 0.52661133 0.07470703
vt 0.11352539 0.57836914
vt 0.46557617 0.94726562
vt 0.99877930 0.96850586
vt 0.55761719 0.88793945
vt 0.46215820 0.94995117
vt 0.45751953 0.95483398
vt 0.95458984 0.42919922
vt 0.63842773 0.59399414
vt 0.25659180 0.57275391
vt 0.96093750 0.98706055
vt 0.65942383 0.94677734
vt 0.99780273 0.98193359
vt 0.60205078 0.89892578
vt 0.95312500 0.98266602
vt 0.52880859 0.07470703
vt 0.45507812 0.97094727
vt 0.95605469 0.44433594
vt 0.96923828 0.43872070
vt 0.52587891 0.07373047
vt 0.97875977 0.00268555
vt 0.98681641 0.50219727
vt 0.62500000 0.59350586
vt 0.26538086 0.64892578
vt 0.96826172 0.43310547
vt 0.99804688 0.97583008
vt 0.60131836 0.89965820
vt 0.97241211 0.00781250
vt 0.29003906 0.40649414
vt 0.46386719 0.94970703
vt 0.95361328 0.43041992
vt 0.35937500 0.05664062
vt 0.96997070 0.43530273
vt 0.98876953 0.50292969
vt 0.97460938 0.00537109
vt 0.61938477 0.59521484
vt 0.94653320 0.03125000
vt 0.09716797 0.41137695
vt 0.29003906 0.40405273
vt 0.30395508 0.43286133
vt 0.86132812 0.52807617
vt 0.52856445 0.07397461
vt 0.96020508 0.34643555
vt 0.96679688 0.42822266
vt 0.45483398 0.96972656
vt 0.58666992 0.79931641
vt 0.97729492 0.02416992
vt 0.59106445 0.89038086
vt 0.95141602 0.43041992
vt 0.53076172 0.07421875
vt 0.56030273 0.80151367
vt 0.56323242 0.88818359
vt 0.95117188 0.43090820
vt 0.89990234 0.51831055
vt 0.93603516 0.02978516
vt 0.46166992 0.20800781
vt 0.52661133 0.07299805
vt 0.34985352 0.32739258
vt 0.56176758 0.90405273
vt 0.97436523 0.00537109
vt 0.68408203 0.85034180
vt 0.87011719 0.52661133
vt 0.09960938 0.41064453
vt 0.96582031 0.43188477
vt 0.99047852 0.50292969
vt 0.68139648 0.85083008
vt 0.03906250 0.36767578
vt 0.08227539 0.84252930
vt 0.65649414 0.84790039
vt 0.63842773 0.47875977
vt 0.68041992 0.44067383
vt 0.14257812 0.59643555
vt 0.68432617 0.85083008
vt 0.67260742 0.85229492
vt 0.64233398 0.85009766
vt 0.14599609 0.60498047
vt 0.24853516 0.77124023
vt 0.52563477 0.00585938
vt 0.94946289 0.42504883
vt 0.96337891 0.01416016
vt 0.46191406 0.20825195
vt 0.52416992 0.00683594
vt 0.95263672 0.43676758
vt 0.14721680 0.60571289
vt 0.14916992 0.60888672
vt 0.25024414 0.77026367
vt 0.64941406 0.84814453
vt 0.12939453 0.56079102
vt 0.14819336 0.60546875
vt 0.15014648 0.60668945
vt 0.09912109 0.41162109
vt 0.93310547 0.02880859
vt 0.10034180 0.41088867
vt 0.22070312 0.71972656
vt 0.64013672 0.33642578
vt 0.14843750 0.58666992
vt 0.61279297 0.02416992
vt 0.62670898 0.33081055
vt 0.22290039 0.71972656
vt 0.30322266 0.40649414
vt 0.73364258 0.52319336
vt 0.14404297 0.57714844
vt 0.87475586 0.80322266
vt 0.85278320 0.77270508
vt 0.93872070 0.02319336
vt 0.95703125 0.02514648
vt 0.62109375 0.59521484
vt 0.62695312 0.59350586
vt 0.09399414 0.86328125
vt 0.76049805 0.98046875
vt 0.61328125 0.02539062
vt 0.26684570 0.61840820
vt 0.11279297 0.56860352
vt 0.34936523 0.35327148
vt 0.86425781 0.75415039
vt 0.31005859 0.41210938
vt 0.64355469 0.83813477
vt 0.32421875 0.61157227
vt 0.24096680 0.76269531
vt 0.27026367 0.64501953
vt 0.93310547 0.03930664
vt 0.85327148 0.77197266
vt 0.29003906 0.40405273
vt 0.68603516 0.94970703
vt 0.46191406 0.20190430
vt 0.52026367 0.00878906
vt 0.60815430 0.48803711
vt 0.62109375 0.59497070
vt 0.95288086 0.01904297
vt 0.26342773 0.56835938
vt 0.26538086 0.61816406
vt 0.32739258 0.56372070
vt 0.23999023 0.76098633
vt 0.97412109 0.02490234
vt 0.62182617 0.33593750
vt 0.26757812 0.62207031
vt 0.95825195 0.02124023
vt 0.26440430 0.56811523
vt 0.26855469 0.58862305
vt 0.94384766 0.02343750
vt 0.10278320 0.86499023
vt 0.93969727 0.02270508
vt 0.68603516 0.83496094
vt 0.94506836 0.04467773
vt 0.10278320 0.86425781
vt 0.26782227 0.62084961
vt 0.95678711 0.02319336
vt 0.10400391 0.86108398
vt 0.28710938 0.59448242
vt 0.27319336 0.09082031
vt 0.26904297 0.59204102
vt 0.26806641 0.59423828
vt 0.26855469 0.62573242
vt 0.93750000 0.02270508
vt 0.62500000 0.04687500
vt 0.93115234 0.02075195
vt 0.67968750 0.83569336
vt 0.67846680 0.44189453
vt 0.26635742 0.56738281
vt 0.26904297 0.59204102
vt 0.26879883 0.62255859
vt 0.94384766 0.02221680
vt 0.31445312 0.58520508
vt 0.68554688 0.83789062
vt 0.27148438 0.64379883
vt 0.93334961 0.02026367
vt 0.26806641 0.61718750
vt 0.64233398 0.84985352
vt 0.08081055 0.84814453
vt 0.26977539 0.64941406
vt 0.93750000 0.04272461
vt 0.26855469 0.61621094
vt 0.27075195 0.65185547
vt 0.27099609 0.62866211
vt 0.67285156 0.83691406
vt 0.67163086 0.94311523
vt 0.30224609 0.58276367
vt 0.26782227 0.61596680
vt 0.27001953 0.62133789
vt 0.27075195 0.64770508
vt 0.62353516 0.59472656
vt 0.67236328 0.94311523
vt 0.29101562 0.38745117
vt 0.67333984 0.94531250
vt 0.98095703 0.87744141
vt 0.56298828 0.90429688
vt 0.24780273 0.02465820
vt 0.60693359 0.33691406
vt 0.68383789 0.44531250
vt 0.59716797 0.34326172
vt 0.96557617 0.98315430
vt 0.22583008 0.75854492
vt 0.67382812 0.94262695
vt 0.67260742 0.94482422
vt 0.21386719 0.72705078
vt 0.59643555 0.36059570
vt 0.67749023 0.94628906
vt 0.69580078 0.45361328
vt 0.29370117 0.36621094
vt 0.23828125 0.76391602
vt 0.98217773 0.87597656
vt 0.63916016 0.33642578
vt 0.30639648 0.39575195
vt 0.92407227 0.04150391
vt 0.30053711 0.58618164
vt 0.66528320 0.45263672
vt 0.13378906 0.56738281
vt 0.69409180 0.45312500
vt 0.95117188 0.04150391
vt 0.95605469 0.04052734
vt 0.93212891 0.04223633
vt 0.92260742 0.04272461
vt 0.88720703 0.78076172
vt 0.95239258 0.04223633
vt 0.67968750 0.44873047
vt 0.67871094 0.45214844
vt 0.95458984 0.04418945
vt 0.95141602 0.04272461
vt 0.94921875 0.04272461
vt 0.80688477 0.68188477
vt 0.62255859 0.59399414
vt 0.30102539 0.58374023
vt 0.95092773 0.04296875
vt 0.60131836 0.34350586
vt 0.67871094 0.45214844
vt 0.98339844 0.86816406
vt 0.24731445 0.77197266
vt 0.93359375 0.05688477
vt 0.93408203 0.05078125
vt 0.21704102 0.73217773
vt 0.24243164 0.77001953
vt 0.95532227 0.04589844
vt 0.22680664 0.76171875
vt 0.61352539 0.34545898
vt 0.13012695 0.54785156
vt 0.14038086 0.55297852
vt 0.13110352 0.55224609
vt 0.98168945 0.87500000
vt 0.24511719 0.77661133
vt 0.12939453 0.55322266
vt 0.22875977 0.76391602
vt 0.67675781 0.45385742
vt 0.95410156 0.05468750
vt 0.21997070 0.75878906
vt 0.12963867 0.55224609
vt 0.98583984 0.87036133
vt 0.13061523 0.54907227
vt 0.15087891 0.56958008
vt 0.98144531 0.87426758
vt 0.92700195 0.05053711
vt 0.13012695 0.54785156
vt 0.21948242 0.75927734
vt 0.24609375 0.77832031
vt 0.92260742 0.04565430
vt 0.22167969 0.76171875
vt 0.67504883 0.33081055
vt 0.92431641 0.05615234
vt 0.94653320 0.04907227
vt 0.98071289 0.87524414
vt 0.59790039 0.34350586
vt 0.68579102 0.33813477
vt 0.22167969 0.76171875
vt 0.12573242 0.57910156
vt 0.24560547 0.77441406
vt 0.13403320 0.54174805
vt 0.13305664 0.54467773
vt 0.14086914 0.55053711
vt 0.24804688 0.77270508
vt 0.61035156 0.34619141
vt 0.31103516 0.57666016
vt 0.98095703 0.87158203
vt 0.62792969 0.33691406
vt 0.92407227 0.04809570
vt 0.95556641 0.04882812
vt 0.64331055 0.34204102
vt 0.60278320 0.34790039
vt 0.61938477 0.34472656
vt 0.68945312 0.33422852
vt 0.65014648 0.33593750
vt 0.94848633 0.05053711
vt 0.13525391 0.55175781
vt 0.60180664 0.34570312
vt 0.63720703 0.47778320
vt 0.24096680 0.77465820
vt 0.95507812 0.05371094
vt 0.60131836 0.34252930
vt 0.61718750 0.33862305
vt 0.92626953 0.05200195
vt 0.21459961 0.73120117
vt 0.30737305 0.41455078
vt 0.92919922 0.05395508
vt 0.14062500 0.54785156
vt 0.13745117 0.54663086
vt 0.46289062 0.19653320
vt 0.94409180 0.05126953
vt 0.67846680 0.33398438
vt 0.60180664 0.34448242
vt 0.60205078 0.34277344
vt 0.36254883 0.04736328
vt 0.98120117 0.86621094
vt 0.24658203 0.77783203
vt 0.66723633 0.33227539
vt 0.63403320 0.33984375
vt 0.62475586 0.33959961
vt 0.36083984 0.05249023
vt 0.94848633 0.05297852
vt 0.93920898 0.05371094
vt 0.92968750 0.05322266
vt 0.92382812 0.05151367
vt 0.92211914 0.05102539
vt 0.95361328 0.05224609
vt 0.95581055 0.05639648
vt 0.98022461 0.86718750
vt 0.67871094 0.33349609
vt 0.63378906 0.33740234
vt 0.60351562 0.34204102
vt 0.98559570 0.65063477
vt 0.24487305 0.77783203
vt 0.25292969 0.78515625
vt 0.68115234 0.33276367
vt 0.65039062 0.33642578
vt 0.62304688 0.33837891
vt 0.62500000 0.33911133
vt 0.67626953 0.46020508
vt 0.93798828 0.05395508
vt 0.92553711 0.05297852
vt 0.13793945 0.55175781
vt 0.95410156 0.05444336
vt 0.95581055 0.05444336
vt 0.21508789 0.76318359
vt 0.68457031 0.33032227
vt 0.62988281 0.33691406
vt 0.62524414 0.33837891
vt 0.60009766 0.35449219
vt 0.93359375 0.05444336
vt 0.92114258 0.05419922
vt 0.92431641 0.05395508
vt 0.92456055 0.05517578
vt 0.14111328 0.55004883
vt 0.31323242 0.57153320
vt 0.21215820 0.76220703
vt 0.23339844 0.77368164
vt 0.24609375 0.77929688
vt 0.69067383 0.32958984
vt 0.62988281 0.33691406
vt 0.92285156 0.05395508
vt 0.14160156 0.55273438
vt 0.98681641 0.65136719
vt 0.98681641 0.65039062
vt 0.23706055 0.77490234
vt 0.24365234 0.77905273
vt 0.24707031 0.77856445
vt 0.68676758 0.33056641
vt 0.66357422 0.33251953
vt 0.92114258 0.05371094
vt 0.14550781 0.55615234
vt 0.21411133 0.76391602
vt 0.21752930 0.76586914
vt 0.24633789 0.78027344
vt 0.24829102 0.78051758
vt 0.97460938 0.02563477
vt 0.59887695 0.34228516
vt 0.13842773 0.55224609
vt 0.24755859 0.78027344
vt 0.60009766 0.34252930
vt 0.98510742 0.64575195
vt 0.98632812 0.64916992
vt 0.21313477 0.76416016
vt 0.24609375 0.77929688
vt 0.24511719 0.77954102
vt 0.69458008 0.94750977
vt 0.29028320 0.39428711
vt 0.29956055 0.59741211
vt 0.37084961 0.05249023
vt 0.31152344 0.57153320
vt 0.63549805 0.59252930
vt 0.68896484 0.45336914
vt 0.67968750 0.47021484
vt 0.16479492 0.56079102
vt 0.37231445 0.05004883
vt 0.36645508 0.05200195
vt 0.24829102 0.02905273
vt 0.37866211 0.04785156
vt 0.37500000 0.05175781
vt 0.68457031 0.45703125
vt 0.29760742 0.60156250
vt 0.68530273 0.45776367
vt 0.66845703 0.45825195
vt 0.37060547 0.04956055
vt 0.37280273 0.04687500
vt 0.37768555 0.05102539
vt 0.37646484 0.05078125
vt 0.37158203 0.05102539
vt 0.87329102 0.77734375
vt 0.00146484 0.06738281
vt 0.68505859 0.46069336
vt 0.36694336 0.04858398
vt 0.36914062 0.04687500
vt 0.36743164 0.04711914
vt 0.87280273 0.74658203
vt 0.28906250 0.38940430
vt 0.30957031 0.58007812
vt 0.21484375 0.72973633
vt 0.28930664 0.38476562
vt 0.30151367 0.58618164
vt 0.28906250 0.38867188
vt 0.14965820 0.55688477
vt 0.15332031 0.56079102
vt 0.67895508 0.46899414
vt 0.22265625 0.72680664
vt 0.63989258 0.59301758
vt 0.31176758 0.37963867
vt 0.24072266 0.02929688
vt 0.31225586 0.57226562
vt 0.21948242 0.72680664
vt 0.68701172 0.94848633
vt 0.36303711 0.04711914
vt 0.69042969 0.93847656
vt 0.63647461 0.48266602
vt 0.30517578 0.59521484
vt 0.63818359 0.48266602
vt 0.30541992 0.58740234
vt 0.13989258 0.57763672
vt 0.63720703 0.59252930
vt 0.31469727 0.37084961
vt 0.13647461 0.56542969
vt 0.29150391 0.37719727
vt 0.68994141 0.93554688
vt 0.31250000 0.57299805
vt 0.14624023 0.57299805
vt 0.14453125 0.57275391
vt 0.69140625 0.93530273
vt 0.13989258 0.56567383
vt 0.31298828 0.38769531
vt 0.14697266 0.56738281
vt 0.86767578 0.75610352
vt 0.14526367 0.56494141
vt 0.14624023 0.55810547
vt 0.13891602 0.56494141
vt 0.69067383 0.93554688
vt 0.15185547 0.56201172
vt 0.14697266 0.56054688
vt 0.14355469 0.56127930
vt 0.13964844 0.56298828
vt 0.14819336 0.56762695
vt 0.15087891 0.56250000
vt 0.15014648 0.56445312
vt 0.14575195 0.56640625
vt 0.29809570 0.59936523
vt 0.15014648 0.56054688
vt 0.32910156 0.57226562
vt 0.13940430 0.56127930
vt 0.14819336 0.55859375
vt 0.14501953 0.56030273
vt 0.14868164 0.55786133
vt 0.14550781 0.56347656
vt 0.14355469 0.55834961
vt 0.14331055 0.55932617
vt 0.14746094 0.55859375
vt 0.78369141 0.66943359
vt 0.31835938 0.42651367
vt 0.68774414 0.94506836
vt 0.68750000 0.94824219
vt 0.69555664 0.93725586
vt 0.24267578 0.02856445
vt 0.93383789 0.24121094
vt 0.31323242 0.57543945
vt 0.68872070 0.94433594
vt 0.22314453 0.72729492
vt 0.31250000 0.58227539
vt 0.78369141 0.66723633
vt 0.87011719 0.08789062
vt 0.31054688 0.58007812
vt 0.21215820 0.73364258
vt 0.77514648 0.65771484
vt 0.22290039 0.72900391
vt 0.87255859 0.74658203
vt 0.87646484 0.75781250
vt 0.69506836 0.94824219
vt 0.77709961 0.66503906
vt 0.30053711 0.59619141
vt 0.69482422 0.94653320
vt 0.77563477 0.65991211
vt 0.78149414 0.67382812
vt 0.29760742 0.60424805
vt 0.78466797 0.67480469
vt 0.22265625 0.72998047
vt 0.21972656 0.74438477
vt 0.77832031 0.66503906
vt 0.29833984 0.60449219
vt 0.30078125 0.59790039
vt 0.77734375 0.66259766
vt 0.30371094 0.59350586
vt 0.32690430 0.59228516
vt 0.94750977 0.23315430
vt 0.22070312 0.73388672
vt 0.30395508 0.60156250
vt 0.95166016 0.23291016
vt 0.34497070 0.36352539
vt 0.95092773 0.23559570
vt 0.77587891 0.65722656
vt 0.78393555 0.67333984
vt 0.22216797 0.73217773
vt 0.31103516 0.59106445
vt 0.30346680 0.60424805
vt 0.31835938 0.58715820
vt 0.32397461 0.58740234
vt 0.82275391 0.68164062
vt 0.88574219 0.08520508
vt 0.22070312 0.73461914
vt 0.30712891 0.59423828
vt 0.86254883 0.70776367
vt 0.22241211 0.73339844
vt 0.88696289 0.09033203
vt 0.77832031 0.65551758
vt 0.32104492 0.58520508
vt 0.88500977 0.09033203
vt 0.85400391 0.68652344
vt 0.84301758 0.71875000
vt 0.30346680 0.60424805
vt 0.78637695 0.66650391
vt 0.87255859 0.08764648
vt 0.86181641 0.65576172
vt 0.22558594 0.73583984
vt 0.87744141 0.09033203
vt 0.30883789 0.59277344
vt 0.88061523 0.08837891
vt 0.30883789 0.60034180
vt 0.85888672 0.68750000
vt 0.81665039 0.71801758
vt 0.30957031 0.59350586
vt 0.89868164 0.08300781
vt 0.31396484 0.59155273
vt 0.85205078 0.72119141
vt 0.78369141 0.65356445
vt 0.30468750 0.60009766
vt 0.81616211 0.71655273
vt 0.22656250 0.73486328
vt 0.81787109 0.72534180
vt 0.87353516 0.08398438
vt 0.94921875 0.23388672
vt 0.85766602 0.66650391
vt 0.31005859 0.59545898
vt 0.81689453 0.71655273
vt 0.81689453 0.71655273
vt 0.30737305 0.59863281
vt 0.23583984 0.75000000
vt 0.87841797 0.08398438
vt 0.88964844 0.08349609
vt 0.30908203 0.60742188
vt 0.81811523 0.71826172
vt 0.23071289 0.73559570
vt 0.84594727 0.71752930
vt 0.87817383 0.08374023
vt 0.81958008 0.72045898
vt 0.30517578 0.60668945
vt 0.82055664 0.71997070
vt 0.85449219 0.69873047
vt 0.23461914 0.73437500
vt 0.82348633 0.67382812
vt 0.30664062 0.60766602
vt 0.85229492 0.66894531
vt 0.85546875 0.68750000
vt 0.30639648 0.60717773
vt 0.85498047 0.69677734
vt 0.85424805 0.69555664
vt 0.82495117 0.67431641
vt 0.85375977 0.68994141
vt 0.84960938 0.68359375
vt 0.85424805 0.69555664
vt 0.84228516 0.72143555
vt 0.31396484 0.60205078
vt 0.82421875 0.67553711
vt 0.31225586 0.60375977
vt 0.85498047 0.68432617
vt 0.83642578 0.65356445
vt 0.31250000 0.60864258
vt 0.23461914 0.75024414
vt 0.85351562 0.69482422
vt 0.84790039 0.68627930
vt 0.85156250 0.69897461
vt 0.82226562 0.69799805
vt 0.84155273 0.65136719
vt 0.85034180 0.68188477
vt 0.83618164 0.65234375
vt 0.31640625 0.61132812
vt 0.85327148 0.67675781
vt 0.84863281 0.68579102
vt 0.31665039 0.61010742
vt 0.85058594 0.69921875
vt 0.84399414 0.68481445
vt 0.82836914 0.67236328
vt 0.82690430 0.72558594
vt 0.84765625 0.69921875
vt 0.85058594 0.68774414
vt 0.84350586 0.70898438
vt 0.85034180 0.68188477
vt 0.84375000 0.71289062
vt 0.84814453 0.70239258
vt 0.85083008 0.67895508
vt 0.82763672 0.68676758
vt 0.84570312 0.70190430
vt 0.83349609 0.69653320
vt 0.84790039 0.68627930
vt 0.84887695 0.69433594
vt 0.84399414 0.70898438
vt 0.84790039 0.69384766
vt 0.84790039 0.68408203
vt 0.83422852 0.68896484
vt 0.83691406 0.68579102
vt 0.84082031 0.68701172
vt 0.84179688 0.69140625
vt 0.84252930 0.68750000
vt 0.84106445 0.68994141
vt 0.83569336 0.68481445
vt 0.83349609 0.68237305
f 4905/4905 5883/5883 5511/5511
f 797/797 790/790 818/818
f 703/703 818/818 790/790
f 513/513 818/818 703/703
f 703/703 790/790 797/797
f 703/703 613/613 513/513
f 609/609 613/613 703/703
f 513/513 613/613 609/609
f 512/512 609/609 629/629
f 856/856 512/512 629/629
f 609/609 856/856 629/629
f 5208/5208 508/508 856/856
f 512/512 856/856 508/508
f 5208/5208 512/512 508/508
f 5208/5208 411/411 513/513
f 411/411 371/371 513/513
f 371/371 411/411 5208/5208
f 5088/5088 5307/5307 5016/5016
f 5208/5208 5088/5088 5016/5016
f 5307/5307 5088/5088 5208/5208
f 856/856 5238/5238 5208/5208
f 5208/5208 5238/5238 5363/5363
f 5208/5208 5469/5469 5280/5280
f 5307/5307 5280/5280 5469/5469
f 5307/5307 5208/5208 5280/5280
f 5454/5454 5406/5406 5469/5469
f 5454/5454 5580/5580 5406/5406
f 5469/5469 5580/5580 5454/5454
f 5363/5363 5238/5238 6634/6634
f 5511/5511 5883/5883 6168/6168
f 679/679 668/668 4905/4905
f 679/679 4905/4905 552/552
f 552/552 4905/4905 313/313
f 377/377 552/552 313/313
f 313/313 4905/4905 377/377
f 192/192 377/377 313/313
f 192/192 313/313 4768/4768
f 377/377 192/192 4768/4768
f 377/377 6221/6221 552/552
f 727/727 679/679 552/552
f 668/668 727/727 552/552
f 702/702 680/680 727/727
f 668/668 680/680 702/702
f 668/668 702/702 727/727
f 668/668 1468/1468 4905/4905
f 1260/1260 1468/1468 1311/1311
f 1245/1245 1248/1248 1260/1260
f 1132/1132 1248/1248 1245/1245
f 1260/1260 1248/1248 1132/1132
f 1132/1132 1468/1468 1260/1260
f 5883/5883 1468/1468 1132/1132
f 4905/4905 1468/1468 5883/5883
f 960/960 1440/1440 1039/1039
f 1039/1039 1440/1440 1121/1121
f 1333/1333 1297/1297 1342/1342
f 5443/5443 5444/5444 5461/5461
f 1468/1468 668/668 552/552
f 6221/6221 4905/4905 5511/5511
f 6221/6221 377/377 4905/4905
f 6697/6697 5511/5511 6168/6168
f 6226/6226 6390/6390 6168/6168
f 6559/6559 6168/6168 6390/6390
f 1903/1903 1819/1819 1632/1632
f 1631/1631 1819/1819 1903/1903
f 1632/1632 1819/1819 1631/1631
f 2216/2216 2115/2115 2025/2025
f 1968/1968 2115/2115 2216/2216
f 1968/1968 2025/2025 2115/2115
f 1649/1649 2025/2025 1968/1968
f 1614/1614 2025/2025 1649/1649
f 1889/1889 1891/1891 1968/1968
f 1650/1650 1968/1968 1891/1891
f 1889/1889 1650/1650 1891/1891
f 1849/1849 1649/1649 1968/1968
f 1849/1849 1968/1968 1650/1650
f 1649/1649 1849/1849 1650/1650
f 1602/1602 1649/1649 1650/1650
f 1511/1511 1602/1602 1650/1650
f 1511/1511 1649/1649 1602/1602
f 1614/1614 1649/1649 1601/1601
f 1601/1601 2025/2025 1614/1614
f 1039/1039 1121/1121 960/960
f 1121/1121 937/937 960/960
f 1333/1333 960/960 1297/1297
f 937/937 1121/1121 960/960
f 1342/1342 1308/1308 1333/1333
f 1333/1333 1308/1308 1251/1251
f 1265/1265 1156/1156 1187/1187
f 1251/1251 1187/1187 1156/1156
f 1265/1265 1187/1187 1251/1251
f 1251/1251 1308/1308 885/885
f 1307/1307 885/885 1342/1342
f 887/887 960/960 1333/1333
f 1307/1307 887/887 1333/1333
f 6559/6559 6743/6743 6697/6697
f 6559/6559 6634/6634 6854/6854
f 6559/6559 6854/6854 6743/6743
f 6559/6559 6226/6226 6634/6634
f 6390/6390 6226/6226 6559/6559
f 6634/6634 6226/6226 5363/5363
f 6221/6221 59/59 1311/1311
f 4883/4883 59/59 4912/4912
f 59/59 4883/4883 8/8
f 4912/4912 8/8 4883/4883
f 6111/6111 6728/6728 6525/6525
f 6111/6111 6630/6630 6728/6728
f 6525/6525 6728/6728 6630/6630
f 6630/6630 6697/6697 6525/6525
f 5511/5511 6697/6697 6630/6630
f 6221/6221 5511/5511 6144/6144
f 2768/2768 2270/2270 2272/2272
f 1468/1468 552/552 6221/6221
f 856/856 6748/6748 5238/5238
f 6854/6854 6697/6697 6743/6743
f 6144/6144 6325/6325 6233/6233
f 6325/6325 6630/6630 6233/6233
f 6630/6630 6325/6325 6144/6144
f 5511/5511 6630/6630 6144/6144
f 6144/6144 6111/6111 6221/6221
f 815/815 564/564 1295/1295
f 815/815 1295/1295 1178/1178
f 863/863 815/815 864/864
f 5008/5008 5036/5036 5030/5030
f 4847/4847 176/176 5030/5030
f 204/204 176/176 4778/4778
f 4846/4846 204/204 4778/4778
f 176/176 4846/4846 4778/4778
f 176/176 363/363 5030/5030
f 5030/5030 363/363 4909/4909
f 4909/4909 363/363 4779/4779
f 5008/5008 4779/4779 363/363
f 4909/4909 4779/4779 5008/5008
f 4816/4816 4732/4732 4779/4779
f 4909/4909 4816/4816 4779/4779
f 4732/4732 4816/4816 4909/4909
f 5030/5030 4909/4909 5008/5008
f 1181/1181 1400/1400 1024/1024
f 1290/1290 1024/1024 1400/1400
f 1237/1237 1024/1024 1290/1290
f 1217/1217 915/915 1290/1290
f 915/915 1237/1237 1290/1290
f 1047/1047 1237/1237 1023/1023
f 969/969 1047/1047 1023/1023
f 969/969 1023/1023 1237/1237
f 1000/1000 969/969 786/786
f 969/969 1237/1237 786/786
f 1237/1237 915/915 786/786
f 866/866 788/788 851/851
f 841/841 788/788 866/866
f 1177/1177 841/841 866/866
f 1177/1177 760/760 841/841
f 760/760 467/467 841/841
f 467/467 555/555 841/841
f 481/481 555/555 467/467
f 851/851 555/555 481/481
f 788/788 555/555 851/851
f 841/841 555/555 788/788
f 6916/6916 7463/7463 7144/7144
f 7162/7162 7144/7144 7463/7463
f 7648/7648 7681/7681 7203/7203
f 7686/7686 7681/7681 7648/7648
f 7686/7686 7648/7648 7203/7203
f 7162/7162 7686/7686 7203/7203
f 7463/7463 7686/7686 7162/7162
f 7463/7463 6927/6927 6916/6916
f 6916/6916 6927/6927 7463/7463
f 6885/6885 6916/6916 7144/7144
f 7358/7358 6885/6885 7144/7144
f 1311/1311 1468/1468 6221/6221
f 5304/5304 864/864 815/815
f 455/455 301/301 459/459
f 455/455 453/453 301/301
f 424/424 453/453 455/455
f 457/457 453/453 424/424
f 453/453 457/457 5032/5032
f 355/355 4742/4742 13/13
f 4918/4918 4742/4742 355/355
f 4918/4918 13/13 4742/4742
f 355/355 4918/4918 453/453
f 4885/4885 453/453 4918/4918
f 4885/4885 4918/4918 355/355
f 355/355 453/453 5032/5032
f 355/355 5032/5032 4885/4885
f 4885/4885 5032/5032 169/169
f 5032/5032 457/457 169/169
f 4968/4968 169/169 457/457
f 301/301 169/169 4968/4968
f 4885/4885 169/169 301/301
f 301/301 453/453 380/380
f 4897/4897 301/301 380/380
f 4774/4774 380/380 4785/4785
f 4935/4935 4785/4785 380/380
f 4774/4774 4785/4785 4935/4935
f 4885/4885 380/380 453/453
f 4934/4934 380/380 4885/4885
f 301/301 4934/4934 4885/4885
f 4796/4796 4935/4935 4795/4795
f 4773/4773 4935/4935 4796/4796
f 4870/4870 4795/4795 4935/4935
f 4934/4934 4870/4870 4935/4935
f 4773/4773 4796/4796 4795/4795
f 4897/4897 4795/4795 4870/4870
f 4934/4934 4897/4897 4870/4870
f 301/301 4897/4897 4934/4934
f 459/459 301/301 5059/5059
f 5546/5546 5394/5394 5552/5552
f 5255/5255 5394/5394 5546/5546
f 5552/5552 5394/5394 5255/5255
f 2526/2526 2245/2245 2272/2272
f 2730/2730 2812/2812 2526/2526
f 2812/2812 2730/2730 2749/2749
f 2764/2764 2749/2749 2730/2730
f 2732/2732 2730/2730 2526/2526
f 6864/6864 7029/7029 7186/7186
f 6864/6864 7186/7186 6809/6809
f 8768/8768 6806/6806 6864/6864
f 7094/7094 6806/6806 7029/7029
f 7007/7007 6806/6806 7094/7094
f 7067/7067 7058/7058 7094/7094
f 7007/7007 7094/7094 7058/7058
f 7067/7067 7007/7007 7058/7058
f 7007/7007 6864/6864 6806/6806
f 7029/7029 6864/6864 7094/7094
f 6806/6806 7212/7212 7029/7029
f 7212/7212 7186/7186 7029/7029
f 7186/7186 7212/7212 6809/6809
f 7242/7242 7212/7212 7260/7260
f 6809/6809 7212/7212 7242/7242
f 6809/6809 7242/7242 7260/7260
f 7325/7325 6809/6809 6934/6934
f 1836/1836 1523/1523 1650/1650
f 1661/1661 1523/1523 1836/1836
f 1889/1889 1836/1836 1650/1650
f 1661/1661 1836/1836 1889/1889
f 391/391 462/462 495/495
f 4846/4846 5030/5030 462/462
f 4846/4846 462/462 176/176
f 5030/5030 4846/4846 4847/4847
f 5100/5100 191/191 5030/5030
f 5036/5036 5100/5100 5030/5030
f 111/111 228/228 156/156
f 43/43 156/156 228/228
f 43/43 111/111 156/156
f 5030/5030 191/191 462/462
f 462/462 191/191 495/495
f 1604/1604 1516/1516 1520/1520
f 1534/1534 1516/1516 1604/1604
f 1520/1520 1516/1516 1534/1534
f 391/391 363/363 462/462
f 404/404 363/363 391/391
f 176/176 462/462 363/363
f 5248/5248 5354/5354 5053/5053
f 5355/5355 5354/5354 5248/5248
f 5429/5429 5355/5355 5248/5248
f 5355/5355 5053/5053 5354/5354
f 5476/5476 5473/5473 5597/5597
f 5484/5484 5473/5473 5476/5476
f 5597/5597 5473/5473 5484/5484
f 5484/5484 5482/5482 5597/5597
f 1793/1793 2332/2332 1965/1965
f 2168/2168 1965/1965 2332/2332
f 2172/2172 2168/2168 2332/2332
f 1965/1965 2168/2168 1793/1793
f 1750/1750 1793/1793 2168/2168
f 1477/1477 2332/2332 1793/1793
f 1515/1515 1477/1477 1793/1793
f 1446/1446 1477/1477 1465/1465
f 1487/1487 1465/1465 1477/1477
f 1446/1446 1465/1465 1487/1487
f 1515/1515 1793/1793 1750/1750
f 5243/5243 5173/5173 4792/4792
f 5108/5108 5173/5173 5243/5243
f 4792/4792 5173/5173 5108/5108
f 4968/4968 258/258 4792/4792
f 4959/4959 4968/4968 5108/5108
f 5050/5050 4959/4959 5108/5108
f 5050/5050 4968/4968 4959/4959
f 4942/4942 5050/5050 301/301
f 4837/4837 4968/4968 5050/5050
f 4942/4942 4837/4837 5050/5050
f 4942/4942 4968/4968 4837/4837
f 301/301 4968/4968 4942/4942
f 5059/5059 301/301 5050/5050
f 863/863 864/864 5304/5304
f 5297/5297 5304/5304 5402/5402
f 5297/5297 5402/5402 5077/5077
f 795/795 753/753 564/564
f 815/815 795/795 564/564
f 815/815 753/753 795/795
f 762/762 467/467 760/760
f 1177/1177 762/762 760/760
f 1177/1177 848/848 762/762
f 1363/1363 848/848 1177/1177
f 885/885 1333/1333 1251/1251
f 268/268 463/463 308/308
f 61/61 463/463 268/268
f 379/379 434/434 308/308
f 308/308 61/61 268/268
f 181/181 196/196 61/61
f 196/196 308/308 61/61
f 308/308 196/196 181/181
f 5481/5481 41/41 308/308
f 600/600 5481/5481 549/549
f 636/636 5481/5481 600/600
f 549/549 636/636 600/600
f 518/518 456/456 535/535
f 379/379 518/518 535/535
f 456/456 518/518 379/379
f 443/443 456/456 428/428
f 376/376 456/456 443/443
f 376/376 443/443 428/428
f 5480/5480 456/456 5438/5438
f 5567/5567 5480/5480 5438/5438
f 434/434 463/463 308/308
f 489/489 5481/5481 463/463
f 535/535 5481/5481 489/489
f 379/379 463/463 434/434
f 463/463 535/535 489/489
f 4789/4789 61/61 4801/4801
f 4/4 61/61 4789/4789
f 4801/4801 4/4 4789/4789
f 4882/4882 5007/5007 4853/4853
f 4894/4894 4882/4882 4853/4853
f 4894/4894 5007/5007 4882/4882
f 5527/5527 5521/5521 5519/5519
f 5545/5545 5521/5521 5527/5527
f 5519/5519 5521/5521 5545/5545
f 41/41 5481/5481 5519/5519
f 6668/6668 5728/5728 5519/5519
f 41/41 5519/5519 5728/5728
f 714/714 1295/1295 564/564
f 4790/4790 492/492 529/529
f 420/420 498/498 492/492
f 4790/4790 498/498 420/420
f 4790/4790 420/420 492/492
f 142/142 243/243 275/275
f 143/143 275/275 243/243
f 142/142 143/143 243/243
f 102/102 143/143 492/492
f 4767/4767 102/102 492/492
f 143/143 102/102 4767/4767
f 4826/4826 4766/4766 4842/4842
f 4767/4767 4766/4766 4826/4826
f 4842/4842 4767/4767 4826/4826
f 143/143 4767/4767 63/63
f 4790/4790 63/63 4767/4767
f 4790/4790 143/143 63/63
f 141/141 143/143 4790/4790
f 347/347 143/143 141/141
f 347/347 141/141 4790/4790
f 414/414 498/498 4790/4790
f 4790/4790 529/529 414/414
f 5972/5972 414/414 5643/5643
f 5660/5660 5643/5643 414/414
f 5164/5164 414/414 5972/5972
f 5689/5689 5164/5164 5972/5972
f 5689/5689 5652/5652 5164/5164
f 5247/5247 5259/5259 5652/5652
f 5164/5164 5652/5652 5259/5259
f 5011/5011 4839/4839 5259/5259
f 5247/5247 5067/5067 5011/5011
f 5067/5067 5247/5247 4933/4933
f 5011/5011 5067/5067 4933/4933
f 5011/5011 4933/4933 4902/4902
f 4902/4902 4838/4838 5011/5011
f 4838/4838 4809/4809 5011/5011
f 4809/4809 4839/4839 5011/5011
f 4781/4781 5164/5164 4839/4839
f 49/49 4781/4781 4839/4839
f 25/25 22/22 49/49
f 92/92 25/25 49/49
f 92/92 22/22 25/25
f 4839/4839 92/92 49/49
f 138/138 92/92 4839/4839
f 49/49 84/84 4781/4781
f 84/84 413/413 4781/4781
f 165/165 84/84 49/49
f 165/165 413/413 84/84
f 90/90 144/144 165/165
f 374/374 144/144 90/90
f 4839/4839 4730/4730 138/138
f 4730/4730 29/29 138/138
f 4809/4809 4730/4730 4839/4839
f 6/6 4730/4730 4809/4809
f 29/29 4730/4730 291/291
f 138/138 29/29 291/291
f 524/524 413/413 305/305
f 374/374 413/413 165/165
f 144/144 374/374 165/165
f 414/414 4781/4781 413/413
f 414/414 413/413 524/524
f 4873/4873 4781/4781 414/414
f 5194/5194 4781/4781 4873/4873
f 5029/5029 5194/5194 4874/4874
f 5029/5029 5065/5065 5194/5194
f 5174/5174 5194/5194 5065/5065
f 4874/4874 5065/5065 5029/5029
f 5228/5228 5174/5174 5065/5065
f 5228/5228 5194/5194 5174/5174
f 5228/5228 4873/4873 5305/5305
f 5267/5267 5305/5305 5274/5274
f 4873/4873 5267/5267 5274/5274
f 5305/5305 5267/5267 4873/4873
f 414/414 5305/5305 4873/4873
f 5164/5164 5305/5305 414/414
f 6509/6509 6112/6112 5499/5499
f 5438/5438 456/456 4/4
f 5804/5804 5567/5567 5438/5438
f 5619/5619 5567/5567 5804/5804
f 5438/5438 5701/5701 5804/5804
f 5833/5833 5701/5701 5438/5438
f 5589/5589 5701/5701 5611/5611
f 5639/5639 5611/5611 5701/5701
f 5639/5639 5589/5589 5611/5611
f 5833/5833 5804/5804 5701/5701
f 5619/5619 5804/5804 5833/5833
f 5071/5071 5006/5006 5193/5193
f 4955/4955 5006/5006 5071/5071
f 4955/4955 5071/5071 5193/5193
f 4955/4955 308/308 41/41
f 41/41 5833/5833 5438/5438
f 4955/4955 41/41 5438/5438
f 4/4 4955/4955 5438/5438
f 5728/5728 5833/5833 41/41
f 6218/6218 5728/5728 6668/6668
f 6371/6371 6218/6218 6668/6668
f 6218/6218 6360/6360 6286/6286
f 6371/6371 6668/6668 6360/6360
f 5833/5833 6410/6410 6360/6360
f 6427/6427 6410/6410 6408/6408
f 6564/6564 5833/5833 6360/6360
f 6564/6564 6636/6636 6582/6582
f 6653/6653 6582/6582 6636/6636
f 6653/6653 6564/6564 6582/6582
f 5833/5833 6564/6564 6565/6565
f 6639/6639 6562/6562 6565/6565
f 6562/6562 5818/5818 6565/6565
f 6639/6639 5818/5818 6562/6562
f 6565/6565 5818/5818 5833/5833
f 5498/5498 5476/5476 5597/5597
f 626/626 655/655 621/621
f 735/735 621/621 655/655
f 651/651 735/735 655/655
f 1373/1373 604/604 1125/1125
f 1578/1578 1373/1373 1125/1125
f 1578/1578 1608/1608 1373/1373
f 1589/1589 1373/1373 1608/1608
f 1578/1578 1589/1589 1608/1608
f 1578/1578 1606/1606 1589/1589
f 1606/1606 1611/1611 1589/1589
f 1578/1578 1611/1611 1606/1606
f 1125/1125 1556/1556 1578/1578
f 1556/1556 1125/1125 604/604
f 5297/5297 5077/5077 5304/5304
f 5638/5638 5610/5610 5679/5679
f 5644/5644 5679/5679 5610/5610
f 5644/5644 5610/5610 5638/5638
f 2245/2245 2768/2768 2272/2272
f 1444/1444 2089/2089 2162/2162
f 1443/1443 1394/1394 1389/1389
f 1414/1414 1394/1394 1443/1443
f 1321/1321 1389/1389 1394/1394
f 1321/1321 1394/1394 1414/1414
f 1412/1412 1321/1321 1414/1414
f 1367/1367 1412/1412 1414/1414
f 1367/1367 1321/1321 1412/1412
f 492/492 5651/5651 529/529
f 226/226 492/492 395/395
f 145/145 395/395 492/492
f 226/226 395/395 145/145
f 529/529 5651/5651 414/414
f 5597/5597 5482/5482 5498/5498
f 5482/5482 5476/5476 5498/5498
f 1345/1345 1917/1917 1252/1252
f 1345/1345 1550/1550 1917/1917
f 1550/1550 1345/1345 873/873
f 1010/1010 892/892 873/873
f 1252/1252 1010/1010 1345/1345
f 873/873 1252/1252 573/573
f 1010/1010 1252/1252 873/873
f 527/527 630/630 643/643
f 873/873 527/527 643/643
f 630/630 873/873 643/643
f 666/666 873/873 630/630
f 807/807 892/892 1010/1010
f 873/873 892/892 807/807
f 873/873 666/666 1550/1550
f 654/654 655/655 626/626
f 651/651 655/655 654/654
f 735/735 651/651 654/654
f 524/524 498/498 414/414
f 5487/5487 5582/5582 5564/5564
f 5587/5587 5582/5582 5487/5487
f 5564/5564 5582/5582 5587/5587
f 922/922 865/865 553/553
f 438/438 922/922 553/553
f 4753/4753 438/438 553/553
f 446/446 4753/4753 553/553
f 4758/4758 438/438 4753/4753
f 18/18 4758/4758 4753/4753
f 4752/4752 4758/4758 18/18
f 299/299 20/20 188/188
f 446/446 553/553 20/20
f 198/198 312/312 254/254
f 209/209 254/254 312/312
f 335/335 198/198 330/330
f 381/381 335/335 330/330
f 198/198 335/335 381/381
f 116/116 20/20 385/385
f 4761/4761 4733/4733 4735/4735
f 4750/4750 4733/4733 4761/4761
f 4735/4735 4733/4733 4750/4750
f 7/7 4735/4735 4750/4750
f 116/116 4735/4735 7/7
f 116/116 7/7 4750/4750
f 33/33 114/114 116/116
f 19/19 33/33 116/116
f 4755/4755 20/20 19/19
f 114/114 33/33 19/19
f 114/114 19/19 20/20
f 4729/4729 20/20 4755/4755
f 4748/4748 4729/4729 4755/4755
f 198/198 254/254 209/209
f 4728/4728 4729/4729 4748/4748
f 20/20 4729/4729 4728/4728
f 4752/4752 4728/4728 4748/4748
f 18/18 4728/4728 4752/4752
f 20/20 4728/4728 18/18
f 83/83 20/20 18/18
f 83/83 18/18 4753/4753
f 728/728 666/666 719/719
f 1550/1550 666/666 728/728
f 884/884 1550/1550 784/784
f 728/728 717/717 1550/1550
f 717/717 784/784 1550/1550
f 717/717 728/728 758/758
f 758/758 728/728 723/723
f 717/717 758/758 723/723
f 784/784 719/719 666/666
f 784/784 717/717 719/719
f 666/666 630/630 784/784
f 595/595 784/784 630/630
f 83/83 4753/4753 446/446
f 80/80 229/229 188/188
f 83/83 229/229 80/80
f 188/188 83/83 80/80
f 446/446 299/299 188/188
f 724/724 576/576 633/633
f 697/697 724/724 633/633
f 825/825 833/833 697/697
f 844/844 833/833 825/825
f 697/697 833/833 844/844
f 576/576 724/724 697/697
f 540/540 576/576 585/585
f 385/385 585/585 576/576
f 385/385 540/540 585/585
f 553/553 540/540 385/385
f 553/553 385/385 20/20
f 20/20 299/299 446/446
f 276/276 98/98 115/115
f 23/23 276/276 115/115
f 23/23 207/207 418/418
f 236/236 418/418 207/207
f 23/23 236/236 207/207
f 4784/4784 23/23 4871/4871
f 5002/5002 4784/4784 4871/4871
f 5257/5257 4871/4871 5049/5049
f 23/23 5432/5432 5049/5049
f 24/24 5432/5432 23/23
f 62/62 5432/5432 24/24
f 23/23 115/115 98/98
f 23/23 62/62 24/24
f 5049/5049 4871/4871 23/23
f 136/136 219/219 140/140
f 148/148 136/136 140/140
f 148/148 140/140 219/219
f 48/48 4825/4825 148/148
f 4825/4825 251/251 148/148
f 4872/4872 4825/4825 48/48
f 82/82 65/65 48/48
f 46/46 48/48 65/65
f 46/46 65/65 82/82
f 148/148 259/259 325/325
f 339/339 259/259 148/148
f 325/325 259/259 339/339
f 449/449 124/124 475/475
f 484/484 475/475 124/124
f 517/517 515/515 475/475
f 484/484 517/517 475/475
f 124/124 517/517 484/484
f 32/32 21/21 324/324
f 251/251 32/32 324/324
f 21/21 32/32 251/251
f 4825/4825 21/21 251/251
f 132/132 563/563 305/305
f 291/291 132/132 305/305
f 291/291 563/563 132/132
f 524/524 305/305 563/563
f 58/58 139/139 6/6
f 79/79 139/139 58/58
f 4809/4809 4791/4791 6/6
f 6/6 79/79 58/58
f 4933/4933 4838/4838 4902/4902
f 4809/4809 4838/4838 4973/4973
f 4791/4791 4809/4809 4973/4973
f 5279/5279 4791/4791 4973/4973
f 4857/4857 5279/5279 4973/4973
f 4946/4946 4857/4857 4973/4973
f 5279/5279 4857/4857 4946/4946
f 4946/4946 4973/4973 4964/4964
f 4807/4807 6/6 4791/4791
f 5652/5652 4807/4807 4791/4791
f 5652/5652 5279/5279 4901/4901
f 4964/4964 4901/4901 4946/4946
f 4964/4964 4973/4973 4901/4901
f 4952/4952 4901/4901 4899/4899
f 5247/5247 4901/4901 4952/4952
f 5652/5652 4901/4901 5247/5247
f 4933/4933 5247/5247 4952/4952
f 4899/4899 4933/4933 4952/4952
f 51/51 99/99 79/79
f 50/50 51/51 79/79
f 99/99 51/51 50/50
f 250/250 99/99 267/267
f 563/563 99/99 250/250
f 563/563 291/291 99/99
f 250/250 267/267 563/563
f 5646/5646 5384/5384 4845/4845
f 5384/5384 4822/4822 4845/4845
f 4822/4822 5384/5384 5430/5430
f 5612/5612 5430/5430 5384/5384
f 5431/5431 5478/5478 5430/5430
f 5517/5517 5555/5555 5459/5459
f 5612/5612 5517/5517 5459/5459
f 5478/5478 5431/5431 5555/5555
f 5555/5555 5517/5517 5612/5612
f 6248/6248 5555/5555 5612/5612
f 5478/5478 5555/5555 5430/5430
f 5435/5435 5569/5569 5430/5430
f 5503/5503 5435/5435 5430/5430
f 5569/5569 5435/5435 5503/5503
f 5555/5555 6248/6248 5569/5569
f 6352/6352 5384/5384 5646/5646
f 6352/6352 6248/6248 5384/5384
f 5569/5569 6248/6248 4822/4822
f 4822/4822 5430/5430 5569/5569
f 5526/5526 4845/4845 4822/4822
f 6248/6248 5526/5526 4822/4822
f 6310/6310 5526/5526 6248/6248
f 595/595 2116/2116 784/784
f 1064/1064 784/784 2116/2116
f 1064/1064 884/884 784/784
f 896/896 884/884 882/882
f 907/907 896/896 882/882
f 907/907 884/884 896/896
f 1064/1064 1550/1550 884/884
f 505/505 521/521 528/528
f 505/505 501/501 521/521
f 614/614 505/505 528/528
f 528/528 571/571 546/546
f 614/614 528/528 546/546
f 546/546 571/571 614/614
f 505/505 614/614 550/550
f 501/501 505/505 550/550
f 644/644 623/623 614/614
f 550/550 623/623 644/644
f 614/614 623/623 550/550
f 429/429 487/487 476/476
f 500/500 476/476 487/487
f 500/500 429/429 476/476
f 474/474 528/528 521/521
f 521/521 501/501 514/514
f 550/550 572/572 501/501
f 627/627 596/596 622/622
f 596/596 572/572 622/622
f 572/572 596/596 627/627
f 521/521 514/514 474/474
f 474/474 514/514 572/572
f 514/514 501/501 572/572
f 342/342 382/382 348/348
f 117/117 342/342 348/348
f 382/382 342/342 117/117
f 502/502 375/375 449/449
f 502/502 449/449 475/475
f 515/515 375/375 502/502
f 515/515 502/502 475/475
f 4825/4825 4872/4872 21/21
f 5257/5257 5325/5325 4871/4871
f 5273/5273 5261/5261 5272/5272
f 5002/5002 5272/5272 5261/5261
f 5284/5284 5273/5273 5325/5325
f 5273/5273 5002/5002 5261/5261
f 5277/5277 5004/5004 5273/5273
f 5002/5002 5273/5273 5004/5004
f 5325/5325 5273/5273 5002/5002
f 4871/4871 5325/5325 5002/5002
f 5499/5499 6112/6112 6115/6115
f 4791/4791 5279/5279 5652/5652
f 4784/4784 5004/5004 5216/5216
f 5277/5277 5216/5216 5004/5004
f 5296/5296 5277/5277 5326/5326
f 5277/5277 5216/5216 5246/5246
f 5262/5262 5246/5246 5216/5216
f 5246/5246 5262/5262 5277/5277
f 4784/4784 5002/5002 5004/5004
f 5257/5257 5049/5049 5186/5186
f 5182/5182 5049/5049 5432/5432
f 5182/5182 5186/5186 5049/5049
f 5257/5257 5081/5081 5230/5230
f 5186/5186 5230/5230 5081/5081
f 5257/5257 5230/5230 5186/5186
f 5325/5325 5257/5257 5186/5186
f 5182/5182 5325/5325 5186/5186
f 5403/5403 5182/5182 5432/5432
f 5403/5403 5325/5325 5182/5182
f 5284/5284 5325/5325 5403/5403
f 5338/5338 5326/5326 5284/5284
f 5284/5284 5403/5403 5338/5338
f 5277/5277 5284/5284 5326/5326
f 5277/5277 5273/5273 5284/5284
f 5338/5338 5333/5333 5326/5326
f 5333/5333 5353/5353 5341/5341
f 5346/5346 5341/5341 5353/5353
f 5346/5346 5333/5333 5341/5341
f 5326/5326 5333/5333 5346/5346
f 5343/5343 5296/5296 5326/5326
f 5346/5346 5343/5343 5326/5326
f 5602/5602 5343/5343 5338/5338
f 5621/5621 5607/5607 5602/5602
f 5621/5621 5602/5602 5403/5403
f 5623/5623 5621/5621 5403/5403
f 5633/5633 5403/5403 5432/5432
f 5633/5633 5614/5614 5403/5403
f 5623/5623 5614/5614 5633/5633
f 5623/5623 5403/5403 5614/5614
f 5228/5228 4781/4781 5194/5194
f 5164/5164 5228/5228 5305/5305
f 5164/5164 4781/4781 5228/5228
f 5259/5259 4839/4839 5164/5164
f 4960/4960 4869/4869 4879/4879
f 4960/4960 4879/4879 5171/5171
f 5171/5171 4869/4869 4960/4960
f 5192/5192 5260/5260 5171/5171
f 5171/5171 5254/5254 5192/5192
f 5254/5254 5260/5260 5192/5192
f 5283/5283 5291/5291 5254/5254
f 5290/5290 5291/5291 5283/5283
f 5290/5290 5283/5283 5254/5254
f 5281/5281 5290/5290 5254/5254
f 5206/5206 5281/5281 5254/5254
f 5292/5292 5290/5290 5281/5281
f 5206/5206 5292/5292 5281/5281
f 5249/5249 5266/5266 5253/5253
f 5181/5181 5249/5249 5253/5253
f 5181/5181 5253/5253 5266/5266
f 5206/5206 5181/5181 5266/5266
f 5167/5167 5181/5181 5226/5226
f 5206/5206 5226/5226 5181/5181
f 5167/5167 5226/5226 5206/5206
f 2526/2526 2272/2272 2270/2270
f 1944/1944 1444/1444 2162/2162
f 1934/1934 1666/1666 1716/1716
f 1713/1713 1716/1716 1666/1666
f 1934/1934 1716/1716 1713/1713
f 1977/1977 1907/1907 1807/1807
f 2089/2089 1807/1807 1907/1907
f 1977/1977 2089/2089 1907/1907
f 2162/2162 2089/2089 1944/1944
f 1307/1307 1333/1333 885/885
f 419/419 5020/5020 402/402
f 4749/4749 206/206 73/73
f 402/402 73/73 206/206
f 402/402 4749/4749 419/419
f 73/73 402/402 4749/4749
f 402/402 4961/4961 4749/4749
f 4989/4989 4749/4749 4961/4961
f 402/402 4989/4989 4961/4961
f 402/402 5020/5020 4989/4989
f 419/419 5054/5054 5020/5020
f 5355/5355 5429/5429 5418/5418
f 1217/1217 1290/1290 1400/1400
f 1142/1142 1185/1185 1217/1217
f 786/786 1076/1076 1217/1217
f 1400/1400 786/786 1217/1217
f 1142/1142 1217/1217 1076/1076
f 1185/1185 1142/1142 1076/1076
f 915/915 1217/1217 1076/1076
f 786/786 915/915 1076/1076
f 4890/4890 5054/5054 419/419
f 419/419 253/253 4890/4890
f 5958/5958 4807/4807 5652/5652
f 6634/6634 5238/5238 6748/6748
f 6634/6634 6748/6748 6854/6854
f 825/825 865/865 922/922
f 540/540 865/865 825/825
f 5403/5403 5602/5602 5338/5338
f 5594/5594 5371/5371 5437/5437
f 5586/5586 5594/5594 5437/5437
f 486/486 5437/5437 5371/5371
f 5421/5421 5387/5387 5377/5377
f 5464/5464 5387/5387 5421/5421
f 5377/5377 5464/5464 5421/5421
f 5408/5408 5310/5310 5710/5710
f 5710/5710 5730/5730 5408/5408
f 5613/5613 5408/5408 5645/5645
f 5730/5730 5645/5645 5408/5408
f 5613/5613 5645/5645 5730/5730
f 7159/7159 7144/7144 7162/7162
f 7137/7137 7116/7116 7159/7159
f 7159/7159 7162/7162 7191/7191
f 7137/7137 7159/7159 7191/7191
f 7116/7116 7137/7137 7191/7191
f 7358/7358 7191/7191 7162/7162
f 7159/7159 7191/7191 7358/7358
f 7144/7144 7159/7159 7358/7358
f 5054/5054 4989/4989 5020/5020
f 5384/5384 6248/6248 5612/5612
f 764/764 1167/1167 1291/1291
f 971/971 1167/1167 764/764
f 738/738 734/734 731/731
f 734/734 777/777 731/731
f 777/777 734/734 738/738
f 764/764 738/738 696/696
f 752/752 743/743 696/696
f 971/971 743/743 752/752
f 696/696 743/743 971/971
f 1167/1167 971/971 1291/1291
f 959/959 993/993 878/878
f 1060/1060 993/993 1139/1139
f 1040/1040 993/993 959/959
f 1117/1117 1170/1170 1041/1041
f 1190/1190 1170/1170 1117/1117
f 1041/1041 1190/1190 1117/1117
f 1014/1014 1040/1040 959/959
f 1136/1136 1145/1145 1014/1014
f 1180/1180 1146/1146 1145/1145
f 1018/1018 1145/1145 1136/1136
f 1018/1018 1136/1136 1014/1014
f 1189/1189 1180/1180 1145/1145
f 1146/1146 1180/1180 1189/1189
f 1145/1145 1479/1479 1153/1153
f 1153/1153 1479/1479 1388/1388
f 1040/1040 1161/1161 1190/1190
f 1388/1388 1190/1190 1153/1153
f 1153/1153 1190/1190 1161/1161
f 1040/1040 1153/1153 1161/1161
f 1153/1153 1040/1040 1135/1135
f 1160/1160 1135/1135 1040/1040
f 1160/1160 1153/1153 1135/1135
f 827/827 754/754 785/785
f 698/698 785/785 754/754
f 827/827 698/698 754/754
f 645/645 741/741 682/682
f 759/759 682/682 741/741
f 759/759 645/645 682/682
f 843/843 813/813 645/645
f 765/765 645/645 813/813
f 843/843 765/765 813/813
f 1355/1355 1299/1299 843/843
f 1192/1192 1299/1299 1355/1355
f 843/843 1299/1299 1192/1192
f 1066/1066 1192/1192 1005/1005
f 843/843 1192/1192 1066/1066
f 1005/1005 843/843 1066/1066
f 843/843 957/957 1012/1012
f 877/877 1282/1282 881/881
f 876/876 881/881 1282/1282
f 876/876 877/877 881/881
f 957/957 876/876 1282/1282
f 5700/5700 5643/5643 5660/5660
f 5678/5678 5700/5700 5660/5660
f 5703/5703 5700/5700 5678/5678
f 5703/5703 5678/5678 5660/5660
f 5660/5660 414/414 5651/5651
f 1012/1012 957/957 1282/1282
f 1244/1244 1053/1053 1113/1113
f 916/916 1053/1053 900/900
f 902/902 1113/1113 916/916
f 898/898 902/902 916/916
f 1113/1113 902/902 898/898
f 916/916 1113/1113 1053/1053
f 1018/1018 959/959 906/906
f 1097/1097 1043/1043 1144/1144
f 1018/1018 1043/1043 1097/1097
f 1145/1145 1018/1018 1479/1479
f 1479/1479 1018/1018 906/906
f 959/959 1018/1018 1014/1014
f 1144/1144 1018/1018 1097/1097
f 878/878 1152/1152 814/814
f 1128/1128 1152/1152 878/878
f 1032/1032 1128/1128 1083/1083
f 1152/1152 1128/1128 1032/1032
f 1152/1152 1032/1032 1083/1083
f 1340/1340 1210/1210 1334/1334
f 1346/1346 1340/1340 1334/1334
f 1346/1346 1334/1334 1298/1298
f 1210/1210 1298/1298 1334/1334
f 993/993 1128/1128 878/878
f 1060/1060 1133/1133 993/993
f 1139/1139 1133/1133 1060/1060
f 1210/1210 1190/1190 1298/1298
f 1298/1298 1190/1190 1388/1388
f 1346/1346 1298/1298 1388/1388
f 861/861 878/878 814/814
f 878/878 861/861 839/839
f 615/615 861/861 560/560
f 678/678 656/656 615/615
f 711/711 615/615 656/656
f 678/678 711/711 656/656
f 803/803 822/822 711/711
f 832/832 822/822 803/803
f 711/711 832/832 803/803
f 780/780 820/820 739/739
f 660/660 780/780 739/739
f 820/820 780/780 660/660
f 615/615 822/822 802/802
f 839/839 802/802 822/822
f 839/839 861/861 615/615
f 878/878 839/839 959/959
f 802/802 839/839 615/615
f 839/839 906/906 959/959
f 840/840 1690/1690 906/906
f 839/839 840/840 906/906
f 819/819 801/801 840/840
f 819/819 805/805 801/801
f 819/819 840/840 805/805
f 732/732 653/653 642/642
f 637/637 624/624 688/688
f 642/642 624/624 637/637
f 688/688 642/642 637/637
f 669/669 690/690 710/710
f 620/620 669/669 710/710
f 690/690 669/669 620/620
f 5437/5437 486/486 5846/5846
f 5377/5377 5586/5586 5437/5437
f 5377/5377 5437/5437 5846/5846
f 147/147 5846/5846 486/486
f 5377/5377 5846/5846 5496/5496
f 5464/5464 5377/5377 5496/5496
f 5586/5586 5464/5464 5510/5510
f 5510/5510 5464/5464 5496/5496
f 5496/5496 5586/5586 5510/5510
f 5594/5594 5586/5586 5570/5570
f 5496/5496 5846/5846 5570/5570
f 5986/5986 5594/5594 5570/5570
f 5570/5570 5846/5846 5986/5986
f 6455/6455 5986/5986 5846/5846
f 1342/1342 887/887 1307/1307
f 900/900 1053/1053 1244/1244
f 4780/4780 272/272 162/162
f 4749/4749 4780/4780 162/162
f 4749/4749 162/162 272/272
f 272/272 346/346 419/419
f 329/329 272/272 295/295
f 295/295 252/252 329/329
f 272/272 252/252 295/295
f 4782/4782 42/42 252/252
f 4957/4957 252/252 42/42
f 4957/4957 42/42 4782/4782
f 5043/5043 4995/4995 4982/4982
f 5001/5001 4982/4982 4995/4995
f 5001/5001 4995/4995 5043/5043
f 4999/4999 4963/4963 5001/5001
f 5001/5001 5043/5043 5047/5047
f 4987/4987 5001/5001 5047/5047
f 4999/4999 5001/5001 4987/4987
f 4890/4890 4987/4987 5047/5047
f 4963/4963 4999/4999 4987/4987
f 4769/4769 4957/4957 4963/4963
f 4769/4769 4738/4738 4957/4957
f 4963/4963 4738/4738 4769/4769
f 256/256 310/310 309/309
f 95/95 310/310 256/256
f 309/309 95/95 256/256
f 4820/4820 4928/4928 4878/4878
f 346/346 4820/4820 4808/4808
f 4949/4949 346/346 4808/4808
f 4820/4820 4949/4949 4808/4808
f 4949/4949 4727/4727 346/346
f 28/28 346/346 4727/4727
f 4949/4949 28/28 4727/4727
f 4890/4890 253/253 4949/4949
f 4878/4878 4949/4949 4820/4820
f 4878/4878 4890/4890 4949/4949
f 4890/4890 4878/4878 4987/4987
f 4928/4928 4963/4963 4878/4878
f 4820/4820 4963/4963 4928/4928
f 5054/5054 5047/5047 5043/5043
f 4890/4890 5047/5047 5054/5054
f 419/419 4749/4749 272/272
f 553/553 865/865 540/540
f 258/258 4968/4968 4792/4792
f 5343/5343 5602/5602 5607/5607
f 6111/6111 59/59 6221/6221
f 1660/1660 1612/1612 1912/1912
f 1855/1855 1820/1820 1912/1912
f 1794/1794 1660/1660 1912/1912
f 1719/1719 1912/1912 1820/1820
f 1794/1794 1912/1912 1719/1719
f 1855/1855 1719/1719 1820/1820
f 1794/1794 1719/1719 1612/1612
f 1912/1912 1612/1612 1719/1719
f 885/885 1308/1308 1342/1342
f 5652/5652 5998/5998 5830/5830
f 5998/5998 5652/5652 5689/5689
f 5802/5802 5998/5998 5958/5958
f 5802/5802 5830/5830 5998/5998
f 5830/5830 5835/5835 5836/5836
f 5802/5802 5836/5836 5835/5835
f 5830/5830 5836/5836 5802/5802
f 5652/5652 5830/5830 5802/5802
f 5802/5802 5958/5958 5652/5652
f 3270/3270 2270/2270 2768/2768
f 5818/5818 5619/5619 5833/5833
f 6172/6172 5734/5734 5989/5989
f 5594/5594 5989/5989 5734/5734
f 5594/5594 5734/5734 5371/5371
f 5833/5833 5728/5728 6197/6197
f 5728/5728 6218/6218 6197/6197
f 6197/6197 6218/6218 6286/6286
f 6360/6360 6197/6197 6286/6286
f 6408/6408 6197/6197 6427/6427
f 6410/6410 6197/6197 6408/6408
f 6410/6410 5833/5833 6197/6197
f 5640/5640 5779/5779 5636/5636
f 1917/1917 1550/1550 1064/1064
f 1830/1830 1880/1880 1655/1655
f 1852/1852 1830/1830 1655/1655
f 1880/1880 1830/1830 1852/1852
f 1880/1880 1919/1919 1867/1867
f 1879/1879 1867/1867 1919/1919
f 1880/1880 1867/1867 1879/1879
f 1897/1897 2091/2091 1880/1880
f 1655/1655 1727/1727 1064/1064
f 1880/1880 2091/2091 1727/1727
f 1897/1897 1952/1952 2091/2091
f 1952/1952 1897/1897 1927/1927
f 1947/1947 1927/1927 1897/1897
f 1947/1947 1952/1952 1927/1927
f 2075/2075 1952/1952 1655/1655
f 1917/1917 1727/1727 2091/2091
f 1917/1917 1064/1064 1727/1727
f 185/185 5680/5680 5345/5345
f 425/425 185/185 496/496
f 185/185 161/161 496/496
f 161/161 425/425 496/496
f 161/161 4746/4746 360/360
f 4746/4746 4828/4828 516/516
f 4746/4746 4763/4763 4828/4828
f 5308/5308 4763/4763 4746/4746
f 4850/4850 4828/4828 4804/4804
f 153/153 4850/4850 4763/4763
f 432/432 153/153 4763/4763
f 855/855 838/838 854/854
f 530/530 854/854 838/838
f 530/530 855/855 854/854
f 360/360 530/530 681/681
f 855/855 530/530 709/709
f 855/855 709/709 943/943
f 5381/5381 943/943 709/709
f 868/868 943/943 5381/5381
f 5620/5620 5497/5497 5466/5466
f 5620/5620 5681/5681 5497/5497
f 5798/5798 5764/5764 5620/5620
f 5485/5485 5497/5497 5681/5681
f 5764/5764 5616/5616 5620/5620
f 5798/5798 5616/5616 5764/5764
f 5485/5485 5466/5466 5497/5497
f 5581/5581 5512/5512 5681/5681
f 5581/5581 5616/5616 5512/5512
f 5581/5581 5681/5681 5616/5616
f 6601/6601 6530/6530 6698/6698
f 6621/6621 6698/6698 6530/6530
f 6621/6621 6530/6530 6502/6502
f 6601/6601 6621/6621 6502/6502
f 6502/6502 6425/6425 6601/6601
f 6351/6351 6425/6425 6502/6502
f 6601/6601 6425/6425 6351/6351
f 1178/1178 1295/1295 714/714
f 346/346 253/253 419/419
f 6389/6389 5345/5345 5680/5680
f 6389/6389 5357/5357 5345/5345
f 6187/6187 5357/5357 6389/6389
f 6187/6187 6019/6019 5357/5357
f 5345/5345 4746/4746 161/161
f 185/185 5345/5345 161/161
f 5429/5429 5248/5248 5418/5418
f 7212/7212 7368/7368 7319/7319
f 7319/7319 7368/7368 7262/7262
f 7212/7212 7319/7319 7262/7262
f 7368/7368 6934/6934 6809/6809
f 7375/7375 6934/6934 7368/7368
f 7533/7533 6934/6934 7375/7375
f 7481/7481 7375/7375 7337/7337
f 7481/7481 7533/7533 7375/7375
f 7337/7337 7533/7533 7481/7481
f 6934/6934 7533/7533 8782/8782
f 9113/9113 7325/7325 8782/8782
f 6934/6934 8782/8782 7325/7325
f 8782/8782 7533/7533 8239/8239
f 1619/1619 1702/1702 1705/1705
f 1411/1411 1702/1702 1619/1619
f 1702/1702 1411/1411 1705/1705
f 1354/1354 1647/1647 1437/1437
f 1371/1371 1354/1354 1386/1386
f 1386/1386 1399/1399 1371/1371
f 1399/1399 1386/1386 1354/1354
f 1437/1437 1399/1399 1354/1354
f 1476/1476 1399/1399 1437/1437
f 814/814 560/560 861/861
f 1704/1704 1479/1479 1695/1695
f 1346/1346 1479/1479 1704/1704
f 716/716 672/672 385/385
f 659/659 385/385 672/672
f 659/659 672/672 716/716
f 524/524 563/563 498/498
f 4807/4807 5958/5958 5870/5870
f 5727/5727 5655/5655 5637/5637
f 5663/5663 5637/5637 5655/5655
f 5663/5663 5655/5655 5727/5727
f 1350/1350 1358/1358 1681/1681
f 1554/1554 1350/1350 1681/1681
f 1353/1353 1703/1703 1358/1358
f 1353/1353 1358/1358 1350/1350
f 1393/1393 1351/1351 1374/1374
f 1368/1368 1374/1374 1351/1351
f 1393/1393 1374/1374 1405/1405
f 1405/1405 1374/1374 1368/1368
f 1357/1357 1368/1368 1351/1351
f 1447/1447 1368/1368 1357/1357
f 1411/1411 1447/1447 1357/1357
f 1705/1705 1411/1411 1357/1357
f 1368/1368 1447/1447 1603/1603
f 1405/1405 1368/1368 1603/1603
f 1603/1603 1393/1393 1405/1405
f 1619/1619 1393/1393 1603/1603
f 1411/1411 1619/1619 1603/1603
f 1447/1447 1411/1411 1603/1603
f 847/847 1273/1273 870/870
f 870/870 1215/1215 847/847
f 957/957 843/843 876/876
f 726/726 722/722 712/712
f 722/722 744/744 712/712
f 744/744 722/722 726/726
f 822/822 610/610 660/660
f 661/661 660/660 610/610
f 653/653 661/661 610/610
f 660/660 661/661 653/653
f 713/713 660/660 653/653
f 820/820 713/713 653/653
f 660/660 713/713 820/820
f 732/732 820/820 653/653
f 642/642 820/820 732/732
f 579/579 607/607 625/625
f 580/580 625/625 607/607
f 579/579 580/580 607/607
f 5989/5989 5594/5594 5986/5986
f 6693/6693 5989/5989 5986/5986
f 6596/6596 6539/6539 6693/6693
f 5986/5986 6596/6596 6693/6693
f 6596/6596 5986/5986 6594/6594
f 6539/6539 6596/6596 6586/6586
f 6693/6693 6539/6539 6586/6586
f 5989/5989 6693/6693 6447/6447
f 6693/6693 6594/6594 6447/6447
f 6447/6447 6172/6172 5989/5989
f 6832/6832 6172/6172 6447/6447
f 7014/7014 6172/6172 6832/6832
f 6447/6447 6594/6594 6832/6832
f 5986/5986 6832/6832 6594/6594
f 6832/6832 5986/5986 7014/7014
f 6172/6172 7014/7014 7544/7544
f 7381/7381 6172/6172 7544/7544
f 7895/7895 8012/8012 7544/7544
f 7865/7865 7881/7881 7860/7860
f 7888/7888 7860/7860 7881/7881
f 7888/7888 7865/7865 7860/7860
f 7888/7888 7895/7895 7881/7881
f 7895/7895 7888/7888 8031/8031
f 7895/7895 8031/8031 8012/8012
f 8840/8840 8012/8012 7741/7741
f 7741/7741 8615/8615 8840/8840
f 8012/8012 8840/8840 8249/8249
f 8642/8642 8249/8249 8840/8840
f 8576/8576 8608/8608 8615/8615
f 7741/7741 8800/8800 8615/8615
f 8773/8773 8615/8615 8608/8608
f 8576/8576 8773/8773 8608/8608
f 8840/8840 8615/8615 8773/8773
f 8576/8576 8800/8800 8773/8773
f 8747/8747 8773/8773 8726/8726
f 8800/8800 8747/8747 8726/8726
f 8800/8800 8773/8773 8747/8747
f 8773/8773 8727/8727 8840/8840
f 8800/8800 8727/8727 8773/8773
f 7741/7741 8727/8727 8800/8800
f 8642/8642 8840/8840 8727/8727
f 8995/8995 8642/8642 8727/8727
f 9043/9043 8995/8995 9030/9030
f 7741/7741 8628/8628 8727/8727
f 8727/8727 8628/8628 9030/9030
f 8628/8628 9043/9043 9030/9030
f 3102/3102 2270/2270 3400/3400
f 2218/2218 1963/1963 1612/1612
f 1660/1660 1963/1963 2218/2218
f 5641/5641 5711/5711 5657/5657
f 5718/5718 5657/5657 5711/5711
f 5718/5718 5641/5641 5657/5657
f 1805/1805 1963/1963 1822/1822
f 1638/1638 1805/1805 1822/1822
f 1638/1638 1963/1963 1805/1805
f 1638/1638 1612/1612 1963/1963
f 1479/1479 1346/1346 1388/1388
f 1664/1664 1618/1618 1647/1647
f 1618/1618 1664/1664 1476/1476
f 1437/1437 1618/1618 1476/1476
f 1647/1647 1618/1618 1437/1437
f 2075/2075 1655/1655 1064/1064
f 1952/1952 2075/2075 2091/2091
f 2192/2192 2091/2091 2075/2075
f 1917/1917 2192/2192 2388/2388
f 1857/1857 2388/2388 2750/2750
f 1917/1917 2388/2388 1857/1857
f 2750/2750 2388/2388 2634/2634
f 2721/2721 2722/2722 2816/2816
f 2711/2711 2722/2722 2721/2721
f 2711/2711 2721/2721 2816/2816
f 2712/2712 2750/2750 2816/2816
f 2711/2711 2750/2750 2712/2712
f 2750/2750 2711/2711 1857/1857
f 2711/2711 2816/2816 2274/2274
f 1857/1857 2711/2711 2274/2274
f 2634/2634 2816/2816 2750/2750
f 2101/2101 1857/1857 2274/2274
f 2274/2274 3183/3183 2101/2101
f 1690/1690 1695/1695 906/906
f 1479/1479 906/906 1695/1695
f 5782/5782 5636/5636 5779/5779
f 5640/5640 5636/5636 5782/5782
f 5970/5970 6516/6516 6013/6013
f 6014/6014 5970/5970 6013/6013
f 5975/5975 5970/5970 6014/6014
f 6041/6041 5975/5975 6014/6014
f 1981/1981 2195/2195 1626/1626
f 1826/1826 2195/2195 1981/1981
f 5773/5773 5742/5742 5722/5722
f 5811/5811 5773/5773 5722/5722
f 5811/5811 5722/5722 5742/5742
f 5773/5773 5811/5811 5801/5801
f 5784/5784 5773/5773 5801/5801
f 5784/5784 5801/5801 5811/5811
f 5980/5980 5784/5784 6076/6076
f 6062/6062 5784/5784 5980/5980
f 6076/6076 6062/6062 5980/5980
f 6087/6087 6062/6062 6076/6076
f 6086/6086 6087/6087 6076/6076
f 6062/6062 6087/6087 6086/6086
f 6158/6158 6178/6178 6213/6213
f 6062/6062 6213/6213 6178/6178
f 6062/6062 6178/6178 6158/6158
f 6160/6160 6119/6119 6158/6158
f 6122/6122 6160/6160 6158/6158
f 6119/6119 6160/6160 6122/6122
f 1218/1218 1141/1141 1229/1229
f 1363/1363 1229/1229 1141/1141
f 1363/1363 1218/1218 1229/1229
f 1141/1141 848/848 1363/1363
f 762/762 848/848 1141/1141
f 1140/1140 1124/1124 1051/1051
f 1203/1203 1140/1140 1051/1051
f 1140/1140 1203/1203 1124/1124
f 1255/1255 1124/1124 1203/1203
f 1004/1004 978/978 967/967
f 1004/1004 967/967 981/981
f 1173/1173 995/995 981/981
f 1494/1494 981/981 995/995
f 1494/1494 995/995 1173/1173
f 1255/1255 981/981 1494/1494
f 1203/1203 981/981 1255/1255
f 1004/1004 981/981 978/978
f 396/396 315/315 5036/5036
f 5008/5008 396/396 5036/5036
f 315/315 396/396 362/362
f 1703/1703 1681/1681 1358/1358
f 1753/1753 1681/1681 1703/1703
f 1554/1554 1710/1710 1720/1720
f 1681/1681 1710/1710 1554/1554
f 5979/5979 5870/5870 5998/5998
f 5979/5979 5998/5998 5689/5689
f 5979/5979 5689/5689 5972/5972
f 5870/5870 5958/5958 5998/5998
f 6026/6026 6032/6032 6043/6043
f 6032/6032 5870/5870 6043/6043
f 5870/5870 6032/6032 6026/6026
f 5976/5976 6073/6073 6055/6055
f 6023/6023 6350/6350 6419/6419
f 6073/6073 6094/6094 6081/6081
f 6081/6081 6094/6094 6023/6023
f 6023/6023 6073/6073 6081/6081
f 6055/6055 6073/6073 6023/6023
f 6055/6055 6023/6023 5976/5976
f 6217/6217 6179/6179 6023/6023
f 6206/6206 6179/6179 6217/6217
f 6206/6206 6217/6217 6023/6023
f 6023/6023 6419/6419 6206/6206
f 6242/6242 6720/6720 6419/6419
f 6350/6350 6720/6720 6242/6242
f 6084/6084 6052/6052 6350/6350
f 6044/6044 6084/6084 6350/6350
f 6044/6044 6052/6052 6084/6084
f 6419/6419 6350/6350 6242/6242
f 6202/6202 6117/6117 6163/6163
f 6237/6237 6117/6117 6202/6202
f 6237/6237 6202/6202 6163/6163
f 6001/6001 5975/5975 6041/6041
f 6082/6082 6001/6001 6041/6041
f 6072/6072 6082/6082 6075/6075
f 6085/6085 6072/6072 6075/6075
f 6085/6085 6075/6075 6082/6082
f 6014/6014 6121/6121 6398/6398
f 6014/6014 6398/6398 6082/6082
f 6014/6014 6082/6082 6041/6041
f 6103/6103 6014/6014 6013/6013
f 6103/6103 6013/6013 6398/6398
f 6110/6110 6109/6109 6103/6103
f 6121/6121 6109/6109 6110/6110
f 6103/6103 6121/6121 6110/6110
f 6014/6014 6103/6103 6121/6121
f 6398/6398 6121/6121 6103/6103
f 6025/6025 6063/6063 6074/6074
f 6272/6272 6236/6236 6149/6149
f 6101/6101 6149/6149 6236/6236
f 6272/6272 6149/6149 6101/6101
f 6025/6025 6074/6074 6091/6091
f 6063/6063 6091/6091 6074/6074
f 2172/2172 1750/1750 2168/2168
f 1600/1600 1691/1691 2029/2029
f 2030/2030 1691/1691 1756/1756
f 2063/2063 2052/2052 2030/2030
f 2066/2066 2052/2052 2063/2063
f 2030/2030 2052/2052 2066/2066
f 2030/2030 2066/2066 2029/2029
f 2047/2047 2043/2043 2066/2066
f 2029/2029 2043/2043 2047/2047
f 1843/1843 1817/1817 1798/1798
f 2029/2029 1817/1817 1843/1843
f 1798/1798 2029/2029 1843/1843
f 2029/2029 2066/2066 2043/2043
f 1997/1997 2028/2028 2029/2029
f 2030/2030 2028/2028 1997/1997
f 2030/2030 1997/1997 2029/2029
f 2029/2029 1691/1691 2030/2030
f 1215/1215 870/870 1273/1273
f 1273/1273 847/847 1215/1215
f 3068/3068 3086/3086 3119/3119
f 3400/3400 3119/3119 3114/3114
f 3086/3086 3119/3119 3113/3113
f 3208/3208 3086/3086 3113/3113
f 3086/3086 3119/3119 3068/3068
f 3093/3093 3114/3114 3086/3086
f 3041/3041 2864/2864 3086/3086
f 3041/3041 2882/2882 2864/2864
f 3086/3086 2882/2882 3041/3041
f 2732/2732 3102/3102 2864/2864
f 2795/2795 2835/2835 2818/2818
f 2764/2764 2864/2864 2812/2812
f 2823/2823 2818/2818 2835/2835
f 2795/2795 2818/2818 2823/2823
f 2749/2749 2764/2764 2812/2812
f 2742/2742 2764/2764 2732/2732
f 2755/2755 2864/2864 2764/2764
f 2742/2742 2755/2755 2764/2764
f 2755/2755 2742/2742 2732/2732
f 2270/2270 2732/2732 2526/2526
f 3102/3102 2732/2732 2270/2270
f 6207/6207 6147/6147 6216/6216
f 6207/6207 6316/6316 6147/6147
f 6314/6314 6224/6224 6316/6316
f 6316/6316 6207/6207 6216/6216
f 6316/6316 6216/6216 6274/6274
f 6274/6274 6216/6216 6278/6278
f 6330/6330 6274/6274 6278/6278
f 6330/6330 6316/6316 6274/6274
f 6403/6403 6363/6363 6391/6391
f 6373/6373 6363/6363 6403/6403
f 6404/6404 6373/6373 6403/6403
f 6314/6314 6373/6373 6404/6404
f 6316/6316 6363/6363 6373/6373
f 6224/6224 6314/6314 6404/6404
f 6373/6373 6314/6314 6316/6316
f 6363/6363 6316/6316 6391/6391
f 1648/1648 2046/2046 1816/1816
f 1816/1816 2046/2046 1858/1858
f 1840/1840 1812/1812 1858/1858
f 1920/1920 1840/1840 1858/1858
f 1920/1920 1812/1812 1840/1840
f 1920/1920 1858/1858 2046/2046
f 1920/1920 2046/2046 2086/2086
f 1920/1920 2086/2086 1816/1816
f 1920/1920 1816/1816 1779/1779
f 1858/1858 1779/1779 1816/1816
f 1858/1858 1920/1920 1779/1779
f 5886/5886 5905/5905 5906/5906
f 5906/5906 5905/5905 5933/5933
f 5886/5886 5906/5906 5933/5933
f 1756/1756 1691/1691 1600/1600
f 6479/6479 6489/6489 6505/6505
f 6546/6546 6505/6505 6489/6489
f 6591/6591 6546/6546 6598/6598
f 6585/6585 6591/6591 6598/6598
f 6546/6546 6591/6591 6585/6585
f 6651/6651 6585/6585 6652/6652
f 6682/6682 6651/6651 6652/6652
f 6585/6585 6651/6651 6682/6682
f 6505/6505 6546/6546 6585/6585
f 6479/6479 6505/6505 6585/6585
f 2175/2175 2316/2316 2086/2086
f 2159/2159 2148/2148 2175/2175
f 2146/2146 2159/2159 2175/2175
f 2148/2148 2159/2159 2146/2146
f 2046/2046 2175/2175 2086/2086
f 2316/2316 2175/2175 2046/2046
f 2124/2124 1826/1826 1981/1981
f 2014/2014 2124/2124 1981/1981
f 2014/2014 1981/1981 1989/1989
f 1989/1989 2124/2124 2014/2014
f 2076/2076 2117/2117 2094/2094
f 2209/2209 2094/2094 2117/2117
f 2209/2209 2076/2076 2094/2094
f 1826/1826 2076/2076 2209/2209
f 2076/2076 1826/1826 2124/2124
f 2265/2265 1826/1826 2209/2209
f 2265/2265 2182/2182 1826/1826
f 6323/6323 6082/6082 6398/6398
f 6323/6323 6398/6398 6628/6628
f 6628/6628 6013/6013 6516/6516
f 6398/6398 6013/6013 6628/6628
f 6371/6371 6360/6360 6218/6218
f 6333/6333 6145/6145 6138/6138
f 6145/6145 6174/6174 6138/6138
f 6375/6375 6346/6346 6367/6367
f 6388/6388 6346/6346 6375/6375
f 6393/6393 6388/6388 6375/6375
f 6367/6367 6370/6370 6375/6375
f 6392/6392 6393/6393 6375/6375
f 6381/6381 6392/6392 6375/6375
f 6381/6381 6375/6375 6370/6370
f 6358/6358 6381/6381 6336/6336
f 6358/6358 6343/6343 6381/6381
f 6336/6336 6343/6343 6358/6358
f 6284/6284 6298/6298 6262/6262
f 6239/6239 6284/6284 6262/6262
f 6239/6239 6262/6262 6298/6298
f 6174/6174 6145/6145 6333/6333
f 6370/6370 6367/6367 6336/6336
f 6367/6367 6174/6174 6336/6336
f 6346/6346 6174/6174 6367/6367
f 6365/6365 6461/6461 6620/6620
f 6529/6529 6365/6365 6572/6572
f 6529/6529 6572/6572 6563/6563
f 6365/6365 6529/6529 6563/6563
f 6139/6139 6461/6461 6365/6365
f 6139/6139 6620/6620 6461/6461
f 6726/6726 6727/6727 6717/6717
f 6687/6687 6727/6727 6726/6726
f 6717/6717 6687/6687 6726/6726
f 6578/6578 6667/6667 6769/6769
f 6524/6524 6578/6578 6561/6561
f 6574/6574 6524/6524 6561/6561
f 6574/6574 6561/6561 6578/6578
f 6769/6769 6574/6574 6578/6578
f 6687/6687 6574/6574 6769/6769
f 6754/6754 6736/6736 6864/6864
f 6765/6765 6864/6864 6736/6736
f 6754/6754 6765/6765 6736/6736
f 1802/1802 1694/1694 1701/1701
f 1866/1866 1788/1788 1694/1694
f 2005/2005 1701/1701 1694/1694
f 2020/2020 1701/1701 2039/2039
f 2020/2020 2037/2037 1701/1701
f 2039/2039 2037/2037 2020/2020
f 2333/2333 2037/2037 2039/2039
f 2051/2051 2037/2037 2333/2333
f 2372/2372 2051/2051 2380/2380
f 2348/2348 2372/2372 2380/2380
f 2348/2348 2380/2380 2051/2051
f 2051/2051 2333/2333 2348/2348
f 7358/7358 7162/7162 7203/7203
f 5357/5357 4746/4746 5345/5345
f 6310/6310 6248/6248 6352/6352
f 6115/6115 6112/6112 6509/6509
f 3270/3270 3468/3468 3400/3400
f 2801/2801 2202/2202 2149/2149
f 2297/2297 2235/2235 2149/2149
f 2230/2230 2149/2149 2235/2235
f 2230/2230 2235/2235 2306/2306
f 2306/2306 2235/2235 2297/2297
f 2307/2307 2306/2306 2286/2286
f 2320/2320 2307/2307 2286/2286
f 2306/2306 2307/2307 2320/2320
f 2297/2297 2322/2322 2320/2320
f 2322/2322 2828/2828 2320/2320
f 2230/2230 2306/2306 2828/2828
f 2297/2297 2828/2828 2322/2322
f 2202/2202 2297/2297 2149/2149
f 2801/2801 2297/2297 2202/2202
f 2140/2140 2297/2297 2801/2801
f 2885/2885 2140/2140 2801/2801
f 2448/2448 2140/2140 2486/2486
f 786/786 830/830 846/846
f 1000/1000 786/786 846/846
f 2149/2149 2230/2230 3304/3304
f 2149/2149 3304/3304 2221/2221
f 2316/2316 2046/2046 1648/1648
f 2155/2155 2242/2242 2316/2316
f 6182/6182 6234/6234 6189/6189
f 6321/6321 6234/6234 6182/6182
f 6486/6486 6189/6189 6234/6234
f 6321/6321 6486/6486 6234/6234
f 6486/6486 6321/6321 6577/6577
f 6550/6550 6486/6486 6577/6577
f 6496/6496 6454/6454 6577/6577
f 6579/6579 6496/6496 6577/6577
f 6454/6454 6496/6496 6579/6579
f 6189/6189 6486/6486 6550/6550
f 6434/6434 6189/6189 6550/6550
f 6474/6474 6189/6189 6434/6434
f 6550/6550 6474/6474 6434/6434
f 6550/6550 6543/6543 6474/6474
f 6603/6603 6474/6474 6543/6543
f 6603/6603 6543/6543 6550/6550
f 6640/6640 6396/6396 6491/6491
f 6491/6491 6614/6614 6640/6640
f 6396/6396 6614/6614 6491/6491
f 2192/2192 1917/1917 2091/2091
f 1685/1685 1699/1699 1692/1692
f 1722/1722 1685/1685 1692/1692
f 1688/1688 1722/1722 1692/1692
f 1688/1688 1692/1692 1699/1699
f 2056/2056 1816/1816 2086/2086
f 2316/2316 2511/2511 2086/2086
f 2056/2056 2086/2086 2511/2511
f 2310/2310 2056/2056 2511/2511
f 2279/2279 2310/2310 2328/2328
f 2276/2276 2310/2310 2279/2279
f 2276/2276 2279/2279 2328/2328
f 2233/2233 2276/2276 2328/2328
f 2224/2224 2276/2276 2233/2233
f 2328/2328 2224/2224 2233/2233
f 2242/2242 2328/2328 2511/2511
f 2511/2511 2316/2316 2242/2242
f 1706/1706 1697/1697 1708/1708
f 1689/1689 1697/1697 1706/1706
f 1689/1689 1708/1708 1697/1697
f 1747/1747 1640/1640 1658/1658
f 1747/1747 2157/2157 1640/1640
f 2144/2144 1640/1640 2157/2157
f 2116/2116 2075/2075 1064/1064
f 2075/2075 2388/2388 2192/2192
f 2634/2634 2075/2075 2951/2951
f 2075/2075 2895/2895 2951/2951
f 6632/6632 6320/6320 6495/6495
f 6495/6495 6397/6397 6632/6632
f 6397/6397 6495/6495 6320/6320
f 6220/6220 6245/6245 6230/6230
f 6320/6320 6230/6230 6245/6245
f 6320/6320 6220/6220 6230/6230
f 8720/8720 7167/7167 6732/6732
f 2592/2592 2611/2611 2617/2617
f 2617/2617 2611/2611 2592/2592
f 2611/2611 2617/2617 2638/2638
f 2610/2610 2638/2638 2617/2617
f 2611/2611 2638/2638 2610/2610
f 2688/2688 2610/2610 2637/2637
f 2653/2653 2688/2688 2637/2637
f 2653/2653 2637/2637 2610/2610
f 2670/2670 2653/2653 2642/2642
f 2642/2642 2648/2648 2670/2670
f 2648/2648 2642/2642 2653/2653
f 6184/6184 6357/6357 6498/6498
f 6557/6557 6498/6498 6511/6511
f 6557/6557 6184/6184 6498/6498
f 6498/6498 6357/6357 6175/6175
f 7158/7158 6769/6769 6667/6667
f 2218/2218 1612/1612 1660/1660
f 1754/1754 1681/1681 1753/1753
f 1894/1894 1681/1681 1754/1754
f 1894/1894 1906/1906 1978/1978
f 1978/1978 1906/1906 1938/1938
f 1928/1928 1938/1938 1906/1906
f 1945/1945 1894/1894 1978/1978
f 1898/1898 1894/1894 1945/1945
f 1898/1898 1945/1945 1978/1978
f 1928/1928 1978/1978 1938/1938
f 2160/2160 1898/1898 1928/1928
f 2412/2412 1720/1720 2160/2160
f 2381/2381 2412/2412 2160/2160
f 1754/1754 1753/1753 1703/1703
f 2160/2160 1928/1928 1754/1754
f 6601/6601 6698/6698 6621/6621
f 7053/7053 6939/6939 6763/6763
f 6684/6684 6763/6763 6939/6939
f 6691/6691 6684/6684 6939/6939
f 7218/7218 7054/7054 6939/6939
f 7178/7178 7054/7054 7218/7218
f 7192/7192 7054/7054 7178/7178
f 7179/7179 7192/7192 7160/7160
f 7178/7178 7179/7179 7160/7160
f 7178/7178 7192/7192 7179/7179
f 7218/7218 7192/7192 7178/7178
f 7241/7241 7192/7192 7218/7218
f 7054/7054 7192/7192 7241/7241
f 7603/7603 6669/6669 7241/7241
f 8072/8072 7603/7603 7241/7241
f 8437/8437 7603/7603 8072/8072
f 8268/8268 8437/8437 8072/8072
f 8273/8273 8287/8287 8268/8268
f 8104/8104 8437/8437 8250/8250
f 8273/8273 8250/8250 8287/8287
f 8268/8268 8250/8250 8273/8273
f 8104/8104 8250/8250 8268/8268
f 8072/8072 8104/8104 8268/8268
f 360/360 359/359 432/432
f 153/153 432/432 359/359
f 479/479 359/359 360/360
f 681/681 161/161 360/360
f 479/479 360/360 516/516
f 4746/4746 516/516 360/360
f 408/408 516/516 359/359
f 435/435 516/516 408/408
f 359/359 435/435 408/408
f 1893/1893 1710/1710 1681/1681
f 1894/1894 1893/1893 1681/1681
f 1898/1898 2160/2160 1893/1893
f 2160/2160 1710/1710 1893/1893
f 2160/2160 1720/1720 1710/1710
f 4828/4828 4763/4763 4850/4850
f 432/432 4763/4763 5308/5308
f 4746/4746 5357/5357 5308/5308
f 6500/6500 6385/6385 6405/6405
f 6395/6395 6413/6413 6405/6405
f 6402/6402 6395/6395 6405/6405
f 6394/6394 6395/6395 6402/6402
f 6405/6405 6394/6394 6402/6402
f 6385/6385 6394/6394 6405/6405
f 7085/7085 7132/7132 6930/6930
f 7132/7132 7379/7379 6930/6930
f 6455/6455 7379/7379 7014/7014
f 6687/6687 6769/6769 7158/7158
f 1676/1676 1669/1669 1663/1663
f 1648/1648 1663/1663 2316/2316
f 7570/7570 7167/7167 8720/8720
f 7167/7167 7570/7570 7558/7558
f 8104/8104 7570/7570 8720/8720
f 8768/8768 7551/7551 6806/6806
f 3400/3400 2270/2270 3270/3270
f 2155/2155 1663/1663 1669/1669
f 2316/2316 1663/1663 2155/2155
f 2155/2155 1669/1669 1676/1676
f 6720/6720 6751/6751 6519/6519
f 6741/6741 6519/6519 6751/6751
f 6741/6741 6206/6206 6519/6519
f 2895/2895 2075/2075 2116/2116
f 6432/6432 6482/6482 6465/6465
f 6206/6206 6465/6465 6482/6482
f 6206/6206 6432/6432 6465/6465
f 6419/6419 6432/6432 6206/6206
f 6432/6432 6419/6419 6720/6720
f 6206/6206 6720/6720 6519/6519
f 6442/6442 6433/6433 6414/6414
f 6430/6430 6414/6414 6433/6433
f 6442/6442 6430/6430 6433/6433
f 7329/7329 7166/7166 7149/7149
f 1737/1737 1735/1735 1715/1715
f 1773/1773 1735/1735 1737/1737
f 1773/1773 1715/1715 1735/1735
f 2095/2095 1915/1915 2164/2164
f 2185/2185 2171/2171 2095/2095
f 2198/2198 2171/2171 2185/2185
f 2198/2198 2185/2185 2095/2095
f 1829/1829 2164/2164 1915/1915
f 1866/1866 1694/1694 1802/1802
f 2334/2334 1887/1887 1884/1884
f 1866/1866 1884/1884 1887/1887
f 2334/2334 1866/1866 1887/1887
f 1851/1851 1865/1865 1869/1869
f 1788/1788 1865/1865 1851/1851
f 2005/2005 1694/1694 1788/1788
f 1869/1869 1788/1788 1851/1851
f 2333/2333 2005/2005 2334/2334
f 5357/5357 5381/5381 5308/5308
f 6038/6038 868/868 5381/5381
f 360/360 709/709 530/530
f 432/432 709/709 360/360
f 6494/6494 6385/6385 6500/6500
f 6847/6847 6783/6783 6675/6675
f 6791/6791 6675/6675 6783/6783
f 6847/6847 6791/6791 6783/6783
f 3114/3114 3102/3102 3400/3400
f 3042/3042 3114/3114 3093/3093
f 3102/3102 3114/3114 3042/3042
f 3086/3086 3042/3042 3093/3093
f 2864/2864 3102/3102 3042/3042
f 2182/2182 1626/1626 2195/2195
f 2182/2182 2195/2195 1826/1826
f 2271/2271 2280/2280 2182/2182
f 2265/2265 2271/2271 2182/2182
f 2280/2280 2271/2271 2265/2265
f 1860/1860 1766/1766 1721/1721
f 1941/1941 1860/1860 1974/1974
f 1909/1909 1941/1941 1974/1974
f 1860/1860 1941/1941 1909/1909
f 1796/1796 1766/1766 1860/1860
f 1721/1721 1766/1766 1796/1796
f 1785/1785 1725/1725 1714/1714
f 1768/1768 1714/1714 1725/1725
f 1785/1785 1768/1768 1725/1725
f 1768/1768 1785/1785 1797/1797
f 1853/1853 1797/1797 1785/1785
f 1951/1951 1882/1882 1768/1768
f 1988/1988 1882/1882 1951/1951
f 1988/1988 1951/1951 1768/1768
f 1886/1886 1939/1939 1768/1768
f 1886/1886 1853/1853 1939/1939
f 1768/1768 1853/1853 1886/1886
f 1797/1797 1853/1853 1768/1768
f 5308/5308 5381/5381 709/709
f 7267/7267 7337/7337 7299/7299
f 7533/7533 7337/7337 7746/7746
f 7337/7337 7533/7533 7500/7500
f 7504/7504 7337/7337 7500/7500
f 7533/7533 7504/7504 7500/7500
f 7873/7873 7533/7533 7746/7746
f 7847/7847 7533/7533 7873/7873
f 7882/7882 7533/7533 7847/7847
f 7882/7882 7847/7847 7873/7873
f 7520/7520 7873/7873 7746/7746
f 7790/7790 7841/7841 7612/7612
f 7790/7790 7612/7612 7520/7520
f 7520/7520 7841/7841 7790/7790
f 7918/7918 7873/7873 7841/7841
f 7926/7926 7873/7873 7918/7918
f 7926/7926 7918/7918 7841/7841
f 8260/8260 7902/7902 8116/8116
f 8116/8116 7902/7902 7841/7841
f 7874/7874 7841/7841 7520/7520
f 7520/7520 7746/7746 7551/7551
f 8016/8016 7841/7841 7874/7874
f 8116/8116 7841/7841 8187/8187
f 7874/7874 7520/7520 8016/8016
f 8187/8187 8016/8016 8342/8342
f 8187/8187 8260/8260 8116/8116
f 7902/7902 8260/8260 8135/8135
f 8192/8192 8135/8135 8260/8260
f 7902/7902 8135/8135 8192/8192
f 8260/8260 8307/8307 8239/8239
f 9132/9132 8574/8574 8354/8354
f 6669/6669 6691/6691 7241/7241
f 7241/7241 6691/6691 6939/6939
f 6684/6684 6691/6691 6669/6669
f 5308/5308 709/709 432/432
f 6494/6494 6405/6405 6413/6413
f 6500/6500 6405/6405 6494/6494
f 2458/2458 2828/2828 2439/2439
f 2448/2448 2458/2458 2439/2439
f 2828/2828 2448/2448 2439/2439
f 1780/1780 1971/1971 1844/1844
f 2139/2139 1780/1780 1844/1844
f 2139/2139 1660/1660 1780/1780
f 1971/1971 2139/2139 1844/1844
f 1963/1963 1660/1660 2139/2139
f 2140/2140 2828/2828 2297/2297
f 2448/2448 2828/2828 2140/2140
f 6611/6611 6607/6607 6323/6323
f 6625/6625 6607/6607 6611/6611
f 6323/6323 6625/6625 6611/6611
f 1917/1917 1526/1526 1252/1252
f 6763/6763 6732/6732 6859/6859
f 7053/7053 6859/6859 6732/6732
f 7053/7053 6763/6763 6859/6859
f 7053/7053 7218/7218 6939/6939
f 6982/6982 7218/7218 7053/7053
f 6732/6732 7167/7167 6982/6982
f 7267/7267 7299/7299 7212/7212
f 7337/7337 7267/7267 7212/7212
f 7746/7746 7337/7337 7212/7212
f 7746/7746 7212/7212 6806/6806
f 7551/7551 7746/7746 6806/6806
f 7551/7551 8016/8016 7520/7520
f 8768/8768 9005/9005 7551/7551
f 7551/7551 9005/9005 8342/8342
f 2710/2710 2245/2245 2526/2526
f 2526/2526 2758/2758 2710/2710
f 2643/2643 2625/2625 2710/2710
f 2649/2649 2643/2643 2710/2710
f 2625/2625 2643/2643 2649/2649
f 2758/2758 2649/2649 2710/2710
f 2526/2526 2812/2812 2758/2758
f 2812/2812 2833/2833 2758/2758
f 2821/2821 2833/2833 2812/2812
f 2882/2882 2758/2758 2833/2833
f 2823/2823 2821/2821 2812/2812
f 2833/2833 2821/2821 2823/2823
f 2847/2847 2882/2882 2823/2823
f 2835/2835 2847/2847 2823/2823
f 2864/2864 2847/2847 2835/2835
f 2864/2864 2882/2882 2847/2847
f 3086/3086 2979/2979 2882/2882
f 2979/2979 3086/3086 3208/3208
f 3208/3208 2882/2882 2979/2979
f 3208/3208 2758/2758 2882/2882
f 6034/6034 6092/6092 6098/6098
f 6034/6034 6002/6002 6092/6092
f 5774/5774 5789/5789 5961/5961
f 5752/5752 5789/5789 5774/5774
f 5752/5752 5774/5774 5961/5961
f 6134/6134 5961/5961 6092/6092
f 6002/6002 6134/6134 6092/6092
f 6098/6098 6002/6002 6034/6034
f 6261/6261 6134/6134 6002/6002
f 6134/6134 6024/6024 5961/5961
f 6261/6261 6024/6024 6134/6134
f 6261/6261 6263/6263 6024/6024
f 6301/6301 6024/6024 6263/6263
f 6301/6301 6263/6263 6261/6261
f 1640/1640 2144/2144 1658/1658
f 2015/2015 2144/2144 2157/2157
f 6441/6441 6429/6429 6423/6423
f 6448/6448 6423/6423 6429/6429
f 6448/6448 6429/6429 6441/6441
f 6487/6487 6469/6469 6570/6570
f 6449/6449 6570/6570 6469/6469
f 6566/6566 6688/6688 6612/6612
f 6449/6449 6469/6469 6487/6487
f 6612/6612 6648/6648 6566/6566
f 6648/6648 6593/6593 6533/6533
f 6593/6593 6647/6647 6533/6533
f 6688/6688 6648/6648 6612/6612
f 6647/6647 6593/6593 6648/6648
f 6647/6647 6648/6648 6654/6654
f 6654/6654 6648/6648 6688/6688
f 6688/6688 6647/6647 6654/6654
f 6729/6729 6647/6647 6688/6688
f 6706/6706 6729/6729 6688/6688
f 6718/6718 6706/6706 6713/6713
f 6740/6740 6718/6718 6713/6713
f 6740/6740 6706/6706 6718/6718
f 6738/6738 6647/6647 6729/6729
f 6740/6740 6729/6729 6706/6706
f 6740/6740 6738/6738 6729/6729
f 6548/6548 6676/6676 6587/6587
f 6590/6590 6548/6548 6587/6587
f 6676/6676 6590/6590 6587/6587
f 6617/6617 6590/6590 6676/6676
f 6629/6629 6590/6590 6617/6617
f 6676/6676 6629/6629 6617/6617
f 6656/6656 6629/6629 6676/6676
f 6478/6478 6656/6656 6676/6676
f 7474/7474 8354/8354 7486/7486
f 7534/7534 7474/7474 7486/7486
f 7534/7534 7486/7486 8354/8354
f 8574/8574 7534/7534 8354/8354
f 7569/7569 7534/7534 8574/8574
f 7531/7531 7534/7534 7569/7569
f 2109/2109 2181/2181 2214/2214
f 2651/2651 2360/2360 2303/2303
f 2629/2629 2360/2360 2651/2651
f 2499/2499 2360/2360 2629/2629
f 2624/2624 2606/2606 2621/2621
f 2499/2499 2624/2624 2621/2621
f 2606/2606 2624/2624 2499/2499
f 2499/2499 2629/2629 2639/2639
f 2543/2543 2587/2587 2461/2461
f 2461/2461 2587/2587 2569/2569
f 2543/2543 2569/2569 2587/2587
f 2556/2556 2542/2542 2569/2569
f 2543/2543 2556/2556 2569/2569
f 2542/2542 2556/2556 2543/2543
f 2499/2499 2639/2639 2360/2360
f 2461/2461 2360/2360 2639/2639
f 2460/2460 2360/2360 2461/2461
f 2457/2457 2360/2360 2460/2460
f 2460/2460 2488/2488 2457/2457
f 2492/2492 2488/2488 2460/2460
f 2558/2558 2492/2492 2460/2460
f 2488/2488 2492/2492 2558/2558
f 2827/2827 2639/2639 2629/2629
f 2303/2303 2827/2827 2840/2840
f 1935/1935 1991/1991 1959/1959
f 2009/2009 1959/1959 1991/1991
f 1935/1935 2009/2009 1991/1991
f 2016/2016 2009/2009 1935/1935
f 2035/2035 2009/2009 2016/2016
f 2035/2035 2016/2016 1935/1935
f 2035/2035 1935/1935 2026/2026
f 2000/2000 2026/2026 1935/1935
f 2042/2042 2034/2034 2036/2036
f 2045/2045 2042/2042 2036/2036
f 2045/2045 2034/2034 2042/2042
f 2049/2049 2045/2045 2036/2036
f 2026/2026 2049/2049 2036/2036
f 2105/2105 2045/2045 2049/2049
f 2090/2090 2049/2049 2026/2026
f 2000/2000 2090/2090 2026/2026
f 2103/2103 2049/2049 2090/2090
f 2105/2105 2049/2049 2103/2103
f 2090/2090 2130/2130 2103/2103
f 2130/2130 2105/2105 2103/2103
f 2036/2036 2045/2045 2105/2105
f 2137/2137 2035/2035 2105/2105
f 2035/2035 2036/2036 2105/2105
f 2026/2026 2036/2036 2035/2035
f 2092/2092 2035/2035 2137/2137
f 2141/2141 2105/2105 2130/2130
f 2105/2105 2141/2141 2137/2137
f 2092/2092 2137/2137 2141/2141
f 2234/2234 2223/2223 2334/2334
f 2225/2225 2234/2234 2334/2334
f 2223/2223 2234/2234 2225/2225
f 2293/2293 2334/2334 2300/2300
f 2302/2302 2293/2293 2300/2300
f 2302/2302 2334/2334 2293/2293
f 2348/2348 2333/2333 2334/2334
f 2109/2109 2214/2214 2204/2204
f 2191/2191 2181/2181 2203/2203
f 2204/2204 2191/2191 2203/2203
f 2204/2204 2181/2181 2191/2191
f 2204/2204 2214/2214 2181/2181
f 2125/2125 2281/2281 2277/2277
f 2287/2287 2277/2277 2281/2281
f 2287/2287 2281/2281 2125/2125
f 2321/2321 2125/2125 2258/2258
f 2229/2229 2321/2321 2258/2258
f 2217/2217 2160/2160 1754/1754
f 2227/2227 2228/2228 2217/2217
f 2266/2266 2228/2228 2227/2227
f 2284/2284 2266/2266 2259/2259
f 2294/2294 2284/2284 2259/2259
f 2294/2294 2266/2266 2284/2284
f 2294/2294 2381/2381 2266/2266
f 2217/2217 2228/2228 2266/2266
f 2160/2160 2217/2217 2266/2266
f 2294/2294 2412/2412 2381/2381
f 2208/2208 2152/2152 2178/2178
f 2177/2177 2178/2178 2152/2152
f 2208/2208 2178/2178 2177/2177
f 2222/2222 2213/2213 2206/2206
f 2208/2208 2213/2213 2222/2222
f 2208/2208 2206/2206 2213/2213
f 2027/2027 2158/2158 2153/2153
f 2104/2104 2158/2158 2027/2027
f 2031/2031 2104/2104 2006/2006
f 2153/2153 2158/2158 2104/2104
f 2013/2013 2000/2000 1950/1950
f 2090/2090 2000/2000 2013/2013
f 2013/2013 1950/1950 2090/2090
f 2031/2031 2006/2006 1976/1976
f 2027/2027 1976/1976 2006/2006
f 2027/2027 2006/2006 2104/2104
f 2333/2333 2039/2039 2005/2005
f 6964/6964 7149/7149 7166/7166
f 7383/7383 7166/7166 7387/7387
f 2229/2229 2258/2258 2125/2125
f 5986/5986 6455/6455 7014/7014
f 2231/2231 2244/2244 2240/2240
f 2278/2278 2231/2231 2240/2240
f 2240/2240 2244/2244 2278/2278
f 2421/2421 2362/2362 2431/2431
f 2278/2278 2362/2362 2421/2421
f 2077/2077 2114/2114 2078/2078
f 2102/2102 2114/2114 2077/2077
f 2102/2102 2077/2077 2083/2083
f 2083/2083 2077/2077 2078/2078
f 2062/2062 2083/2083 2061/2061
f 2044/2044 2061/2061 2083/2083
f 2062/2062 2061/2061 2044/2044
f 2095/2095 1829/1829 1915/1915
f 6619/6619 6637/6637 6604/6604
f 6610/6610 6619/6619 6604/6604
f 6610/6610 6604/6604 6637/6637
f 6609/6609 6615/6615 6627/6627
f 6674/6674 6609/6609 6627/6627
f 6615/6615 6674/6674 6627/6627
f 6694/6694 6674/6674 6690/6690
f 6690/6690 6674/6674 6615/6615
f 6694/6694 6690/6690 6615/6615
f 6710/6710 6694/6694 6705/6705
f 6711/6711 6710/6710 6705/6705
f 6711/6711 6705/6705 6694/6694
f 6694/6694 6615/6615 6768/6768
f 6768/6768 6711/6711 6694/6694
f 6777/6777 6711/6711 6768/6768
f 6733/6733 6768/6768 6804/6804
f 6777/6777 6733/6733 6804/6804
f 6730/6730 6801/6801 7112/7112
f 6954/6954 6730/6730 7112/7112
f 7148/7148 6954/6954 7112/7112
f 7103/7103 6936/6936 6928/6928
f 7135/7135 7109/7109 7103/7103
f 7117/7117 7109/7109 7135/7135
f 7105/7105 7103/7103 7109/7109
f 7117/7117 7105/7105 7109/7109
f 7135/7135 7131/7131 7117/7117
f 7119/7119 7105/7105 7117/7117
f 7131/7131 7119/7119 7117/7117
f 6936/6936 7103/7103 7105/7105
f 7119/7119 7131/7131 7134/7134
f 7140/7140 7131/7131 7135/7135
f 7134/7134 7131/7131 7140/7140
f 7148/7148 7111/7111 7134/7134
f 6936/6936 7105/7105 7119/7119
f 7111/7111 7119/7119 7134/7134
f 7111/7111 6936/6936 7119/7119
f 7112/7112 7111/7111 7148/7148
f 6936/6936 7111/7111 7112/7112
f 3165/3165 3097/3097 3150/3150
f 3158/3158 3165/3165 3150/3150
f 3097/3097 3158/3158 3150/3150
f 2938/2938 3158/3158 3097/3097
f 3124/3124 3158/3158 2938/2938
f 2938/2938 2951/2951 3124/3124
f 2634/2634 2951/2951 2938/2938
f 2075/2075 2634/2634 2388/2388
f 2784/2784 1657/1657 2859/2859
f 2848/2848 2784/2784 2855/2855
f 2910/2910 2848/2848 2855/2855
f 2967/2967 3005/3005 3238/3238
f 3005/3005 2967/2967 3238/3238
f 2913/2913 2943/2943 2946/2946
f 2942/2942 2946/2946 2943/2943
f 2942/2942 2943/2943 2913/2913
f 3238/3238 2991/2991 2967/2967
f 2967/2967 3238/3238 2859/2859
f 2991/2991 3238/3238 2977/2977
f 2967/2967 2991/2991 2977/2977
f 2779/2779 2797/2797 2967/2967
f 2691/2691 2797/2797 2779/2779
f 2743/2743 2757/2757 2691/2691
f 2967/2967 2691/2691 2779/2779
f 2743/2743 2725/2725 2757/2757
f 2691/2691 2725/2725 2743/2743
f 2859/2859 2187/2187 2314/2314
f 1376/1376 1526/1526 1439/1439
f 1376/1376 1439/1439 1467/1467
f 1376/1376 1252/1252 1526/1526
f 1376/1376 1108/1108 1252/1252
f 1305/1305 796/796 1108/1108
f 1456/1456 796/796 1305/1305
f 1305/1305 1524/1524 1456/1456
f 404/404 5008/5008 363/363
f 404/404 294/294 5008/5008
f 6804/6804 6768/6768 6615/6615
f 2266/2266 2381/2381 2160/2160
f 2828/2828 2486/2486 3304/3304
f 3304/3304 2486/2486 2140/2140
f 2230/2230 2828/2828 3304/3304
f 7304/7304 6833/6833 6912/6912
f 6833/6833 7304/7304 7113/7113
f 7087/7087 6948/6948 6924/6924
f 6764/6764 6948/6948 6773/6773
f 6948/6948 6764/6764 6767/6767
f 6734/6734 6746/6746 6753/6753
f 6735/6735 6746/6746 6734/6734
f 6739/6739 6746/6746 6735/6735
f 6753/6753 6746/6746 6739/6739
f 6752/6752 6753/6753 6739/6739
f 6764/6764 6753/6753 6752/6752
f 6739/6739 6764/6764 6752/6752
f 6767/6767 6764/6764 6739/6739
f 6742/6742 6767/6767 6739/6739
f 6742/6742 6948/6948 6767/6767
f 6924/6924 6948/6948 6742/6742
f 2015/2015 1658/1658 2144/2144
f 6777/6777 6768/6768 6733/6733
f 6831/6831 6808/6808 6810/6810
f 6801/6801 6810/6810 6808/6808
f 6801/6801 6808/6808 6831/6831
f 7112/7112 6801/6801 6831/6831
f 6936/6936 7112/7112 6831/6831
f 2362/2362 2278/2278 2327/2327
f 2362/2362 2327/2327 2343/2343
f 2343/2343 2431/2431 2362/2362
f 2400/2400 2431/2431 2343/2343
f 2408/2408 2343/2343 2327/2327
f 2407/2407 2343/2343 2408/2408
f 2400/2400 2343/2343 2407/2407
f 2414/2414 2400/2400 2407/2407
f 2408/2408 2414/2414 2407/2407
f 1494/1494 1539/1539 1255/1255
f 1536/1536 1539/1539 1494/1494
f 1562/1562 1536/1536 1494/1494
f 1539/1539 1536/1536 1562/1562
f 1124/1124 1255/1255 1539/1539
f 6592/6592 6629/6629 6656/6656
f 6532/6532 6560/6560 6592/6592
f 6514/6514 6560/6560 6532/6532
f 6592/6592 6514/6514 6532/6532
f 6478/6478 6592/6592 6656/6656
f 6931/6931 6912/6912 6833/6833
f 6931/6931 6833/6833 7156/7156
f 7122/7122 6931/6931 7156/7156
f 7118/7118 7110/7110 6931/6931
f 7136/7136 7118/7118 6931/6931
f 7136/7136 7110/7110 7118/7118
f 7122/7122 7152/7152 6931/6931
f 7174/7174 7152/7152 7163/7163
f 7168/7168 7163/7163 7152/7152
f 7163/7163 7168/7168 7174/7174
f 7156/7156 7168/7168 7147/7147
f 7122/7122 7147/7147 7152/7152
f 7147/7147 7122/7122 7156/7156
f 7113/7113 7156/7156 6833/6833
f 7168/7168 7156/7156 7113/7113
f 7174/7174 7168/7168 7113/7113
f 7288/7288 7174/7174 7113/7113
f 7305/7305 7288/7288 7113/7113
f 6936/6936 6831/6831 6928/6928
f 7043/7043 7082/7082 7045/7045
f 1794/1794 1612/1612 1522/1522
f 3113/3113 3119/3119 3208/3208
f 3185/3185 3208/3208 3213/3213
f 3217/3217 3185/3185 3213/3213
f 3217/3217 3212/3212 2758/2758
f 3208/3208 3185/3185 3217/3217
f 2758/2758 3208/3208 3217/3217
f 2870/2870 2758/2758 3212/3212
f 2870/2870 2649/2649 2758/2758
f 3212/3212 3223/3223 3233/3233
f 3118/3118 3233/3233 3223/3223
f 3212/3212 3233/3233 3118/3118
f 2870/2870 3212/3212 3118/3118
f 3118/3118 2774/2774 2870/2870
f 6104/6104 6030/6030 6019/6019
f 7043/7043 7093/7093 7082/7082
f 7093/7093 7043/7043 7045/7045
f 7093/7093 7045/7045 7082/7082
f 812/812 786/786 1400/1400
f 812/812 1400/1400 1181/1181
f 812/812 1011/1011 858/858
f 858/858 1011/1011 830/830
f 812/812 858/858 830/830
f 786/786 812/812 830/830
f 7115/7115 6773/6773 6948/6948
f 7087/7087 7115/7115 6948/6948
f 7114/7114 7115/7115 7100/7100
f 7100/7100 7115/7115 7087/7087
f 7087/7087 7114/7114 7100/7100
f 2328/2328 2310/2310 2511/2511
f 6885/6885 7358/7358 7203/7203
f 3866/3866 4576/4576 4569/4569
f 4585/4585 4569/4569 4576/4576
f 3866/3866 4569/4569 4585/4585
f 4588/4588 4576/4576 4581/4581
f 4591/4591 4576/4576 4588/4588
f 4591/4591 4588/4588 4581/4581
f 5381/5381 5357/5357 6038/6038
f 7090/7090 6930/6930 7141/7141
f 7085/7085 6930/6930 7090/7090
f 7081/7081 7085/7085 7090/7090
f 7081/7081 7132/7132 7085/7085
f 7469/7469 7780/7780 7379/7379
f 2415/2415 2443/2443 2390/2390
f 2391/2391 2415/2415 2390/2390
f 2390/2390 2443/2443 2516/2516
f 2390/2390 2516/2516 2391/2391
f 2516/2516 2455/2455 2452/2452
f 2498/2498 2455/2455 2516/2516
f 2452/2452 2455/2455 2498/2498
f 2570/2570 2541/2541 2498/2498
f 2557/2557 2498/2498 2541/2541
f 2518/2518 2498/2498 2557/2557
f 2557/2557 2541/2541 2570/2570
f 2518/2518 2557/2557 2544/2544
f 2498/2498 2518/2518 2544/2544
f 2391/2391 2544/2544 2615/2615
f 2391/2391 2516/2516 2544/2544
f 2626/2626 2415/2415 2391/2391
f 2615/2615 2626/2626 2391/2391
f 2679/2679 2626/2626 2615/2615
f 2672/2672 2626/2626 2679/2679
f 2615/2615 2672/2672 2679/2679
f 1522/1522 1612/1612 1638/1638
f 6184/6184 6557/6557 6511/6511
f 6357/6357 6184/6184 6205/6205
f 6133/6133 6176/6176 6136/6136
f 6113/6113 6183/6183 6184/6184
f 6027/6027 6113/6113 6184/6184
f 6183/6183 6113/6113 6027/6027
f 6015/6015 6066/6066 6027/6027
f 6205/6205 6066/6066 6015/6015
f 6027/6027 6066/6066 6205/6205
f 2590/2590 2481/2481 2585/2585
f 2566/2566 2590/2590 2585/2585
f 2566/2566 2585/2585 2481/2481
f 2519/2519 2566/2566 2481/2481
f 2723/2723 2566/2566 2519/2519
f 1462/1462 1045/1045 1200/1200
f 1759/1759 1200/1200 1045/1045
f 1462/1462 1508/1508 2187/2187
f 1045/1045 1462/1462 2187/2187
f 1595/1595 2187/2187 1508/1508
f 1239/1239 1508/1508 1462/1462
f 1200/1200 1239/1239 1462/1462
f 2314/2314 1200/1200 1759/1759
f 2314/2314 1239/1239 1200/1200
f 1548/1548 1519/1519 1239/1239
f 1595/1595 1519/1519 1548/1548
f 1595/1595 1548/1548 1239/1239
f 2314/2314 1595/1595 1239/1239
f 2314/2314 2187/2187 1595/1595
f 1671/1671 2314/2314 1759/1759
f 2019/2019 2314/2314 1671/1671
f 1671/1671 1804/1804 1761/1761
f 2314/2314 2019/2019 2859/2859
f 2088/2088 1999/1999 2019/2019
f 2859/2859 2019/2019 2463/2463
f 2463/2463 2019/2019 1999/1999
f 2463/2463 1999/1999 2088/2088
f 1439/1439 1526/1526 1653/1653
f 1439/1439 1653/1653 1467/1467
f 1449/1449 1439/1439 1467/1467
f 1430/1430 1439/1439 1449/1449
f 1467/1467 1430/1430 1449/1449
f 1467/1467 1397/1397 1376/1376
f 1397/1397 1387/1387 1376/1376
f 1420/1420 1387/1387 1397/1397
f 1653/1653 1397/1397 1467/1467
f 1397/1397 1653/1653 1420/1420
f 1387/1387 1420/1420 1385/1385
f 1381/1381 1385/1385 1420/1420
f 1387/1387 1385/1385 1381/1381
f 1381/1381 1360/1360 1362/1362
f 1362/1362 1360/1360 1524/1524
f 1524/1524 1360/1360 1381/1381
f 1653/1653 1524/1524 1420/1420
f 1623/1623 1524/1524 1653/1653
f 1531/1531 1623/1623 1551/1551
f 1507/1507 1551/1551 1623/1623
f 1531/1531 1551/1551 1507/1507
f 1507/1507 1623/1623 1777/1777
f 1524/1524 1507/1507 1456/1456
f 1760/1760 1777/1777 2101/2101
f 2101/2101 1961/1961 1900/1900
f 2101/2101 1900/1900 1943/1943
f 1936/1936 1932/1932 1760/1760
f 1943/1943 1932/1932 1936/1936
f 1943/1943 1936/1936 1760/1760
f 1760/1760 2101/2101 1943/1943
f 4064/4064 3379/3379 3585/3585
f 4168/4168 3866/3866 4483/4483
f 3824/3824 4168/4168 4483/4483
f 3824/3824 3866/3866 4168/4168
f 3824/3824 3841/3841 3924/3924
f 3824/3824 3924/3924 3841/3841
f 3807/3807 3691/3691 3759/3759
f 3759/3759 3691/3691 3614/3614
f 3807/3807 3759/3759 3614/3614
f 3543/3543 3560/3560 3583/3583
f 3458/3458 3543/3543 3583/3583
f 3560/3560 3543/3543 3458/3458
f 3519/3519 3560/3560 3408/3408
f 3472/3472 3519/3519 3408/3408
f 3472/3472 3560/3560 3519/3519
f 3271/3271 3357/3357 3472/3472
f 3389/3389 3472/3472 3357/3357
f 3389/3389 3357/3357 3271/3271
f 3479/3479 3527/3527 3442/3442
f 3560/3560 3442/3442 3527/3527
f 3479/3479 3560/3560 3527/3527
f 3625/3625 3560/3560 3479/3479
f 3379/3379 3625/3625 3479/3479
f 3560/3560 3625/3625 3379/3379
f 3774/3774 3807/3807 3720/3720
f 3379/3379 3807/3807 3774/3774
f 3720/3720 3379/3379 3774/3774
f 1917/1917 1872/1872 1526/1526
f 1653/1653 1526/1526 1872/1872
f 1656/1656 1653/1653 1872/1872
f 1809/1809 1656/1656 1872/1872
f 1809/1809 1846/1846 1808/1808
f 1892/1892 1808/1808 1846/1846
f 1892/1892 1846/1846 1809/1809
f 1656/1656 1892/1892 1857/1857
f 2024/2024 1857/1857 1892/1892
f 2024/2024 1892/1892 1948/1948
f 1917/1917 1857/1857 2024/2024
f 2024/2024 1948/1948 1872/1872
f 1809/1809 1872/1872 1948/1948
f 1872/1872 1917/1917 2024/2024
f 1045/1045 2187/2187 2859/2859
f 1609/1609 1045/1045 2859/2859
f 1609/1609 2859/2859 1657/1657
f 1580/1580 1584/1584 1609/1609
f 1582/1582 1609/1609 1584/1584
f 1582/1582 1584/1584 1580/1580
f 7070/7070 7038/7038 7266/7266
f 7153/7153 7038/7038 7070/7070
f 6853/6853 7153/7153 7070/7070
f 6813/6813 7153/7153 6853/6853
f 6853/6853 7070/7070 7033/7033
f 6813/6813 6853/6853 7266/7266
f 6853/6853 7033/7033 7266/7266
f 7180/7180 7266/7266 7033/7033
f 6971/6971 6813/6813 7266/7266
f 7064/7064 7180/7180 7033/7033
f 7078/7078 7064/7064 7033/7033
f 7078/7078 7180/7180 7064/7064
f 7070/7070 7180/7180 7033/7033
f 7180/7180 7070/7070 7266/7266
f 6887/6887 7038/7038 6889/6889
f 6926/6926 6887/6887 6889/6889
f 6971/6971 6887/6887 6926/6926
f 7038/7038 6887/6887 6971/6971
f 7038/7038 6971/6971 7266/7266
f 2428/2428 2405/2405 2398/2398
f 2419/2419 2428/2428 2398/2398
f 2430/2430 2428/2428 2419/2419
f 2428/2428 2430/2430 2399/2399
f 2406/2406 2398/2398 2405/2405
f 2423/2423 2406/2406 2405/2405
f 2399/2399 2423/2423 2405/2405
f 2410/2410 2423/2423 2399/2399
f 2428/2428 2399/2399 2405/2405
f 2383/2383 2416/2416 2425/2425
f 2404/2404 2416/2416 2383/2383
f 2404/2404 2425/2425 2416/2416
f 3487/3487 3473/3473 3468/3468
f 3369/3369 3473/3473 3487/3487
f 3369/3369 3468/3468 3473/3473
f 3400/3400 3468/3468 3369/3369
f 3119/3119 3400/3400 3369/3369
f 2394/2394 2475/2475 2442/2442
f 7211/7211 6950/6950 7246/7246
f 7379/7379 6455/6455 6930/6930
f 2417/2417 2430/2430 2419/2419
f 2396/2396 2430/2430 2417/2417
f 2396/2396 2399/2399 2430/2430
f 2395/2395 2399/2399 2396/2396
f 2395/2395 2396/2396 2392/2392
f 2397/2397 2395/2395 2392/2392
f 2393/2393 2397/2397 2392/2392
f 2396/2396 2393/2393 2392/2392
f 2417/2417 2393/2393 2396/2396
f 2588/2588 2442/2442 2475/2475
f 2495/2495 2394/2394 2442/2442
f 2588/2588 2495/2495 2442/2442
f 2588/2588 2512/2512 2495/2495
f 2551/2551 2495/2495 2512/2512
f 2512/2512 2588/2588 2551/2551
f 2507/2507 2551/2551 2588/2588
f 2604/2604 2507/2507 2588/2588
f 2604/2604 2551/2551 2507/2507
f 6030/6030 6038/6038 6019/6019
f 6064/6064 6029/6029 6030/6030
f 6030/6030 6104/6104 6038/6038
f 6104/6104 6029/6029 6064/6064
f 6104/6104 6064/6064 6030/6030
f 6057/6057 6104/6104 6019/6019
f 6057/6057 6019/6019 6187/6187
f 6166/6166 6167/6167 6187/6187
f 6185/6185 6166/6166 6187/6187
f 6167/6167 6166/6166 6185/6185
f 6116/6116 6057/6057 6187/6187
f 6171/6171 6146/6146 6185/6185
f 6116/6116 6171/6171 6185/6185
f 6104/6104 6057/6057 6038/6038
f 6171/6171 6116/6116 6146/6146
f 6038/6038 6057/6057 5910/5910
f 5910/5910 6057/6057 6116/6116
f 5932/5932 6038/6038 5910/5910
f 5947/5947 5940/5940 5932/5932
f 5824/5824 5932/5932 5940/5940
f 5947/5947 5824/5824 5940/5940
f 6038/6038 5932/5932 5824/5824
f 2591/2591 2652/2652 2532/2532
f 2522/2522 2591/2591 2532/2532
f 2522/2522 2553/2553 2591/2591
f 2522/2522 2532/2532 2652/2652
f 2524/2524 2553/2553 2522/2522
f 2591/2591 2553/2553 2524/2524
f 6750/6750 7214/7214 6779/6779
f 7214/7214 6955/6955 6779/6779
f 7022/7022 7246/7246 6950/6950
f 2756/2756 2753/2753 2759/2759
f 2737/2737 2756/2756 2759/2759
f 2753/2753 2756/2756 2737/2737
f 2597/2597 2753/2753 2737/2737
f 2573/2573 2597/2597 2737/2737
f 2573/2573 2753/2753 2597/2597
f 2395/2395 2410/2410 2399/2399
f 4064/4064 3585/3585 3346/3346
f 5357/5357 6019/6019 6038/6038
f 7177/7177 7022/7022 7185/7185
f 7202/7202 7022/7022 7177/7177
f 7185/7185 7202/7202 7177/7177
f 7022/7022 7211/7211 7185/7185
f 7211/7211 7246/7246 7185/7185
f 3375/3375 2629/2629 2651/2651
f 1660/1660 1503/1503 1780/1780
f 1660/1660 1794/1794 1599/1599
f 1599/1599 1794/1794 1522/1522
f 2481/2481 2663/2663 2519/2519
f 2385/2385 2401/2401 2438/2438
f 2413/2413 2438/2438 2401/2401
f 2385/2385 2413/2413 2401/2401
f 2364/2364 2671/2671 2714/2714
f 2589/2589 2579/2579 2555/2555
f 2620/2620 2555/2555 2579/2579
f 2589/2589 2620/2620 2579/2579
f 2714/2714 2620/2620 2589/2589
f 2738/2738 2736/2736 2727/2727
f 2620/2620 2736/2736 2738/2738
f 2402/2402 2434/2434 2479/2479
f 2403/2403 2434/2434 2402/2402
f 2510/2510 2434/2434 2403/2403
f 2422/2422 2402/2402 2479/2479
f 2467/2467 2422/2422 2479/2479
f 2467/2467 2479/2479 2477/2477
f 2467/2467 2477/2477 2502/2502
f 2559/2559 2502/2502 2477/2477
f 2497/2497 2559/2559 2477/2477
f 2559/2559 2467/2467 2502/2502
f 2497/2497 2477/2477 2490/2490
f 2490/2490 2559/2559 2497/2497
f 2674/2674 2467/2467 2559/2559
f 2559/2559 2528/2528 2549/2549
f 2546/2546 2559/2559 2549/2549
f 2528/2528 2546/2546 2549/2549
f 2562/2562 2559/2559 2546/2546
f 2674/2674 2559/2559 2562/2562
f 2575/2575 2467/2467 2674/2674
f 2694/2694 2575/2575 2674/2674
f 2694/2694 2674/2674 2631/2631
f 2695/2695 2694/2694 2631/2631
f 2702/2702 2694/2694 2695/2695
f 2631/2631 2674/2674 2562/2562
f 2477/2477 2434/2434 2562/2562
f 2434/2434 2477/2477 2479/2479
f 2562/2562 2434/2434 2510/2510
f 2503/2503 2466/2466 2491/2491
f 2496/2496 2503/2503 2491/2491
f 2466/2466 2496/2496 2491/2491
f 2571/2571 2503/2503 2496/2496
f 2496/2496 2640/2640 2571/2571
f 2695/2695 2571/2571 2640/2640
f 2593/2593 2571/2571 2695/2695
f 2631/2631 2562/2562 2503/2503
f 2584/2584 2503/2503 2571/2571
f 2593/2593 2584/2584 2571/2571
f 2631/2631 2503/2503 2601/2601
f 2595/2595 2503/2503 2584/2584
f 2601/2601 2595/2595 2584/2584
f 2601/2601 2503/2503 2595/2595
f 2695/2695 2631/2631 2601/2601
f 2695/2695 2601/2601 2593/2593
f 2589/2589 2364/2364 2714/2714
f 2736/2736 2620/2620 2714/2714
f 7132/7132 7090/7090 7141/7141
f 7141/7141 7379/7379 7132/7132
f 7379/7379 7141/7141 8628/8628
f 6455/6455 7141/7141 6930/6930
f 5846/5846 8628/8628 7141/7141
f 6455/6455 5846/5846 7141/7141
f 7151/7151 7133/7133 7146/7146
f 7151/7151 7146/7146 7364/7364
f 2447/2447 2446/2446 2427/2427
f 2444/2444 2427/2427 2446/2446
f 2466/2466 2444/2444 2446/2446
f 2462/2462 2466/2466 2446/2446
f 2447/2447 2462/2462 2446/2446
f 2462/2462 2447/2447 2453/2453
f 2459/2459 2453/2453 2447/2447
f 2459/2459 2462/2462 2453/2453
f 2358/2358 2513/2513 2356/2356
f 2352/2352 2358/2358 2356/2356
f 2513/2513 2352/2352 2356/2356
f 2472/2472 2352/2352 2513/2513
f 2351/2351 2352/2352 2472/2472
f 2454/2454 2351/2351 2472/2472
f 2513/2513 2454/2454 2472/2472
f 2303/2303 2360/2360 2457/2457
f 2827/2827 2303/2303 2457/2457
f 2827/2827 2457/2457 2639/2639
f 2488/2488 2639/2639 2457/2457
f 2488/2488 2461/2461 2639/2639
f 2359/2359 2726/2726 2708/2708
f 2409/2409 2359/2359 2708/2708
f 2353/2353 2359/2359 2409/2409
f 2493/2493 2353/2353 2409/2409
f 2493/2493 2563/2563 2451/2451
f 2582/2582 2451/2451 2563/2563
f 2582/2582 2563/2563 2493/2493
f 2493/2493 2708/2708 2582/2582
f 2708/2708 2493/2493 2409/2409
f 7211/7211 7022/7022 6950/6950
f 7241/7241 6939/6939 7054/7054
f 7350/7350 7383/7383 7344/7344
f 7350/7350 7382/7382 7383/7383
f 7166/7166 7383/7383 7382/7382
f 7344/7344 7382/7382 7350/7350
f 7429/7429 7175/7175 7261/7261
f 7387/7387 7429/7429 7261/7261
f 7261/7261 7382/7382 7383/7383
f 7387/7387 7261/7261 7383/7383
f 7523/7523 7429/7429 7166/7166
f 3060/3060 3316/3316 2827/2827
f 3060/3060 3069/3069 3316/3316
f 3069/3069 3049/3049 3052/3052
f 3060/3060 3052/3052 3049/3049
f 3069/3069 3052/3052 3060/3060
f 2827/2827 2983/2983 3060/3060
f 3316/3316 3069/3069 2983/2983
f 2629/2629 2983/2983 2827/2827
f 7544/7544 7379/7379 7780/7780
f 6964/6964 7166/7166 7175/7175
f 7176/7176 7175/7175 7184/7184
f 6964/6964 7175/7175 7176/7176
f 7184/7184 6964/6964 7176/7176
f 7382/7382 7261/7261 7166/7166
f 2523/2523 2675/2675 2728/2728
f 1503/1503 1599/1599 1522/1522
f 1503/1503 1660/1660 1599/1599
f 7320/7320 7329/7329 7321/7321
f 7360/7360 7320/7320 7321/7321
f 7329/7329 7320/7320 7360/7360
f 7523/7523 7166/7166 7329/7329
f 7429/7429 7387/7387 7166/7166
f 1522/1522 1780/1780 1503/1503
f 2664/2664 2635/2635 2599/2599
f 2734/2734 2635/2635 2664/2664
f 2599/2599 2635/2635 2734/2734
f 2336/2336 2237/2237 2331/2331
f 8391/8391 8450/8450 8959/8959
f 8782/8782 8340/8340 8959/8959
f 8187/8187 8391/8391 8959/8959
f 8187/8187 8959/8959 8369/8369
f 8369/8369 8959/8959 8340/8340
f 8340/8340 8187/8187 8369/8369
f 8450/8450 8391/8391 8187/8187
f 8260/8260 8340/8340 8307/8307
f 8239/8239 8307/8307 8340/8340
f 8340/8340 8782/8782 8239/8239
f 2774/2774 2649/2649 2870/2870
f 2596/2596 2583/2583 2603/2603
f 2619/2619 2583/2583 2596/2596
f 2603/2603 2619/2619 2596/2596
f 2619/2619 2613/2613 2614/2614
f 2614/2614 2613/2613 2632/2632
f 2632/2632 2613/2613 2619/2619
f 6779/6779 6790/6790 6750/6750
f 6141/6141 6135/6135 6750/6750
f 6193/6193 6141/6141 6750/6750
f 6790/6790 6193/6193 6750/6750
f 6193/6193 6135/6135 6141/6141
f 6107/6107 6135/6135 6125/6125
f 6193/6193 6125/6125 6135/6135
f 6107/6107 6125/6125 6193/6193
f 2893/2893 2889/2889 2895/2895
f 2966/2966 2889/2889 2893/2893
f 2895/2895 2889/2889 2966/2966
f 2966/2966 2951/2951 2895/2895
f 2951/2951 2966/2966 3124/3124
f 2954/2954 2778/2778 2718/2718
f 2687/2687 2778/2778 2954/2954
f 2687/2687 2954/2954 2763/2763
f 3312/3312 2763/2763 3228/3228
f 3314/3314 3312/3312 3228/3228
f 3131/3131 3314/3314 3228/3228
f 3347/3347 2911/2911 2986/2986
f 3003/3003 3347/3347 2986/2986
f 2902/2902 2911/2911 2887/2887
f 2903/2903 2922/2922 2906/2906
f 2921/2921 2922/2922 2903/2903
f 2906/2906 2921/2921 2903/2903
f 3131/3131 2887/2887 2911/2911
f 3131/3131 2922/2922 2887/2887
f 2921/2921 2922/2922 3131/3131
f 3347/3347 3131/3131 2911/2911
f 2677/2677 2880/2880 2668/2668
f 2898/2898 2880/2880 2677/2677
f 2641/2641 2646/2646 2677/2677
f 2636/2636 2646/2646 2641/2641
f 2677/2677 2646/2646 2636/2636
f 6205/6205 6175/6175 6357/6357
f 6071/6071 6175/6175 6114/6114
f 6205/6205 6114/6114 6175/6175
f 6071/6071 6114/6114 6205/6205
f 2778/2778 2902/2902 2718/2718
f 6982/6982 7241/7241 7218/7218
f 8361/8361 8398/8398 8104/8104
f 8416/8416 8398/8398 8361/8361
f 8405/8405 8416/8416 8361/8361
f 8398/8398 8416/8416 8405/8405
f 8437/8437 8104/8104 8398/8398
f 7241/7241 8104/8104 8072/8072
f 2640/2640 2702/2702 2695/2695
f 7261/7261 7175/7175 7166/7166
f 2714/2714 2671/2671 2727/2727
f 2727/2727 2736/2736 2714/2714
f 2523/2523 2612/2612 2675/2675
f 2675/2675 2612/2612 2728/2728
f 2728/2728 2612/2612 2644/2644
f 2645/2645 2644/2644 2612/2612
f 2728/2728 2644/2644 2645/2645
f 2682/2682 2698/2698 2660/2660
f 2704/2704 2682/2682 2660/2660
f 2698/2698 2704/2704 2660/2660
f 2704/2704 2746/2746 2682/2682
f 2717/2717 2697/2697 2698/2698
f 2697/2697 2704/2704 2698/2698
f 2717/2717 2704/2704 2697/2697
f 2704/2704 2682/2682 2746/2746
f 8012/8012 8031/8031 8628/8628
f 8628/8628 8031/8031 7765/7765
f 7881/7881 7765/7765 7888/7888
f 7783/7783 7764/7764 7881/7881
f 7765/7765 7783/7783 7881/7881
f 7764/7764 7783/7783 7765/7765
f 7780/7780 7765/7765 7881/7881
f 7765/7765 7780/7780 8628/8628
f 7881/7881 7895/7895 7780/7780
f 2885/2885 3304/3304 2140/2140
f 3377/3377 3371/3371 3401/3401
f 3401/3401 3371/3371 3422/3422
f 3351/3351 3149/3149 3401/3401
f 3144/3144 3149/3149 3138/3138
f 3163/3163 3149/3149 3144/3144
f 3401/3401 3149/3149 3163/3163
f 3163/3163 3144/3144 3138/3138
f 3377/3377 3401/3401 3163/3163
f 7307/7307 7277/7277 7273/7273
f 7290/7290 7273/7273 7277/7277
f 7307/7307 7290/7290 7277/7277
f 7308/7308 7284/7284 7307/7307
f 7291/7291 7308/7308 7307/7307
f 7286/7286 7308/7308 7291/7291
f 7285/7285 7286/7286 7291/7291
f 7308/7308 7286/7286 7285/7285
f 7279/7279 7307/7307 7284/7284
f 7285/7285 7279/7279 7284/7284
f 7284/7284 7308/7308 7285/7285
f 2519/2519 2663/2663 2723/2723
f 2662/2662 2659/2659 2663/2663
f 2723/2723 2659/2659 2662/2662
f 2663/2663 2659/2659 2723/2723
f 2816/2816 2634/2634 2912/2912
f 2274/2274 2816/2816 2912/2912
f 2869/2869 2274/2274 2912/2912
f 2938/2938 2912/2912 2634/2634
f 2926/2926 2916/2916 2869/2869
f 2936/2936 2916/2916 2926/2926
f 2869/2869 2936/2936 2926/2926
f 2912/2912 2936/2936 2869/2869
f 2936/2936 2912/2912 2938/2938
f 3183/3183 2936/2936 2938/2938
f 2936/2936 2274/2274 2869/2869
f 2936/2936 3183/3183 2274/2274
f 3334/3334 3315/3315 3277/3277
f 3346/3346 3277/3277 3315/3315
f 3346/3346 3315/3315 3334/3334
f 3346/3346 3585/3585 3379/3379
f 2859/2859 2855/2855 2784/2784
f 2855/2855 2859/2859 2872/2872
f 2872/2872 2910/2910 2855/2855
f 2866/2866 2872/2872 2875/2875
f 2910/2910 2866/2866 2875/2875
f 2872/2872 2910/2910 2875/2875
f 2859/2859 2910/2910 2872/2872
f 7441/7441 7414/7414 7454/7454
f 7454/7454 7414/7414 7409/7409
f 8104/8104 7167/7167 7558/7558
f 7167/7167 8104/8104 6982/6982
f 2826/2826 2785/2785 2822/2822
f 2843/2843 2822/2822 2830/2830
f 2856/2856 2826/2826 2822/2822
f 2856/2856 2785/2785 2826/2826
f 2831/2831 2817/2817 2856/2856
f 2846/2846 2817/2817 2831/2831
f 2846/2846 2831/2831 2856/2856
f 2858/2858 2846/2846 2856/2856
f 2865/2865 2846/2846 2858/2858
f 2867/2867 2858/2858 2856/2856
f 2856/2856 2843/2843 2860/2860
f 2867/2867 2856/2856 2860/2860
f 2843/2843 2867/2867 2860/2860
f 2830/2830 2839/2839 2843/2843
f 2839/2839 2830/2830 2822/2822
f 2900/2900 2858/2858 2867/2867
f 2900/2900 2865/2865 2858/2858
f 1771/1771 2533/2533 2336/2336
f 2336/2336 2533/2533 2237/2237
f 3571/3571 3371/3371 3377/3377
f 3571/3571 3422/3422 3371/3371
f 7305/7305 7113/7113 7304/7304
f 7303/7303 7295/7295 7335/7335
f 7298/7298 7313/7313 7295/7295
f 7300/7300 7298/7298 7295/7295
f 7313/7313 7298/7298 7300/7300
f 7335/7335 7295/7295 7313/7313
f 7355/7355 7335/7335 7313/7313
f 7359/7359 7355/7355 7313/7313
f 7372/7372 7355/7355 7359/7359
f 7313/7313 7372/7372 7359/7359
f 2655/2655 2633/2633 2699/2699
f 2655/2655 2681/2681 2633/2633
f 2699/2699 2681/2681 2655/2655
f 2582/2582 2708/2708 2726/2726
f 868/868 6038/6038 5824/5824
f 868/868 5824/5824 5794/5794
f 5785/5785 5794/5794 5824/5824
f 868/868 5794/5794 5785/5785
f 7052/7052 6779/6779 6955/6955
f 7052/7052 6955/6955 7214/7214
f 7544/7544 7014/7014 7379/7379
f 6295/6295 6192/6192 6510/6510
f 7425/7425 7439/7439 7309/7309
f 7301/7301 7425/7425 7302/7302
f 7309/7309 7301/7301 7302/7302
f 7302/7302 7425/7425 7309/7309
f 7440/7440 7439/7439 7425/7425
f 7470/7470 7476/7476 7473/7473
f 7457/7457 7470/7470 7473/7473
f 7457/7457 7476/7476 7470/7470
f 7457/7457 7309/7309 7439/7439
f 7374/7374 7303/7303 7371/7371
f 7355/7355 7374/7374 7371/7371
f 7303/7303 7355/7355 7371/7371
f 7355/7355 7303/7303 7335/7335
f 2954/2954 2718/2718 3228/3228
f 5037/5037 5591/5591 1100/1100
f 5615/5615 5591/5591 5037/5037
f 4956/4956 5615/5615 5037/5037
f 5009/5009 4956/4956 5037/5037
f 5615/5615 4956/4956 5009/5009
f 1100/1100 5615/5615 5037/5037
f 4876/4876 4910/4910 5237/5237
f 5615/5615 5525/5525 5591/5591
f 1100/1100 5591/5591 5237/5237
f 7128/7128 7828/7828 7142/7142
f 7142/7142 7671/7671 6818/6818
f 6818/6818 7671/7671 7478/7478
f 7887/7887 7704/7704 7944/7944
f 7592/7592 7704/7704 7514/7514
f 9123/9123 9169/9169 9089/9089
f 9130/9130 9123/9123 9021/9021
f 9021/9021 9123/9123 9092/9092
f 9089/9089 9092/9092 9123/9123
f 9089/9089 9021/9021 9092/9092
f 8889/8889 9130/9130 9021/9021
f 9086/9086 8889/8889 9089/9089
f 9086/9086 9089/9089 8782/8782
f 9169/9169 8782/8782 9089/9089
f 1921/1921 1567/1567 1577/1577
f 1924/1924 1949/1949 1922/1922
f 1908/1908 1921/1921 1885/1885
f 1921/1921 1577/1577 1885/1885
f 1485/1485 1620/1620 1577/1577
f 879/879 1426/1426 1577/1577
f 1485/1485 1577/1577 1426/1426
f 1458/1458 1485/1485 1471/1471
f 1458/1458 1471/1471 1426/1426
f 1426/1426 1485/1485 1458/1458
f 1426/1426 1620/1620 1485/1485
f 1885/1885 1577/1577 1620/1620
f 1864/1864 1885/1885 1833/1833
f 889/889 718/718 1620/1620
f 879/879 1620/1620 1426/1426
f 1577/1577 1100/1100 879/879
f 879/879 889/889 1620/1620
f 1908/1908 718/718 2110/2110
f 1885/1885 718/718 1908/1908
f 1908/1908 2110/2110 1921/1921
f 1833/1833 1837/1837 1864/1864
f 1885/1885 1837/1837 1833/1833
f 1620/1620 718/718 1885/1885
f 7538/7538 7517/7517 7558/7558
f 7540/7540 7538/7538 7558/7558
f 7540/7540 7517/7517 7538/7538
f 7570/7570 8104/8104 7558/7558
f 3301/3301 3098/3098 3297/3297
f 3316/3316 2978/2978 2827/2827
f 2945/2945 2950/2950 2978/2978
f 3078/3078 2945/2945 2978/2978
f 2937/2937 2978/2978 2950/2950
f 2945/2945 2937/2937 2950/2950
f 2827/2827 2978/2978 2945/2945
f 3078/3078 2827/2827 2945/2945
f 3078/3078 2978/2978 3316/3316
f 2331/2331 2335/2335 2336/2336
f 2335/2335 2331/2331 2237/2237
f 2389/2389 2335/2335 2237/2237
f 1769/1769 2389/2389 2003/2003
f 1980/1980 2003/2003 2070/2070
f 2070/2070 2237/2237 1980/1980
f 1980/1980 1769/1769 2003/2003
f 2237/2237 1769/1769 1980/1980
f 2058/2058 2389/2389 2237/2237
f 2058/2058 2237/2237 2070/2070
f 2003/2003 2058/2058 2070/2070
f 2389/2389 2058/2058 2003/2003
f 8489/8489 8187/8187 8342/8342
f 8016/8016 7551/7551 8342/8342
f 3558/3558 2901/2901 2968/2968
f 2426/2426 3558/3558 2968/2968
f 3050/3050 2426/2426 2968/2968
f 2754/2754 2426/2426 3050/3050
f 2494/2494 2426/2426 2754/2754
f 5753/5753 6745/6745 5840/5840
f 6102/6102 5982/5982 5840/5840
f 5840/5840 6295/6295 6102/6102
f 6000/6000 5953/5953 5929/5929
f 5954/5954 5929/5929 5953/5953
f 5954/5954 5953/5953 6000/6000
f 5991/5991 5954/5954 5977/5977
f 5991/5991 6047/6047 5954/5954
f 5977/5977 6047/6047 5991/5991
f 6295/6295 6047/6047 6102/6102
f 6047/6047 6295/6295 6510/6510
f 6006/6006 6061/6061 6102/6102
f 6102/6102 6061/6061 5942/5942
f 6061/6061 6006/6006 5942/5942
f 5926/5926 5942/5942 5946/5946
f 5550/5550 5926/5926 5946/5946
f 5550/5550 5942/5942 5926/5926
f 5982/5982 6102/6102 5942/5942
f 5550/5550 5982/5982 5942/5942
f 5982/5982 5550/5550 5840/5840
f 6779/6779 7052/7052 6790/6790
f 6193/6193 6790/6790 7052/7052
f 7575/7575 7488/7488 7742/7742
f 7616/7616 7575/7575 7742/7742
f 7809/7809 7616/7616 7742/7742
f 7616/7616 7809/7809 7854/7854
f 7620/7620 7616/7616 7854/7854
f 7620/7620 7658/7658 7638/7638
f 7638/7638 7658/7658 7622/7622
f 7620/7620 7638/7638 7622/7622
f 7616/7616 7620/7620 7575/7575
f 7554/7554 7575/7575 7854/7854
f 7854/7854 7575/7575 7620/7620
f 7809/7809 7554/7554 7854/7854
f 1857/1857 1653/1653 1656/1656
f 1777/1777 1623/1623 1653/1653
f 7133/7133 7151/7151 7364/7364
f 7361/7361 7133/7133 7364/7364
f 7369/7369 7361/7361 7364/7364
f 7133/7133 7361/7361 7369/7369
f 3301/3301 3365/3365 3071/3071
f 3297/3297 3365/3365 3301/3301
f 2880/2880 2898/2898 2668/2668
f 5518/5518 5710/5710 5310/5310
f 5730/5730 5710/5710 5518/5518
f 9086/9086 8782/8782 8959/8959
f 9086/9086 8489/8489 9033/9033
f 9048/9048 9033/9033 8489/8489
f 9048/9048 8489/8489 8994/8994
f 8889/8889 9048/9048 8994/8994
f 8489/8489 8889/8889 8994/8994
f 9086/9086 9033/9033 9048/9048
f 2494/2494 2968/2968 2901/2901
f 2814/2814 2494/2494 2901/2901
f 1777/1777 1653/1653 1857/1857
f 2902/2902 2887/2887 2718/2718
f 3228/3228 2718/2718 3004/3004
f 3228/3228 3004/3004 3131/3131
f 5615/5615 1577/1577 1567/1567
f 1577/1577 5615/5615 1100/1100
f 7441/7441 7409/7409 7414/7414
f 2894/2894 2911/2911 2902/2902
f 2894/2894 2884/2884 2911/2911
f 3003/3003 2986/2986 2969/2969
f 2884/2884 2969/2969 2986/2986
f 2972/2972 3003/3003 2969/2969
f 2884/2884 2914/2914 2969/2969
f 2972/2972 2969/2969 2914/2914
f 2905/2905 2914/2914 2884/2884
f 2911/2911 2884/2884 2986/2986
f 2914/2914 2904/2904 2905/2905
f 2972/2972 2914/2914 2905/2905
f 2972/2972 2905/2905 2884/2884
f 2894/2894 2972/2972 2884/2884
f 7349/7349 7354/7354 7332/7332
f 7376/7376 7332/7332 7354/7354
f 7376/7376 7354/7354 7349/7349
f 7404/7404 7411/7411 7376/7376
f 7428/7428 7404/7404 7376/7376
f 7407/7407 7376/7376 7411/7411
f 7436/7436 7407/7407 7411/7411
f 7455/7455 7407/7407 7436/7436
f 7451/7451 7455/7455 7436/7436
f 7411/7411 7451/7451 7436/7436
f 7438/7438 7451/7451 7416/7416
f 7411/7411 7416/7416 7451/7451
f 7404/7404 7416/7416 7411/7411
f 7428/7428 7408/7408 7404/7404
f 7443/7443 7404/7404 7408/7408
f 7416/7416 7404/7404 7443/7443
f 7458/7458 7408/7408 7428/7428
f 7443/7443 7408/7408 7458/7458
f 7443/7443 7458/7458 7452/7452
f 7452/7452 7442/7442 7443/7443
f 7456/7456 7442/7442 7452/7452
f 7438/7438 7442/7442 7456/7456
f 7443/7443 7442/7442 7438/7438
f 7416/7416 7443/7443 7438/7438
f 7797/7797 7521/7521 7640/7640
f 7591/7591 7640/7640 7521/7521
f 7559/7559 7591/7591 7521/7521
f 7560/7560 7559/7559 7521/7521
f 7591/7591 7559/7559 7560/7560
f 7591/7591 7797/7797 7640/7640
f 8574/8574 9131/9131 9079/9079
f 9131/9131 9121/9121 9105/9105
f 9079/9079 9105/9105 9121/9121
f 9079/9079 9121/9121 9131/9131
f 9079/9079 9131/9131 9154/9154
f 9154/9154 9137/9137 9079/9079
f 9140/9140 9154/9154 9131/9131
f 9137/9137 9154/9154 9179/9179
f 9108/9108 9134/9134 9111/9111
f 9102/9102 9111/9111 9134/9134
f 9108/9108 9111/9111 9102/9102
f 8170/8170 9094/9094 9120/9120
f 9102/9102 9120/9120 9094/9094
f 9102/9102 9094/9094 8170/8170
f 9108/9108 9102/9102 8170/8170
f 2494/2494 3050/3050 2968/2968
f 2337/2337 2851/2851 2809/2809
f 2494/2494 2832/2832 2851/2851
f 2814/2814 2832/2832 2494/2494
f 2832/2832 2814/2814 2845/2845
f 2854/2854 2845/2845 2814/2814
f 2832/2832 2845/2845 2854/2854
f 2851/2851 2832/2832 2809/2809
f 7336/7336 7569/7569 7532/7532
f 3216/3216 3071/3071 3365/3365
f 3071/3071 3211/3211 3098/3098
f 3169/3169 3297/3297 3098/3098
f 3169/3169 3098/3098 3201/3201
f 3169/3169 3201/3201 3198/3198
f 3203/3203 3169/3169 3198/3198
f 3203/3203 3198/3198 3201/3201
f 3204/3204 3203/3203 3201/3201
f 3206/3206 3203/3203 3204/3204
f 3201/3201 3206/3206 3204/3204
f 3098/3098 3202/3202 3201/3201
f 3202/3202 3211/3211 3206/3206
f 3211/3211 3202/3202 3098/3098
f 3216/3216 3206/3206 3211/3211
f 3071/3071 3216/3216 3211/3211
f 2887/2887 3004/3004 2718/2718
f 7208/7208 7128/7128 7142/7142
f 3316/3316 2983/2983 2629/2629
f 3375/3375 3316/3316 2629/2629
f 3097/3097 3782/3782 2938/2938
f 3814/3814 3793/3793 3837/3837
f 3780/3780 3793/3793 3814/3814
f 3780/3780 3837/3837 3793/3793
f 3581/3581 3640/3640 3597/3597
f 3597/3597 3640/3640 3591/3591
f 3741/3741 3597/3597 3591/3591
f 7379/7379 8628/8628 7487/7487
f 7469/7469 7379/7379 7487/7487
f 7487/7487 7484/7484 7469/7469
f 7484/7484 7490/7490 7469/7469
f 7487/7487 7490/7490 7484/7484
f 7487/7487 7780/7780 7469/7469
f 7487/7487 8628/8628 7780/7780
f 7647/7647 7980/7980 7572/7572
f 7433/7433 7647/7647 7572/7572
f 7433/7433 7547/7547 7572/7572
f 7980/7980 7433/7433 7572/7572
f 7528/7528 7547/7547 7433/7433
f 7572/7572 7547/7547 7528/7528
f 7980/7980 7336/7336 7433/7433
f 7569/7569 7336/7336 7980/7980
f 2840/2840 2827/2827 3078/3078
f 8737/8737 7325/7325 9113/9113
f 9126/9126 8782/8782 9125/9125
f 9152/9152 9125/9125 8782/8782
f 9126/9126 9125/9125 9129/9129
f 9135/9135 9129/9129 9125/9125
f 9135/9135 9126/9126 9129/9129
f 9152/9152 9126/9126 9125/9125
f 8782/8782 9126/9126 9113/9113
f 9113/9113 9126/9126 9208/9208
f 9126/9126 9152/9152 9208/9208
f 9208/9208 9152/9152 9169/9169
f 9123/9123 9160/9160 9169/9169
f 8782/8782 9169/9169 9152/9152
f 9130/9130 9145/9145 9123/9123
f 9145/9145 9147/9147 9123/9123
f 9158/9158 9160/9160 9150/9150
f 9162/9162 9158/9158 9150/9150
f 9162/9162 9160/9160 9158/9158
f 9169/9169 9160/9160 9162/9162
f 9130/9130 9147/9147 9145/9145
f 9041/9041 8992/8992 9039/9039
f 9041/9041 9039/9039 9024/9024
f 9024/9024 9039/9039 9130/9130
f 8796/8796 9130/9130 8342/8342
f 9068/9068 8796/8796 8342/8342
f 9130/9130 8796/8796 9024/9024
f 1362/1362 1305/1305 1387/1387
f 1387/1387 1305/1305 1108/1108
f 1376/1376 1387/1387 1108/1108
f 1362/1362 1524/1524 1305/1305
f 1456/1456 1507/1507 1777/1777
f 6866/6866 6080/6080 6164/6164
f 6818/6818 6580/6580 6156/6156
f 6443/6443 6580/6580 6818/6818
f 6580/6580 6517/6517 6483/6483
f 6443/6443 6483/6483 6517/6517
f 6443/6443 6580/6580 6483/6483
f 6443/6443 6156/6156 6580/6580
f 6818/6818 6470/6470 6443/6443
f 2922/2922 3004/3004 2887/2887
f 2921/2921 3004/3004 2922/2922
f 3131/3131 3004/3004 2921/2921
f 889/889 879/879 835/835
f 917/917 889/889 835/835
f 901/901 917/917 835/835
f 889/889 917/917 901/901
f 2885/2885 2221/2221 3304/3304
f 396/396 5008/5008 294/294
f 362/362 294/294 404/404
f 7665/7665 7525/7525 7492/7492
f 7906/7906 7525/7525 7665/7665
f 7492/7492 7525/7525 7906/7906
f 1240/1240 1504/1504 1171/1171
f 7424/7424 7445/7445 7448/7448
f 7424/7424 7618/7618 7445/7445
f 7618/7618 7424/7424 7448/7448
f 7445/7445 7618/7618 7732/7732
f 7732/7732 7394/7394 7445/7445
f 7618/7618 7529/7529 7732/7732
f 7385/7385 7529/7529 7618/7618
f 7385/7385 7472/7472 7529/7529
f 7394/7394 7472/7472 7385/7385
f 7394/7394 7385/7385 7410/7410
f 7445/7445 7394/7394 7410/7410
f 7732/7732 7529/7529 7394/7394
f 3098/3098 3301/3301 3071/3071
f 7188/7188 7128/7128 7193/7193
f 7205/7205 7188/7188 7193/7193
f 7128/7128 7205/7205 7193/7193
f 7205/7205 7128/7128 7208/7208
f 7828/7828 7671/7671 7142/7142
f 8018/8018 7465/7465 7812/7812
f 3228/3228 2763/2763 2954/2954
f 1529/1529 2533/2533 1771/1771
f 1303/1303 2533/2533 1429/1429
f 6080/6080 6326/6326 6378/6378
f 6866/6866 6326/6326 6080/6080
f 6409/6409 6326/6326 6866/6866
f 6327/6327 6409/6409 6866/6866
f 6326/6326 6409/6409 6327/6327
f 6378/6378 6327/6327 6305/6305
f 6305/6305 6327/6327 6232/6232
f 6378/6378 6305/6305 6232/6232
f 6232/6232 6327/6327 6318/6318
f 6238/6238 6378/6378 6232/6232
f 6227/6227 6378/6378 6238/6238
f 6232/6232 6227/6227 6238/6238
f 6080/6080 6232/6232 6105/6105
f 6232/6232 6384/6384 6105/6105
f 6318/6318 6384/6384 6232/6232
f 6327/6327 6384/6384 6318/6318
f 6105/6105 6384/6384 6156/6156
f 6156/6156 6384/6384 6866/6866
f 6818/6818 6156/6156 6866/6866
f 3530/3530 3576/3576 3513/3513
f 3456/3456 3530/3530 3513/3513
f 3515/3515 3513/3513 3576/3576
f 3456/3456 3513/3513 3576/3576
f 3576/3576 3553/3553 3456/3456
f 3515/3515 3601/3601 3576/3576
f 3515/3515 3530/3530 3601/3601
f 3576/3576 3530/3530 3515/3515
f 3601/3601 3785/3785 3752/3752
f 3576/3576 3752/3752 3553/3553
f 3251/3251 3456/3456 3553/3553
f 3643/3643 3639/3639 3623/3623
f 3553/3553 3639/3639 3643/3643
f 3623/3623 3553/3553 3643/3643
f 3785/3785 3553/3553 3752/3752
f 3576/3576 3601/3601 3752/3752
f 2919/2919 2881/2881 2892/2892
f 2892/2892 2881/2881 2919/2919
f 2919/2919 2878/2878 2892/2892
f 2892/2892 2878/2878 2919/2919
f 2909/2909 2899/2899 2919/2919
f 2892/2892 2899/2899 2909/2909
f 2899/2899 2892/2892 2919/2919
f 7205/7205 7208/7208 7142/7142
f 7601/7601 8127/8127 8134/8134
f 7583/7583 7812/7812 7465/7465
f 7464/7464 7475/7475 7480/7480
f 7460/7460 7464/7464 7480/7480
f 7471/7471 7460/7460 7480/7480
f 7595/7595 7479/7479 7475/7475
f 7475/7475 7479/7479 7496/7496
f 7595/7595 7496/7496 7479/7479
f 7480/7480 7475/7475 7496/7496
f 7595/7595 7522/7522 7496/7496
f 7480/7480 7496/7496 7495/7495
f 7453/7453 7471/7471 7495/7495
f 7495/7495 7471/7471 7480/7480
f 7495/7495 7605/7605 7453/7453
f 7483/7483 7453/7453 7605/7605
f 7576/7576 7605/7605 7495/7495
f 7711/7711 7680/7680 7522/7522
f 7758/7758 7711/7711 7522/7522
f 7770/7770 7758/7758 7522/7522
f 7758/7758 7754/7754 7711/7711
f 7786/7786 7711/7711 7754/7754
f 7753/7753 7786/7786 7754/7754
f 7770/7770 7753/7753 7754/7754
f 7770/7770 7786/7786 7753/7753
f 7595/7595 7770/7770 7522/7522
f 7495/7495 7496/7496 7522/7522
f 7680/7680 7495/7495 7522/7522
f 7576/7576 7495/7495 7680/7680
f 7483/7483 7605/7605 7576/7576
f 7499/7499 7483/7483 7576/7576
f 7499/7499 7576/7576 7563/7563
f 7629/7629 7563/7563 7576/7576
f 7628/7628 7576/7576 7787/7787
f 7773/7773 7628/7628 7787/7787
f 7714/7714 7628/7628 7773/7773
f 7771/7771 7714/7714 7773/7773
f 7549/7549 7714/7714 7666/7666
f 7626/7626 7503/7503 7450/7450
f 7505/7505 7450/7450 7503/7503
f 7506/7506 7450/7450 7505/7505
f 7508/7508 7450/7450 7506/7506
f 7505/7505 7508/7508 7506/7506
f 7505/7505 7503/7503 7619/7619
f 7626/7626 7645/7645 7503/7503
f 7566/7566 7539/7539 7505/7505
f 7539/7539 7536/7536 7505/7505
f 7539/7539 7566/7566 7536/7536
f 7619/7619 7636/7636 7582/7582
f 7645/7645 7619/7619 7503/7503
f 7661/7661 7582/7582 7636/7636
f 7619/7619 7661/7661 7636/7636
f 7688/7688 7619/7619 7635/7635
f 7635/7635 7619/7619 7645/7645
f 7688/7688 7635/7635 7645/7645
f 7629/7629 7587/7587 7493/7493
f 7499/7499 7629/7629 7493/7493
f 7563/7563 7629/7629 7499/7499
f 7513/7513 7489/7489 7518/7518
f 7437/7437 7489/7489 7513/7513
f 7459/7459 7489/7489 7437/7437
f 7518/7518 7489/7489 7459/7459
f 7491/7491 7553/7553 7524/7524
f 7541/7541 7491/7491 7524/7524
f 7541/7541 7604/7604 7555/7555
f 7580/7580 7555/7555 7604/7604
f 7580/7580 7604/7604 7541/7541
f 7673/7673 7634/7634 7580/7580
f 7641/7641 7673/7673 7580/7580
f 7630/7630 7611/7611 7668/7668
f 7541/7541 7668/7668 7611/7611
f 7641/7641 7611/7611 7630/7630
f 7668/7668 7641/7641 7630/7630
f 7673/7673 7641/7641 7668/7668
f 7674/7674 7634/7634 7673/7673
f 7674/7674 7673/7673 7602/7602
f 7668/7668 7674/7674 7602/7602
f 7668/7668 7602/7602 7673/7673
f 7567/7567 7668/7668 7541/7541
f 7541/7541 7553/7553 7567/7567
f 7537/7537 7668/7668 7567/7567
f 7553/7553 7537/7537 7567/7567
f 7543/7543 7537/7537 7552/7552
f 7553/7553 7537/7537 7543/7543
f 7553/7553 7543/7543 7552/7552
f 7541/7541 7524/7524 7553/7553
f 1317/1317 1171/1171 1557/1557
f 998/998 1171/1171 1317/1317
f 1557/1557 1240/1240 1317/1317
f 1240/1240 1557/1557 1504/1504
f 7439/7439 7440/7440 7457/7457
f 7515/7515 7509/7509 7526/7526
f 7527/7527 7526/7526 7509/7509
f 7515/7515 7526/7526 7527/7527
f 7576/7576 7587/7587 7629/7629
f 7549/7549 7493/7493 7587/7587
f 7493/7493 7549/7549 7594/7594
f 7493/7493 7594/7594 7516/7516
f 7549/7549 7516/7516 7594/7594
f 3027/3027 3044/3044 3039/3039
f 3054/3054 3027/3027 3039/3039
f 3054/3054 3039/3039 3044/3044
f 2994/2994 3002/3002 3027/3027
f 2996/2996 3027/3027 3002/3002
f 2996/2996 3002/3002 2994/2994
f 3045/3045 3017/3017 3034/3034
f 3017/3017 2987/2987 3034/3034
f 3045/3045 3034/3034 2987/2987
f 3316/3316 2840/2840 3078/3078
f 6192/6192 6745/6745 6510/6510
f 8889/8889 8489/8489 8342/8342
f 8889/8889 8342/8342 9130/9130
f 3074/3074 3067/3067 3054/3054
f 3075/3075 3054/3054 3067/3067
f 3073/3073 3075/3075 3067/3067
f 3074/3074 3073/3073 3067/3067
f 3110/3110 3056/3056 3234/3234
f 3101/3101 3056/3056 3110/3110
f 3234/3234 3101/3101 3110/3110
f 3186/3186 3179/3179 3234/3234
f 3247/3247 3179/3179 3186/3186
f 3247/3247 3186/3186 3234/3234
f 3269/3269 3276/3276 3247/3247
f 3282/3282 3269/3269 3247/3247
f 3282/3282 3276/3276 3269/3269
f 3145/3145 2888/2888 2970/2970
f 3089/3089 2970/2970 2888/2888
f 3145/3145 3089/3089 2888/2888
f 1303/1303 1769/1769 2237/2237
f 2389/2389 1769/1769 1303/1303
f 2111/2111 2389/2389 1303/1303
f 2335/2335 2389/2389 2111/2111
f 7895/7895 7544/7544 7780/7780
f 8220/8220 7381/7381 7544/7544
f 8226/8226 8220/8220 7544/7544
f 8249/8249 8220/8220 8226/8226
f 8249/8249 8226/8226 7544/7544
f 8249/8249 7544/7544 8012/8012
f 3126/3126 3136/3136 3088/3088
f 3126/3126 3308/3308 3348/3348
f 3088/3088 3308/3308 3126/3126
f 3088/3088 3136/3136 3308/3308
f 3341/3341 3126/3126 3348/3348
f 7529/7529 7472/7472 7394/7394
f 6105/6105 6164/6164 6080/6080
f 6105/6105 5793/5793 6164/6164
f 7336/7336 7647/7647 7433/7433
f 7647/7647 7336/7336 7568/7568
f 7531/7531 7647/7647 7568/7568
f 7980/7980 7647/7647 7531/7531
f 7531/7531 7569/7569 7980/7980
f 3456/3456 3251/3251 3530/3530
f 3435/3435 2938/2938 3782/3782
f 3435/3435 3788/3788 3183/3183
f 3435/3435 3782/3782 3788/3788
f 2341/2341 3788/3788 3782/3782
f 3188/3188 3006/3006 3147/3147
f 2941/2941 3147/3147 3006/3006
f 2941/2941 3188/3188 3147/3147
f 2940/2940 2941/2941 2955/2955
f 2940/2940 2955/2955 2897/2897
f 2897/2897 2941/2941 2940/2940
f 3770/3770 3597/3597 3741/3741
f 3770/3770 3581/3581 3597/3597
f 1777/1777 1857/1857 2101/2101
f 3594/3594 3591/3591 3640/3640
f 3536/3536 3640/3640 3581/3581
f 3586/3586 3640/3640 3536/3536
f 3446/3446 3594/3594 3640/3640
f 3581/3581 3475/3475 3536/3536
f 3467/3467 3536/3536 3475/3475
f 3467/3467 3586/3586 3536/3536
f 3446/3446 3640/3640 3586/3586
f 3446/3446 3591/3591 3594/3594
f 7714/7714 7576/7576 7628/7628
f 7549/7549 7587/7587 7576/7576
f 7549/7549 7576/7576 7714/7714
f 4802/4802 4910/4910 4876/4876
f 4793/4793 4802/4802 4876/4876
f 4834/4834 4910/4910 4793/4793
f 4802/4802 4910/4910 4834/4834
f 4793/4793 4802/4802 4834/4834
f 5237/5237 4910/4910 4802/4802
f 146/146 5237/5237 4802/4802
f 718/718 146/146 4793/4793
f 146/146 718/718 1100/1100
f 5237/5237 146/146 1100/1100
f 879/879 1100/1100 718/718
f 718/718 889/889 835/835
f 718/718 835/835 879/879
f 2665/2665 2176/2176 2494/2494
f 1718/1718 2665/2665 2337/2337
f 1319/1319 1532/1532 1574/1574
f 1718/1718 1574/1574 2665/2665
f 7697/7697 7787/7787 7576/7576
f 7680/7680 7697/7697 7576/7576
f 7711/7711 7697/7697 7680/7680
f 3050/3050 2494/2494 2754/2754
f 2931/2931 2754/2754 2975/2975
f 3050/3050 2931/2931 2975/2975
f 2754/2754 2931/2931 3050/3050
f 7554/7554 7488/7488 7575/7575
f 7205/7205 6818/6818 6866/6866
f 7142/7142 6818/6818 7205/7205
f 3310/3310 3530/3530 3251/3251
f 830/830 872/872 875/875
f 846/846 830/830 875/875
f 846/846 875/875 872/872
f 3514/3514 3099/3099 2863/2863
f 2871/2871 3514/3514 2863/2863
f 3099/3099 2871/2871 2863/2863
f 7669/7669 7639/7639 7660/7660
f 7666/7666 7639/7639 7669/7669
f 7666/7666 7669/7669 7660/7660
f 7743/7743 7666/7666 7714/7714
f 7771/7771 7666/7666 7743/7743
f 7714/7714 7771/7771 7743/7743
f 3422/3422 3351/3351 3401/3401
f 2533/2533 1303/1303 2237/2237
f 1504/1504 1557/1557 1171/1171
f 9132/9132 9140/9140 8574/8574
f 9131/9131 8574/8574 9140/9140
f 9132/9132 9179/9179 9140/9140
f 3314/3314 3131/3131 3347/3347
f 7568/7568 7336/7336 7532/7532
f 7418/7418 7402/7402 7568/7568
f 7432/7432 7402/7402 7418/7418
f 7568/7568 7432/7432 7418/7418
f 7532/7532 7432/7432 7568/7568
f 7585/7585 7432/7432 7532/7532
f 8574/8574 7585/7585 7532/7532
f 8574/8574 7532/7532 7569/7569
f 9068/9068 8342/8342 9005/9005
f 8796/8796 9068/9068 8824/8824
f 8825/8825 8824/8824 8841/8841
f 9024/9024 8825/8825 8841/8841
f 8824/8824 9024/9024 8841/8841
f 9041/9041 9024/9024 8992/8992
f 9112/9112 9039/9039 8992/8992
f 9116/9116 9112/9112 8992/8992
f 9039/9039 9112/9112 9116/9116
f 9147/9147 9130/9130 9039/9039
f 9100/9100 9110/9110 9116/9116
f 9100/9100 9109/9109 9110/9110
f 9104/9104 9109/9109 8992/8992
f 9116/9116 9110/9110 9109/9109
f 9068/9068 8992/8992 8824/8824
f 4648/4648 4610/4610 4623/4623
f 4560/4560 4623/4623 4454/4454
f 4634/4634 4610/4610 4621/4621
f 4627/4627 4634/4634 4621/4621
f 4610/4610 4627/4627 4621/4621
f 4648/4648 4634/4634 4610/4610
f 4577/4577 4634/4634 4648/4648
f 4699/4699 4648/4648 4623/4623
f 4577/4577 4648/4648 4632/4632
f 4689/4689 4632/4632 4648/4648
f 4596/4596 4607/4607 4587/4587
f 4632/4632 4607/4607 4596/4596
f 4633/4633 4689/4689 4648/4648
f 4646/4646 4633/4633 4648/4648
f 4648/4648 4704/4704 4646/4646
f 4699/4699 4704/4704 4648/4648
f 5726/5726 5769/5769 5475/5475
f 6982/6982 8104/8104 7241/7241
f 8170/8170 7585/7585 8574/8574
f 1961/1961 3183/3183 3788/3788
f 3183/3183 1961/1961 2101/2101
f 1961/1961 1790/1790 1842/1842
f 1791/1791 1790/1790 1961/1961
f 1842/1842 1910/1910 1888/1888
f 1790/1790 1888/1888 1910/1910
f 1842/1842 1888/1888 1790/1790
f 1842/1842 1790/1790 1791/1791
f 1900/1900 1842/1842 1791/1791
f 1961/1961 1842/1842 1900/1900
f 1791/1791 1652/1652 1900/1900
f 1662/1662 1791/1791 1729/1729
f 1652/1652 1791/1791 1736/1736
f 1662/1662 1709/1709 1736/1736
f 1651/1651 1652/1652 1709/1709
f 1652/1652 1709/1709 1625/1625
f 1709/1709 1662/1662 1625/1625
f 1900/1900 1652/1652 1625/1625
f 1625/1625 796/796 1900/1900
f 2761/2761 2754/2754 2745/2745
f 2731/2731 2745/2745 2754/2754
f 2731/2731 2761/2761 2745/2745
f 6378/6378 6232/6232 6080/6080
f 7697/7697 7711/7711 7786/7786
f 7715/7715 7713/7713 7716/7716
f 8349/8349 7715/7715 7716/7716
f 8349/8349 7713/7713 7715/7715
f 5404/5404 5475/5475 5769/5769
f 5397/5397 5505/5505 5410/5410
f 5475/5475 5404/5404 5410/5410
f 3349/3349 2840/2840 3316/3316
f 3343/3343 3364/3364 3349/3349
f 3364/3364 3345/3345 3349/3349
f 3345/3345 3364/3364 3343/3343
f 3344/3344 3336/3336 3345/3345
f 3343/3343 3344/3344 3345/3345
f 3343/3343 3336/3336 3344/3344
f 2938/2938 3435/3435 3183/3183
f 7723/7723 7779/7779 7713/7713
f 7656/7656 7708/7708 7713/7713
f 7723/7723 7713/7713 7708/7708
f 7708/7708 7794/7794 7656/7656
f 7810/7810 7794/7794 7708/7708
f 7656/7656 7794/7794 7810/7810
f 7708/7708 7656/7656 7723/7723
f 7779/7779 7716/7716 7713/7713
f 7465/7465 7851/7851 7583/7583
f 7968/7968 7583/7583 7951/7951
f 7954/7954 7951/7951 7583/7583
f 7954/7954 7968/7968 7951/7951
f 7851/7851 7954/7954 7583/7583
f 7993/7993 7954/7954 7851/7851
f 7994/7994 7993/7993 7851/7851
f 7877/7877 7903/7903 7862/7862
f 7903/7903 7994/7994 7851/7851
f 8014/8014 7993/7993 7994/7994
f 8014/8014 7994/7994 8005/8005
f 8018/8018 8014/8014 8005/8005
f 7995/7995 8018/8018 8005/8005
f 9208/9208 8737/8737 9113/9113
f 9205/9205 8737/8737 9208/9208
f 4560/4560 4555/4555 4623/4623
f 4454/4454 4555/4555 4560/4560
f 4555/4555 4634/4634 4577/4577
f 7656/7656 7779/7779 7723/7723
f 3238/3238 2910/2910 2859/2859
f 7852/7852 7766/7766 7819/7819
f 8081/8081 7766/7766 7852/7852
f 7896/7896 7766/7766 8081/8081
f 7924/7924 8081/8081 7852/7852
f 7924/7924 7852/7852 7931/7931
f 7924/7924 7923/7923 7909/7909
f 7931/7931 7924/7924 7909/7909
f 8081/8081 7924/7924 7931/7931
f 7931/7931 7909/7909 7923/7923
f 7931/7931 8103/8103 8081/8081
f 7861/7861 7867/7867 7821/7821
f 7821/7821 7867/7867 7819/7819
f 7729/7729 7861/7861 7821/7821
f 7819/7819 7729/7729 7821/7821
f 7852/7852 7819/7819 7867/7867
f 7867/7867 7931/7931 7852/7852
f 4718/4718 4630/4630 4485/4485
f 7650/7650 7685/7685 7679/7679
f 7922/7922 7942/7942 7932/7932
f 7922/7922 7913/7913 7942/7942
f 7932/7932 7913/7913 7922/7922
f 7856/7856 7883/7883 7725/7725
f 7857/7857 7883/7883 7856/7856
f 7857/7857 7856/7856 7725/7725
f 7776/7776 7751/7751 7806/7806
f 7752/7752 7776/7776 7806/7806
f 7751/7751 7776/7776 7752/7752
f 7719/7719 7738/7738 7693/7693
f 7718/7718 7738/7738 7719/7719
f 7693/7693 7718/7718 7719/7719
f 7679/7679 7685/7685 7684/7684
f 7679/7679 7684/7684 7670/7670
f 7676/7676 7670/7670 7684/7684
f 7676/7676 7684/7684 7664/7664
f 7650/7650 7679/7679 7670/7670
f 7652/7652 7685/7685 7650/7650
f 7667/7667 7652/7652 7650/7650
f 7649/7649 7652/7652 7667/7667
f 7670/7670 7667/7667 7650/7650
f 7676/7676 7667/7667 7670/7670
f 7664/7664 7649/7649 7667/7667
f 7664/7664 7667/7667 7676/7676
f 3598/3598 3530/3530 3310/3310
f 4199/4199 3677/3677 3243/3243
f 4199/4199 3243/3243 3517/3517
f 2253/2253 3243/3243 3677/3677
f 3409/3409 3305/3305 3386/3386
f 3305/3305 3409/3409 3424/3424
f 3428/3428 3305/3305 3424/3424
f 3428/3428 3424/3424 3409/3409
f 3386/3386 3853/3853 3476/3476
f 3853/3853 3386/3386 3305/3305
f 3375/3375 3349/3349 3316/3316
f 9007/9007 8364/8364 8503/8503
f 9028/9028 8364/8364 9007/9007
f 8997/8997 9028/9028 9007/9007
f 7995/7995 7465/7465 8018/8018
f 3341/3341 3348/3348 3373/3373
f 3348/3348 3382/3382 3373/3373
f 3373/3373 3382/3382 3436/3436
f 3413/3413 3436/3436 3382/3382
f 3348/3348 3413/3413 3382/3382
f 3307/3307 3342/3342 3413/3413
f 3335/3335 3413/3413 3342/3342
f 3307/3307 3335/3335 3342/3342
f 3308/3308 3318/3318 3309/3309
f 3307/3307 3309/3309 3318/3318
f 3307/3307 3308/3308 3309/3309
f 3348/3348 3308/3308 3307/3307
f 3348/3348 3307/3307 3413/3413
f 2111/2111 1303/1303 1236/1236
f 1529/1529 1254/1254 1493/1493
f 2533/2533 1529/1529 1493/1493
f 1493/1493 1576/1576 2533/2533
f 1429/1429 2533/2533 1576/1576
f 1535/1535 1429/1429 1576/1576
f 1429/1429 1535/1535 1512/1512
f 1576/1576 1512/1512 1535/1535
f 1309/1309 1303/1303 1429/1429
f 1312/1312 1309/1309 1398/1398
f 1225/1225 1312/1312 1398/1398
f 1309/1309 1312/1312 1225/1225
f 1236/1236 1303/1303 1225/1225
f 1309/1309 1225/1225 1303/1303
f 7748/7748 7886/7886 7817/7817
f 7731/7731 7886/7886 7748/7748
f 7890/7890 7835/7835 7886/7886
f 7905/7905 7890/7890 7921/7921
f 7879/7879 7905/7905 7921/7921
f 7890/7890 7905/7905 7879/7879
f 7886/7886 7835/7835 7817/7817
f 7730/7730 7748/7748 7817/7817
f 7730/7730 7731/7731 7748/7748
f 7682/7682 7678/7678 7683/7683
f 7677/7677 7682/7682 7683/7683
f 7678/7678 7677/7677 7683/7683
f 9075/9075 9122/9122 9005/9005
f 8768/8768 9075/9075 9005/9005
f 796/796 1456/1456 1777/1777
f 1900/1900 796/796 1777/1777
f 8005/8005 7465/7465 7995/7995
f 8170/8170 8574/8574 9079/9079
f 9108/9108 8170/8170 9099/9099
f 9090/9090 9099/9099 8170/8170
f 9090/9090 9108/9108 9099/9099
f 2156/2156 2143/2143 2135/2135
f 2134/2134 2135/2135 2143/2143
f 2134/2134 2156/2156 2135/2135
f 8005/8005 7994/7994 7465/7465
f 7903/7903 7851/7851 7465/7465
f 7877/7877 7862/7862 7869/7869
f 7903/7903 7877/7877 7869/7869
f 7994/7994 7903/7903 7465/7465
f 2665/2665 2494/2494 2851/2851
f 2463/2463 2967/2967 2859/2859
f 3618/3618 3864/3864 3622/3622
f 3757/3757 3864/3864 3620/3620
f 3620/3620 3864/3864 3618/3618
f 3805/3805 3620/3620 4452/4452
f 3757/3757 3620/3620 3805/3805
f 3734/3734 3757/3757 3805/3805
f 3781/3781 3757/3757 3734/3734
f 3805/3805 3781/3781 3734/3734
f 4452/4452 3864/3864 3805/3805
f 4187/4187 3710/3710 4452/4452
f 4508/4508 4575/4575 4452/4452
f 3840/3840 4452/4452 3620/3620
f 3840/3840 3620/3620 3618/3618
f 3429/3429 3667/3667 3656/3656
f 3840/3840 3656/3656 3667/3667
f 3429/3429 3840/3840 3667/3667
f 4452/4452 3840/3840 3429/3429
f 3429/3429 4508/4508 4452/4452
f 3429/3429 4021/4021 4508/4508
f 4021/4021 3429/3429 4060/4060
f 4508/4508 4021/4021 4060/4060
f 4092/4092 4135/4135 4033/4033
f 4150/4150 4033/4033 4085/4085
f 4092/4092 4033/4033 4150/4150
f 4101/4101 4085/4085 4033/4033
f 4150/4150 4085/4085 4101/4101
f 4150/4150 4135/4135 4092/4092
f 4580/4580 3895/3895 4135/4135
f 4580/4580 4135/4135 4150/4150
f 3967/3967 4135/4135 3895/3895
f 1108/1108 573/573 1252/1252
f 970/970 573/573 1108/1108
f 160/160 573/573 970/970
f 631/631 160/160 970/970
f 1198/1198 631/631 1164/1164
f 1270/1270 1198/1198 1164/1164
f 631/631 1198/1198 1270/1270
f 1491/1491 631/631 1288/1288
f 2341/2341 1491/1491 3788/3788
f 8444/8444 8309/8309 8686/8686
f 4586/4586 4555/4555 4577/4577
f 4574/4574 4611/4611 4586/4586
f 4577/4577 4574/4574 4586/4586
f 4689/4689 4574/4574 4587/4587
f 4632/4632 4596/4596 4587/4587
f 4577/4577 4632/4632 4587/4587
f 4577/4577 4587/4587 4574/4574
f 3604/3604 3605/3605 3638/3638
f 3516/3516 3605/3605 3604/3604
f 3638/3638 3605/3605 3516/3516
f 8613/8613 8446/8446 8444/8444
f 8613/8613 8686/8686 8446/8446
f 3427/3427 3441/3441 3447/3447
f 3449/3449 3447/3447 3441/3441
f 3427/3427 3447/3447 3449/3449
f 3633/3633 3523/3523 3535/3535
f 3544/3544 3535/3535 3523/3523
f 3633/3633 3535/3535 3544/3544
f 3523/3523 3633/3633 3555/3555
f 3627/3627 3555/3555 3633/3633
f 3538/3538 3523/3523 3555/3555
f 3524/3524 3523/3523 3538/3538
f 3555/3555 3524/3524 3538/3538
f 3567/3567 3562/3562 3555/3555
f 3578/3578 3562/3562 3567/3567
f 3555/3555 3578/3578 3567/3567
f 3627/3627 3578/3578 3555/3555
f 3629/3629 3578/3578 3627/3627
f 3633/3633 3711/3711 3742/3742
f 3742/3742 3627/3627 3633/3633
f 8444/8444 8446/8446 8309/8309
f 9193/9193 9208/9208 9169/9169
f 9208/9208 9193/9193 9196/9196
f 9169/9169 9162/9162 9147/9147
f 4718/4718 4712/4712 4630/4630
f 4713/4713 4714/4714 4718/4718
f 4712/4712 4718/4718 4714/4714
f 4713/4713 4712/4712 4714/4714
f 4630/4630 4712/4712 4485/4485
f 5696/5696 5690/5690 5712/5712
f 6470/6470 6105/6105 6190/6190
f 6105/6105 6156/6156 6190/6190
f 6291/6291 6470/6470 6190/6190
f 6177/6177 6291/6291 6190/6190
f 3710/3710 3622/3622 3864/3864
f 3864/3864 3757/3757 3805/3805
f 4452/4452 3710/3710 3864/3864
f 3429/3429 4562/4562 3967/3967
f 7890/7890 7817/7817 7835/7835
f 7899/7899 7964/7964 7967/7967
f 7911/7911 7920/7920 7899/7899
f 7964/7964 7899/7899 7920/7920
f 7964/7964 7920/7920 7911/7911
f 7945/7945 7933/7933 7943/7943
f 8160/8160 7945/7945 7943/7943
f 7933/7933 7945/7945 8160/8160
f 7967/7967 7964/7964 8160/8160
f 7967/7967 8160/8160 7899/7899
f 8012/8012 8628/8628 7741/7741
f 8036/8036 8285/8285 8032/8032
f 8036/8036 8032/8032 8024/8024
f 7997/7997 8020/8020 8019/8019
f 7992/7992 8020/8020 7997/7997
f 8019/8019 7992/7992 7997/7997
f 8024/8024 8020/8020 8048/8048
f 8070/8070 8020/8020 8024/8024
f 8024/8024 8032/8032 8070/8070
f 8019/8019 8020/8020 8070/8070
f 8020/8020 8019/8019 8048/8048
f 8036/8036 8024/8024 8048/8048
f 8157/8157 8285/8285 8114/8114
f 8209/8209 8157/8157 8114/8114
f 8285/8285 8157/8157 8209/8209
f 8048/8048 8070/8070 8285/8285
f 8127/8127 8466/8466 8134/8134
f 8297/8297 8181/8181 8193/8193
f 8096/8096 8297/8297 8193/8193
f 8181/8181 8096/8096 8193/8193
f 8051/8051 8096/8096 8181/8181
f 7987/7987 8051/8051 8009/8009
f 8096/8096 8051/8051 7987/7987
f 1777/1777 1760/1760 1900/1900
f 1943/1943 1900/1900 1760/1760
f 362/362 396/396 294/294
f 2851/2851 2337/2337 2665/2665
f 8407/8407 8464/8464 8544/8544
f 8729/8729 8407/8407 8544/8544
f 8464/8464 8729/8729 8544/8544
f 8159/8159 7863/7863 8035/8035
f 7878/7878 7978/7978 7929/7929
f 8159/8159 7878/7878 7893/7893
f 8159/8159 7898/7898 7878/7878
f 7898/7898 8159/8159 8035/8035
f 7949/7949 8159/8159 7941/7941
f 7898/7898 7949/7949 7941/7941
f 7898/7898 7941/7941 8159/8159
f 8181/8181 8009/8009 8051/8051
f 3153/3153 3577/3577 3191/3191
f 7893/7893 7878/7878 7929/7929
f 8003/8003 7979/7979 7989/7989
f 8023/8023 7989/7989 7979/7979
f 8003/8003 7989/7989 8023/8023
f 8000/8000 8003/8003 8010/8010
f 8008/8008 8000/8000 8010/8010
f 8044/8044 8034/8034 8008/8008
f 8034/8034 8044/8044 8071/8071
f 8179/8179 8206/8206 8132/8132
f 8179/8179 8132/8132 8037/8037
f 8008/8008 8071/8071 8044/8044
f 8079/8079 8037/8037 8008/8008
f 8008/8008 8010/8010 8003/8003
f 8023/8023 8028/8028 8003/8003
f 8100/8100 8003/8003 8028/8028
f 8100/8100 8028/8028 8023/8023
f 8008/8008 8100/8100 8079/8079
f 8037/8037 8079/8079 8206/8206
f 8179/8179 8037/8037 8206/8206
f 8243/8243 8206/8206 8079/8079
f 8243/8243 8079/8079 8100/8100
f 8370/8370 7929/7929 7996/7996
f 8370/8370 8269/8269 7929/7929
f 7893/7893 7929/7929 8029/8029
f 8029/8029 7929/7929 8269/8269
f 7896/7896 8081/8081 8103/8103
f 8305/8305 7982/7982 8065/8065
f 8305/8305 8065/8065 8190/8190
f 8254/8254 8305/8305 8147/8147
f 8190/8190 8305/8305 8254/8254
f 8147/8147 8190/8190 8254/8254
f 7982/7982 8305/8305 8190/8190
f 8190/8190 6842/6842 7982/7982
f 8065/8065 7982/7982 8248/8248
f 3587/3587 4199/4199 3517/3517
f 2022/2022 3587/3587 3517/3517
f 8581/8581 8587/8587 8364/8364
f 8590/8590 8602/8602 8581/8581
f 8690/8690 8587/8587 9028/9028
f 8599/8599 8602/8602 8590/8590
f 8581/8581 8599/8599 8590/8590
f 8599/8599 9028/9028 8587/8587
f 8364/8364 8599/8599 8581/8581
f 8599/8599 8364/8364 9028/9028
f 8190/8190 8065/8065 6842/6842
f 8030/8030 6842/6842 8065/8065
f 8030/8030 8065/8065 8248/8248
f 7264/7264 6450/6450 7099/7099
f 7099/7099 6842/6842 7264/7264
f 7296/7296 7247/7247 7264/7264
f 7247/7247 7296/7296 7250/7250
f 7264/7264 7247/7247 7250/7250
f 6450/6450 6871/6871 6873/6873
f 6873/6873 6871/6871 6932/6932
f 6835/6835 6873/6873 6932/6932
f 6871/6871 6835/6835 6932/6932
f 6871/6871 6842/6842 6683/6683
f 6450/6450 6842/6842 6871/6871
f 8017/8017 8503/8503 8364/8364
f 8194/8194 8017/8017 8364/8364
f 8013/8013 8017/8017 8194/8194
f 8164/8164 8101/8101 8194/8194
f 8341/8341 8188/8188 8194/8194
f 8164/8164 8194/8194 8188/8188
f 8341/8341 8164/8164 8188/8188
f 8172/8172 8188/8188 8184/8184
f 8164/8164 8188/8188 8172/8172
f 8164/8164 8172/8172 8184/8184
f 8013/8013 8194/8194 8101/8101
f 8082/8082 8013/8013 8101/8101
f 8149/8149 8082/8082 8101/8101
f 8106/8106 8082/8082 8149/8149
f 8149/8149 8101/8101 8164/8164
f 8149/8149 8164/8164 8341/8341
f 8106/8106 8149/8149 8341/8341
f 8194/8194 8364/8364 8341/8341
f 1137/1137 1098/1098 1138/1138
f 998/998 1098/1098 1137/1137
f 1137/1137 1138/1138 998/998
f 1240/1240 998/998 1317/1317
f 5813/5813 5468/5468 5751/5751
f 5691/5691 5813/5813 5683/5683
f 5556/5556 5691/5691 5683/5683
f 5458/5458 5691/5691 5556/5556
f 5458/5458 5468/5468 5691/5691
f 5468/5468 5813/5813 5691/5691
f 5468/5468 5448/5448 5751/5751
f 5458/5458 5448/5448 5468/5468
f 8105/8105 8383/8383 8474/8474
f 8352/8352 8105/8105 8474/8474
f 9200/9200 9191/9191 9193/9193
f 9196/9196 9193/9193 9169/9169
f 9205/9205 9208/9208 9196/9196
f 6818/6818 7478/7478 7944/7944
f 4045/4045 3556/3556 3672/3672
f 3672/3672 3556/3556 3671/3671
f 3671/3671 3556/3556 3664/3664
f 3716/3716 3476/3476 3853/3853
f 4011/4011 3716/3716 3853/3853
f 4011/4011 4045/4045 3716/3716
f 4008/4008 4045/4045 4011/4011
f 3556/3556 4045/4045 3386/3386
f 3409/3409 3545/3545 3540/3540
f 3386/3386 4045/4045 3540/3540
f 3551/3551 3540/3540 3545/3545
f 3409/3409 3551/3551 3545/3545
f 3540/3540 3409/3409 3386/3386
f 8070/8070 8032/8032 8285/8285
f 8048/8048 8019/8019 8070/8070
f 8285/8285 8197/8197 8048/8048
f 8122/8122 8166/8166 8197/8197
f 8257/8257 8197/8197 8166/8166
f 8257/8257 8166/8166 8122/8122
f 8048/8048 8197/8197 8257/8257
f 8046/8046 8068/8068 8122/8122
f 8061/8061 8068/8068 8046/8046
f 8257/8257 8122/8122 8068/8068
f 8257/8257 8068/8068 8061/8061
f 8257/8257 8036/8036 8048/8048
f 3554/3554 3541/3541 3776/3776
f 3598/3598 3541/3541 3554/3554
f 3598/3598 3554/3554 3776/3776
f 3776/3776 3530/3530 3598/3598
f 3785/3785 3530/3530 3776/3776
f 3601/3601 3530/3530 3785/3785
f 3243/3243 2253/2253 2935/2935
f 3476/3476 3556/3556 3386/3386
f 7561/7561 7767/7767 8015/8015
f 8248/8248 6747/6747 7561/7561
f 7915/7915 8248/8248 7561/7561
f 7871/7871 7915/7915 8015/8015
f 8248/8248 7915/7915 8030/8030
f 8030/8030 7871/7871 6842/6842
f 7915/7915 7871/7871 8030/8030
f 7871/7871 8053/8053 8007/8007
f 8001/8001 8007/8007 8053/8053
f 8001/8001 7871/7871 8007/8007
f 7981/7981 7767/7767 8001/8001
f 8015/8015 7981/7981 8001/8001
f 8015/8015 7767/7767 7981/7981
f 7969/7969 7955/7955 7767/7767
f 7807/7807 7767/7767 7955/7955
f 7969/7969 7807/7807 7955/7955
f 7744/7744 7845/7845 7855/7855
f 7871/7871 7855/7855 7845/7845
f 7845/7845 7744/7744 7871/7871
f 6842/6842 7871/7871 7767/7767
f 9116/9116 9165/9165 9147/9147
f 9175/9175 9147/9147 9165/9165
f 9116/9116 9175/9175 9165/9165
f 9142/9142 9155/9155 9116/9116
f 9124/9124 9142/9142 9116/9116
f 9124/9124 9155/9155 9142/9142
f 9183/9183 9205/9205 9175/9175
f 9180/9180 9183/9183 9175/9175
f 9147/9147 9205/9205 9169/9169
f 9180/9180 9205/9205 9183/9183
f 9169/9169 9205/9205 9196/9196
f 3965/3965 4139/4139 4062/4062
f 4062/4062 4139/4139 4194/4194
f 4110/4110 4062/4062 4194/4194
f 4047/4047 4058/4058 4026/4026
f 4051/4051 4058/4058 4047/4047
f 4026/4026 4051/4051 4047/4047
f 3943/3943 4110/4110 4194/4194
f 3965/3965 4110/4110 4498/4498
f 4110/4110 3943/3943 4498/4498
f 910/910 725/725 773/773
f 1226/1226 910/910 773/773
f 5683/5683 5813/5813 5751/5751
f 9154/9154 9140/9140 9179/9179
f 3577/3577 3153/3153 3190/3190
f 3139/3139 3577/3577 3190/3190
f 3190/3190 3210/3210 3139/3139
f 3153/3153 3210/3210 3190/3190
f 3035/3035 3063/3063 3057/3057
f 2999/2999 3035/3035 3057/3057
f 2999/2999 3063/3063 3035/3035
f 3210/3210 2908/2908 3139/3139
f 3139/3139 2908/2908 2961/2961
f 3001/3001 2988/2988 2908/2908
f 3001/3001 2958/2958 2988/2988
f 2602/2602 3081/3081 2961/2961
f 3115/3115 3160/3160 3081/3081
f 3115/3115 3081/3081 3189/3189
f 3189/3189 3160/3160 3115/3115
f 3189/3189 3081/3081 2602/2602
f 3160/3160 3264/3264 3170/3170
f 2961/2961 3160/3160 3140/3140
f 3081/3081 3160/3160 2961/2961
f 3140/3140 3160/3160 3170/3170
f 3264/3264 3140/3140 3170/3170
f 3140/3140 3139/3139 2961/2961
f 3181/3181 3140/3140 3173/3173
f 3139/3139 3140/3140 3181/3181
f 3182/3182 3173/3173 3140/3140
f 3181/3181 3173/3173 3182/3182
f 3139/3139 3181/3181 3264/3264
f 3139/3139 3189/3189 3418/3418
f 3522/3522 3139/3139 3418/3418
f 3522/3522 3559/3559 3139/3139
f 3559/3559 3577/3577 3139/3139
f 3390/3390 3504/3504 3559/3559
f 3390/3390 3559/3559 3522/3522
f 3366/3366 3399/3399 3061/3061
f 3095/3095 3061/3061 3107/3107
f 3103/3103 3107/3107 3061/3061
f 3103/3103 3095/3095 3107/3107
f 2602/2602 3366/3366 3061/3061
f 2602/2602 3061/3061 3103/3103
f 3418/3418 2602/2602 3103/3103
f 3522/3522 3418/3418 3103/3103
f 3061/3061 3522/3522 3103/3103
f 3189/3189 2602/2602 3418/3418
f 3189/3189 3139/3139 3264/3264
f 2426/2426 2494/2494 2176/2176
f 1686/1686 2371/2371 2176/2176
f 1419/1419 1110/1110 694/694
f 1339/1339 1110/1110 1509/1509
f 1509/1509 1110/1110 1419/1419
f 1492/1492 1509/1509 1419/1419
f 1478/1478 1482/1482 1492/1492
f 1700/1700 1482/1482 1478/1478
f 1492/1492 1482/1482 1700/1700
f 1509/1509 1492/1492 1700/1700
f 1322/1322 1509/1509 1687/1687
f 3353/3353 3268/3268 2963/2963
f 3368/3368 3353/3353 2963/2963
f 2963/2963 2022/2022 3517/3517
f 3243/3243 2963/2963 3517/3517
f 3368/3368 2963/2963 3243/3243
f 3243/3243 3267/3267 3368/3368
f 3353/3353 3368/3368 3268/3268
f 3267/3267 3268/3268 3317/3317
f 3241/3241 3317/3317 3268/3268
f 3241/3241 3267/3267 3317/3317
f 3268/3268 3267/3267 2935/2935
f 3243/3243 2935/2935 3267/3267
f 3709/3709 3629/3629 3627/3627
f 3634/3634 3709/3709 3650/3650
f 3641/3641 3634/3634 3650/3650
f 3709/3709 3641/3641 3650/3650
f 3627/3627 3711/3711 3709/3709
f 3548/3548 3552/3552 3738/3738
f 3557/3557 3552/3552 3548/3548
f 3738/3738 3552/3552 3557/3557
f 3595/3595 3738/3738 3740/3740
f 3669/3669 3674/3674 3657/3657
f 3595/3595 3669/3669 3657/3657
f 3674/3674 3669/3669 3595/3595
f 3595/3595 3731/3731 3674/3674
f 3740/3740 3731/3731 3595/3595
f 3731/3731 3740/3740 3766/3766
f 3740/3740 3724/3724 3766/3766
f 3724/3724 3740/3740 3738/3738
f 5558/5558 5726/5726 5529/5529
f 5494/5494 5558/5558 5529/5529
f 5494/5494 5529/5529 5726/5726
f 5726/5726 5475/5475 5410/5410
f 5505/5505 5726/5726 5410/5410
f 7478/7478 7671/7671 7768/7768
f 7837/7837 7768/7768 7671/7671
f 7768/7768 7832/7832 7478/7478
f 7837/7837 7832/7832 7768/7768
f 7828/7828 7837/7837 7671/7671
f 7898/7898 7978/7978 7878/7878
f 7925/7925 7978/7978 7934/7934
f 7898/7898 7925/7925 7934/7934
f 7978/7978 7925/7925 7898/7898
f 7929/7929 7978/7978 7898/7898
f 8035/8035 7929/7929 7898/7898
f 8587/8587 8690/8690 8364/8364
f 8690/8690 8808/8808 8827/8827
f 934/934 1110/1110 1247/1247
f 1339/1339 1264/1264 1110/1110
f 1409/1409 1432/1432 1316/1316
f 1274/1274 1339/1339 1281/1281
f 1281/1281 1339/1339 1320/1320
f 1322/1322 1339/1339 1509/1509
f 1409/1409 1316/1316 1408/1408
f 1320/1320 1274/1274 1281/1281
f 1687/1687 1670/1670 1322/1322
f 1322/1322 1564/1564 1541/1541
f 1541/1541 1564/1564 1585/1585
f 1541/1541 1585/1585 1322/1322
f 1630/1630 1322/1322 1585/1585
f 1630/1630 1585/1585 1670/1670
f 1670/1670 1579/1579 1630/1630
f 6105/6105 5831/5831 5739/5739
f 5506/5506 5793/5793 5739/5739
f 5356/5356 5793/5793 5506/5506
f 4931/4931 5356/5356 4971/4971
f 4993/4993 4931/4931 4971/4971
f 5356/5356 4993/4993 4971/4971
f 6631/6631 5356/5356 5506/5506
f 5309/5309 5356/5356 6631/6631
f 1559/1559 2176/2176 2665/2665
f 1559/1559 2665/2665 1574/1574
f 1392/1392 1532/1532 1319/1319
f 1686/1686 1532/1532 1392/1392
f 1574/1574 1532/1532 1686/1686
f 1575/1575 1574/1574 1686/1686
f 1575/1575 1559/1559 1574/1574
f 1559/1559 1575/1575 1686/1686
f 2176/2176 1559/1559 1686/1686
f 5923/5923 5829/5829 5831/5831
f 5923/5923 5831/5831 6105/6105
f 5829/5829 5831/5831 5812/5812
f 5739/5739 5831/5831 5829/5829
f 5739/5739 5829/5829 5923/5923
f 6068/6068 6470/6470 5848/5848
f 5935/5935 5967/5967 6068/6068
f 6012/6012 6068/6068 5967/5967
f 6012/6012 5967/5967 5935/5935
f 5848/5848 5935/5935 6068/6068
f 5935/5935 5848/5848 5739/5739
f 5935/5935 5739/5739 6470/6470
f 6470/6470 6068/6068 5935/5935
f 6631/6631 5506/5506 5848/5848
f 5739/5739 5848/5848 5506/5506
f 7099/7099 7982/7982 6842/6842
f 8124/8124 8248/8248 7982/7982
f 7099/7099 8124/8124 7982/7982
f 8280/8280 7899/7899 8283/8283
f 8306/8306 8280/8280 8283/8283
f 7899/7899 8306/8306 8283/8283
f 8318/8318 8306/8306 7899/7899
f 8334/8334 8306/8306 8318/8318
f 8334/8334 8318/8318 7899/7899
f 7631/7631 5846/5846 147/147
f 8628/8628 5846/5846 7631/7631
f 6105/6105 6470/6470 5923/5923
f 5739/5739 5923/5923 6470/6470
f 6443/6443 6291/6291 6156/6156
f 6470/6470 6291/6291 6443/6443
f 6214/6214 6177/6177 6190/6190
f 6156/6156 6291/6291 6190/6190
f 6291/6291 6177/6177 6214/6214
f 8029/8029 8269/8269 8370/8370
f 7996/7996 7929/7929 8035/8035
f 7996/7996 8035/8035 7863/7863
f 8333/8333 8336/8336 8335/8335
f 8339/8339 8335/8335 8336/8336
f 8337/8337 8336/8336 8333/8333
f 8339/8339 8336/8336 8337/8337
f 1110/1110 934/934 694/694
f 1226/1226 773/773 725/725
f 5433/5433 5687/5687 5439/5439
f 5687/5687 5433/5433 5978/5978
f 5528/5528 5225/5225 5342/5342
f 5209/5209 5342/5342 5225/5225
f 5528/5528 5342/5342 5450/5450
f 5755/5755 5704/5704 5528/5528
f 5693/5693 5755/5755 5685/5685
f 5693/5693 5685/5685 5697/5697
f 5697/5697 5755/5755 5693/5693
f 5528/5528 5704/5704 5748/5748
f 5748/5748 5547/5547 5528/5528
f 5225/5225 5528/5528 5547/5547
f 5225/5225 5547/5547 5748/5748
f 5671/5671 5673/5673 5695/5695
f 5695/5695 5673/5673 5694/5694
f 5671/5671 5694/5694 5673/5673
f 5404/5404 5397/5397 5410/5410
f 5439/5439 5951/5951 5904/5904
f 5948/5948 5904/5904 5951/5951
f 5951/5951 5439/5439 5948/5948
f 6059/6059 6053/6053 5948/5948
f 6059/6059 6126/6126 6053/6053
f 5948/5948 6126/6126 6059/6059
f 6054/6054 5687/5687 6307/6307
f 6307/6307 5687/5687 5978/5978
f 5483/5483 5733/5733 5732/5732
f 5843/5843 5733/5733 5483/5483
f 5732/5732 5733/5733 5843/5843
f 5755/5755 5748/5748 5704/5704
f 5936/5936 5837/5837 5780/5780
f 5826/5826 5780/5780 5837/5837
f 5936/5936 5826/5826 5837/5837
f 5936/5936 5780/5780 5825/5825
f 5864/5864 5936/5936 5825/5825
f 5869/5869 5864/5864 5825/5825
f 5869/5869 5936/5936 5864/5864
f 5922/5922 5912/5912 5896/5896
f 5895/5895 5912/5912 5922/5922
f 5896/5896 5895/5895 5922/5922
f 5968/5968 5960/5960 6007/6007
f 6020/6020 6005/6005 5968/5968
f 5960/5960 5968/5968 6005/6005
f 6008/6008 5960/5960 6005/6005
f 6475/6475 6008/6008 6005/6005
f 5960/5960 6008/6008 6475/6475
f 5996/5996 5978/5978 5960/5960
f 6475/6475 5996/5996 5960/5960
f 5978/5978 5996/5996 6475/6475
f 6307/6307 5978/5978 6475/6475
f 7561/7561 6842/6842 7767/7767
f 2963/2963 2935/2935 2022/2022
f 3587/3587 2022/2022 1743/1743
f 8610/8610 8221/8221 8390/8390
f 8361/8361 8104/8104 8720/8720
f 1264/1264 1230/1230 1247/1247
f 1110/1110 1264/1264 1247/1247
f 934/934 1247/1247 1230/1230
f 5411/5411 5310/5310 5408/5408
f 5413/5413 5417/5417 5411/5411
f 5434/5434 5417/5417 5413/5413
f 5411/5411 5417/5417 5434/5434
f 5434/5434 5310/5310 5411/5411
f 5518/5518 5310/5310 5434/5434
f 8446/8446 8686/8686 8309/8309
f 6295/6295 5840/5840 6192/6192
f 6192/6192 5840/5840 6745/6745
f 8466/8466 7601/7601 8134/8134
f 3672/3672 3671/3671 4045/4045
f 3671/3671 3672/3672 3680/3680
f 3671/3671 3680/3680 3673/3673
f 3672/3672 3673/3673 3680/3680
f 3697/3697 3664/3664 3671/3671
f 3695/3695 3664/3664 3697/3697
f 3695/3695 3697/3697 3671/3671
f 4008/4008 3540/3540 4045/4045
f 3671/3671 3716/3716 4045/4045
f 3476/3476 3716/3716 3671/3671
f 3476/3476 3671/3671 3664/3664
f 3556/3556 3476/3476 3664/3664
f 8050/8050 8099/8099 8056/8056
f 8221/8221 8056/8056 8099/8099
f 8221/8221 8099/8099 8050/8050
f 8066/8066 8455/8455 8221/8221
f 8390/8390 8455/8455 8610/8610
f 8158/8158 8610/8610 8455/8455
f 8066/8066 8158/8158 8455/8455
f 8992/8992 9068/9068 9104/9104
f 9104/9104 9068/9068 9005/9005
f 9122/9122 9104/9104 9005/9005
f 9109/9109 9104/9104 9122/9122
f 4184/4184 4561/4561 4566/4566
f 4566/4566 4561/4561 3957/3957
f 1579/1579 1264/1264 1630/1630
f 1630/1630 1264/1264 1432/1432
f 1409/1409 1408/1408 1432/1432
f 1322/1322 1630/1630 1432/1432
f 5591/5591 5233/5233 5237/5237
f 5379/5379 5591/5591 5525/5525
f 5380/5380 5233/5233 5379/5379
f 5591/5591 5379/5379 5233/5233
f 5233/5233 5380/5380 5205/5205
f 5379/5379 5205/5205 5380/5380
f 5233/5233 5205/5205 4876/4876
f 4876/4876 5038/5038 5233/5233
f 5207/5207 5241/5241 5038/5038
f 5207/5207 5197/5197 5241/5241
f 5237/5237 5233/5233 5197/5197
f 5197/5197 5207/5207 5038/5038
f 5038/5038 5237/5237 5197/5197
f 4876/4876 5237/5237 5038/5038
f 718/718 4793/4793 4876/4876
f 4884/4884 4936/4936 4876/4876
f 2371/2371 3558/3558 2426/2426
f 6223/6223 5981/5981 6054/6054
f 5439/5439 6054/6054 5981/5981
f 5439/5439 5981/5981 5983/5983
f 5997/5997 5983/5983 5981/5981
f 5997/5997 5439/5439 5983/5983
f 5687/5687 6054/6054 5439/5439
f 6126/6126 6223/6223 6231/6231
f 3001/3001 2908/2908 2958/2958
f 6450/6450 7264/7264 6842/6842
f 4150/4150 4135/4135 3967/3967
f 4580/4580 4150/4150 3967/3967
f 3967/3967 4562/4562 4570/4570
f 4580/4580 3967/3967 4570/4570
f 4570/4570 4578/4578 4580/4580
f 3895/3895 4580/4580 4578/4578
f 3843/3843 3895/3895 4578/4578
f 4428/4428 4409/4409 4562/4562
f 4277/4277 4562/4562 4409/4409
f 4277/4277 4409/4409 4428/4428
f 3777/3777 3962/3962 3930/3930
f 3777/3777 3930/3930 4132/4132
f 3971/3971 3777/3777 4132/4132
f 6223/6223 6126/6126 5981/5981
f 9215/9215 9222/9222 9190/9190
f 9215/9215 9138/9138 9211/9211
f 9138/9138 9172/9172 9217/9217
f 9215/9215 9211/9211 9212/9212
f 9138/9138 9212/9212 9211/9211
f 9222/9222 9215/9215 9223/9223
f 9222/9222 9223/9223 9231/9231
f 9220/9220 9221/9221 9218/9218
f 9220/9220 9218/9218 9213/9213
f 9213/9213 9221/9221 9220/9220
f 9225/9225 9226/9226 9213/9213
f 9224/9224 9225/9225 9213/9213
f 9226/9226 9225/9225 9224/9224
f 9210/9210 9231/9231 9223/9223
f 9199/9199 9188/9188 9214/9214
f 9207/9207 9199/9199 9214/9214
f 9188/9188 9207/9207 9214/9214
f 9189/9189 9177/9177 9187/9187
f 9189/9189 9187/9187 9198/9198
f 9199/9199 9198/9198 9187/9187
f 9199/9199 9189/9189 9198/9198
f 9184/9184 9185/9185 9209/9209
f 9177/9177 9185/9185 9184/9184
f 9209/9209 9177/9177 9184/9184
f 1791/1791 1662/1662 1736/1736
f 1961/1961 1729/1729 1791/1791
f 1729/1729 1961/1961 1755/1755
f 1729/1729 1776/1776 1746/1746
f 1746/1746 1776/1776 1755/1755
f 1755/1755 1961/1961 1496/1496
f 1741/1741 1755/1755 1740/1740
f 1684/1684 1746/1746 1755/1755
f 1741/1741 1684/1684 1755/1755
f 1729/1729 1746/1746 1684/1684
f 1740/1740 1684/1684 1741/1741
f 1684/1684 1662/1662 1729/1729
f 1684/1684 1624/1624 1662/1662
f 1607/1607 1624/1624 1684/1684
f 1680/1680 1607/1607 1684/1684
f 1668/1668 1680/1680 1684/1684
f 1679/1679 1680/1680 1668/1668
f 1684/1684 1679/1679 1668/1668
f 1755/1755 1752/1752 1745/1745
f 1738/1738 1752/1752 1755/1755
f 1745/1745 1752/1752 1738/1738
f 1496/1496 1745/1745 1755/1755
f 1617/1617 1680/1680 1745/1745
f 1591/1591 1624/1624 1607/1607
f 1583/1583 1591/1591 1607/1607
f 1680/1680 1583/1583 1607/1607
f 1617/1617 1565/1565 1680/1680
f 1565/1565 1617/1617 1745/1745
f 1496/1496 1565/1565 1745/1745
f 1570/1570 1583/1583 1565/1565
f 1573/1573 1583/1583 1570/1570
f 1573/1573 1570/1570 1565/1565
f 1573/1573 1565/1565 1496/1496
f 1496/1496 1286/1286 1573/1573
f 1491/1491 1545/1545 3788/3788
f 1441/1441 1491/1491 1288/1288
f 1410/1410 1441/1441 1365/1365
f 1491/1491 1441/1441 1457/1457
f 1410/1410 1457/1457 1441/1441
f 1365/1365 1457/1457 1410/1410
f 1469/1469 1314/1314 1422/1422
f 1422/1422 1277/1277 1469/1469
f 1545/1545 1491/1491 1277/1277
f 1314/1314 1277/1277 1422/1422
f 1337/1337 1277/1277 1242/1242
f 1242/1242 1277/1277 1314/1314
f 1212/1212 1242/1242 1314/1314
f 1304/1304 1213/1213 1314/1314
f 1337/1337 1242/1242 1212/1212
f 1304/1304 631/631 1213/1213
f 1314/1314 631/631 1304/1304
f 1341/1341 1327/1327 631/631
f 1327/1327 1341/1341 1365/1365
f 631/631 1327/1327 1365/1365
f 1288/1288 631/631 1441/1441
f 6307/6307 6223/6223 6054/6054
f 1743/1743 2935/2935 2253/2253
f 2935/2935 1743/1743 2022/2022
f 1573/1573 796/796 1625/1625
f 1624/1624 1573/1573 1625/1625
f 796/796 970/970 1108/1108
f 1315/1315 1134/1134 970/970
f 1276/1276 1216/1216 1315/1315
f 1461/1461 1276/1276 1315/1315
f 1461/1461 1315/1315 1286/1286
f 1461/1461 1216/1216 1276/1276
f 1272/1272 1216/1216 1461/1461
f 1216/1216 1272/1272 1347/1347
f 1209/1209 1207/1207 1216/1216
f 1134/1134 1207/1207 1209/1209
f 1216/1216 1134/1134 1209/1209
f 1155/1155 1134/1134 1337/1337
f 1134/1134 1025/1025 970/970
f 1025/1025 1134/1134 1155/1155
f 1337/1337 1025/1025 1155/1155
f 631/631 970/970 1025/1025
f 1193/1193 1134/1134 1197/1197
f 1216/1216 1197/1197 1134/1134
f 1197/1197 1216/1216 1193/1193
f 1193/1193 1347/1347 1302/1302
f 1272/1272 1461/1461 1347/1347
f 1402/1402 1347/1347 1461/1461
f 1402/1402 1425/1425 1347/1347
f 1425/1425 1402/1402 1461/1461
f 1496/1496 3788/3788 1286/1286
f 1545/1545 1286/1286 3788/3788
f 1461/1461 1286/1286 1545/1545
f 1302/1302 1347/1347 1262/1262
f 1193/1193 1302/1302 1262/1262
f 1461/1461 1545/1545 1193/1193
f 1193/1193 1545/1545 1277/1277
f 8341/8341 8364/8364 8690/8690
f 8540/8540 8690/8690 8827/8827
f 8808/8808 8690/8690 9028/9028
f 8835/8835 9028/9028 8844/8844
f 8822/8822 8835/8835 8844/8844
f 8834/8834 8822/8822 8844/8844
f 8834/8834 8835/8835 8822/8822
f 9028/9028 8835/8835 8808/8808
f 8835/8835 8861/8861 8808/8808
f 8808/8808 8861/8861 8827/8827
f 8997/8997 9006/9006 9004/9004
f 9004/9004 9006/9006 8817/8817
f 8997/8997 8817/8817 8827/8827
f 9028/9028 8997/8997 8827/8827
f 8827/8827 8844/8844 9028/9028
f 8861/8861 8844/8844 8827/8827
f 8643/8643 7713/7713 8349/8349
f 8779/8779 7713/7713 8791/8791
f 8771/8771 8770/8770 8758/8758
f 7713/7713 8758/8758 8565/8565
f 8779/8779 8771/8771 8758/8758
f 8779/8779 8770/8770 8771/8771
f 8779/8779 8758/8758 7713/7713
f 8791/8791 8565/8565 8779/8779
f 8565/8565 8758/8758 8779/8779
f 8778/8778 7656/7656 7713/7713
f 7713/7713 8565/8565 8778/8778
f 9192/9192 9201/9201 9186/9186
f 7973/7973 9192/9192 9186/9186
f 9201/9201 9192/9192 7973/7973
f 9195/9195 7973/7973 9235/9235
f 306/306 606/606 289/289
f 5203/5203 5362/5362 532/532
f 561/561 532/532 5362/5362
f 5793/5793 6105/6105 5739/5739
f 8272/8272 8182/8182 8198/8198
f 8183/8183 8272/8272 8198/8198
f 8182/8182 8183/8183 8198/8198
f 3291/3291 3844/3844 4216/4216
f 4253/4253 4439/4439 3291/3291
f 4439/4439 4395/4395 3291/3291
f 4419/4419 4439/4439 4253/4253
f 4443/4443 4439/4439 4419/4419
f 4443/4443 4419/4419 4253/4253
f 4395/4395 4253/4253 4216/4216
f 3291/3291 4216/4216 4253/4253
f 8015/8015 7915/7915 7561/7561
f 3930/3930 3962/3962 3889/3889
f 3790/3790 3731/3731 3766/3766
f 3778/3778 3674/3674 3731/3731
f 3731/3731 3790/3790 3783/3783
f 3778/3778 3783/3783 3790/3790
f 3778/3778 3731/3731 3783/3783
f 3964/3964 3930/3930 3956/3956
f 3964/3964 3920/3920 3930/3930
f 3920/3920 3899/3899 3930/3930
f 3920/3920 3909/3909 3899/3899
f 4132/4132 3930/3930 3899/3899
f 3921/3921 4132/4132 3899/3899
f 3909/3909 3939/3939 3899/3899
f 3920/3920 3939/3939 3909/3909
f 3932/3932 4002/4002 3939/3939
f 3992/3992 3939/3939 3920/3920
f 3985/3985 3932/3932 3939/3939
f 3992/3992 3985/3985 3939/3939
f 3985/3985 4002/4002 3932/3932
f 3952/3952 3938/3938 3920/3920
f 3964/3964 3952/3952 3920/3920
f 3964/3964 3938/3938 3952/3952
f 3984/3984 3964/3964 3969/3969
f 3987/3987 3964/3964 3984/3984
f 3987/3987 3984/3984 3969/3969
f 3992/3992 3964/3964 3987/3987
f 4081/4081 3992/3992 4043/4043
f 4024/4024 3988/3988 3992/3992
f 3985/3985 3992/3992 3988/3988
f 4024/4024 3985/3985 3988/3988
f 4016/4016 4017/4017 4024/4024
f 4028/4028 4017/4017 4016/4016
f 4024/4024 4028/4028 4016/4016
f 4081/4081 4028/4028 4024/4024
f 4002/4002 4028/4028 4081/4081
f 3992/3992 4081/4081 4024/4024
f 4081/4081 4053/4053 4002/4002
f 4053/4053 4081/4081 4043/4043
f 4053/4053 4043/4043 4197/4197
f 4232/4232 4043/4043 4089/4089
f 4252/4252 4258/4258 4222/4222
f 4222/4222 4289/4289 4252/4252
f 4258/4258 4289/4289 4222/4222
f 4288/4288 4316/4316 4275/4275
f 4221/4221 4288/4288 4275/4275
f 4316/4316 4288/4288 4221/4221
f 4305/4305 4221/4221 4257/4257
f 4232/4232 4213/4213 4221/4221
f 4257/4257 4221/4221 4251/4251
f 4213/4213 4232/4232 4089/4089
f 4251/4251 4213/4213 4264/4264
f 4214/4214 4264/4264 4213/4213
f 4215/4215 4213/4213 4089/4089
f 4247/4247 4214/4214 4215/4215
f 4262/4262 4214/4214 4247/4247
f 4215/4215 4262/4262 4247/4247
f 4215/4215 4089/4089 4183/4183
f 306/306 289/289 606/606
f 611/611 289/289 503/503
f 611/611 503/503 306/306
f 503/503 289/289 306/306
f 249/249 337/337 4771/4771
f 163/163 337/337 249/249
f 163/163 249/249 4771/4771
f 561/561 5203/5203 532/532
f 4475/4475 3842/3842 3844/3844
f 4216/4216 3842/3842 4475/4475
f 3844/3844 3842/3842 4216/4216
f 2879/2879 2602/2602 2961/2961
f 2961/2961 2908/2908 2879/2879
f 2577/2577 2308/2308 2616/2616
f 2577/2577 2616/2616 2622/2622
f 3627/3627 3742/3742 3711/3711
f 2963/2963 3268/3268 2935/2935
f 1576/1576 1236/1236 1225/1225
f 1493/1493 1236/1236 1576/1576
f 791/791 635/635 1184/1184
f 6231/6231 6307/6307 6758/6758
f 1115/1115 2616/2616 2308/2308
f 2607/2607 2616/2616 1115/1115
f 8532/8532 8106/8106 8341/8341
f 8532/8532 8341/8341 8690/8690
f 8540/8540 8532/8532 8690/8690
f 9153/9153 9148/9148 9161/9161
f 3966/3966 3946/3946 3998/3998
f 4023/4023 3946/3946 3966/3966
f 3966/3966 3998/3998 4023/4023
f 4174/4174 4183/4183 4089/4089
f 4174/4174 4215/4215 4183/4183
f 195/195 278/278 4762/4762
f 4806/4806 278/278 195/195
f 4806/4806 195/195 4762/4762
f 427/427 372/372 183/183
f 4867/4867 427/427 522/522
f 373/373 372/372 427/427
f 373/373 427/427 4867/4867
f 175/175 244/244 401/401
f 4764/4764 401/401 244/244
f 175/175 4764/4764 244/244
f 522/522 4764/4764 4867/4867
f 5319/5319 4867/4867 4764/4764
f 4806/4806 184/184 373/373
f 183/183 184/184 4806/4806
f 373/373 184/184 183/183
f 183/183 372/372 373/373
f 4867/4867 5372/5372 373/373
f 1624/1624 1625/1625 1662/1662
f 7561/7561 6747/6747 6842/6842
f 9119/9119 9114/9114 9117/9117
f 7983/7983 9119/9119 9117/9117
f 7983/7983 9117/9117 9114/9114
f 6047/6047 6308/6308 6211/6211
f 6400/6400 6308/6308 6047/6047
f 6400/6400 6211/6211 6308/6308
f 6340/6340 6241/6241 6400/6400
f 6315/6315 6340/6340 6400/6400
f 6241/6241 6340/6340 6315/6315
f 6307/6307 6231/6231 6223/6223
f 6475/6475 6231/6231 6758/6758
f 6307/6307 6475/6475 6758/6758
f 7983/7983 9085/9085 9119/9119
f 770/770 663/663 635/635
f 704/704 635/635 663/663
f 770/770 704/704 663/663
f 635/635 770/770 1184/1184
f 9153/9153 9172/9172 9138/9138
f 9153/9153 9161/9161 9217/9217
f 9172/9172 9153/9153 9217/9217
f 4633/4633 4574/4574 4689/4689
f 4611/4611 4574/4574 4633/4633
f 4646/4646 4629/4629 4633/4633
f 4628/4628 4629/4629 4646/4646
f 4633/4633 4629/4629 4628/4628
f 4622/4622 4611/4611 4633/4633
f 4586/4586 4611/4611 4622/4622
f 8735/8735 8123/8123 8496/8496
f 8735/8735 8496/8496 8909/8909
f 8600/8600 8659/8659 8735/8735
f 8909/8909 8659/8659 8600/8600
f 8735/8735 8659/8659 8909/8909
f 8457/8457 8909/8909 8496/8496
f 8541/8541 8496/8496 8123/8123
f 8648/8648 9031/9031 8496/8496
f 8496/8496 8658/8658 8648/8648
f 8658/8658 8568/8568 8648/8648
f 8541/8541 8658/8658 8496/8496
f 8742/8742 8648/8648 8568/8568
f 8658/8658 8742/8742 8568/8568
f 9031/9031 8658/8658 8541/8541
f 9031/9031 8541/8541 9023/9023
f 9023/9023 8541/8541 8123/8123
f 9023/9023 8802/8802 8930/8930
f 9020/9020 9023/9023 8930/8930
f 9020/9020 9031/9031 9023/9023
f 8648/8648 8658/8658 9031/9031
f 8436/8436 9031/9031 9020/9020
f 8457/8457 9031/9031 8436/8436
f 3957/3957 4561/4561 4184/4184
f 914/914 1184/1184 770/770
f 8735/8735 9118/9118 8123/8123
f 8380/8380 8383/8383 8371/8371
f 8395/8395 8380/8380 8371/8371
f 8383/8383 8380/8380 8395/8395
f 8392/8392 8395/8395 8657/8657
f 8392/8392 8383/8383 8395/8395
f 8383/8383 8392/8392 8657/8657
f 8474/8474 8383/8383 8657/8657
f 9176/9176 9190/9190 9222/9222
f 9176/9176 9222/9222 9235/9235
f 9170/9170 9174/9174 9176/9176
f 9149/9149 9174/9174 9170/9170
f 9176/9176 9149/9149 9170/9170
f 9163/9163 9176/9176 9235/9235
f 9149/9149 9176/9176 9163/9163
f 9156/9156 9163/9163 9149/9149
f 9164/9164 9156/9156 9149/9149
f 9164/9164 9163/9163 9156/9156
f 7973/7973 9163/9163 9235/9235
f 9139/9139 7973/7973 9127/9127
f 8310/8310 9139/9139 9127/9127
f 8839/8839 9139/9139 8310/8310
f 8355/8355 8276/8276 8310/8310
f 8276/8276 8839/8839 8310/8310
f 7971/7971 8022/8022 7984/7984
f 7984/7984 8022/8022 8355/8355
f 8355/8355 7971/7971 7984/7984
f 9127/9127 7971/7971 8355/8355
f 8355/8355 8322/8322 8276/8276
f 8343/8343 8276/8276 8322/8322
f 8343/8343 8322/8322 8355/8355
f 8310/8310 9127/9127 8355/8355
f 8330/8330 8276/8276 8393/8393
f 8351/8351 8330/8330 8393/8393
f 8276/8276 8330/8330 8351/8351
f 7973/7973 7971/7971 9127/9127
f 1236/1236 939/939 2111/2111
f 1254/1254 939/939 1236/1236
f 1254/1254 1236/1236 1493/1493
f 5550/5550 5753/5753 5840/5840
f 5530/5530 5457/5457 5390/5390
f 5390/5390 5271/5271 5312/5312
f 5312/5312 5271/5271 5044/5044
f 5390/5390 5312/5312 5044/5044
f 593/593 567/567 617/617
f 581/581 567/567 593/593
f 581/581 593/593 617/617
f 941/941 988/988 961/961
f 968/968 941/941 961/961
f 988/988 968/968 961/961
f 1175/1175 988/988 1027/1027
f 1122/1122 1027/1027 988/988
f 1122/1122 1175/1175 1027/1027
f 1208/1208 1220/1220 1243/1243
f 1253/1253 1243/1243 1220/1220
f 1208/1208 1243/1243 1253/1253
f 1261/1261 1234/1234 1235/1235
f 602/602 1261/1261 1235/1235
f 1234/1234 602/602 1235/1235
f 602/602 650/650 781/781
f 1184/1184 914/914 989/989
f 989/989 914/914 791/791
f 928/928 929/929 919/919
f 914/914 919/919 929/929
f 928/928 919/919 914/914
f 8496/8496 9031/9031 8457/8457
f 3291/3291 4395/4395 3319/3319
f 4475/4475 4395/4395 4216/4216
f 6747/6747 6798/6798 6842/6842
f 2371/2371 2426/2426 2176/2176
f 989/989 791/791 1184/1184
f 3788/3788 1496/1496 1961/1961
f 8390/8390 8221/8221 8455/8455
f 3810/3810 3865/3865 3862/3862
f 3786/3786 3810/3810 3862/3862
f 3862/3862 3848/3848 3786/3786
f 4716/4716 4614/4614 4612/4612
f 4616/4616 4612/4612 4614/4614
f 4716/4716 4612/4612 4616/4616
f 4605/4605 4614/4614 4716/4716
f 4659/4659 4640/4640 4676/4676
f 4716/4716 4640/4640 4659/4659
f 4676/4676 4716/4716 4659/4659
f 4708/4708 4705/4705 4716/4716
f 4710/4710 4705/4705 4708/4708
f 4716/4716 4710/4710 4708/4708
f 3898/3898 3998/3998 3889/3889
f 3962/3962 3898/3898 3889/3889
f 3919/3919 3898/3898 3962/3962
f 3879/3879 3898/3898 3919/3919
f 3879/3879 3919/3919 3962/3962
f 3862/3862 3865/3865 3848/3848
f 3848/3848 3865/3865 3696/3696
f 5245/5245 5066/5066 5328/5328
f 5344/5344 5245/5245 5328/5328
f 5066/5066 5245/5245 5344/5344
f 8643/8643 8396/8396 8403/8403
f 8400/8400 8403/8403 8396/8396
f 8643/8643 8403/8403 8400/8400
f 6818/6818 7447/7447 7406/7406
f 7447/7447 7449/7449 7446/7446
f 7434/7434 7446/7446 7449/7449
f 7434/7434 7449/7449 7447/7447
f 6818/6818 7704/7704 7447/7447
f 7417/7417 7434/7434 7413/7413
f 7406/7406 7434/7434 7417/7417
f 7413/7413 7406/7406 7417/7417
f 7477/7477 7406/7406 7413/7413
f 7413/7413 7447/7447 7477/7477
f 7704/7704 7477/7477 7447/7447
f 7426/7426 6818/6818 7477/7477
f 7426/7426 7477/7477 7704/7704
f 7356/7356 7426/7426 7592/7592
f 7592/7592 7426/7426 7704/7704
f 7356/7356 7592/7592 7511/7511
f 8806/8806 9084/9084 9001/9001
f 9032/9032 9001/9001 9084/9084
f 9032/9032 9084/9084 8806/8806
f 3495/3495 3448/3448 3478/3478
f 3489/3489 3478/3478 3448/3448
f 3495/3495 3478/3478 3489/3489
f 3489/3489 3698/3698 3495/3495
f 3786/3786 3848/3848 3779/3779
f 3675/3675 3779/3779 3848/3848
f 3701/3701 3779/3779 3675/3675
f 3701/3701 3813/3813 3779/3779
f 3701/3701 3713/3713 3813/3813
f 3701/3701 3675/3675 3694/3694
f 3675/3675 3690/3690 3694/3694
f 3701/3701 3694/3694 3690/3690
f 3675/3675 3848/3848 3701/3701
f 3701/3701 3848/3848 3696/3696
f 3678/3678 3701/3701 3696/3696
f 3813/3813 3678/3678 3696/3696
f 3713/3713 3678/3678 3813/3813
f 3696/3696 3865/3865 3813/3813
f 1700/1700 1687/1687 1509/1509
f 1670/1670 1687/1687 1700/1700
f 796/796 1573/1573 1286/1286
f 1315/1315 970/970 796/796
f 1286/1286 1315/1315 796/796
f 8797/8797 7713/7713 8731/8731
f 8484/8484 9098/9098 8382/8382
f 4452/4452 3529/3529 4187/4187
f 3865/3865 3810/3810 3813/3813
f 3702/3702 3707/3707 3713/3713
f 3678/3678 3713/3713 3707/3707
f 3678/3678 3707/3707 3702/3702
f 3813/3813 3786/3786 3779/3779
f 3813/3813 3810/3810 3786/3786
f 1767/1767 2004/2004 2057/2057
f 1895/1895 2004/2004 1767/1767
f 2057/2057 2004/2004 1895/1895
f 5372/5372 4867/4867 5319/5319
f 2647/2647 2577/2577 2622/2622
f 2654/2654 2577/2577 2647/2647
f 2622/2622 2654/2654 2647/2647
f 2678/2678 2669/2669 2622/2622
f 2680/2680 2678/2678 2622/2622
f 2680/2680 2669/2669 2678/2678
f 2616/2616 2680/2680 2622/2622
f 2470/2470 2607/2607 2365/2365
f 2470/2470 2535/2535 2607/2607
f 2365/2365 2318/2318 2470/2470
f 2318/2318 2432/2432 2470/2470
f 2474/2474 2470/2470 2432/2432
f 2318/2318 2474/2474 2432/2432
f 2534/2534 2318/2318 2515/2515
f 2535/2535 2515/2515 2318/2318
f 2534/2534 2515/2515 2535/2535
f 2751/2751 2535/2535 2318/2318
f 2607/2607 2535/2535 2751/2751
f 2288/2288 2429/2429 2365/2365
f 2145/2145 2429/2429 2288/2288
f 2429/2429 2145/2145 1622/1622
f 2288/2288 2215/2215 2236/2236
f 2365/2365 2190/2190 2288/2288
f 2190/2190 2200/2200 2215/2215
f 2200/2200 2189/2189 2215/2215
f 2189/2189 2200/2200 2190/2190
f 2145/2145 2169/2169 2147/2147
f 2131/2131 2147/2147 2169/2169
f 2145/2145 2147/2147 2131/2131
f 2131/2131 1622/1622 2145/2145
f 2365/2365 2131/2131 2190/2190
f 1232/1232 1549/1549 1622/1622
f 2329/2329 2811/2811 2429/2429
f 6683/6683 6842/6842 6798/6798
f 6450/6450 6683/6683 6798/6798
f 6450/6450 6873/6873 6683/6683
f 7099/7099 6450/6450 7249/7249
f 7249/7249 8124/8124 7099/7099
f 9101/9101 8990/8990 9098/9098
f 9083/9083 9101/9101 9098/9098
f 9051/9051 9101/9101 9083/9083
f 9037/9037 9101/9101 9051/9051
f 9059/9059 9037/9037 9051/9051
f 9047/9047 9059/9059 9051/9051
f 9037/9037 9059/9059 9047/9047
f 9087/9087 8616/8616 9081/9081
f 9082/9082 9087/9087 9081/9081
f 9082/9082 8616/8616 9035/9035
f 9081/9081 8616/8616 9082/9082
f 9101/9101 9082/9082 8990/8990
f 9037/9037 9082/9082 9101/9101
f 9035/9035 8990/8990 9082/9082
f 8990/8990 8743/8743 8382/8382
f 8484/8484 8382/8382 8743/8743
f 4486/4486 4492/4492 4489/4489
f 4134/4134 4489/4489 4494/4494
f 4494/4494 4489/4489 4492/4492
f 4493/4493 4134/4134 4494/4494
f 4490/4490 4492/4492 4487/4487
f 4486/4486 4492/4492 4490/4490
f 4486/4486 4490/4490 4487/4487
f 4494/4494 4492/4492 4486/4486
f 4517/4517 4486/4486 4489/4489
f 4494/4494 4486/4486 4517/4517
f 4489/4489 4134/4134 4517/4517
f 8578/8578 8402/8402 8401/8401
f 8401/8401 8402/8402 8410/8410
f 8410/8410 8402/8402 8578/8578
f 4053/4053 3971/3971 4132/4132
f 4482/4482 3971/3971 4053/4053
f 4472/4472 4482/4482 4053/4053
f 4218/4218 4472/4472 4053/4053
f 4209/4209 4472/4472 4218/4218
f 3921/3921 4002/4002 4053/4053
f 4053/4053 4132/4132 3921/3921
f 4134/4134 3858/3858 4517/4517
f 965/965 894/894 983/983
f 894/894 811/811 983/983
f 811/811 894/894 965/965
f 774/774 883/883 850/850
f 850/850 883/883 1175/1175
f 602/602 781/781 1175/1175
f 602/602 1175/1175 1176/1176
f 1201/1201 1176/1176 1175/1175
f 1201/1201 602/602 1176/1176
f 8492/8492 8399/8399 8507/8507
f 8507/8507 8552/8552 8572/8572
f 8492/8492 8572/8572 8552/8552
f 8469/8469 8399/8399 8492/8492
f 8507/8507 8492/8492 8552/8552
f 8507/8507 8469/8469 8492/8492
f 8368/8368 8469/8469 8507/8507
f 8399/8399 8469/8469 8368/8368
f 8506/8506 8399/8399 8368/8368
f 8551/8551 8762/8762 8539/8539
f 8551/8551 8787/8787 8762/8762
f 8736/8736 8787/8787 8551/8551
f 8794/8794 8762/8762 8787/8787
f 8694/8694 8787/8787 8736/8736
f 8616/8616 8458/8458 8596/8596
f 8803/8803 8616/8616 8596/8596
f 8743/8743 8596/8596 8631/8631
f 8803/8803 8596/8596 8743/8743
f 8801/8801 8816/8816 8795/8795
f 8801/8801 8795/8795 8813/8813
f 8801/8801 8813/8813 8816/8816
f 9035/9035 8816/8816 8743/8743
f 8816/8816 8803/8803 8743/8743
f 8616/8616 8803/8803 9035/9035
f 8816/8816 9035/9035 8803/8803
f 850/850 1175/1175 774/774
f 767/767 650/650 774/774
f 1175/1175 767/767 774/774
f 1175/1175 650/650 767/767
f 781/781 650/650 1175/1175
f 8367/8367 8387/8387 8328/8328
f 8356/8356 8328/8328 8387/8387
f 8367/8367 8356/8356 8387/8387
f 8631/8631 8596/8596 8458/8458
f 8484/8484 8743/8743 8631/8631
f 8352/8352 8474/8474 8657/8657
f 8710/8710 8682/8682 8352/8352
f 8712/8712 8352/8352 8682/8682
f 8712/8712 8682/8682 8710/8710
f 8397/8397 8399/8399 8506/8506
f 8526/8526 8397/8397 8506/8506
f 8535/8535 8526/8526 8506/8506
f 8397/8397 8526/8526 8535/8535
f 8558/8558 8539/8539 8762/8762
f 8787/8787 8783/8783 8794/8794
f 8776/8776 8794/8794 8783/8783
f 8777/8777 8794/8794 8776/8776
f 8783/8783 8777/8777 8776/8776
f 8794/8794 8783/8783 8762/8762
f 8762/8762 8783/8783 8558/8558
f 8561/8561 8562/8562 8619/8619
f 8674/8674 8619/8619 8562/8562
f 8656/8656 8619/8619 8674/8674
f 8656/8656 8561/8561 8619/8619
f 8711/8711 8674/8674 8751/8751
f 8724/8724 8711/8711 8751/8751
f 8759/8759 8724/8724 8751/8751
f 8746/8746 8724/8724 8759/8759
f 8761/8761 8724/8724 8746/8746
f 8759/8759 8761/8761 8746/8746
f 8748/8748 8775/8775 8785/8785
f 8781/8781 8785/8785 8775/8775
f 8751/8751 8781/8781 8759/8759
f 8766/8766 8781/8781 8751/8751
f 8750/8750 8751/8751 8674/8674
f 8725/8725 8751/8751 8750/8750
f 8766/8766 8725/8725 8750/8750
f 8766/8766 8751/8751 8725/8725
f 8785/8785 8781/8781 8756/8756
f 8756/8756 8748/8748 8785/8785
f 5880/5880 5706/5706 5530/5530
f 5627/5627 5457/5457 5530/5530
f 5627/5627 5390/5390 5457/5457
f 5706/5706 5880/5880 5873/5873
f 8757/8757 8764/8764 8767/8767
f 8757/8757 8760/8760 8764/8764
f 8767/8767 8760/8760 8757/8757
f 8788/8788 8760/8760 8767/8767
f 4026/4026 4062/4062 4110/4110
f 3965/3965 4062/4062 4026/4026
f 3965/3965 4026/4026 4110/4110
f 8687/8687 8760/8760 8788/8788
f 8998/8998 9026/9026 9027/9027
f 9026/9026 8998/8998 9042/9042
f 8975/8975 9026/9026 9042/9042
f 9057/9057 9026/9026 8975/8975
f 8958/8958 9057/9057 8975/8975
f 9057/9057 8958/8958 8966/8966
f 8958/8958 8975/8975 8911/8911
f 8958/8958 8886/8886 8966/8966
f 8966/8966 8855/8855 9057/9057
f 8982/8982 8855/8855 8966/8966
f 8982/8982 8966/8966 8946/8946
f 8911/8911 8886/8886 8958/8958
f 8911/8911 8912/8912 8886/8886
f 8911/8911 8884/8884 8912/8912
f 8884/8884 8886/8886 8912/8912
f 8866/8866 8884/8884 8854/8854
f 8896/8896 8884/8884 8866/8866
f 8859/8859 8866/8866 8854/8854
f 8896/8896 8866/8866 8859/8859
f 9057/9057 8855/8855 8859/8859
f 8946/8946 8855/8855 8982/8982
f 8896/8896 8864/8864 8856/8856
f 8859/8859 8864/8864 8896/8896
f 8859/8859 8856/8856 8864/8864
f 9057/9057 8859/8859 8707/8707
f 3942/3942 3871/3871 3959/3959
f 3942/3942 3931/3931 3871/3871
f 3991/3991 3931/3931 3942/3942
f 4001/4001 4048/4048 4032/4032
f 4048/4048 4035/4035 4032/4032
f 4035/4035 4001/4001 4032/4032
f 3991/3991 3942/3942 4035/4035
f 3959/3959 3871/3871 4004/4004
f 3925/3925 3945/3945 3897/3897
f 3925/3925 3897/3897 4004/4004
f 4004/4004 3945/3945 3925/3925
f 4004/4004 3871/3871 3931/3931
f 4004/4004 3955/3955 3960/3960
f 3963/3963 3955/3955 4004/4004
f 3960/3960 3955/3955 3963/3963
f 4080/4080 4122/4122 4154/4154
f 4246/4246 3931/3931 4080/4080
f 4274/4274 4321/4321 4246/4246
f 4321/4321 4274/4274 4352/4352
f 4263/4263 4321/4321 4287/4287
f 4271/4271 4263/4263 4287/4287
f 4321/4321 4271/4271 4287/4287
f 4274/4274 4246/4246 4352/4352
f 4373/4373 4246/4246 4351/4351
f 4356/4356 4351/4351 4246/4246
f 4080/4080 4230/4230 4246/4246
f 4230/4230 4080/4080 4241/4241
f 4241/4241 4080/4080 4154/4154
f 4250/4250 4230/4230 4241/4241
f 4356/4356 4230/4230 4250/4250
f 4356/4356 4250/4250 4241/4241
f 4356/4356 4373/4373 4351/4351
f 4381/4381 4390/4390 4373/4373
f 4374/4374 4381/4381 4373/4373
f 4390/4390 4381/4381 4374/4374
f 4365/4365 4375/4375 4391/4391
f 4353/4353 4375/4375 4365/4365
f 4391/4391 4375/4375 4353/4353
f 1287/1287 1267/1267 1300/1300
f 1406/1406 1267/1267 1287/1287
f 1300/1300 1406/1406 1287/1287
f 1378/1378 1435/1435 1654/1654
f 1560/1560 1378/1378 1654/1654
f 1435/1435 1378/1378 1560/1560
f 8739/8739 7713/7713 8643/8643
f 8739/8739 8731/8731 7713/7713
f 8749/8749 8731/8731 8755/8755
f 8765/8765 8731/8731 8749/8749
f 8765/8765 8749/8749 8755/8755
f 8784/8784 8765/8765 8739/8739
f 8765/8765 8784/8784 8793/8793
f 8780/8780 8772/8772 8793/8793
f 8786/8786 8772/8772 8780/8780
f 8793/8793 8786/8786 8780/8780
f 8798/8798 8786/8786 8793/8793
f 8791/8791 8797/8797 8786/8786
f 8786/8786 8798/8798 8791/8791
f 8784/8784 8798/8798 8793/8793
f 8799/8799 8585/8585 8798/8798
f 8789/8789 8792/8792 8585/8585
f 8789/8789 8739/8739 8792/8792
f 8739/8739 8789/8789 8585/8585
f 8739/8739 8585/8585 8799/8799
f 8799/8799 8784/8784 8739/8739
f 8799/8799 8798/8798 8784/8784
f 3914/3914 3916/3916 3948/3948
f 3968/3968 3914/3914 3948/3948
f 3968/3968 3948/3948 3916/3916
f 8382/8382 9098/9098 8990/8990
f 8990/8990 9035/9035 8743/8743
f 4618/4618 4614/4614 4605/4605
f 4645/4645 4642/4642 4644/4644
f 4618/4618 4645/4645 4644/4644
f 4618/4618 4644/4644 4642/4642
f 4716/4716 4618/4618 4605/4605
f 4508/4508 4496/4496 4575/4575
f 4509/4509 4563/4563 4510/4510
f 4496/4496 4563/4563 4509/4509
f 4484/4484 4509/4509 4510/4510
f 4496/4496 4509/4509 4484/4484
f 3967/3967 4508/4508 3429/3429
f 4496/4496 4484/4484 4500/4500
f 3967/3967 4495/4495 4508/4508
f 4495/4495 3967/3967 3895/3895
f 4158/4158 4495/4495 3895/3895
f 4158/4158 3895/3895 4127/4127
f 4266/4266 4158/4158 4137/4137
f 4602/4602 4266/4266 4137/4137
f 3936/3936 3895/3895 3843/3843
f 4127/4127 3895/3895 3936/3936
f 4030/4030 4127/4127 3936/3936
f 4602/4602 4030/4030 3936/3936
f 4127/4127 4030/4030 4602/4602
f 4266/4266 4602/4602 4158/4158
f 4158/4158 4602/4602 4488/4488
f 4575/4575 4488/4488 4602/4602
f 4514/4514 4488/4488 4565/4565
f 4495/4495 4488/4488 4514/4514
f 4565/4565 4495/4495 4514/4514
f 4575/4575 4565/4565 4488/4488
f 4522/4522 4565/4565 4575/4575
f 4573/4573 4500/4500 4522/4522
f 4582/4582 4500/4500 4573/4573
f 4582/4582 4573/4573 4522/4522
f 4575/4575 4496/4496 4582/4582
f 4575/4575 4582/4582 4522/4522
f 4452/4452 4575/4575 3529/3529
f 4034/4034 3872/3872 4012/4012
f 3869/3869 4012/4012 3872/3872
f 3869/3869 3872/3872 3884/3884
f 3927/3927 3929/3929 3954/3954
f 3983/3983 3989/3989 3972/3972
f 4000/4000 3972/3972 3989/3989
f 3983/3983 4000/4000 3989/3989
f 4009/4009 4000/4000 4015/4015
f 4010/4010 4009/4009 4015/4015
f 4000/4000 4009/4009 4010/4010
f 4056/4056 4061/4061 3996/3996
f 4061/4061 4210/4210 3996/3996
f 4056/4056 3981/3981 4061/4061
f 4056/4056 3975/3975 3981/3981
f 3983/3983 3884/3884 4056/4056
f 3954/3954 3983/3983 3927/3927
f 3929/3929 3983/3983 3954/3954
f 3983/3983 3905/3905 3929/3929
f 3905/3905 3983/3983 3913/3913
f 3884/3884 3905/3905 3913/3913
f 3929/3929 3905/3905 3884/3884
f 4018/4018 3872/3872 4034/4034
f 4034/4034 3980/3980 4018/4018
f 8867/8867 8998/8998 9027/9027
f 9073/9073 8867/8867 9044/9044
f 9053/9053 8867/8867 9073/9073
f 9060/9060 9066/9066 9044/9044
f 9065/9065 9066/9066 9060/9060
f 9065/9065 9060/9060 9044/9044
f 9065/9065 9069/9069 9070/9070
f 9061/9061 9070/9070 9069/9069
f 9061/9061 9069/9069 9065/9065
f 9061/9061 9074/9074 9072/9072
f 9078/9078 9073/9073 9072/9072
f 9080/9080 9078/9078 9072/9072
f 9074/9074 9080/9080 9072/9072
f 9080/9080 9073/9073 9078/9078
f 9054/9054 9064/9064 9073/9073
f 9053/9053 9073/9073 9064/9064
f 9054/9054 9053/9053 9064/9064
f 9045/9045 8867/8867 9053/9053
f 8721/8721 8998/8998 8867/8867
f 8709/8709 8998/8998 8721/8721
f 8715/8715 8709/8709 8721/8721
f 8704/8704 8998/8998 8709/8709
f 8703/8703 8713/8713 8708/8708
f 8715/8715 8708/8708 8713/8713
f 8703/8703 8708/8708 8715/8715
f 8715/8715 8704/8704 8709/8709
f 8695/8695 8704/8704 8715/8715
f 8695/8695 8691/8691 8704/8704
f 8715/8715 8691/8691 8695/8695
f 8826/8826 8691/8691 8715/8715
f 3876/3876 3875/3875 3885/3885
f 3896/3896 3875/3875 3876/3876
f 3896/3896 3885/3885 3875/3875
f 4077/4077 4068/4068 4093/4093
f 4093/4093 4166/4166 4077/4077
f 4068/4068 4166/4166 4093/4093
f 4018/4018 3884/3884 3872/3872
f 4018/4018 4056/4056 3884/3884
f 4018/4018 3980/3980 4056/4056
f 3975/3975 4056/4056 3980/3980
f 3981/3981 3986/3986 3982/3982
f 3986/3986 3975/3975 3982/3982
f 3981/3981 3975/3975 3986/3986
f 7613/7613 9085/9085 7983/7983
f 7632/7632 9085/9085 7613/7613
f 3998/3998 4174/4174 4089/4089
f 3998/3998 3930/3930 3889/3889
f 4043/4043 3930/3930 3998/3998
f 3956/3956 3930/3930 4043/4043
f 4043/4043 3987/3987 3956/3956
f 3992/3992 3987/3987 4043/4043
f 3998/3998 4089/4089 4043/4043
f 4721/4721 4702/4702 4722/4722
f 4722/4722 4709/4709 4711/4711
f 4690/4690 4701/4701 4703/4703
f 4700/4700 4703/4703 4701/4701
f 4690/4690 4700/4700 4701/4701
f 4700/4700 4690/4690 4661/4661
f 4700/4700 4711/4711 4709/4709
f 4722/4722 4711/4711 4700/4700
f 4722/4722 4700/4700 4686/4686
f 4686/4686 4687/4687 4722/4722
f 4674/4674 4687/4687 4686/4686
f 4687/4687 4674/4674 4673/4673
f 4674/4674 4686/4686 4669/4669
f 4661/4661 4686/4686 4700/4700
f 4669/4669 4686/4686 4661/4661
f 4658/4658 4669/4669 4661/4661
f 4662/4662 4658/4658 4661/4661
f 4653/4653 4669/4669 4658/4658
f 4655/4655 4652/4652 4653/4653
f 4650/4650 4663/4663 4655/4655
f 4655/4655 4677/4677 4650/4650
f 4661/4661 4690/4690 4677/4677
f 4690/4690 4650/4650 4677/4677
f 605/605 2110/2110 718/718
f 4884/4884 605/605 4936/4936
f 4876/4876 4936/4936 718/718
f 9019/9019 8734/8734 9096/9096
f 8445/8445 8734/8734 9019/9019
f 4884/4884 4876/4876 5205/5205
f 2616/2616 2733/2733 2680/2680
f 2751/2751 2733/2733 2770/2770
f 2733/2733 2616/2616 2770/2770
f 8055/8055 8321/8321 7988/7988
f 8055/8055 7988/7988 7910/7910
f 155/155 4805/4805 71/71
f 4948/4948 4805/4805 155/155
f 71/71 4805/4805 4948/4948
f 7249/7249 6798/6798 6747/6747
f 7632/7632 9119/9119 9085/9085
f 7200/7200 7502/7502 6250/6250
f 6965/6965 6681/6681 7421/7421
f 6965/6965 7421/7421 7270/7270
f 7270/7270 7421/7421 7155/7155
f 6608/6608 7270/7270 7155/7155
f 6802/6802 7270/7270 6608/6608
f 6802/6802 6943/6943 7270/7270
f 6943/6943 6965/6965 7270/7270
f 6965/6965 7019/7019 6980/6980
f 6943/6943 6980/6980 7019/7019
f 6943/6943 6965/6965 6980/6980
f 6943/6943 6802/6802 6681/6681
f 6965/6965 6943/6943 6681/6681
f 6608/6608 6439/6439 6802/6802
f 6051/6051 6439/6439 6608/6608
f 6681/6681 6439/6439 6051/6051
f 6056/6056 6049/6049 6018/6018
f 6056/6056 6083/6083 6049/6049
f 6018/6018 6083/6083 6056/6056
f 2607/2607 2770/2770 2616/2616
f 7155/7155 7421/7421 7502/7502
f 6250/6250 7502/7502 7421/7421
f 8791/8791 7713/7713 8797/8797
f 4709/4709 4722/4722 4702/4702
f 4684/4684 4722/4722 4687/4687
f 4687/4687 4673/4673 4684/4684
f 4665/4665 4684/4684 4673/4673
f 4654/4654 4665/4665 4673/4673
f 4654/4654 4684/4684 4665/4665
f 4652/4652 4655/4655 4663/4663
f 1588/1588 2365/2365 544/544
f 1572/1572 2365/2365 1588/1588
f 1572/1572 1674/1674 2365/2365
f 1586/1586 1572/1572 1588/1588
f 1586/1586 1558/1558 1587/1587
f 1558/1558 1521/1521 1587/1587
f 1586/1586 1521/1521 1558/1558
f 1521/1521 1586/1586 1588/1588
f 544/544 1521/1521 1588/1588
f 544/544 1460/1460 1521/1521
f 2365/2365 2607/2607 544/544
f 1674/1674 1460/1460 544/544
f 1572/1572 1460/1460 1674/1674
f 1528/1528 1525/1525 1549/1549
f 1543/1543 1528/1528 1549/1549
f 1525/1525 1528/1528 1543/1543
f 1549/1549 1464/1464 1543/1543
f 2041/2041 1464/1464 1232/1232
f 1549/1549 1232/1232 1464/1464
f 1543/1543 1464/1464 1622/1622
f 1549/1549 1543/1543 1622/1622
f 6798/6798 7249/7249 6450/6450
f 1540/1540 1561/1561 1678/1678
f 1530/1530 1561/1561 1540/1540
f 1530/1530 1540/1540 1678/1678
f 1734/1734 1530/1530 1678/1678
f 1382/1382 1530/1530 1734/1734
f 1473/1473 1382/1382 1734/1734
f 1495/1495 1486/1486 1498/1498
f 1499/1499 1495/1495 1498/1498
f 1486/1486 1495/1495 1499/1499
f 1488/1488 1451/1451 1486/1486
f 1501/1501 1451/1451 1488/1488
f 1501/1501 1488/1488 1486/1486
f 1436/1436 1473/1473 1421/1421
f 1301/1301 1343/1343 1382/1382
f 1301/1301 1382/1382 1395/1395
f 1436/1436 1382/1382 1473/1473
f 1421/1421 1382/1382 1436/1436
f 1301/1301 1395/1395 1343/1343
f 9222/9222 9228/9228 9235/9235
f 533/533 699/699 543/543
f 543/543 699/699 437/437
f 533/533 543/543 437/437
f 823/823 849/849 888/888
f 808/808 888/888 849/849
f 808/808 849/849 823/823
f 3937/3937 3908/3908 3940/3940
f 4061/4061 3908/3908 3937/3937
f 3940/3940 4061/4061 3937/3937
f 9188/9188 9194/9194 9203/9203
f 9182/9182 9194/9194 9188/9188
f 9203/9203 9194/9194 9182/9182
f 9161/9161 9181/9181 9217/9217
f 544/544 2607/2607 1115/1115
f 452/452 544/544 1115/1115
f 1547/1547 1372/1372 1483/1483
f 1644/1644 1547/1547 1483/1483
f 1995/1995 2055/2055 1644/1644
f 1995/1995 1787/1787 2055/2055
f 1483/1483 1995/1995 1644/1644
f 1995/1995 1483/1483 1730/1730
f 2163/2163 1730/1730 1483/1483
f 1787/1787 1730/1730 2163/2163
f 1483/1483 2504/2504 2163/2163
f 74/74 126/126 212/212
f 4757/4757 74/74 212/212
f 74/74 4757/4757 126/126
f 4976/4976 4881/4881 4972/4972
f 5025/5025 4881/4881 4976/4976
f 4972/4972 5025/5025 4976/4976
f 1296/1296 1483/1483 1372/1372
f 897/897 1483/1483 1296/1296
f 340/340 279/279 378/378
f 303/303 394/394 577/577
f 464/464 303/303 577/577
f 394/394 303/303 464/464
f 566/566 525/525 483/483
f 566/566 483/483 490/490
f 525/525 566/566 490/490
f 490/490 632/632 691/691
f 2504/2504 1483/1483 874/874
f 897/897 874/874 1483/1483
f 897/897 895/895 874/874
f 880/880 874/874 895/895
f 880/880 895/895 897/897
f 6007/6007 5960/5960 5936/5936
f 5984/5984 5974/5974 5955/5955
f 6011/6011 5974/5974 5984/5984
f 6011/6011 6007/6007 5974/5974
f 6033/6033 5968/5968 6007/6007
f 6033/6033 6020/6020 5968/5968
f 6033/6033 6007/6007 6011/6011
f 6011/6011 6020/6020 6033/6033
f 5955/5955 6011/6011 5984/5984
f 5892/5892 6011/6011 5869/5869
f 5879/5879 6011/6011 5892/5892
f 5879/5879 5892/5892 5869/5869
f 9027/9027 9061/9061 9065/9065
f 9044/9044 9027/9027 9065/9065
f 9026/9026 9061/9061 9027/9027
f 8867/8867 9027/9027 9044/9044
f 8321/8321 8294/8294 7988/7988
f 8331/8331 7988/7988 8294/8294
f 8331/8331 8041/8041 7988/7988
f 8449/8449 8302/8302 8331/8331
f 8331/8331 8769/8769 8449/8449
f 8331/8331 8359/8359 8769/8769
f 8344/8344 8769/8769 8359/8359
f 8344/8344 8359/8359 8315/8315
f 8329/8329 8344/8344 8315/8315
f 8321/8321 8344/8344 8329/8329
f 8315/8315 8321/8321 8329/8329
f 8308/8308 8321/8321 8315/8315
f 8294/8294 8308/8308 8315/8315
f 8321/8321 8308/8308 8294/8294
f 4139/4139 4507/4507 4506/4506
f 4515/4515 4519/4519 4512/4512
f 4507/4507 4515/4515 4512/4512
f 4515/4515 4507/4507 4519/4519
f 4498/4498 4507/4507 4139/4139
f 4498/4498 4139/4139 3965/3965
f 6823/6823 6818/6818 6816/6816
f 6712/6712 6814/6814 6823/6823
f 6823/6823 6814/6814 6820/6820
f 6827/6827 6823/6823 6820/6820
f 6825/6825 6827/6827 6820/6820
f 6825/6825 6823/6823 6827/6827
f 6818/6818 6820/6820 6814/6814
f 6820/6820 6818/6818 6823/6823
f 6689/6689 6814/6814 6712/6712
f 6719/6719 6689/6689 6712/6712
f 6708/6708 6719/6719 6712/6712
f 6689/6689 6719/6719 6708/6708
f 6661/6661 6677/6677 6673/6673
f 6660/6660 6677/6677 6661/6661
f 6673/6673 6677/6677 6660/6660
f 6814/6814 6660/6660 5309/5309
f 6689/6689 6660/6660 6814/6814
f 6631/6631 6624/6624 6814/6814
f 5848/5848 6470/6470 6631/6631
f 2751/2751 2656/2656 2607/2607
f 2656/2656 2751/2751 2690/2690
f 2690/2690 2751/2751 2770/2770
f 2709/2709 2703/2703 2690/2690
f 2656/2656 2703/2703 2709/2709
f 2656/2656 2709/2709 2690/2690
f 2607/2607 2690/2690 2770/2770
f 2690/2690 2607/2607 2656/2656
f 4080/4080 3931/3931 4035/4035
f 3931/3931 3991/3991 4035/4035
f 4122/4122 4080/4080 4035/4035
f 4239/4239 4240/4240 4241/4241
f 4238/4238 4241/4241 4240/4240
f 4238/4238 4240/4240 4239/4239
f 4245/4245 4238/4238 4329/4329
f 4282/4282 4238/4238 4245/4245
f 4282/4282 4245/4245 4329/4329
f 4286/4286 4282/4282 4283/4283
f 4300/4300 4286/4286 4283/4283
f 4282/4282 4300/4300 4283/4283
f 4355/4355 4356/4356 4314/4314
f 4314/4314 4356/4356 4282/4282
f 4329/4329 4314/4314 4282/4282
f 4256/4256 4241/4241 4237/4237
f 4236/4236 4256/4256 4237/4237
f 4236/4236 4237/4237 4241/4241
f 4154/4154 4236/4236 4241/4241
f 4236/4236 4154/4154 4261/4261
f 4255/4255 4260/4260 4261/4261
f 4236/4236 4261/4261 4268/4268
f 4313/4313 4268/4268 4261/4261
f 4255/4255 4270/4270 4260/4260
f 4268/4268 4313/4313 4236/4236
f 4367/4367 4368/4368 4313/4313
f 4355/4355 4314/4314 4329/4329
f 4350/4350 4389/4389 4405/4405
f 4405/4405 4406/4406 4350/4350
f 4406/4406 4405/4405 4389/4389
f 4423/4423 4022/4022 4373/4373
f 4022/4022 4029/4029 3958/3958
f 4038/4038 3958/3958 4029/4029
f 4005/4005 3973/3973 3958/3958
f 4038/4038 4005/4005 3958/3958
f 4005/4005 4038/4038 4040/4040
f 4040/4040 4013/4013 4005/4005
f 4014/4014 4005/4005 4013/4013
f 4040/4040 4014/4014 4013/4013
f 4039/4039 4037/4037 4040/4040
f 4036/4036 4040/4040 4037/4037
f 4036/4036 4037/4037 4039/4039
f 1221/1221 1224/1224 897/897
f 1296/1296 1224/1224 1221/1221
f 1221/1221 897/897 1296/1296
f 6152/6152 6128/6128 6162/6162
f 6280/6280 6152/6152 6162/6162
f 6128/6128 6152/6152 6280/6280
f 6374/6374 6153/6153 6280/6280
f 6150/6150 6374/6374 6280/6280
f 5530/5530 5706/5706 5873/5873
f 4493/4493 4494/4494 4517/4517
f 4517/4517 4520/4520 4493/4493
f 4511/4511 4520/4520 4517/4517
f 4511/4511 4530/4530 4520/4520
f 4539/4539 4530/4530 4511/4511
f 4539/4539 4520/4520 4530/4530
f 4505/4505 4513/4513 4504/4504
f 4511/4511 4505/4505 4504/4504
f 4513/4513 4505/4505 4511/4511
f 4520/4520 4511/4511 4527/4527
f 4539/4539 4520/4520 4527/4527
f 4539/4539 4527/4527 4511/4511
f 4196/4196 4524/4524 4517/4517
f 4402/4402 4466/4466 4196/4196
f 4524/4524 4196/4196 4466/4466
f 4402/4402 4524/4524 4466/4466
f 4180/4180 4196/4196 4517/4517
f 3857/3857 4180/4180 3850/3850
f 3851/3851 3857/3857 3850/3850
f 3425/3425 3698/3698 3489/3489
f 4048/4048 4304/4304 4122/4122
f 4035/4035 4048/4048 4122/4122
f 4154/4154 4122/4122 4229/4229
f 4229/4229 4122/4122 4304/4304
f 4261/4261 4154/4154 4229/4229
f 4270/4270 4255/4255 4261/4261
f 4261/4261 4229/4229 4280/4280
f 4304/4304 4280/4280 4229/4229
f 4334/4334 4280/4280 4364/4364
f 4281/4281 4280/4280 4334/4334
f 4341/4341 4319/4319 4364/4364
f 4349/4349 4364/4364 4319/4319
f 4341/4341 4349/4349 4319/4319
f 4364/4364 4281/4281 4334/4334
f 4364/4364 4403/4403 4385/4385
f 4459/4459 4453/4453 4448/4448
f 4459/4459 4442/4442 4453/4453
f 4458/4458 4029/4029 4455/4455
f 4455/4455 4029/4029 4463/4463
f 4463/4463 4458/4458 4455/4455
f 4456/4456 4433/4433 4457/4457
f 4446/4446 4456/4456 4457/4457
f 4433/4433 4456/4456 4446/4446
f 4348/4348 4346/4346 4362/4362
f 4328/4328 4348/4348 4362/4362
f 4328/4328 4346/4346 4348/4348
f 4310/4310 4347/4347 4328/4328
f 4304/4304 4347/4347 4310/4310
f 4328/4328 4304/4304 4310/4310
f 4333/4333 4341/4341 4363/4363
f 4422/4422 4333/4333 4363/4363
f 4341/4341 4333/4333 4422/4422
f 4384/4384 4341/4341 4422/4422
f 4366/4366 4349/4349 4384/4384
f 4366/4366 4364/4364 4349/4349
f 4447/4447 4364/4364 4366/4366
f 4384/4384 4447/4447 4366/4366
f 4403/4403 4364/4364 4447/4447
f 4426/4426 4447/4447 4384/4384
f 4433/4433 4426/4426 4384/4384
f 4447/4447 4426/4426 4433/4433
f 4022/4022 4459/4459 4463/4463
f 4029/4029 4022/4022 4463/4463
f 4403/4403 4447/4447 4459/4459
f 4385/4385 4403/4403 4459/4459
f 9006/9006 8997/8997 8817/8817
f 9030/9030 8995/8995 8727/8727
f 8791/8791 8798/8798 8565/8565
f 8798/8798 8553/8553 8565/8565
f 8585/8585 8553/8553 8798/8798
f 4643/4643 4590/4590 4639/4639
f 4641/4641 4643/4643 4639/4639
f 4649/4649 4643/4643 4641/4641
f 4620/4620 4523/4523 4641/4641
f 4639/4639 4624/4624 4620/4620
f 4617/4617 4620/4620 4619/4619
f 4613/4613 4617/4617 4619/4619
f 4620/4620 4617/4617 4613/4613
f 4620/4620 4641/4641 4639/4639
f 5450/5450 5342/5342 5209/5209
f 5451/5451 5450/5450 5398/5398
f 5367/5367 5451/5451 5398/5398
f 5450/5450 5367/5367 5398/5398
f 5189/5189 4866/4866 4900/4900
f 5005/5005 5189/5189 4900/4900
f 4866/4866 5005/5005 4900/4900
f 6681/6681 7200/7200 6250/6250
f 7421/7421 6681/6681 6250/6250
f 1473/1473 1734/1734 1546/1546
f 605/605 718/718 4936/4936
f 6170/6170 6153/6153 6374/6374
f 6090/6090 6374/6374 6150/6150
f 6170/6170 6374/6374 6090/6090
f 6090/6090 6089/6089 6170/6170
f 6078/6078 6089/6089 6090/6090
f 6170/6170 6089/6089 6078/6078
f 6439/6439 6681/6681 6802/6802
f 8399/8399 8397/8397 8507/8507
f 8817/8817 8540/8540 8827/8827
f 3858/3858 3845/3845 4517/4517
f 3832/3832 3828/3828 3825/3825
f 3832/3832 3825/3825 3816/3816
f 3828/3828 3832/3832 3816/3816
f 3815/3815 3828/3828 3816/3816
f 3822/3822 3828/3828 3815/3815
f 3822/3822 3815/3815 3816/3816
f 3822/3822 3845/3845 3825/3825
f 4517/4517 3995/3995 3851/3851
f 3826/3826 3827/3827 3820/3820
f 3829/3829 3827/3827 3826/3826
f 3820/3820 3829/3829 3826/3826
f 3804/3804 3818/3818 3799/3799
f 3811/3811 3818/3818 3804/3804
f 3811/3811 3804/3804 3799/3799
f 3797/3797 3799/3799 3803/3803
f 3798/3798 3799/3799 3797/3797
f 3803/3803 3798/3798 3797/3797
f 3817/3817 3798/3798 3809/3809
f 3796/3796 3822/3822 3798/3798
f 3795/3795 3796/3796 3798/3798
f 3822/3822 3796/3796 3795/3795
f 4517/4517 3803/3803 3995/3995
f 3803/3803 4517/4517 3822/3822
f 3845/3845 3822/3822 4517/4517
f 3809/3809 3798/3798 3821/3821
f 3817/3817 3809/3809 3821/3821
f 3816/3816 3834/3834 3822/3822
f 3830/3830 3822/3822 3834/3834
f 3817/3817 3822/3822 3830/3830
f 3830/3830 3834/3834 3816/3816
f 3838/3838 3825/3825 3845/3845
f 3817/3817 3825/3825 3838/3838
f 3829/3829 3838/3838 3847/3847
f 3817/3817 3838/3838 3829/3829
f 1546/1546 1734/1734 1678/1678
f 8553/8553 8778/8778 8565/8565
f 8697/8697 8701/8701 8745/8745
f 8629/8629 8745/8745 8701/8701
f 8629/8629 8701/8701 8697/8697
f 8767/8767 9018/9018 8788/8788
f 4639/4639 4590/4590 4523/4523
f 4066/4066 4523/4523 4590/4590
f 4066/4066 3933/3933 4523/4523
f 3550/3550 3933/3933 4066/4066
f 3463/3463 3933/3933 3550/3550
f 3933/3933 3463/3463 4020/4020
f 3370/3370 3463/3463 3337/3337
f 4020/4020 3370/3370 3337/3337
f 3463/3463 3370/3370 4020/4020
f 4631/4631 4641/4641 4020/4020
f 4649/4649 4641/4641 4631/4631
f 4545/4545 4194/4194 4139/4139
f 4554/4554 4545/4545 4538/4538
f 4531/4531 4554/4554 4538/4538
f 4531/4531 4538/4538 4545/4545
f 4526/4526 4531/4531 4528/4528
f 4519/4519 4526/4526 4528/4528
f 4531/4531 4526/4526 4519/4519
f 4534/4534 4519/4519 4533/4533
f 4531/4531 4519/4519 4534/4534
f 4535/4535 4531/4531 4532/4532
f 4533/4533 4531/4531 4534/4534
f 4540/4540 4535/4535 4532/4532
f 4540/4540 4531/4531 4535/4535
f 4210/4210 4056/4056 3996/3996
f 3983/3983 4056/4056 4210/4210
f 3504/3504 3191/3191 3577/3577
f 3504/3504 3577/3577 3559/3559
f 2751/2751 2318/2318 2365/2365
f 5477/5477 6067/6067 6131/6131
f 6067/6067 5477/5477 5945/5945
f 8693/8693 8787/8787 8694/8694
f 8783/8783 8787/8787 8693/8693
f 8685/8685 8783/8783 8693/8693
f 8692/8692 8685/8685 8693/8693
f 8783/8783 8685/8685 8692/8692
f 4187/4187 3529/3529 3392/3392
f 3350/3350 4187/4187 3392/3392
f 3350/3350 3392/3392 3482/3482
f 4557/4557 4206/4206 4502/4502
f 4332/4332 4467/4467 4464/4464
f 4326/4326 4332/4332 4436/4436
f 4326/4326 4436/4436 4451/4451
f 4332/4332 4451/4451 4436/4436
f 4464/4464 4445/4445 4332/4332
f 4467/4467 4445/4445 4464/4464
f 4441/4441 4345/4345 4361/4361
f 4323/4323 4345/4345 4441/4441
f 4361/4361 4345/4345 4323/4323
f 4206/4206 4461/4461 4397/4397
f 4401/4401 4434/4434 4383/4383
f 4435/4435 4434/4434 4401/4401
f 4383/4383 4435/4435 4401/4401
f 4397/4397 4435/4435 4360/4360
f 4359/4359 4397/4397 4360/4360
f 4359/4359 4360/4360 4435/4435
f 4343/4343 4344/4344 4359/4359
f 4397/4397 4359/4359 4344/4344
f 4248/4248 4292/4292 4291/4291
f 4292/4292 4276/4276 4291/4291
f 4293/4293 4294/4294 4343/4343
f 4276/4276 4293/4293 4343/4343
f 4248/4248 4276/4276 4292/4292
f 4244/4244 4276/4276 4248/4248
f 4502/4502 4244/4244 4248/4248
f 4293/4293 4276/4276 4294/4294
f 4294/4294 4276/4276 4244/4244
f 4397/4397 4244/4244 4206/4206
f 4326/4326 4361/4361 4294/4294
f 4244/4244 4397/4397 4294/4294
f 4344/4344 4343/4343 4397/4397
f 3739/3739 4706/4706 3505/3505
f 4206/4206 4244/4244 4502/4502
f 2876/2876 2449/2449 2650/2650
f 2449/2449 2995/2995 3048/3048
f 3048/3048 2995/2995 2953/2953
f 2953/2953 2995/2995 2449/2449
f 2666/2666 2953/2953 2765/2765
f 2765/2765 2608/2608 2666/2666
f 2354/2354 2765/2765 2536/2536
f 2354/2354 2608/2608 2765/2765
f 2255/2255 2354/2354 1881/1881
f 2154/2154 1839/1839 1881/1881
f 1815/1815 2255/2255 1881/1881
f 1646/1646 1815/1815 1881/1881
f 1646/1646 1881/1881 1839/1839
f 1506/1506 1815/1815 1646/1646
f 1847/1847 1646/1646 1839/1839
f 1841/1841 1847/1847 1839/1839
f 1847/1847 1506/1506 1646/1646
f 2126/2126 2120/2120 2073/2073
f 2154/2154 2120/2120 2126/2126
f 2073/2073 2154/2154 2126/2126
f 1841/1841 2154/2154 1881/1881
f 2876/2876 1841/1841 1881/1881
f 1841/1841 2876/2876 1847/1847
f 4302/4302 4219/4219 4188/4188
f 4379/4379 4354/4354 4416/4416
f 4379/4379 4331/4331 4354/4354
f 4408/4408 4379/4379 4416/4416
f 4331/4331 4379/4379 4408/4408
f 4408/4408 4416/4416 4415/4415
f 4460/4460 4444/4444 4440/4440
f 4424/4424 4444/4444 4460/4460
f 4424/4424 4460/4460 4440/4440
f 4408/4408 4415/4415 4420/4420
f 4331/4331 4408/4408 4420/4420
f 4259/4259 4331/4331 4322/4322
f 4331/4331 4301/4301 4322/4322
f 4259/4259 4322/4322 4301/4301
f 4302/4302 4259/4259 4219/4219
f 4259/4259 4188/4188 4219/4219
f 4205/4205 4197/4197 4043/4043
f 4272/4272 4297/4297 4226/4226
f 4197/4197 4205/4205 4195/4195
f 4195/4195 4193/4193 4197/4197
f 4193/4193 4195/4195 4205/4205
f 4190/4190 4193/4193 4205/4205
f 4190/4190 4189/4189 4193/4193
f 4201/4201 4190/4190 4205/4205
f 4202/4202 4190/4190 4201/4201
f 4205/4205 4202/4202 4201/4201
f 4242/4242 4205/4205 4043/4043
f 4290/4290 4242/4242 4317/4317
f 4290/4290 4205/4205 4242/4242
f 4205/4205 4290/4290 4317/4317
f 4190/4190 4265/4265 4227/4227
f 4265/4265 4209/4209 4227/4227
f 4209/4209 4265/4265 4284/4284
f 4284/4284 4265/4265 4317/4317
f 4209/4209 4284/4284 4317/4317
f 4472/4472 4209/4209 4317/4317
f 4191/4191 4227/4227 4209/4209
f 4191/4191 4209/4209 4224/4224
f 4217/4217 4218/4218 4207/4207
f 4207/4207 4218/4218 4053/4053
f 4208/4208 4217/4217 4207/4207
f 4218/4218 4217/4217 4208/4208
f 4224/4224 4209/4209 4208/4208
f 4208/4208 4191/4191 4224/4224
f 4190/4190 4227/4227 4191/4191
f 4192/4192 4190/4190 4191/4191
f 4207/4207 4189/4189 4190/4190
f 4193/4193 4189/4189 4207/4207
f 4207/4207 4190/4190 4192/4192
f 4191/4191 4207/4207 4192/4192
f 4053/4053 4197/4197 4207/4207
f 2650/2650 1506/1506 1847/1847
f 2876/2876 2650/2650 1847/1847
f 2449/2449 1506/1506 2650/2650
f 6016/6016 6131/6131 6067/6067
f 5945/5945 6016/6016 6067/6067
f 8938/8938 8563/8563 8584/8584
f 8687/8687 8788/8788 9018/9018
f 4624/4624 4639/4639 4523/4523
f 4523/4523 4613/4613 4624/4624
f 4620/4620 4613/4613 4523/4523
f 4523/4523 3933/3933 4641/4641
f 4232/4232 4242/4242 4043/4043
f 4226/4226 4297/4297 4223/4223
f 4232/4232 4233/4233 4223/4223
f 4272/4272 4223/4223 4233/4233
f 4232/4232 4272/4272 4233/4233
f 4272/4272 4226/4226 4223/4223
f 4273/4273 4298/4298 4272/4272
f 4296/4296 4273/4273 4272/4272
f 4295/4295 4296/4296 4272/4272
f 4306/4306 4296/4296 4295/4295
f 4340/4340 4295/4295 4272/4272
f 4306/4306 4295/4295 4340/4340
f 4298/4298 4273/4273 4296/4296
f 4317/4317 4198/4198 4472/4472
f 4198/4198 4075/4075 4082/4082
f 4082/4082 4117/4117 4198/4198
f 4198/4198 4117/4117 4472/4472
f 4482/4482 4472/4472 4117/4117
f 4220/4220 4235/4235 4212/4212
f 4249/4249 4212/4212 4235/4235
f 4211/4211 4220/4220 4212/4212
f 4243/4243 4220/4220 4211/4211
f 4243/4243 4228/4228 4220/4220
f 4267/4267 4228/4228 4243/4243
f 4267/4267 4220/4220 4228/4228
f 4235/4235 4220/4220 4249/4249
f 4220/4220 4267/4267 4254/4254
f 4249/4249 4220/4220 4254/4254
f 4254/4254 4267/4267 4249/4249
f 4278/4278 4279/4279 4249/4249
f 4267/4267 4278/4278 4249/4249
f 4303/4303 4279/4279 4278/4278
f 4307/4307 4279/4279 4303/4303
f 4371/4371 4279/4279 4307/4307
f 4371/4371 4307/4307 4303/4303
f 4327/4327 4371/4371 4303/4303
f 4315/4315 4327/4327 4303/4303
f 4315/4315 4371/4371 4327/4327
f 9231/9231 9228/9228 9222/9222
f 9231/9231 9233/9233 9228/9228
f 9232/9232 9234/9234 9233/9233
f 9234/9234 9232/9232 9230/9230
f 9233/9233 9231/9231 9230/9230
f 9232/9232 9233/9233 9230/9230
f 9219/9219 9223/9223 9227/9227
f 4545/4545 4139/4139 4516/4516
f 4525/4525 4529/4529 4516/4516
f 4525/4525 4528/4528 4529/4529
f 4516/4516 4528/4528 4525/4525
f 4506/4506 4516/4516 4139/4139
f 4521/4521 4528/4528 4506/4506
f 4519/4519 4521/4521 4506/4506
f 4528/4528 4521/4521 4519/4519
f 8604/8604 8584/8584 8563/8563
f 5822/5822 5874/5874 5901/5901
f 5823/5823 5901/5901 5874/5874
f 5823/5823 5822/5822 5901/5901
f 5934/5934 5950/5950 5949/5949
f 5949/5949 5992/5992 5934/5934
f 5992/5992 5949/5949 5950/5950
f 5918/5918 6009/6009 5943/5943
f 5918/5918 5962/5962 6009/6009
f 5919/5919 5918/5918 5943/5943
f 5919/5919 5962/5962 5918/5918
f 5988/5988 5919/5919 5930/5930
f 5930/5930 5919/5919 5907/5907
f 5777/5777 5648/5648 5799/5799
f 5735/5735 5777/5777 5799/5799
f 5648/5648 5777/5777 5735/5735
f 5604/5604 5719/5719 5520/5520
f 5562/5562 5520/5520 5719/5719
f 5562/5562 5604/5604 5520/5520
f 5584/5584 5559/5559 5630/5630
f 5571/5571 5584/5584 5630/5630
f 5571/5571 5559/5559 5584/5584
f 5562/5562 5479/5479 5446/5446
f 5446/5446 5479/5479 5399/5399
f 5399/5399 5562/5562 5446/5446
f 5048/5048 5190/5190 5242/5242
f 5163/5163 5242/5242 5190/5190
f 5048/5048 5163/5163 5190/5190
f 4020/4020 4641/4641 3933/3933
f 3482/3482 3392/3392 3529/3529
f 4575/4575 3482/3482 3529/3529
f 5945/5945 5795/5795 6016/6016
f 5872/5872 5887/5887 5415/5415
f 5893/5893 5887/5887 5872/5872
f 5902/5902 5893/5893 5872/5872
f 5902/5902 5887/5887 5893/5893
f 5415/5415 5887/5887 5945/5945
f 5899/5899 5945/5945 5887/5887
f 5899/5899 5795/5795 5945/5945
f 5872/5872 5415/5415 5899/5899
f 5415/5415 5795/5795 5899/5899
f 6016/6016 5795/5795 5415/5415
f 4303/4303 4278/4278 4267/4267
f 2449/2449 2824/2824 2953/2953
f 2876/2876 2824/2824 2449/2449
f 2536/2536 2765/2765 2876/2876
f 2876/2876 1881/1881 2354/2354
f 2483/2483 2354/2354 2536/2536
f 2445/2445 2483/2483 2536/2536
f 2483/2483 2445/2445 2354/2354
f 2876/2876 2354/2354 2536/2536
f 2953/2953 2824/2824 2876/2876
f 2953/2953 2876/2876 2765/2765
f 4214/4214 4251/4251 4264/4264
f 4257/4257 4251/4251 4305/4305
f 4342/4342 4338/4338 4316/4316
f 4070/4070 4342/4342 4316/4316
f 4070/4070 4338/4338 4342/4342
f 4358/4358 4339/4339 4338/4338
f 4358/4358 4338/4338 4070/4070
f 4070/4070 4339/4339 4358/4358
f 4275/4275 4070/4070 4198/4198
f 4075/4075 4198/4198 4070/4070
f 4275/4275 4198/4198 4317/4317
f 4724/4724 4723/4723 4725/4725
f 4726/4726 4724/4724 4725/4725
f 4726/4726 4723/4723 4724/4724
f 9231/9231 9229/9229 9230/9230
f 9210/9210 9229/9229 9231/9231
f 9210/9210 9235/9235 9228/9228
f 9228/9228 9229/9229 9210/9210
f 3851/3851 3850/3850 4517/4517
f 3525/3525 3482/3482 4575/4575
f 292/292 421/421 482/482
f 326/326 421/421 292/292
f 326/326 292/292 482/482
f 154/154 186/186 326/326
f 131/131 326/326 186/186
f 131/131 186/186 154/154
f 4059/4059 3995/3995 4063/4063
f 3851/3851 4059/4059 4063/4063
f 3851/3851 4063/4063 3995/3995
f 5548/5548 6655/6655 5572/5572
f 5543/5543 5548/5548 5572/5572
f 5543/5543 5572/5572 6655/6655
f 5440/5440 5543/5543 6655/6655
f 4833/4833 5543/5543 5440/5440
f 3319/3319 3844/3844 3291/3291
f 7406/7406 7477/7477 6818/6818
f 9057/9057 9061/9061 9026/9026
f 9080/9080 9074/9074 9061/9061
f 9080/9080 9061/9061 9057/9057
f 9077/9077 9076/9076 9073/9073
f 9062/9062 9073/9073 9076/9076
f 9077/9077 9062/9062 9076/9076
f 9071/9071 9062/9062 9080/9080
f 9063/9063 9071/9071 9080/9080
f 9063/9063 9062/9062 9071/9071
f 9062/9062 9063/9063 9058/9058
f 9052/9052 9062/9062 9058/9058
f 9063/9063 9052/9052 9058/9058
f 9057/9057 9063/9063 9080/9080
f 8826/8826 9057/9057 8707/8707
f 8575/8575 8621/8621 8707/8707
f 8451/8451 8621/8621 8575/8575
f 8707/8707 8621/8621 8451/8451
f 8826/8826 8707/8707 8451/8451
f 8826/8826 8721/8721 9045/9045
f 9063/9063 8826/8826 9045/9045
f 9063/9063 9057/9057 8826/8826
f 4320/4320 4312/4312 4412/4412
f 4313/4313 4312/4312 4320/4320
f 4412/4412 4313/4313 4320/4320
f 4372/4372 4313/4313 4412/4412
f 4386/4386 4412/4412 4285/4285
f 4449/4449 4386/4386 4285/4285
f 4387/4387 4372/4372 4412/4412
f 4313/4313 4372/4372 4387/4387
f 4412/4412 4386/4386 4449/4449
f 4442/4442 4448/4448 4453/4453
f 4022/4022 4442/4442 4459/4459
f 4427/4427 4418/4418 4442/4442
f 4313/4313 4387/4387 4367/4367
f 4427/4427 4413/4413 4418/4418
f 4368/4368 4367/4367 4387/4387
f 4389/4389 4387/4387 4388/4388
f 4413/4413 4388/4388 4387/4387
f 4413/4413 4389/4389 4388/4388
f 4413/4413 4427/4427 4442/4442
f 4413/4413 4442/4442 4022/4022
f 4423/4423 4413/4413 4022/4022
f 4404/4404 4413/4413 4423/4423
f 4389/4389 4404/4404 4423/4423
f 4413/4413 4404/4404 4389/4389
f 794/794 544/544 452/452
f 544/544 794/794 1674/1674
f 720/720 794/794 665/665
f 905/905 720/720 665/665
f 905/905 794/794 720/720
f 1674/1674 794/794 905/905
f 4336/4336 4324/4324 4330/4330
f 4393/4393 4330/4330 4324/4324
f 4324/4324 4336/4336 4337/4337
f 4337/4337 4336/4336 4357/4357
f 4377/4377 4337/4337 4357/4357
f 4336/4336 4377/4377 4357/4357
f 4393/4393 4336/4336 4330/4330
f 4394/4394 4336/4336 4393/4393
f 4399/4399 4394/4394 4071/4071
f 4400/4400 4394/4394 4399/4399
f 4078/4078 4400/4400 4071/4071
f 4071/4071 4376/4376 4078/4078
f 4539/4539 4541/4541 4520/4520
f 4542/4542 4544/4544 4541/4541
f 4544/4544 4536/4536 4541/4541
f 4542/4542 4536/4536 4544/4544
f 4517/4517 4524/4524 4511/4511
f 8359/8359 8331/8331 8315/8315
f 8721/8721 8867/8867 9045/9045
f 9055/9055 9049/9049 9067/9067
f 9056/9056 9049/9049 9055/9055
f 9050/9050 9049/9049 9056/9056
f 9045/9045 9050/9050 9056/9056
f 9049/9049 9050/9050 9045/9045
f 9056/9056 9055/9055 9067/9067
f 6638/6638 6470/6470 6818/6818
f 6645/6645 6814/6814 6641/6641
f 6641/6641 6666/6666 6645/6645
f 6624/6624 6641/6641 6814/6814
f 6658/6658 6666/6666 6641/6641
f 6645/6645 6666/6666 6658/6658
f 6470/6470 6600/6600 6631/6631
f 6624/6624 6631/6631 6600/6600
f 6635/6635 6644/6644 6600/6600
f 6638/6638 6644/6644 6635/6635
f 6638/6638 6635/6635 6600/6600
f 6470/6470 6638/6638 6600/6600
f 6814/6814 6638/6638 6818/6818
f 6814/6814 6645/6645 6638/6638
f 6818/6818 7426/7426 6888/6888
f 8666/8666 8699/8699 8753/8753
f 8980/8980 8753/8753 8699/8699
f 8980/8980 8666/8666 8753/8753
f 9133/9133 9136/9136 9141/9141
f 9133/9133 9091/9091 9128/9128
f 8978/8978 8563/8563 8970/8970
f 8970/8970 8969/8969 8978/8978
f 8969/8969 8961/8961 8978/8978
f 8970/8970 8961/8961 8969/8969
f 8915/8915 8961/8961 8937/8937
f 8858/8858 8961/8961 8915/8915
f 8937/8937 8858/8858 8915/8915
f 8977/8977 8858/8858 8850/8850
f 8961/8961 8858/8858 8977/8977
f 8850/8850 8860/8860 8977/8977
f 8863/8863 8874/8874 8860/8860
f 8871/8871 8852/8852 8881/8881
f 8874/8874 8852/8852 8871/8871
f 8874/8874 8871/8871 8881/8881
f 8604/8604 8977/8977 8881/8881
f 8976/8976 8960/8960 8987/8987
f 8604/8604 8960/8960 8976/8976
f 8987/8987 8604/8604 8976/8976
f 8977/8977 8604/8604 8961/8961
f 8977/8977 8874/8874 8881/8881
f 8860/8860 8874/8874 8977/8977
f 920/920 559/559 927/927
f 956/956 920/920 966/966
f 990/990 956/956 966/966
f 920/920 990/990 966/966
f 927/927 1256/1256 920/920
f 1169/1169 990/990 920/920
f 920/920 1256/1256 1169/1169
f 980/980 1256/1256 927/927
f 1257/1257 1256/1256 1194/1194
f 980/980 1194/1194 1256/1256
f 980/980 1257/1257 1194/1194
f 1451/1451 1169/1169 1256/1256
f 980/980 1451/1451 1256/1256
f 927/927 1451/1451 980/980
f 1169/1169 1451/1451 1431/1431
f 1169/1169 1431/1431 990/990
f 1289/1289 1431/1431 1280/1280
f 990/990 1431/1431 1289/1289
f 990/990 1289/1289 1280/1280
f 5477/5477 5347/5347 5415/5415
f 6016/6016 5415/5415 5347/5347
f 1343/1343 1451/1451 927/927
f 559/559 1343/1343 927/927
f 9133/9133 9141/9141 9091/9091
f 4421/4421 4417/4417 4425/4425
f 4438/4438 4421/4421 4431/4431
f 4431/4431 4421/4421 4430/4430
f 4311/4311 4410/4410 4325/4325
f 4411/4411 4410/4410 4311/4311
f 4411/4411 4432/4432 4410/4410
f 4225/4225 4311/4311 4325/4325
f 4309/4309 4225/4225 4325/4325
f 4432/4432 4325/4325 4410/4410
f 4431/4431 4325/4325 4432/4432
f 4437/4437 4309/4309 4325/4325
f 4431/4431 4437/4437 4325/4325
f 4437/4437 4431/4431 4309/4309
f 4309/4309 4431/4431 4429/4429
f 4430/4430 4429/4429 4431/4431
f 4430/4430 4309/4309 4429/4429
f 4421/4421 4425/4425 4430/4430
f 4417/4417 4430/4430 4425/4425
f 7944/7944 7704/7704 6818/6818
f 4461/4461 4206/4206 3944/3944
f 845/845 946/946 911/911
f 1784/1784 2165/2165 2123/2123
f 1163/1163 1166/1166 1147/1147
f 911/911 946/946 1163/1163
f 1130/1130 911/911 1163/1163
f 1147/1147 1130/1130 1163/1163
f 1130/1130 1109/1109 911/911
f 1166/1166 1130/1130 1147/1147
f 1271/1271 1191/1191 1109/1109
f 1555/1555 1271/1271 1329/1329
f 1379/1379 1377/1377 1329/1329
f 4125/4125 1377/1377 1379/1379
f 4125/4125 1329/1329 1377/1377
f 1555/1555 1329/1329 4125/4125
f 1211/1211 1271/1271 1555/1555
f 1191/1191 1271/1271 1293/1293
f 1293/1293 1109/1109 1191/1191
f 1246/1246 1293/1293 1211/1211
f 1118/1118 1293/1293 1246/1246
f 1118/1118 1246/1246 1211/1211
f 1118/1118 1211/1211 1214/1214
f 1214/1214 953/953 1118/1118
f 1109/1109 953/953 911/911
f 953/953 1214/1214 1211/1211
f 953/953 1211/1211 2212/2212
f 1555/1555 2212/2212 1211/1211
f 789/789 1188/1188 2212/2212
f 789/789 1199/1199 1188/1188
f 1199/1199 789/789 845/845
f 7200/7200 6681/6681 6051/6051
f 8714/8714 8717/8717 8821/8821
f 8754/8754 8821/8821 8717/8717
f 8807/8807 8754/8754 8717/8717
f 8882/8882 8754/8754 8807/8807
f 8906/8906 8754/8754 8882/8882
f 8981/8981 8906/8906 8882/8882
f 9025/9025 8981/8981 8882/8882
f 8879/8879 8981/8981 9025/9025
f 8879/8879 8843/8843 8981/8981
f 8853/8853 8843/8843 8879/8879
f 8895/8895 8901/8901 8843/8843
f 8895/8895 8843/8843 8888/8888
f 8888/8888 8901/8901 8895/8895
f 8879/8879 8953/8953 8853/8853
f 8809/8809 8879/8879 9025/9025
f 8815/8815 8953/8953 8809/8809
f 8809/8809 8953/8953 8879/8879
f 3350/3350 3482/3482 3525/3525
f 6169/6169 4833/4833 5440/5440
f 155/155 39/39 4948/4948
f 94/94 4948/4948 39/39
f 155/155 94/94 39/39
f 9043/9043 8628/8628 7631/7631
f 9159/9159 9091/9091 9141/9141
f 9167/9167 9159/9159 9141/9141
f 9173/9173 9159/9159 9167/9167
f 9136/9136 9146/9146 9144/9144
f 9167/9167 9144/9144 9146/9146
f 9136/9136 9167/9167 9146/9146
f 9141/9141 9136/9136 9146/9146
f 9146/9146 9144/9144 9141/9141
f 9167/9167 9141/9141 9144/9144
f 9151/9151 9128/9128 9091/9091
f 9133/9133 9167/9167 9136/9136
f 9133/9133 9128/9128 9167/9167
f 4382/4382 4335/4335 4069/4069
f 4392/4392 4335/4335 4382/4382
f 4069/4069 4392/4392 4382/4382
f 4042/4042 4392/4392 4069/4069
f 7910/7910 7988/7988 8041/8041
f 8241/8241 8267/8267 8047/8047
f 8302/8302 8241/8241 8047/8047
f 8267/8267 8241/8241 8302/8302
f 8090/8090 8302/8302 8057/8057
f 8041/8041 8057/8057 8302/8302
f 8090/8090 8057/8057 8041/8041
f 8331/8331 8247/8247 8041/8041
f 8302/8302 8041/8041 8247/8247
f 8302/8302 8247/8247 8331/8331
f 8423/8423 8302/8302 8449/8449
f 8452/8452 8302/8302 8423/8423
f 8452/8452 8409/8409 8413/8413
f 8409/8409 8411/8411 8413/8413
f 8452/8452 8411/8411 8409/8409
f 8452/8452 8423/8423 8442/8442
f 8439/8439 8452/8452 8431/8431
f 8431/8431 8452/8452 8442/8442
f 8442/8442 8423/8423 8449/8449
f 8718/8718 8449/8449 8769/8769
f 8435/8435 8449/8449 8718/8718
f 8449/8449 8435/8435 8440/8440
f 8440/8440 8439/8439 8449/8449
f 8442/8442 8449/8449 8439/8439
f 8431/8431 8442/8442 8439/8439
f 8426/8426 8420/8420 8452/8452
f 8415/8415 8452/8452 8420/8420
f 8415/8415 8420/8420 8426/8426
f 8425/8425 8412/8412 8440/8440
f 8412/8412 8425/8425 8448/8448
f 8440/8440 8448/8448 8425/8425
f 8428/8428 8412/8412 8448/8448
f 8433/8433 8428/8428 8448/8448
f 8433/8433 8448/8448 8443/8443
f 8428/8428 8433/8433 8443/8443
f 8922/8922 8714/8714 8934/8934
f 8898/8898 8714/8714 8942/8942
f 8888/8888 8953/8953 8942/8942
f 8923/8923 8888/8888 8942/8942
f 8898/8898 8942/8942 8953/8953
f 8973/8973 8714/8714 8898/8898
f 8875/8875 8973/8973 8921/8921
f 8921/8921 8950/8950 8875/8875
f 8875/8875 8950/8950 8972/8972
f 8963/8963 8875/8875 8972/8972
f 8963/8963 8972/8972 8950/8950
f 8940/8940 8933/8933 8939/8939
f 8950/8950 8939/8939 8933/8933
f 8940/8940 8939/8939 8950/8950
f 8940/8940 8950/8950 8921/8921
f 8940/8940 8921/8921 8973/8973
f 8898/8898 8940/8940 8973/8973
f 4552/4552 4546/4546 4550/4550
f 4551/4551 4546/4546 4552/4552
f 4549/4549 4537/4537 4553/4553
f 4550/4550 4551/4551 4552/4552
f 4537/4537 3860/3860 4553/4553
f 4549/4549 4553/4553 3860/3860
f 4558/4558 4556/4556 4559/4559
f 4543/4543 4559/4559 4556/4556
f 4543/4543 4558/4558 4559/4559
f 4206/4206 4557/4557 4556/4556
f 4543/4543 4206/4206 4556/4556
f 4497/4497 4206/4206 4543/4543
f 4269/4269 4497/4497 4543/4543
f 3883/3883 4497/4497 4269/4269
f 3860/3860 4269/4269 4543/4543
f 3883/3883 4269/4269 3860/3860
f 8604/8604 8563/8563 8978/8978
f 383/383 389/389 197/197
f 351/351 389/389 383/383
f 197/197 351/351 383/383
f 412/412 351/351 197/197
f 403/403 351/351 412/412
f 343/343 412/412 197/197
f 403/403 412/412 343/343
f 470/470 351/351 403/403
f 480/480 351/351 470/470
f 403/403 480/480 470/470
f 8722/8722 8832/8832 8719/8719
f 8722/8722 8723/8723 8832/8832
f 8723/8723 8722/8722 8719/8719
f 9019/9019 9096/9096 8832/8832
f 8989/8989 8563/8563 8938/8938
f 8821/8821 8754/8754 8891/8891
f 8891/8891 8754/8754 8906/8906
f 8905/8905 8906/8906 8981/8981
f 8984/8984 8905/8905 8981/8981
f 8917/8917 8943/8943 8984/8984
f 8843/8843 8984/8984 8981/8981
f 8917/8917 8984/8984 8916/8916
f 8943/8943 8917/8917 8916/8916
f 8901/8901 8905/8905 8916/8916
f 8943/8943 8916/8916 8935/8935
f 8905/8905 8943/8943 8935/8935
f 8916/8916 8905/8905 8935/8935
f 8951/8951 8891/8891 8905/8905
f 8906/8906 8905/8905 8891/8891
f 8952/8952 8941/8941 8942/8942
f 8923/8923 8942/8942 8905/8905
f 8888/8888 8923/8923 8905/8905
f 8942/8942 8922/8922 8934/8934
f 8934/8934 8964/8964 8942/8942
f 8952/8952 8942/8942 8951/8951
f 8964/8964 8951/8951 8942/8942
f 8941/8941 8952/8952 8951/8951
f 8891/8891 8951/8951 8964/8964
f 8964/8964 8934/8934 8821/8821
f 8714/8714 8821/8821 8934/8934
f 8891/8891 8964/8964 8821/8821
f 8967/8967 8985/8985 8968/8968
f 8967/8967 8949/8949 8985/8985
f 8949/8949 8967/8967 8968/8968
f 8985/8985 8986/8986 8968/8968
f 8991/8991 8968/8968 8986/8986
f 8991/8991 8986/8986 8985/8985
f 6097/6097 6009/6009 6095/6095
f 8734/8734 8832/8832 9096/9096
f 8832/8832 8734/8734 8445/8445
f 4414/4414 4407/4407 4396/4396
f 4378/4378 4414/4414 4396/4396
f 4378/4378 4407/4407 4414/4414
f 3390/3390 3366/3366 2602/2602
f 3407/3407 3399/3399 3366/3366
f 3402/3402 3399/3399 3407/3407
f 3407/3407 3366/3366 3402/3402
f 3491/3491 3366/3366 3390/3390
f 3402/3402 3366/3366 3491/3491
f 3300/3300 3390/3390 2602/2602
f 3300/3300 3504/3504 3390/3390
f 3135/3135 3300/3300 2602/2602
f 3135/3135 3055/3055 3300/3300
f 3028/3028 3300/3300 3055/3055
f 3135/3135 3028/3028 3055/3055
f 2602/2602 2957/2957 3135/3135
f 3300/3300 3135/3135 2957/2957
f 3010/3010 3300/3300 2957/2957
f 3010/3010 2957/2957 2602/2602
f 2879/2879 3010/3010 2602/2602
f 8847/8847 8862/8862 8957/8957
f 8936/8936 8945/8945 8957/8957
f 8931/8931 8919/8919 8862/8862
f 8948/8948 8919/8919 8931/8931
f 8862/8862 8919/8919 8948/8948
f 8957/8957 8862/8862 8936/8936
f 8936/8936 8948/8948 8947/8947
f 8947/8947 8948/8948 8904/8904
f 8926/8926 8904/8904 8925/8925
f 8936/8936 8904/8904 8926/8926
f 8947/8947 8904/8904 8936/8936
f 8936/8936 8926/8926 8944/8944
f 8945/8945 8936/8936 8944/8944
f 8876/8876 8847/8847 8957/8957
f 8955/8955 8876/8876 8957/8957
f 8965/8965 8974/8974 8955/8955
f 8974/8974 8965/8965 8956/8956
f 8955/8955 8956/8956 8965/8965
f 8927/8927 8956/8956 8910/8910
f 8955/8955 8954/8954 8910/8910
f 8907/8907 8956/8956 8927/8927
f 8910/8910 8907/8907 8927/8927
f 8974/8974 8907/8907 8928/8928
f 8929/8929 8974/8974 8928/8928
f 8907/8907 8929/8929 8928/8928
f 8869/8869 8907/8907 8910/8910
f 8848/8848 8907/8907 8869/8869
f 8869/8869 8910/8910 8848/8848
f 8885/8885 8900/8900 8892/8892
f 8892/8892 8900/8900 8848/8848
f 8885/8885 8892/8892 8848/8848
f 8873/8873 8885/8885 8848/8848
f 8870/8870 8885/8885 8873/8873
f 8831/8831 8870/8870 8848/8848
f 8873/8873 8848/8848 8870/8870
f 8823/8823 8870/8870 8831/8831
f 8830/8830 8823/8823 8831/8831
f 8848/8848 8830/8830 8831/8831
f 8741/8741 8790/8790 8763/8763
f 8740/8740 8763/8763 8790/8790
f 8741/8741 8740/8740 8790/8790
f 3858/3858 3847/3847 3845/3845
f 3838/3838 3845/3845 3847/3847
f 9011/9011 8999/8999 9010/9010
f 9009/9009 9011/9011 9010/9010
f 9009/9009 8999/8999 9011/9011
f 9002/9002 8999/8999 9003/9003
f 8993/8993 9002/9002 9003/9003
f 8993/8993 9003/9003 8999/8999
f 9014/9014 8999/8999 9012/9012
f 9008/9008 9012/9012 8999/8999
f 9014/9014 9012/9012 9008/9008
f 9015/9015 9014/9014 9013/9013
f 9016/9016 9013/9013 9014/9014
f 9000/9000 9014/9014 9015/9015
f 9013/9013 9000/9000 9015/9015
f 8993/8993 9014/9014 8996/8996
f 9036/9036 8996/8996 9014/9014
f 9036/9036 8993/8993 8996/8996
f 8918/8918 8993/8993 9036/9036
f 9016/9016 9017/9017 9013/9013
f 9014/9014 9017/9017 9016/9016
f 3491/3491 3390/3390 3522/3522
f 3522/3522 3466/3466 3491/3491
f 3443/3443 3491/3491 3466/3466
f 3443/3443 3466/3466 3522/3522
f 8715/8715 8721/8721 8826/8826
f 4071/4071 4400/4400 4399/4399
f 4376/4376 4400/4400 4078/4078
f 4067/4067 4108/4108 4204/4204
f 4090/4090 4108/4108 4067/4067
f 4090/4090 4204/4204 4108/4108
f 3874/3874 3495/3495 3698/3698
f 1644/1644 2055/2055 2283/2283
f 2567/2567 2340/2340 2055/2055
f 1518/1518 2340/2340 2567/2567
f 8970/8970 8563/8563 8989/8989
f 8971/8971 8920/8920 8988/8988
f 8962/8962 8971/8971 8988/8988
f 8962/8962 8989/8989 8983/8983
f 8979/8979 8983/8983 8989/8989
f 8962/8962 8983/8983 8979/8979
f 8971/8971 8962/8962 8920/8920
f 8846/8846 8883/8883 8887/8887
f 8872/8872 8887/8887 8883/8883
f 8872/8872 8846/8846 8887/8887
f 8846/8846 8696/8696 8705/8705
f 8811/8811 8738/8738 8752/8752
f 8752/8752 8738/8738 8705/8705
f 8752/8752 8705/8705 8696/8696
f 8955/8955 8957/8957 8945/8945
f 8954/8954 8955/8955 8945/8945
f 8910/8910 8954/8954 8945/8945
f 8926/8926 8945/8945 8944/8944
f 8914/8914 8848/8848 8897/8897
f 8848/8848 8926/8926 8897/8897
f 8914/8914 8897/8897 8926/8926
f 8914/8914 8926/8926 8925/8925
f 8904/8904 8914/8914 8925/8925
f 8877/8877 8914/8914 8899/8899
f 8903/8903 8899/8899 8914/8914
f 8904/8904 8903/8903 8914/8914
f 8899/8899 8903/8903 8904/8904
f 8763/8763 8914/8914 8877/8877
f 8877/8877 8851/8851 8763/8763
f 8836/8836 8842/8842 8838/8838
f 8894/8894 8893/8893 8899/8899
f 8851/8851 8877/8877 8899/8899
f 8904/8904 8893/8893 8894/8894
f 8899/8899 8904/8904 8894/8894
f 8838/8838 8842/8842 8837/8837
f 8836/8836 8838/8838 8837/8837
f 8829/8829 8833/8833 8836/8836
f 8833/8833 8828/8828 8836/8836
f 8829/8829 8828/8828 8833/8833
f 1555/1555 4125/4125 4086/4086
f 4086/4086 3569/3569 1555/1555
f 1555/1555 3569/3569 2212/2212
f 3569/3569 789/789 2212/2212
f 1784/1784 789/789 2547/2547
f 2520/2520 1784/1784 2547/2547
f 2520/2520 2547/2547 2578/2578
f 2552/2552 2578/2578 2576/2576
f 2552/2552 2576/2576 2568/2568
f 2576/2576 2578/2578 2547/2547
f 3569/3569 2576/2576 2547/2547
f 789/789 3569/3569 2547/2547
f 2163/2163 2504/2504 2055/2055
f 2163/2163 2055/2055 1787/1787
f 4027/4027 4318/4318 4055/4055
f 4025/4025 4055/4055 4318/4318
f 4027/4027 4025/4025 4318/4318
f 5218/5218 5169/5169 4975/4975
f 5234/5234 5218/5218 4975/4975
f 5234/5234 5169/5169 5218/5218
f 5169/5169 5634/5634 5352/5352
f 5551/5551 5634/5634 5566/5566
f 5592/5592 5551/5551 5566/5566
f 5634/5634 5551/5551 5592/5592
f 5634/5634 5861/5861 5352/5352
f 5832/5832 5827/5827 5878/5878
f 5815/5815 5832/5832 5878/5878
f 5815/5815 5827/5827 5832/5832
f 5323/5323 5169/5169 5332/5332
f 5169/5169 5352/5352 5382/5382
f 5332/5332 5169/5169 5382/5382
f 5323/5323 5332/5332 5382/5382
f 4179/4179 4086/4086 3880/3880
f 5930/5930 5907/5907 5988/5988
f 6022/6022 6009/6009 5988/5988
f 6022/6022 6097/6097 6009/6009
f 6095/6095 6009/6009 6097/6097
f 5966/5966 6010/6010 5952/5952
f 5988/5988 6097/6097 6022/6022
f 5850/5850 5806/5806 5884/5884
f 5648/5648 5850/5850 5884/5884
f 5648/5648 5806/5806 5850/5850
f 5820/5820 5768/5768 5808/5808
f 5844/5844 5820/5820 5808/5808
f 5768/5768 5820/5820 5844/5844
f 5966/5966 5952/5952 5868/5868
f 6010/6010 5966/5966 5868/5868
f 6097/6097 6010/6010 6037/6037
f 6036/6036 6097/6097 6037/6037
f 6010/6010 6036/6036 6037/6037
f 8953/8953 8888/8888 8853/8853
f 3973/3973 4373/4373 4022/4022
f 4054/4054 4128/4128 4308/4308
f 4031/4031 4128/4128 4054/4054
f 4308/4308 4128/4128 4031/4031
f 8651/8651 8924/8924 9036/9036
f 7672/7672 8651/8651 9036/9036
f 8924/8924 8651/8651 7672/7672
f 4473/4473 4479/4479 4478/4478
f 4480/4480 4478/4478 4479/4479
f 4480/4480 4479/4479 4473/4473
f 4470/4470 4480/4480 4473/4473
f 4450/4450 4480/4480 4470/4470
f 4469/4469 4470/4470 4473/4473
f 4450/4450 4470/4470 4469/4469
f 4105/4105 4141/4141 4450/4450
f 4105/4105 4175/4175 4141/4141
f 4474/4474 4477/4477 4450/4450
f 4473/4473 4477/4477 4474/4474
f 4474/4474 4450/4450 4473/4473
f 4141/4141 4175/4175 4450/4450
f 4180/4180 4517/4517 3850/3850
f 4200/4200 4231/4231 4173/4173
f 4109/4109 4173/4173 4231/4231
f 4145/4145 4200/4200 4173/4173
f 4109/4109 4138/4138 4173/4173
f 4145/4145 4173/4173 4138/4138
f 4104/4104 4138/4138 4109/4109
f 4104/4104 4145/4145 4138/4138
f 3901/3901 4461/4461 3944/3944
f 3901/3901 3944/3944 3883/3883
f 4497/4497 3883/3883 3944/3944
f 4497/4497 3944/3944 3949/3949
f 4206/4206 3949/3949 3944/3944
f 3918/3918 3950/3950 3941/3941
f 3961/3961 3941/3941 3950/3950
f 3949/3949 3918/3918 3941/3941
f 3961/3961 3949/3949 3941/3941
f 4206/4206 4497/4497 3949/3949
f 3958/3958 3973/3973 4022/4022
f 4916/4916 4893/4893 4864/4864
f 4962/4962 4864/4864 4893/4893
f 4893/4893 4916/4916 4962/4962
f 5250/5250 5288/5288 5240/5240
f 5183/5183 5240/5240 5288/5288
f 5183/5183 5288/5288 5250/5250
f 5250/5250 5336/5336 5329/5329
f 5329/5329 5336/5336 5358/5358
f 5250/5250 5329/5329 5358/5358
f 5322/5322 5337/5337 5361/5361
f 5337/5337 5370/5370 5361/5361
f 5370/5370 5337/5337 5322/5322
f 5792/5792 6088/6088 5661/5661
f 5665/5665 6088/6088 5672/5672
f 5661/5661 5635/5635 5535/5535
f 5672/5672 5635/5635 5661/5661
f 5535/5535 5635/5635 5583/5583
f 5583/5583 5635/5635 6088/6088
f 5460/5460 5583/5583 5682/5682
f 5682/5682 5583/5583 5731/5731
f 5460/5460 5682/5682 5731/5731
f 5770/5770 5749/5749 5786/5786
f 5692/5692 5772/5772 5626/5626
f 5392/5392 5183/5183 5388/5388
f 5388/5388 5183/5183 5383/5383
f 5392/5392 5388/5388 5383/5383
f 5560/5560 5425/5425 5436/5436
f 5495/5495 5436/5436 5425/5425
f 5560/5560 5436/5436 5495/5495
f 5629/5629 5692/5692 5626/5626
f 5407/5407 5560/5560 5392/5392
f 5383/5383 5560/5560 5407/5407
f 5392/5392 5383/5383 5407/5407
f 4856/4856 6868/6868 6151/6151
f 6151/6151 6868/6868 7675/7675
f 8421/8421 8424/8424 8440/8440
f 8439/8439 8440/8440 8424/8424
f 8421/8421 8439/8439 8424/8424
f 4097/4097 4118/4118 4102/4102
f 4073/4073 4097/4097 4102/4102
f 4118/4118 4073/4073 4102/4102
f 4082/4082 4075/4075 4070/4070
f 3907/3907 3993/3993 3979/3979
f 3892/3892 3993/3993 3907/3907
f 3993/3993 3892/3892 3979/3979
f 5287/5287 5313/5313 5294/5294
f 5386/5386 5294/5294 5313/5313
f 5287/5287 5386/5386 5313/5313
f 5364/5364 5386/5386 5335/5335
f 5395/5395 5364/5364 5335/5335
f 5386/5386 5364/5364 5395/5395
f 9020/9020 8930/8930 8802/8802
f 9046/9046 9023/9023 8123/8123
f 89/89 266/266 4917/4917
f 266/266 89/89 130/130
f 130/130 4917/4917 266/266
f 4985/4985 5224/5224 5311/5311
f 5224/5224 4985/4985 130/130
f 5311/5311 130/130 4985/4985
f 333/333 130/130 5311/5311
f 4041/4041 4392/4392 4042/4042
f 4041/4041 4042/4042 4069/4069
f 4115/4115 4072/4072 4099/4099
f 4115/4115 4099/4099 4133/4133
f 4072/4072 4115/4115 4133/4133
f 2365/2365 2429/2429 2751/2751
f 2837/2837 2733/2733 2751/2751
f 2849/2849 2844/2844 2837/2837
f 2852/2852 2844/2844 2849/2849
f 2852/2852 2849/2849 2837/2837
f 2837/2837 2751/2751 2429/2429
f 2811/2811 2837/2837 2429/2429
f 8545/8545 8898/8898 8953/8953
f 8815/8815 8545/8545 8953/8953
f 8820/8820 8865/8865 8845/8845
f 8932/8932 8880/8880 8845/8845
f 8890/8890 8845/8845 8880/8880
f 8932/8932 8890/8890 8880/8880
f 8878/8878 8868/8868 8890/8890
f 8857/8857 8890/8890 8868/8868
f 8878/8878 8857/8857 8868/8868
f 8820/8820 8845/8845 8857/8857
f 8804/8804 8820/8820 8857/8857
f 8865/8865 8820/8820 8804/8804
f 6169/6169 5440/5440 6186/6186
f 6247/6247 6186/6186 6302/6302
f 6169/6169 6186/6186 6355/6355
f 6355/6355 6247/6247 6302/6302
f 6186/6186 6355/6355 6302/6302
f 6127/6127 4833/4833 6169/6169
f 6355/6355 6602/6602 6169/6169
f 6401/6401 6602/6602 6355/6355
f 6379/6379 6401/6401 6354/6354
f 6186/6186 6379/6379 6354/6354
f 6186/6186 6401/6401 6379/6379
f 6186/6186 6602/6602 6401/6401
f 5440/5440 6602/6602 6186/6186
f 6643/6643 6602/6602 5440/5440
f 6655/6655 6643/6643 5440/5440
f 6643/6643 5656/5656 6127/6127
f 6602/6602 6127/6127 6169/6169
f 6643/6643 6127/6127 6602/6602
f 586/586 507/507 646/646
f 586/586 603/603 507/507
f 646/646 603/603 586/586
f 859/859 646/646 991/991
f 1205/1205 859/859 991/991
f 646/646 859/859 1205/1205
f 857/857 646/646 769/769
f 782/782 857/857 769/769
f 792/792 782/782 751/751
f 804/804 782/782 792/792
f 751/751 804/804 792/792
f 857/857 782/782 646/646
f 6868/6868 4856/4856 4865/4865
f 4813/4813 4865/4865 4856/4856
f 9/9 4813/4813 4856/4856
f 4865/4865 4813/4813 9/9
f 7675/7675 6868/6868 4865/4865
f 4006/4006 4065/4065 4049/4049
f 4065/4065 4052/4052 4049/4049
f 4006/4006 4052/4052 4065/4065
f 8705/8705 8850/8850 8846/8846
f 8850/8850 8705/8705 8819/8819
f 8738/8738 8819/8819 8705/8705
f 8811/8811 8819/8819 8738/8738
f 8860/8860 8819/8819 8811/8811
f 8811/8811 8863/8863 8860/8860
f 8819/8819 8860/8860 8850/8850
f 4136/4136 3974/3974 4143/4143
f 3978/3978 3974/3974 4136/4136
f 4019/4019 3974/3974 3978/3978
f 2504/2504 2567/2567 2055/2055
f 582/582 545/545 612/612
f 828/828 700/700 771/771
f 1749/1749 828/828 933/933
f 1344/1344 1749/1749 933/933
f 3974/3974 4019/4019 4143/4143
f 393/393 493/493 439/439
f 119/119 393/393 439/439
f 493/493 393/393 119/119
f 431/431 439/439 369/369
f 119/119 431/431 369/369
f 439/439 431/431 119/119
f 3765/3765 4608/4608 3685/3685
f 4057/4057 3997/3997 4076/4076
f 93/93 152/152 75/75
f 224/224 93/93 75/75
f 224/224 129/129 93/93
f 123/123 93/93 129/129
f 123/123 129/129 224/224
f 953/953 2212/2212 911/911
f 5415/5415 5945/5945 5477/5477
f 8441/8441 8662/8662 8597/8597
f 3812/3812 2793/2793 3868/3868
f 3812/3812 2834/2834 2793/2793
f 8918/8918 9036/9036 8924/8924
f 9219/9219 9227/9227 9216/9216
f 9223/9223 9219/9219 9216/9216
f 9223/9223 9181/9181 9210/9210
f 1828/1828 1832/1832 1730/1730
f 1828/1828 1730/1730 1787/1787
f 1787/1787 1832/1832 1828/1828
f 3888/3888 3887/3887 3915/3915
f 3882/3882 3888/3888 3878/3878
f 3902/3902 3882/3882 3878/3878
f 3887/3887 3888/3888 3894/3894
f 3904/3904 3882/3882 3902/3902
f 3904/3904 3894/3894 3882/3882
f 3888/3888 3882/3882 3894/3894
f 4007/4007 3894/3894 3904/3904
f 3887/3887 3894/3894 4007/4007
f 3917/3917 3887/3887 4007/4007
f 3915/3915 3890/3890 3893/3893
f 3887/3887 3890/3890 3915/3915
f 3917/3917 3890/3890 3887/3887
f 4083/4083 3893/3893 3890/3890
f 4079/4079 3893/3893 4083/4083
f 4098/4098 4079/4079 4083/4083
f 3917/3917 4098/4098 4083/4083
f 4007/4007 4098/4098 3917/3917
f 3917/3917 4083/4083 3890/3890
f 778/778 1017/1017 933/933
f 828/828 778/778 933/933
f 771/771 778/778 828/828
f 778/778 771/771 700/700
f 4100/4100 3990/3990 3947/3947
f 4186/4186 4178/4178 4088/4088
f 3367/3367 3698/3698 3425/3425
f 3434/3434 3425/3425 3403/3403
f 3367/3367 3425/3425 3434/3434
f 3367/3367 3434/3434 3403/3403
f 3248/3248 3698/3698 3367/3367
f 2658/2658 3248/3248 3230/3230
f 3178/3178 3230/3230 3248/3248
f 2658/2658 3230/3230 3178/3178
f 3698/3698 3248/3248 2658/2658
f 2545/2545 3698/3698 2658/2658
f 2545/2545 1970/1970 2509/2509
f 2548/2548 2545/2545 2509/2509
f 2548/2548 2564/2564 2545/2545
f 3698/3698 2545/2545 2509/2509
f 2564/2564 2548/2548 2509/2509
f 3698/3698 2509/2509 1970/1970
f 2292/2292 3698/3698 1970/1970
f 1335/1335 1970/1970 2545/2545
f 8527/8527 8691/8691 8826/8826
f 8430/8430 8527/8527 8454/8454
f 8691/8691 8527/8527 8430/8430
f 8434/8434 8691/8691 8430/8430
f 8429/8429 8434/8434 8430/8430
f 8691/8691 8434/8434 8429/8429
f 3906/3906 4057/4057 4076/4076
f 4163/4163 3911/3911 3912/3912
f 9168/9168 9173/9173 9167/9167
f 9128/9128 9168/9168 9167/9167
f 9151/9151 9168/9168 9128/9128
f 2055/2055 2340/2340 2283/2283
f 2340/2340 1518/1518 2283/2283
f 6631/6631 6814/6814 5309/5309
f 8451/8451 8454/8454 8527/8527
f 8451/8451 8527/8527 8826/8826
f 8810/8810 8634/8634 8818/8818
f 6362/6362 6290/6290 7609/7609
f 4719/4719 4720/4720 4715/4715
f 4721/4721 4720/4720 4719/4719
f 4721/4721 4719/4719 4715/4715
f 4717/4717 4721/4721 4715/4715
f 4707/4707 4717/4717 4715/4715
f 4707/4707 4721/4721 4717/4717
f 4721/4721 4707/4707 4702/4702
f 4697/4697 4702/4702 4707/4707
f 4178/4178 4203/4203 4088/4088
f 4178/4178 3999/3999 4203/4203
f 3893/3893 3881/3881 3877/3877
f 3886/3886 3877/3877 3881/3881
f 3886/3886 3893/3893 3877/3877
f 4662/4662 4661/4661 4677/4677
f 4653/4653 4662/4662 4677/4677
f 4655/4655 4653/4653 4677/4677
f 3531/3531 3765/3765 3685/3685
f 3531/3531 3685/3685 3739/3739
f 3531/3531 3739/3739 3505/3505
f 3423/3423 3454/3454 3531/3531
f 3396/3396 3531/3531 3454/3454
f 3423/3423 3396/3396 3454/3454
f 8525/8525 8533/8533 8545/8545
f 8523/8523 8533/8533 8525/8525
f 8545/8545 8533/8533 8523/8523
f 8898/8898 8545/8545 8523/8523
f 8940/8940 8898/8898 8523/8523
f 4084/4084 3923/3923 3977/3977
f 3953/3953 3923/3923 4084/4084
f 3923/3923 3953/3953 3976/3976
f 3922/3922 4050/4050 3953/3953
f 4074/4074 3903/3903 4050/4050
f 3977/3977 3976/3976 3903/3903
f 3923/3923 3976/3976 3977/3977
f 3976/3976 4050/4050 3903/3903
f 3953/3953 4050/4050 3976/3976
f 8805/8805 8586/8586 8678/8678
f 8805/8805 8678/8678 8812/8812
f 8601/8601 8592/8592 8593/8593
f 8605/8605 8593/8593 8678/8678
f 8606/8606 8592/8592 8601/8601
f 8606/8606 8601/8601 8593/8593
f 8586/8586 8547/8547 8678/8678
f 8547/8547 8569/8569 8678/8678
f 8569/8569 8667/8667 8671/8671
f 8538/8538 8667/8667 8569/8569
f 8547/8547 8667/8667 8538/8538
f 8547/8547 8538/8538 8569/8569
f 8586/8586 8580/8580 8566/8566
f 8547/8547 8566/8566 8580/8580
f 8586/8586 8566/8566 8547/8547
f 8579/8579 8598/8598 8577/8577
f 8556/8556 8579/8579 8577/8577
f 8598/8598 8579/8579 8556/8556
f 8649/8649 8577/8577 8633/8633
f 8646/8646 8633/8633 8577/8577
f 8649/8649 8633/8633 8646/8646
f 3859/3859 4579/4579 4462/4462
f 4121/4121 4462/4462 4579/4579
f 4234/4234 4380/4380 4462/4462
f 4299/4299 4380/4380 4234/4234
f 4299/4299 4234/4234 4462/4462
f 4121/4121 3859/3859 4462/4462
f 4121/4121 4579/4579 4046/4046
f 4046/4046 4579/4579 4518/4518
f 3911/3911 4163/4163 4177/4177
f 3912/3912 3911/3911 4177/4177
f 3912/3912 4177/4177 4163/4163
f 4159/4159 4161/4161 3912/3912
f 4146/4146 4159/4159 3912/3912
f 4161/4161 4159/4159 4146/4146
f 3867/3867 3859/3859 4121/4121
f 4471/4471 3859/3859 3867/3867
f 3910/3910 3861/3861 3846/3846
f 3910/3910 3693/3693 3689/3689
f 3910/3910 3743/3743 3693/3693
f 3743/3743 3910/3910 3846/3846
f 3861/3861 3743/3743 3846/3846
f 1644/1644 2283/2283 1518/1518
f 1518/1518 1547/1547 1644/1644
f 8630/8630 8810/8810 8818/8818
f 8634/8634 8630/8630 8818/8818
f 3717/3717 4518/4518 4579/4579
f 4499/4499 3717/3717 4471/4471
f 4471/4471 3717/3717 3859/3859
f 2834/2834 2960/2960 2782/2782
f 958/958 940/940 936/936
f 996/996 936/936 940/940
f 996/996 940/940 958/958
f 1157/1157 1048/1048 1172/1172
f 1258/1258 1157/1157 1172/1172
f 1258/1258 1313/1313 1238/1238
f 1241/1241 1238/1238 1313/1313
f 1241/1241 1258/1258 1238/1238
f 1048/1048 1157/1157 1258/1258
f 1424/1424 1581/1581 1231/1231
f 893/893 1424/1424 1231/1231
f 1082/1082 893/893 1231/1231
f 1131/1131 1101/1101 1082/1082
f 1101/1101 1131/1131 1149/1149
f 1149/1149 1131/1131 1082/1082
f 1231/1231 1149/1149 1082/1082
f 1151/1151 1149/1149 1182/1182
f 1182/1182 1149/1149 1204/1204
f 1151/1151 1182/1182 1204/1204
f 1126/1126 1148/1148 1196/1196
f 1148/1148 1042/1042 1196/1196
f 1042/1042 1065/1065 1151/1151
f 1065/1065 893/893 1151/1151
f 1042/1042 893/893 1065/1065
f 1126/1126 1042/1042 1148/1148
f 4171/4171 4129/4129 4112/4112
f 4171/4171 4112/4112 4129/4129
f 4170/4170 4112/4112 4171/4171
f 4167/4167 4112/4112 4170/4170
f 4171/4171 4167/4167 4170/4170
f 4165/4165 4167/4167 4172/4172
f 4126/4126 4165/4165 4172/4172
f 4126/4126 4167/4167 4165/4165
f 4119/4119 4126/4126 4113/4113
f 4094/4094 4113/4113 4126/4126
f 4094/4094 4119/4119 4113/4113
f 4156/4156 4126/4126 4160/4160
f 4142/4142 4126/4126 4156/4156
f 4142/4142 4156/4156 4160/4160
f 8812/8812 8678/8678 8593/8593
f 8582/8582 8812/8812 8591/8591
f 8583/8583 8591/8591 8812/8812
f 8583/8583 8582/8582 8591/8591
f 8583/8583 8812/8812 8589/8589
f 8593/8593 8589/8589 8812/8812
f 8583/8583 8589/8589 8593/8593
f 8531/8531 8582/8582 8560/8560
f 8531/8531 8515/8515 8582/8582
f 8515/8515 8560/8560 8671/8671
f 8569/8569 8671/8671 8560/8560
f 8573/8573 8509/8509 8605/8605
f 8569/8569 8509/8509 8573/8573
f 8605/8605 8569/8569 8573/8573
f 8605/8605 8678/8678 8569/8569
f 8560/8560 8515/8515 8531/8531
f 8530/8530 8518/8518 8560/8560
f 8524/8524 8530/8530 8560/8560
f 8524/8524 8518/8518 8530/8530
f 8543/8543 8698/8698 8559/8559
f 8635/8635 8559/8559 8698/8698
f 8637/8637 8698/8698 8668/8668
f 8637/8637 8635/8635 8698/8698
f 8637/8637 8668/8668 8672/8672
f 8706/8706 8668/8668 8698/8698
f 8672/8672 8668/8668 8706/8706
f 8702/8702 8672/8672 8706/8706
f 8564/8564 8672/8672 8702/8702
f 8554/8554 8564/8564 8702/8702
f 8536/8536 8564/8564 8595/8595
f 8635/8635 8564/8564 8536/8536
f 8637/8637 8564/8564 8635/8635
f 8559/8559 8635/8635 8536/8536
f 8536/8536 8543/8543 8559/8559
f 8683/8683 8537/8537 8536/8536
f 8638/8638 8537/8537 8683/8683
f 8638/8638 8655/8655 8663/8663
f 8644/8644 8663/8663 8655/8655
f 8644/8644 8655/8655 8638/8638
f 8607/8607 8644/8644 8652/8652
f 8638/8638 8607/8607 8652/8652
f 8638/8638 8652/8652 8644/8644
f 4144/4144 4148/4148 4120/4120
f 4124/4124 4148/4148 4144/4144
f 4120/4120 4124/4124 4144/4144
f 4130/4130 4131/4131 4123/4123
f 4152/4152 4131/4131 4130/4130
f 4152/4152 4123/4123 4131/4131
f 4153/4153 4152/4152 4155/4155
f 4157/4157 4155/4155 4152/4152
f 4153/4153 4155/4155 4157/4157
f 4149/4149 4153/4153 4157/4157
f 4147/4147 4153/4153 4149/4149
f 4147/4147 4149/4149 4157/4157
f 4151/4151 3863/3863 4111/4111
f 3768/3768 3863/3863 4151/4151
f 3732/3732 3768/3768 3769/3769
f 3755/3755 3732/3732 3769/3769
f 3755/3755 3768/3768 3732/3732
f 3768/3768 3755/3755 3676/3676
f 4111/4111 3970/3970 3676/3676
f 4111/4111 3863/3863 3970/3970
f 3863/3863 3768/3768 3970/3970
f 3970/3970 3768/3768 3676/3676
f 1726/1726 1693/1693 1848/1848
f 1563/1563 1693/1693 1726/1726
f 1581/1581 1693/1693 1563/1563
f 1563/1563 1726/1726 1848/1848
f 1424/1424 1693/1693 1581/1581
f 6888/6888 6816/6816 6818/6818
f 6867/6867 6816/6816 6888/6888
f 6877/6877 6816/6816 6867/6867
f 6888/6888 6877/6877 6867/6867
f 4499/4499 3835/3835 3717/3717
f 8603/8603 8609/8609 8617/8617
f 8521/8521 8603/8603 8617/8617
f 8521/8521 8617/8617 8609/8609
f 8521/8521 8513/8513 8603/8603
f 8513/8513 8521/8521 8517/8517
f 8510/8510 8517/8517 8521/8521
f 8510/8510 8513/8513 8517/8517
f 8493/8493 8504/8504 8511/8511
f 8528/8528 8511/8511 8504/8504
f 8493/8493 8511/8511 8528/8528
f 3685/3685 4608/4608 3739/3739
f 3655/3655 4476/4476 3679/3679
f 3754/3754 3655/3655 3679/3679
f 4476/4476 3754/3754 3679/3679
f 3621/3621 4476/4476 3819/3819
f 3951/3951 3819/3819 4476/4476
f 8637/8637 8672/8672 8564/8564
f 8627/8627 8635/8635 8637/8637
f 8627/8627 8637/8637 8650/8650
f 8635/8635 8627/8627 8650/8650
f 8564/8564 8554/8554 8595/8595
f 4203/4203 3999/3999 4088/4088
f 3900/3900 4088/4088 3999/3999
f 4003/4003 4088/4088 3900/3900
f 3823/3823 4186/4186 4003/4003
f 4181/4181 4182/4182 4162/4162
f 4087/4087 4162/4162 3994/3994
f 4176/4176 4182/4182 4181/4181
f 4176/4176 4181/4181 4162/4162
f 4087/4087 4176/4176 4162/4162
f 4176/4176 4087/4087 3994/3994
f 4169/4169 4164/4164 4096/4096
f 4095/4095 4096/4096 4103/4103
f 4169/4169 4096/4096 4095/4095
f 4103/4103 4096/4096 4164/4164
f 4106/4106 4100/4100 3947/3947
f 4106/4106 3990/3990 4100/4100
f 1610/1610 1592/1592 1463/1463
f 1553/1553 1592/1592 1610/1610
f 1610/1610 1463/1463 1553/1553
f 1463/1463 1933/1933 1553/1553
f 1463/1463 2048/2048 1933/1933
f 1003/1003 845/845 911/911
f 1026/1026 942/942 1003/1003
f 1003/1003 942/942 931/931
f 1026/1026 931/931 942/942
f 845/845 1003/1003 1199/1199
f 1622/1622 2365/2365 1674/1674
f 4709/4709 4702/4702 4697/4697
f 4579/4579 3859/3859 3717/3717
f 2853/2853 2696/2696 2776/2776
f 2782/2782 2776/2776 2696/2696
f 2782/2782 2853/2853 2776/2776
f 2834/2834 2782/2782 2696/2696
f 2793/2793 2834/2834 2696/2696
f 2838/2838 2782/2782 2960/2960
f 4179/4179 3569/3569 4086/4086
f 3746/3746 4179/4179 3880/3880
f 3746/3746 3569/3569 4179/4179
f 5626/5626 5772/5772 5629/5629
f 5941/5941 5583/5583 6088/6088
f 5583/5583 5941/5941 5877/5877
f 5897/5897 5583/5583 5877/5877
f 5941/5941 5897/5897 5877/5877
f 6088/6088 5792/5792 6484/6484
f 5885/5885 5792/5792 5882/5882
f 5885/5885 6484/6484 5792/5792
f 6484/6484 5885/5885 5882/5882
f 4667/4667 4678/4678 4696/4696
f 4651/4651 4678/4678 4667/4667
f 4696/4696 4651/4651 4667/4667
f 4636/4636 4651/4651 4647/4647
f 4647/4647 4651/4651 4637/4637
f 4636/4636 4647/4647 4637/4637
f 4636/4636 4637/4637 4604/4604
f 4698/4698 4683/4683 4670/4670
f 4604/4604 4637/4637 4670/4670
f 4657/4657 4670/4670 4671/4671
f 4604/4604 4670/4670 4657/4657
f 4685/4685 4671/4671 4670/4670
f 4683/4683 4685/4685 4670/4670
f 4685/4685 4657/4657 4671/4671
f 4685/4685 4683/4683 4698/4698
f 4688/4688 4691/4691 4698/4698
f 4666/4666 4681/4681 4680/4680
f 4598/4598 4681/4681 4666/4666
f 4680/4680 4681/4681 4598/4598
f 4675/4675 4688/4688 4598/4598
f 4675/4675 4657/4657 4688/4688
f 4598/4598 4657/4657 4675/4675
f 4657/4657 4598/4598 4604/4604
f 4609/4609 4604/4604 4598/4598
f 4636/4636 4604/4604 4609/4609
f 911/911 2212/2212 1026/1026
f 1026/1026 2212/2212 1188/1188
f 1003/1003 911/911 1026/1026
f 1046/1046 1104/1104 1188/1188
f 1199/1199 1046/1046 1188/1188
f 1104/1104 1046/1046 1199/1199
f 913/913 1104/1104 947/947
f 1199/1199 947/947 1104/1104
f 1199/1199 913/913 947/947
f 6362/6362 6762/6762 6290/6290
f 6953/6953 6945/6945 6762/6762
f 7393/7393 6945/6945 6953/6953
f 6715/6715 6945/6945 7230/7230
f 6715/6715 7230/7230 6941/6941
f 6829/6829 6715/6715 6941/6941
f 6770/6770 6715/6715 6829/6829
f 6941/6941 6770/6770 6829/6829
f 6715/6715 6941/6941 6290/6290
f 6715/6715 6290/6290 6762/6762
f 6762/6762 6945/6945 6715/6715
f 7230/7230 6290/6290 6941/6941
f 7324/7324 7347/7347 7330/7330
f 7393/7393 7230/7230 6945/6945
f 7750/7750 7230/7230 7393/7393
f 7724/7724 7230/7230 7750/7750
f 7724/7724 7599/7599 7230/7230
f 7840/7840 7599/7599 7724/7724
f 7889/7889 7840/7840 7724/7724
f 7900/7900 7836/7836 7798/7798
f 7849/7849 7798/7798 7836/7836
f 7849/7849 7836/7836 7900/7900
f 7900/7900 7889/7889 7849/7849
f 7599/7599 7849/7849 7889/7889
f 7230/7230 7599/7599 7889/7889
f 4583/4583 1962/1962 1933/1933
f 2252/2252 1933/1933 2048/2048
f 2252/2252 2239/2239 1933/1933
f 2239/2239 2226/2226 1933/1933
f 2252/2252 2289/2289 2239/2239
f 2289/2289 2226/2226 2239/2239
f 2305/2305 2226/2226 2289/2289
f 2537/2537 2226/2226 2305/2305
f 2537/2537 2305/2305 2289/2289
f 2299/2299 2705/2705 2311/2311
f 2537/2537 3352/3352 2705/2705
f 4518/4518 3717/3717 3835/3835
f 2838/2838 3812/3812 3868/3868
f 3812/3812 2838/2838 2960/2960
f 2834/2834 3812/3812 2960/2960
f 8924/8924 8993/8993 8918/8918
f 6028/6028 5964/5964 6132/6132
f 6129/6129 6028/6028 6132/6132
f 6129/6129 6199/6199 6028/6028
f 6208/6208 6199/6199 6129/6129
f 6028/6028 6199/6199 6208/6208
f 6132/6132 6721/6721 6129/6129
f 6692/6692 6132/6132 6481/6481
f 6132/6132 6692/6692 6721/6721
f 6721/6721 6416/6416 6685/6685
f 6188/6188 6721/6721 6685/6685
f 7609/7609 6290/6290 7230/7230
f 4140/4140 4178/4178 4186/4186
f 8358/8358 8374/8374 8363/8363
f 8374/8374 8360/8360 8363/8363
f 8360/8360 8374/8374 8358/8358
f 8348/8348 8360/8360 8358/8358
f 8357/8357 8360/8360 8348/8348
f 8357/8357 8348/8348 8358/8358
f 8624/8624 8671/8671 8667/8667
f 8515/8515 8671/8671 8624/8624
f 8595/8595 8683/8683 8536/8536
f 8595/8595 8638/8638 8683/8683
f 8622/8622 8636/8636 8611/8611
f 8625/8625 8622/8622 8611/8611
f 8625/8625 8636/8636 8622/8622
f 8664/8664 8636/8636 8625/8625
f 8626/8626 8664/8664 8625/8625
f 8625/8625 8612/8612 8626/8626
f 8555/8555 8626/8626 8612/8612
f 8555/8555 8612/8612 8625/8625
f 8732/8732 8664/8664 8626/8626
f 8498/8498 8514/8514 8555/8555
f 8477/8477 8514/8514 8498/8498
f 8555/8555 8514/8514 8477/8477
f 8636/8636 8664/8664 8732/8732
f 8716/8716 8730/8730 8774/8774
f 8728/8728 8730/8730 8716/8716
f 8774/8774 8730/8730 8728/8728
f 8346/8346 8353/8353 8295/8295
f 8314/8314 8346/8346 8295/8295
f 8325/8325 8346/8346 8314/8314
f 8373/8373 8346/8346 8325/8325
f 8373/8373 8353/8353 8346/8346
f 8325/8325 8314/8314 8319/8319
f 8332/8332 8325/8325 8319/8319
f 8347/8347 8325/8325 8332/8332
f 8319/8319 8347/8347 8332/8332
f 8345/8345 8481/8481 8673/8673
f 8681/8681 8345/8345 8673/8673
f 1553/1553 1862/1862 1811/1811
f 1862/1862 1931/1931 1811/1811
f 1933/1933 1962/1962 1931/1931
f 1553/1553 1931/1931 1862/1862
f 1933/1933 1931/1931 1553/1553
f 3997/3997 3906/3906 4076/4076
f 4751/4751 5543/5543 4833/4833
f 37/37 4751/4751 5/5
f 10/10 37/37 5/5
f 4751/4751 10/10 5/5
f 4788/4788 4751/4751 4833/4833
f 8319/8319 8314/8314 8295/8295
f 2131/2131 2365/2365 1622/1622
f 1250/1250 1279/1279 1356/1356
f 1206/1206 1279/1279 1250/1250
f 1206/1206 1356/1356 1279/1279
f 1344/1344 933/933 1119/1119
f 1017/1017 1814/1814 933/933
f 1002/1002 1037/1037 1814/1814
f 1814/1814 1037/1037 986/986
f 986/986 1037/1037 1002/1002
f 925/925 986/986 1017/1017
f 925/925 1017/1017 862/862
f 986/986 925/925 862/862
f 933/933 1814/1814 1615/1615
f 1615/1615 1119/1119 933/933
f 9148/9148 9181/9181 9161/9161
f 2907/2907 3874/3874 3237/3237
f 3219/3219 3874/3874 2907/2907
f 1913/1913 2907/2907 2813/2813
f 2346/2346 2907/2907 1913/1913
f 2304/2304 2346/2346 1913/1913
f 2326/2326 2342/2342 2345/2345
f 2304/2304 2326/2326 2345/2345
f 2339/2339 2572/2572 2304/2304
f 3219/3219 2572/2572 2339/2339
f 2342/2342 2304/2304 2572/2572
f 2326/2326 2304/2304 2342/2342
f 2375/2375 2342/2342 2581/2581
f 2344/2344 2342/2342 2375/2375
f 2344/2344 2375/2375 2581/2581
f 2342/2342 2572/2572 2581/2581
f 2907/2907 2346/2346 2581/2581
f 2041/2041 1674/1674 905/905
f 1674/1674 2041/2041 1232/1232
f 2299/2299 2537/2537 2705/2705
f 2226/2226 2299/2299 2317/2317
f 2312/2312 2317/2317 2299/2299
f 2312/2312 2226/2226 2317/2317
f 2311/2311 1933/1933 2226/2226
f 4583/4583 2311/2311 2705/2705
f 2311/2311 4583/4583 1933/1933
f 8501/8501 8505/8505 8502/8502
f 8500/8500 8505/8505 8501/8501
f 8502/8502 8500/8500 8501/8501
f 8502/8502 8550/8550 8499/8499
f 8497/8497 8502/8502 8499/8499
f 8497/8497 8499/8499 8550/8550
f 3689/3689 3693/3693 3743/3743
f 7739/7739 7887/7887 8313/8313
f 7704/7704 7887/7887 7739/7739
f 7953/7953 8313/8313 7887/7887
f 8154/8154 8026/8026 8313/8313
f 7953/7953 8154/8154 8313/8313
f 8026/8026 8154/8154 7953/7953
f 7953/7953 7887/7887 7944/7944
f 7739/7739 7514/7514 7704/7704
f 8733/8733 8123/8123 9118/9118
f 1598/1598 1594/1594 1639/1639
f 1594/1594 1552/1552 1639/1639
f 1598/1598 1552/1552 1594/1594
f 1294/1294 1285/1285 1324/1324
f 1294/1294 1324/1324 1318/1318
f 1285/1285 1294/1294 1318/1318
f 1581/1581 1318/1318 1324/1324
f 1581/1581 1324/1324 1231/1231
f 1581/1581 1533/1533 1318/1318
f 1231/1231 1324/1324 1533/1533
f 4074/4074 4050/4050 3922/3922
f 6191/6191 6481/6481 6132/6132
f 6165/6165 6204/6204 6143/6143
f 6124/6124 6165/6165 6143/6143
f 6204/6204 6165/6165 6124/6124
f 6069/6069 6191/6191 6132/6132
f 8618/8618 8684/8684 8653/8653
f 8641/8641 8618/8618 8653/8653
f 8641/8641 8653/8653 8684/8684
f 6830/6830 7462/7462 7041/7041
f 6665/6665 7462/7462 6830/6830
f 6702/6702 6650/6650 6573/6573
f 6618/6618 6650/6650 6702/6702
f 6573/6573 6650/6650 6618/6618
f 6830/6830 6573/6573 6665/6665
f 6300/6300 6422/6422 6225/6225
f 6445/6445 6422/6422 6300/6300
f 6225/6225 6422/6422 6445/6445
f 8640/8640 8680/8680 8654/8654
f 8647/8647 8640/8640 8654/8654
f 8679/8679 8654/8654 8680/8680
f 8647/8647 8654/8654 8679/8679
f 8645/8645 8688/8688 8623/8623
f 8594/8594 8623/8623 8688/8688
f 8632/8632 8645/8645 8623/8623
f 8414/8414 8432/8432 8491/8491
f 8417/8417 8491/8491 8456/8456
f 8417/8417 8414/8414 8491/8491
f 8432/8432 8414/8414 8417/8417
f 8490/8490 8557/8557 8665/8665
f 8548/8548 8542/8542 8512/8512
f 3630/3630 3621/3621 3819/3819
f 3951/3951 3630/3630 3819/3819
f 3951/3951 3891/3891 3630/3630
f 3873/3873 3630/3630 3891/3891
f 3951/3951 3873/3873 3891/3891
f 5351/5351 5471/5471 77/77
f 53/53 87/87 77/77
f 87/87 5351/5351 77/77
f 53/53 5351/5351 87/87
f 5471/5471 5913/5913 5531/5531
f 5471/5471 5531/5531 5523/5523
f 5471/5471 5523/5523 5423/5423
f 5531/5531 5493/5493 5523/5523
f 5523/5523 5493/5493 5544/5544
f 5493/5493 5531/5531 5544/5544
f 871/871 5423/5423 955/955
f 975/975 951/951 871/871
f 1008/1008 871/871 951/951
f 1008/1008 951/951 975/975
f 871/871 1008/1008 5423/5423
f 954/954 736/736 5423/5423
f 5423/5423 1008/1008 954/954
f 954/954 1008/1008 1052/1052
f 1105/1105 1052/1052 1008/1008
f 954/954 1052/1052 1105/1105
f 345/345 477/477 392/392
f 298/298 345/345 392/392
f 477/477 345/345 298/298
f 35/35 242/242 27/27
f 5239/5239 242/242 35/35
f 27/27 5239/5239 35/35
f 519/519 465/465 488/488
f 8441/8441 8388/8388 8662/8662
f 1923/1923 1637/1637 2136/2136
f 2464/2464 1923/1923 2136/2136
f 8588/8588 8681/8681 8673/8673
f 8588/8588 8673/8673 8475/8475
f 8475/8475 8673/8673 8481/8481
f 8475/8475 8481/8481 8468/8468
f 8475/8475 8471/8471 8486/8486
f 8485/8485 8475/8475 8486/8486
f 8471/8471 8485/8485 8486/8486
f 8468/8468 8482/8482 8475/8475
f 8660/8660 8475/8475 8482/8482
f 8660/8660 8482/8482 8468/8468
f 8660/8660 8468/8468 8476/8476
f 8522/8522 8476/8476 8468/8468
f 8660/8660 8476/8476 8522/8522
f 8681/8681 8588/8588 8660/8660
f 8475/8475 8660/8660 8588/8588
f 8670/8670 8665/8665 8557/8557
f 8670/8670 8557/8557 8408/8408
f 8304/8304 8258/8258 8233/8233
f 8205/8205 8233/8233 8258/8258
f 8258/8258 8304/8304 8205/8205
f 8210/8210 8233/8233 8205/8205
f 8205/8205 8234/8234 8228/8228
f 8234/8234 8222/8222 8228/8228
f 8222/8222 8205/8205 8228/8228
f 8176/8176 8210/8210 8205/8205
f 8233/8233 8210/8210 8176/8176
f 8143/8143 8176/8176 8222/8222
f 8253/8253 8143/8143 8222/8222
f 8117/8117 8176/8176 8143/8143
f 8235/8235 8251/8251 8253/8253
f 8252/8252 8253/8253 8289/8289
f 8320/8320 8289/8289 8253/8253
f 8316/8316 8320/8320 8253/8253
f 8320/8320 8252/8252 8289/8289
f 8271/8271 8252/8252 8292/8292
f 8292/8292 8284/8284 8271/8271
f 8252/8252 8284/8284 8292/8292
f 8143/8143 8253/8253 8236/8236
f 8246/8246 8236/8236 8311/8311
f 8207/8207 8143/8143 8236/8236
f 8246/8246 8207/8207 8236/8236
f 8207/8207 8246/8246 8311/8311
f 8316/8316 8408/8408 8311/8311
f 8459/8459 8408/8408 8557/8557
f 8490/8490 8459/8459 8557/8557
f 8470/8470 8459/8459 8490/8490
f 8470/8470 8463/8463 8459/8459
f 8490/8490 8463/8463 8470/8470
f 8311/8311 8408/8408 8459/8459
f 8494/8494 8570/8570 8546/8546
f 8534/8534 8546/8546 8567/8567
f 8483/8483 8534/8534 8567/8567
f 8546/8546 8534/8534 8483/8483
f 8676/8676 8570/8570 8494/8494
f 8494/8494 8508/8508 8614/8614
f 8508/8508 8620/8620 8614/8614
f 8620/8620 8639/8639 8614/8614
f 8676/8676 8494/8494 8614/8614
f 8661/8661 8676/8676 8639/8639
f 8669/8669 8676/8676 8661/8661
f 8639/8639 8669/8669 8661/8661
f 8639/8639 8620/8620 8508/8508
f 8571/8571 8520/8520 8488/8488
f 8520/8520 8508/8508 8488/8488
f 8508/8508 8520/8520 8571/8571
f 8519/8519 8473/8473 8508/8508
f 8494/8494 8519/8519 8508/8508
f 8483/8483 8494/8494 8546/8546
f 8519/8519 8494/8494 8473/8473
f 8473/8473 8494/8494 8483/8483
f 8473/8473 8483/8483 8427/8427
f 8366/8366 8427/8427 8483/8483
f 3836/3836 3775/3775 3928/3928
f 3839/3839 3928/3928 3775/3775
f 3839/3839 3775/3775 3787/3787
f 3771/3771 3787/3787 3775/3775
f 3839/3839 3787/3787 3771/3771
f 575/575 224/224 75/75
f 8632/8632 8623/8623 8594/8594
f 8472/8472 8417/8417 8456/8456
f 8472/8472 8456/8456 8491/8491
f 8487/8487 8491/8491 8495/8495
f 8472/8472 8491/8491 8487/8487
f 8472/8472 8487/8487 8495/8495
f 8460/8460 8472/8472 8465/8465
f 8465/8465 8472/8472 8462/8462
f 8462/8462 8460/8460 8465/8465
f 3525/3525 4575/4575 4602/4602
f 4706/4706 3739/3739 4608/4608
f 8388/8388 8597/8597 8662/8662
f 8386/8386 8404/8404 8394/8394
f 8388/8388 8394/8394 8404/8404
f 8386/8386 8394/8394 8388/8388
f 4046/4046 3867/3867 4121/4121
f 3836/3836 3928/3928 3934/3934
f 3934/3934 3928/3928 3839/3839
f 3722/3722 3856/3856 3935/3935
f 3833/3833 3935/3935 3856/3856
f 3727/3727 3718/3718 3767/3767
f 3856/3856 3688/3688 3833/3833
f 3688/3688 3727/3727 3767/3767
f 3718/3718 3727/3727 3688/3688
f 3722/3722 3688/3688 3856/3856
f 3708/3708 3688/3688 3722/3722
f 3453/3453 3483/3483 3575/3575
f 3452/3452 3477/3477 3483/3483
f 3484/3484 3477/3477 3452/3452
f 3483/3483 3477/3477 3484/3484
f 4186/4186 3483/3483 3484/3484
f 4140/4140 4186/4186 3484/3484
f 3575/3575 3592/3592 3453/3453
f 3483/3483 4186/4186 3592/3592
f 3575/3575 3483/3483 3592/3592
f 3712/3712 3802/3802 3831/3831
f 3648/3648 3652/3652 3761/3761
f 3635/3635 3652/3652 3648/3648
f 3635/3635 3648/3648 3761/3761
f 3761/3761 3831/3831 3635/3635
f 3802/3802 3635/3635 3831/3831
f 3823/3823 4003/4003 3870/3870
f 3900/3900 3870/3870 4003/4003
f 3789/3789 3870/3870 3900/3900
f 3789/3789 3823/3823 3870/3870
f 3592/3592 4186/4186 3823/3823
f 3592/3592 3823/3823 3789/3789
f 3756/3756 3808/3808 3733/3733
f 3808/3808 3756/3756 3733/3733
f 3784/3784 3756/3756 3808/3808
f 3792/3792 3756/3756 3784/3784
f 3792/3792 3784/3784 3808/3808
f 3849/3849 3855/3855 3806/3806
f 3801/3801 3855/3855 3849/3849
f 3806/3806 3801/3801 3849/3849
f 3791/3791 3801/3801 3806/3806
f 3772/3772 3791/3791 3806/3806
f 3801/3801 3791/3791 3772/3772
f 6953/6953 6762/6762 6362/6362
f 9181/9181 9202/9202 9235/9235
f 9206/9206 9202/9202 9204/9204
f 9195/9195 9206/9206 9204/9204
f 9195/9195 9202/9202 9206/9206
f 9235/9235 9202/9202 9195/9195
f 3763/3763 3712/3712 3764/3764
f 3751/3751 3763/3763 3764/3764
f 3712/3712 3751/3751 3764/3764
f 3712/3712 3831/3831 3751/3751
f 3761/3761 3751/3751 3831/3831
f 4698/4698 4691/4691 4688/4688
f 4186/4186 4088/4088 4003/4003
f 465/465 562/562 538/538
f 534/534 538/538 562/562
f 534/534 465/465 538/538
f 488/488 465/465 534/534
f 519/519 488/488 534/534
f 506/506 510/510 509/509
f 97/97 506/506 509/509
f 510/510 506/506 97/97
f 692/692 510/510 97/97
f 7352/7352 8438/8438 7258/7258
f 7352/7352 7789/7789 7839/7839
f 8438/8438 7352/7352 8042/8042
f 8042/8042 7352/7352 7839/7839
f 8063/8063 7258/7258 8438/8438
f 7590/7590 7917/7917 8438/8438
f 7917/7917 8063/8063 8438/8438
f 7917/7917 8385/8385 8063/8063
f 1698/1698 1696/1696 1344/1344
f 1749/1749 1696/1696 1698/1698
f 1698/1698 1344/1344 1749/1749
f 6707/6707 6678/6678 6686/6686
f 6522/6522 6678/6678 6707/6707
f 6678/6678 6522/6522 6686/6686
f 2574/2574 1764/1764 2290/2290
f 3352/3352 4592/4592 4583/4583
f 3352/3352 4583/4583 2705/2705
f 4833/4833 5130/5130 4788/4788
f 4889/4889 4788/4788 5130/5130
f 5130/5130 4833/4833 6181/6181
f 4941/4941 5130/5130 5046/5046
f 5040/5040 4941/4941 5046/5046
f 6181/6181 4889/4889 4941/4941
f 4889/4889 5130/5130 4941/4941
f 5130/5130 6181/6181 4941/4941
f 4737/4737 4788/4788 4797/4797
f 4754/4754 4737/4737 4797/4797
f 4788/4788 4754/4754 4797/4797
f 4815/4815 4754/4754 4788/4788
f 4858/4858 4754/4754 4815/4815
f 4858/4858 4815/4815 4788/4788
f 4858/4858 4788/4788 4889/4889
f 4794/4794 4739/4739 4858/4858
f 4831/4831 4739/4739 4794/4794
f 4831/4831 4794/4794 4858/4858
f 4831/4831 4858/4858 4889/4889
f 4831/4831 4889/4889 6181/6181
f 5045/5045 4831/4831 6181/6181
f 5656/5656 5045/5045 6181/6181
f 6181/6181 4833/4833 6127/6127
f 5046/5046 5130/5130 5040/5040
f 5400/5400 5565/5565 5460/5460
f 5583/5583 5460/5460 5565/5565
f 5400/5400 5583/5583 5565/5565
f 5554/5554 5585/5585 5549/5549
f 5400/5400 5554/5554 5549/5549
f 5585/5585 5400/5400 5549/5549
f 6484/6484 5941/5941 6088/6088
f 3704/3704 3703/3703 3745/3745
f 3699/3699 3703/3703 3704/3704
f 3723/3723 3745/3745 3703/3703
f 3699/3699 3723/3723 3703/3703
f 923/923 1442/1442 1056/1056
f 1056/1056 977/977 923/923
f 4983/4983 845/845 307/307
f 946/946 845/845 4983/4983
f 789/789 307/307 845/845
f 736/736 5471/5471 5423/5423
f 736/736 77/77 5471/5471
f 6655/6655 5656/5656 6643/6643
f 6196/6196 6781/6781 6154/6154
f 6161/6161 6196/6196 6154/6154
f 6161/6161 6154/6154 6781/6781
f 6623/6623 6137/6137 6781/6781
f 8479/8479 8529/8529 8263/8263
f 8478/8478 8529/8529 8479/8479
f 8263/8263 8478/8478 8479/8479
f 8263/8263 8177/8177 8478/8478
f 8275/8275 8277/8277 8317/8317
f 8275/8275 8317/8317 8259/8259
f 8277/8277 8275/8275 8259/8259
f 8064/8064 8204/8204 8163/8163
f 8204/8204 8064/8064 8263/8263
f 8163/8163 8204/8204 8263/8263
f 8177/8177 8263/8263 8064/8064
f 8113/8113 8177/8177 8064/8064
f 8113/8113 8064/8064 8054/8054
f 8033/8033 8054/8054 8064/8064
f 8033/8033 8113/8113 8054/8054
f 8137/8137 8177/8177 8113/8113
f 2138/2138 2136/2136 1637/1637
f 1764/1764 2136/2136 2138/2138
f 8130/8130 8300/8300 8296/8296
f 8300/8300 8381/8381 8296/8296
f 7907/7907 8300/8300 8130/8130
f 7907/7907 8381/8381 8300/8300
f 8043/8043 8381/8381 7907/7907
f 7947/7947 8043/8043 7907/7907
f 7948/7948 8043/8043 7947/7947
f 8111/8111 7948/7948 7947/7947
f 8121/8121 7948/7948 8111/8111
f 8107/8107 7948/7948 8121/8121
f 8043/8043 7948/7948 8107/8107
f 8043/8043 8107/8107 8189/8189
f 8102/8102 8108/8108 8107/8107
f 8121/8121 8102/8102 8107/8107
f 8121/8121 8108/8108 8102/8102
f 8270/8270 8144/8144 8108/8108
f 8189/8189 8108/8108 8144/8144
f 8189/8189 8144/8144 8270/8270
f 8381/8381 8189/8189 8270/8270
f 8381/8381 8043/8043 8189/8189
f 8296/8296 8381/8381 8270/8270
f 3683/3683 3706/3706 3682/3682
f 3747/3747 3682/3682 3706/3706
f 3683/3683 3747/3747 3706/3706
f 793/793 130/130 333/333
f 6618/6618 7462/7462 6665/6665
f 6618/6618 6665/6665 6573/6573
f 6573/6573 6830/6830 6618/6618
f 8085/8085 8849/8849 8384/8384
f 8085/8085 8384/8384 8086/8086
f 8011/8011 8059/8059 8086/8086
f 8085/8085 8059/8059 8011/8011
f 8086/8086 8059/8059 8085/8085
f 6623/6623 6781/6781 6567/6567
f 6567/6567 6880/6880 6772/6772
f 6772/6772 6623/6623 6567/6567
f 6339/6339 6772/6772 6880/6880
f 6195/6195 6339/6339 6880/6880
f 6338/6338 6195/6195 6306/6306
f 6306/6306 6195/6195 6322/6322
f 6159/6159 6201/6201 6195/6195
f 6212/6212 6195/6195 6201/6201
f 6159/6159 6212/6212 6201/6201
f 6623/6623 6329/6329 6195/6195
f 6338/6338 6306/6306 6322/6322
f 6339/6339 6386/6386 6369/6369
f 6366/6366 6364/6364 6329/6329
f 6366/6366 6421/6421 6364/6364
f 6421/6421 6366/6366 6329/6329
f 6772/6772 6339/6339 6329/6329
f 6329/6329 6623/6623 6772/6772
f 7230/7230 7889/7889 7609/7609
f 7889/7889 7643/7643 7609/7609
f 8700/8700 8675/8675 7643/7643
f 8744/8744 8675/8675 8700/8700
f 7643/7643 8744/8744 8700/8700
f 8744/8744 7643/7643 7889/7889
f 8913/8913 8744/8744 7889/7889
f 3718/3718 3688/3688 3670/3670
f 3681/3681 3670/3670 3688/3688
f 3708/3708 3681/3681 3688/3688
f 3681/3681 3708/3708 3722/3722
f 4091/4091 4114/4114 4116/4116
f 4044/4044 4091/4091 4116/4116
f 4114/4114 4091/4091 4044/4044
f 4760/4760 113/113 152/152
f 232/232 113/113 4760/4760
f 152/152 232/232 75/75
f 152/152 113/113 232/232
f 3237/3237 3874/3874 3698/3698
f 3121/3121 3070/3070 3698/3698
f 3070/3070 3237/3237 3698/3698
f 3146/3146 3148/3148 3070/3070
f 3121/3121 3146/3146 3070/3070
f 3121/3121 3148/3148 3146/3146
f 3121/3121 3698/3698 3260/3260
f 3070/3070 3121/3121 3096/3096
f 3096/3096 3121/3121 3260/3260
f 3080/3080 3096/3096 3260/3260
f 2813/2813 3260/3260 3698/3698
f 7624/7624 7912/7912 7654/7654
f 7548/7548 7624/7624 7654/7654
f 7507/7507 7624/7624 7548/7548
f 7548/7548 7550/7550 7535/7535
f 7562/7562 7550/7550 7571/7571
f 7565/7565 7562/7562 7571/7571
f 7565/7565 7571/7571 7550/7550
f 7545/7545 7565/7565 7550/7550
f 7550/7550 7565/7565 7535/7535
f 7548/7548 7535/7535 7507/7507
f 7545/7545 7507/7507 7535/7535
f 7565/7565 7545/7545 7535/7535
f 7550/7550 7654/7654 7545/7545
f 7548/7548 7654/7654 7550/7550
f 7507/7507 7545/7545 7614/7614
f 7614/7614 8115/8115 7777/7777
f 8115/8115 7897/7897 7777/7777
f 7614/7614 8115/8115 7777/7777
f 8316/8316 8264/8264 8408/8408
f 8316/8316 8253/8253 8281/8281
f 8264/8264 8281/8281 8253/8253
f 8316/8316 8281/8281 8264/8264
f 8251/8251 8264/8264 8253/8253
f 8235/8235 8264/8264 8251/8251
f 8233/8233 8408/8408 8264/8264
f 3730/3730 4114/4114 3750/3750
f 3637/3637 3794/3794 3644/3644
f 3619/3619 3637/3637 3644/3644
f 3794/3794 3619/3619 3644/3644
f 3388/3388 3385/3385 3450/3450
f 3426/3426 3378/3378 3385/3385
f 3417/3417 3437/3437 3426/3426
f 3451/3451 3437/3437 3417/3417
f 3426/3426 3437/3437 3451/3451
f 3609/3609 3460/3460 3426/3426
f 3426/3426 3460/3460 3609/3609
f 3426/3426 3609/3609 3450/3450
f 3385/3385 3426/3426 3450/3450
f 3378/3378 3426/3426 3385/3385
f 1119/1119 1403/1403 1356/1356
f 1403/1403 1344/1344 1356/1356
f 1344/1344 1403/1403 1119/1119
f 1615/1615 1344/1344 1119/1119
f 7592/7592 7514/7514 7511/7511
f 8291/8291 8298/8298 8377/8377
f 8377/8377 8225/8225 8203/8203
f 8208/8208 8377/8377 8298/8298
f 8208/8208 8225/8225 8377/8377
f 8203/8203 8225/8225 8208/8208
f 8208/8208 8095/8095 8203/8203
f 8095/8095 8089/8089 8203/8203
f 8208/8208 8377/8377 8095/8095
f 8298/8298 8291/8291 8208/8208
f 8095/8095 8377/8377 8481/8481
f 9178/9178 9166/9166 8025/8025
f 9178/9178 8025/8025 9171/9171
f 9088/9088 9171/9171 8025/8025
f 9088/9088 9097/9097 9171/9171
f 9171/9171 9166/9166 9178/9178
f 4547/4547 4572/4572 4503/4503
f 4595/4595 4601/4601 4599/4599
f 4572/4572 4599/4599 4601/4601
f 4369/4369 4501/4501 4572/4572
f 4572/4572 4595/4595 4599/4599
f 4572/4572 4501/4501 4584/4584
f 4501/4501 4564/4564 4548/4548
f 4584/4584 4501/4501 4548/4548
f 4568/4568 4584/4584 4548/4548
f 4567/4567 4568/4568 4548/4548
f 4567/4567 4584/4584 4568/4568
f 4503/4503 4567/4567 4548/4548
f 4572/4572 4567/4567 4503/4503
f 3637/3637 3926/3926 3794/3794
f 8350/8350 8913/8913 7889/7889
f 8549/8549 8913/8913 8350/8350
f 8255/8255 8549/8549 8350/8350
f 7889/7889 8255/8255 8350/8350
f 8327/8327 8549/8549 8255/8255
f 7840/7840 7889/7889 7900/7900
f 7750/7750 8327/8327 7724/7724
f 8255/8255 7724/7724 8327/8327
f 7889/7889 7724/7724 8255/8255
f 8461/8461 8323/8323 8419/8419
f 8376/8376 8419/8419 8323/8323
f 8077/8077 8155/8155 8185/8185
f 8217/8217 8218/8218 8185/8185
f 8217/8217 8185/8185 8286/8286
f 8218/8218 8217/8217 8286/8286
f 8231/8231 8185/8185 8155/8155
f 8201/8201 8223/8223 8279/8279
f 8240/8240 8279/8279 8223/8223
f 8201/8201 8240/8240 8223/8223
f 6499/6499 6522/6522 6140/6140
f 6472/6472 6522/6522 6499/6499
f 6420/6420 6522/6522 6472/6472
f 6420/6420 6472/6472 6499/6499
f 6040/6040 6499/6499 6140/6140
f 6070/6070 6040/6040 6140/6140
f 6093/6093 6048/6048 6040/6040
f 6031/6031 6040/6040 6048/6048
f 6031/6031 6048/6048 6093/6093
f 6070/6070 6140/6140 6106/6106
f 6077/6077 6106/6106 6058/6058
f 6070/6070 6106/6106 6077/6077
f 6058/6058 6070/6070 6077/6077
f 6039/6039 6031/6031 6070/6070
f 6058/6058 6039/6039 6070/6070
f 6045/6045 6039/6039 6058/6058
f 6031/6031 6039/6039 6045/6045
f 3794/3794 3926/3926 4465/4465
f 5861/5861 6069/6069 5867/5867
f 5816/5816 5867/5867 6069/6069
f 5867/5867 5816/5816 5861/5861
f 5964/5964 5352/5352 5861/5861
f 5939/5939 5964/5964 5861/5861
f 5891/5891 5939/5939 5861/5861
f 5816/5816 5891/5891 5861/5861
f 5939/5939 5891/5891 5816/5816
f 6132/6132 5939/5939 6069/6069
f 6132/6132 5964/5964 5939/5939
f 3506/3506 3244/3244 3094/3094
f 3100/3100 3094/3094 3244/3244
f 5352/5352 5964/5964 5536/5536
f 5352/5352 5536/5536 5538/5538
f 8138/8138 9046/9046 8123/8123
f 8138/8138 8169/8169 9046/9046
f 8165/8165 9046/9046 8169/8169
f 8165/8165 8169/8169 8138/8138
f 9181/9181 9235/9235 9210/9210
f 526/526 531/531 831/831
f 526/526 831/831 904/904
f 730/730 693/693 831/831
f 904/904 831/831 693/693
f 766/766 831/831 531/531
f 766/766 730/730 831/831
f 766/766 730/730 729/729
f 729/729 730/730 706/706
f 706/706 766/766 729/729
f 693/693 766/766 531/531
f 904/904 693/693 531/531
f 932/932 526/526 904/904
f 932/932 904/904 834/834
f 834/834 904/904 531/531
f 1259/1259 834/834 1020/1020
f 1259/1259 1020/1020 1306/1306
f 1306/1306 1020/1020 952/952
f 6106/6106 6140/6140 6522/6522
f 3100/3100 3506/3506 3094/3094
f 1597/1597 1637/1637 1613/1613
f 1634/1634 1597/1597 1613/1613
f 1637/1637 1634/1634 1613/1613
f 1923/1923 1634/1634 1637/1637
f 1929/1929 1634/1634 1923/1923
f 1659/1659 1778/1778 1923/1923
f 2464/2464 1659/1659 1923/1923
f 4603/4603 4597/4597 4491/4491
f 4600/4600 4597/4597 4603/4603
f 4491/4491 4600/4600 4603/4603
f 4606/4606 4600/4600 4679/4679
f 4679/4679 4600/4600 4491/4491
f 3481/3481 3338/3338 3332/3332
f 3306/3306 3338/3338 3481/3481
f 4592/4592 1962/1962 4583/4583
f 2136/2136 1764/1764 2574/2574
f 7876/7876 7654/7654 7912/7912
f 7614/7614 7545/7545 7654/7654
f 7876/7876 7614/7614 7654/7654
f 7901/7901 8115/8115 7614/7614
f 7876/7876 7901/7901 7614/7614
f 7876/7876 8115/8115 7901/7901
f 8006/8006 7876/7876 8021/8021
f 8115/8115 7876/7876 8006/8006
f 8115/8115 8006/8006 8021/8021
f 7908/7908 7897/7897 8115/8115
f 3509/3509 3686/3686 3572/3572
f 3649/3649 3572/3572 3686/3686
f 1814/1814 1344/1344 1615/1615
f 4986/4986 4997/4997 4991/4991
f 4943/4943 4986/4986 4991/4991
f 4997/4997 4943/4943 4991/4991
f 4925/4925 4943/4943 4930/4930
f 3/3 4930/4930 4943/4943
f 4925/4925 4930/4930 3/3
f 4854/4854 4925/4925 3/3
f 4848/4848 4925/4925 4854/4854
f 4848/4848 4854/4854 3/3
f 692/692 4848/4848 3/3
f 97/97 4848/4848 692/692
f 510/510 692/692 3/3
f 8376/8376 8461/8461 8419/8419
f 8069/8069 8231/8231 8155/8155
f 8077/8077 8069/8069 8155/8155
f 4638/4638 4635/4635 4626/4626
f 4656/4656 4638/4638 4626/4626
f 4635/4635 4638/4638 4656/4656
f 4481/4481 4656/4656 3439/3439
f 4668/4668 4656/4656 4481/4481
f 4668/4668 4625/4625 4615/4615
f 4668/4668 4615/4615 4682/4682
f 4625/4625 4682/4682 4615/4615
f 4672/4672 4668/4668 4682/4682
f 3755/3755 4111/4111 3676/3676
f 3681/3681 3714/3714 3670/3670
f 3737/3737 3725/3725 3681/3681
f 3726/3726 3681/3681 3725/3725
f 3737/3737 3726/3726 3725/3725
f 3736/3736 3726/3726 3737/3737
f 3728/3728 3726/3726 3736/3736
f 3714/3714 3681/3681 3726/3726
f 3728/3728 3714/3714 3726/3726
f 3729/3729 3728/3728 3736/3736
f 3714/3714 3718/3718 3670/3670
f 3729/3729 3714/3714 3728/3728
f 2576/2576 3569/3569 3090/3090
f 8468/8468 8481/8481 8377/8377
f 6088/6088 5665/5665 5661/5661
f 5672/5672 5661/5661 5665/5665
f 5676/5676 5672/5672 5665/5665
f 5676/5676 5665/5665 5684/5684
f 5672/5672 5676/5676 5684/5684
f 6088/6088 5635/5635 5672/5672
f 8366/8366 8473/8473 8427/8427
f 3499/3499 3612/3612 3735/3735
f 3561/3561 3612/3612 3499/3499
f 3580/3580 3561/3561 3582/3582
f 3735/3735 3612/3612 3561/3561
f 3580/3580 3735/3735 3561/3561
f 3735/3735 3580/3580 3582/3582
f 3658/3658 3660/3660 3647/3647
f 3665/3665 3647/3647 3660/3660
f 3665/3665 3660/3660 3658/3658
f 8025/8025 8086/8086 8384/8384
f 3610/3610 3748/3748 3744/3744
f 3568/3568 3606/3606 3596/3596
f 3590/3590 3563/3563 3596/3596
f 3606/3606 3590/3590 3596/3596
f 3606/3606 3624/3624 3610/3610
f 3610/3610 3624/3624 3642/3642
f 3642/3642 3624/3624 3600/3600
f 3606/3606 3600/3600 3624/3624
f 3589/3589 3600/3600 3606/3606
f 3613/3613 3642/3642 3607/3607
f 3607/3607 3642/3642 3600/3600
f 3600/3600 3613/3613 3607/3607
f 3584/3584 3600/3600 3579/3579
f 3568/3568 3579/3579 3600/3600
f 3584/3584 3579/3579 3568/3568
f 3568/3568 3600/3600 3589/3589
f 3606/3606 3568/3568 3589/3589
f 3431/3431 3539/3539 3574/3574
f 3584/3584 3574/3574 3539/3539
f 3573/3573 3584/3584 3539/3539
f 3488/3488 3573/3573 3539/3539
f 3498/3498 3573/3573 3488/3488
f 3469/3469 3488/3488 3539/3539
f 3488/3488 3469/3469 3465/3465
f 3412/3412 3469/3469 3431/3431
f 3469/3469 3539/3539 3431/3431
f 3431/3431 3574/3574 3593/3593
f 3593/3593 3574/3574 3547/3547
f 3564/3564 3547/3547 3574/3574
f 3546/3546 3547/3547 3564/3564
f 3593/3593 3547/3547 3546/3546
f 3596/3596 3563/3563 3568/3568
f 3511/3511 3593/3593 3590/3590
f 3610/3610 3511/3511 3590/3590
f 3431/3431 3593/3593 3511/3511
f 3412/3412 3431/3431 3405/3405
f 3511/3511 3405/3405 3431/3431
f 3412/3412 3405/3405 3421/3421
f 3226/3226 3293/3293 3421/3421
f 3421/3421 3292/3292 3361/3361
f 3293/3293 3361/3361 3292/3292
f 3293/3293 3421/3421 3361/3361
f 3293/3293 3412/3412 3421/3421
f 3470/3470 3488/3488 3465/3465
f 3498/3498 3488/3488 3470/3470
f 3493/3493 3498/3498 3470/3470
f 3497/3497 3498/3498 3493/3493
f 3492/3492 3497/3497 3493/3493
f 3457/3457 3492/3492 3493/3493
f 3457/3457 3493/3493 3444/3444
f 3470/3470 3444/3444 3493/3493
f 3470/3470 3465/3465 3444/3444
f 3444/3444 3465/3465 3457/3457
f 3293/3293 3469/3469 3412/3412
f 3293/3293 3226/3226 3254/3254
f 3225/3225 3254/3254 3226/3226
f 2985/2985 3225/3225 3226/3226
f 2985/2985 3226/3226 3053/3053
f 2985/2985 3053/3053 3225/3225
f 3053/3053 3109/3109 3225/3225
f 3155/3155 3109/3109 3053/3053
f 3155/3155 3171/3171 3172/3172
f 3196/3196 3155/3155 3172/3172
f 3171/3171 3196/3196 3172/3172
f 3152/3152 3232/3232 3171/3171
f 3262/3262 3171/3171 3232/3232
f 3250/3250 3246/3246 3266/3266
f 3207/3207 3250/3250 3266/3266
f 3246/3246 3207/3207 3266/3266
f 3152/3152 3262/3262 3232/3232
f 3721/3721 3744/3744 3748/3748
f 3744/3744 3721/3721 3610/3610
f 3715/3715 3705/3705 3666/3666
f 3654/3654 3666/3666 3646/3646
f 3645/3645 3666/3666 3654/3654
f 3646/3646 3645/3645 3654/3654
f 3659/3659 3715/3715 3666/3666
f 3705/3705 3715/3715 3659/3659
f 3226/3226 3511/3511 3168/3168
f 3511/3511 3226/3226 3405/3405
f 3226/3226 3421/3421 3405/3405
f 442/442 575/575 416/416
f 232/232 442/442 416/416
f 232/232 416/416 575/575
f 75/75 232/232 575/575
f 232/232 4734/4734 4740/4740
f 4775/4775 4740/4740 4734/4734
f 4775/4775 4734/4734 232/232
f 5536/5536 5349/5349 5538/5538
f 7237/7237 5908/5908 5944/5944
f 5863/5863 5944/5944 5908/5908
f 5863/5863 5908/5908 7237/7237
f 6017/6017 7237/7237 5994/5994
f 5956/5956 6017/6017 5994/5994
f 5956/5956 5994/5994 7237/7237
f 6003/6003 5956/5956 7237/7237
f 6558/6558 6317/6317 5956/5956
f 6003/6003 6558/6558 5956/5956
f 6558/6558 6003/6003 6701/6701
f 6701/6701 6003/6003 6406/6406
f 6406/6406 6003/6003 6803/6803
f 6793/6793 6700/6700 6406/6406
f 6812/6812 6793/6793 6406/6406
f 6700/6700 6793/6793 6812/6812
f 6803/6803 6907/6907 6406/6406
f 6879/6879 6812/6812 6907/6907
f 6879/6879 6952/6952 6812/6812
f 6952/6952 6879/6879 6907/6907
f 6003/6003 7237/7237 6803/6803
f 6947/6947 6907/6907 6803/6803
f 6947/6947 7037/7037 6952/6952
f 7037/7037 6947/6947 6803/6803
f 6803/6803 7228/7228 7037/7037
f 6803/6803 7362/7362 7228/7228
f 3090/3090 3569/3569 3746/3746
f 3168/3168 3511/3511 3610/3610
f 3758/3758 3753/3753 3762/3762
f 3719/3719 3753/3753 3758/3758
f 3663/3663 3661/3661 3662/3662
f 3626/3626 3663/3663 3662/3662
f 3661/3661 3626/3626 3662/3662
f 3626/3626 3753/3753 3663/3663
f 3626/3626 3661/3661 3653/3653
f 3663/3663 3753/3753 3719/3719
f 3653/3653 3661/3661 3636/3636
f 3636/3636 3602/3602 3653/3653
f 3626/3626 3653/3653 3602/3602
f 3518/3518 3611/3611 3534/3534
f 3510/3510 3611/3611 3518/3518
f 3565/3565 3611/3611 3510/3510
f 3566/3566 3611/3611 3565/3565
f 3762/3762 3566/3566 3565/3565
f 3611/3611 3566/3566 3762/3762
f 3762/3762 3534/3534 3611/3611
f 3608/3608 3603/3603 3534/3534
f 3617/3617 3608/3608 3534/3534
f 3617/3617 3603/3603 3608/3608
f 3753/3753 3626/3626 3762/3762
f 1375/1375 1581/1581 1563/1563
f 5349/5349 5382/5382 5352/5352
f 5538/5538 5349/5349 5352/5352
f 8261/8261 8173/8173 8186/8186
f 8244/8244 8261/8261 8186/8186
f 8173/8173 8174/8174 8186/8186
f 8244/8244 8186/8186 8174/8174
f 8109/8109 8244/8244 8119/8119
f 8142/8142 8244/8244 8109/8109
f 8119/8119 8142/8142 8109/8109
f 8191/8191 8293/8293 8175/8175
f 8161/8161 8293/8293 8191/8191
f 8161/8161 8191/8191 8175/8175
f 8145/8145 8161/8161 8175/8175
f 8145/8145 8175/8175 8088/8088
f 8161/8161 8145/8145 8156/8156
f 8112/8112 8156/8156 8145/8145
f 8112/8112 8145/8145 8080/8080
f 8088/8088 8080/8080 8145/8145
f 8091/8091 8112/8112 8080/8080
f 8266/8266 8256/8256 8301/8301
f 8219/8219 8256/8256 8266/8266
f 8219/8219 8301/8301 8256/8256
f 8219/8219 8282/8282 8232/8232
f 8178/8178 8232/8232 8282/8282
f 8213/8213 8178/8178 8265/8265
f 8219/8219 8232/8232 8178/8178
f 8167/8167 8219/8219 8178/8178
f 8299/8299 8153/8153 8199/8199
f 8153/8153 8129/8129 8199/8199
f 8167/8167 8153/8153 8219/8219
f 8097/8097 8153/8153 8167/8167
f 8290/8290 8178/8178 8213/8213
f 8167/8167 8178/8178 8176/8176
f 8265/8265 8290/8290 8213/8213
f 8274/8274 8290/8290 8233/8233
f 8176/8176 8290/8290 8274/8274
f 8233/8233 8176/8176 8274/8274
f 8167/8167 8176/8176 8110/8110
f 8078/8078 8167/8167 8110/8110
f 8087/8087 8078/8078 8110/8110
f 8117/8117 8087/8087 8110/8110
f 8176/8176 8117/8117 8110/8110
f 3609/3609 3388/3388 3450/3450
f 5311/5311 793/793 333/333
f 7362/7362 6803/6803 7237/7237
f 4664/4664 4656/4656 4668/4668
f 4672/4672 4656/4656 4664/4664
f 4668/4668 4672/4672 4664/4664
f 4398/4398 4370/4370 4606/4606
f 4185/4185 4370/4370 4398/4398
f 4185/4185 4398/4398 4606/4606
f 4571/4571 4606/4606 4589/4589
f 4679/4679 4593/4593 4606/4606
f 4589/4589 4606/4606 4593/4593
f 4589/4589 4593/4593 4571/4571
f 5317/5317 5295/5295 5293/5293
f 5229/5229 5295/5295 5317/5317
f 5293/5293 5295/5295 5229/5229
f 5217/5217 5293/5293 5229/5229
f 5147/5147 5293/5293 5217/5217
f 5229/5229 5147/5147 5217/5217
f 4998/4998 5147/5147 5375/5375
f 5147/5147 5229/5229 5375/5375
f 5334/5334 5285/5285 5321/5321
f 5537/5537 5321/5321 5285/5285
f 5340/5340 5334/5334 5359/5359
f 5537/5537 5285/5285 5334/5334
f 5339/5339 5340/5340 5359/5359
f 5334/5334 5340/5340 5339/5339
f 4693/4693 4692/4692 4695/4695
f 4694/4694 4692/4692 4693/4693
f 4694/4694 4695/4695 4692/4692
f 4660/4660 4593/4593 4679/4679
f 7356/7356 7511/7511 7514/7514
f 8089/8089 8481/8481 8345/8345
f 8095/8095 8481/8481 8089/8089
f 8338/8338 8326/8326 8324/8324
f 8312/8312 8324/8324 8326/8326
f 8312/8312 8338/8338 8324/8324
f 8229/8229 8168/8168 8200/8200
f 8074/8074 8162/8162 8200/8200
f 8150/8150 8200/8200 8168/8168
f 8150/8150 8074/8074 8200/8200
f 8229/8229 8150/8150 8168/8168
f 8152/8152 8074/8074 8150/8150
f 257/257 4843/4843 4922/4922
f 426/426 257/257 4922/4922
f 180/180 426/426 4922/4922
f 4958/4958 4843/4843 257/257
f 4843/4843 166/166 4922/4922
f 283/283 166/166 187/187
f 282/282 166/166 283/283
f 187/187 282/282 283/283
f 205/205 182/182 223/223
f 187/187 205/205 223/223
f 182/182 205/205 187/187
f 182/182 44/44 157/157
f 166/166 4887/4887 182/182
f 4843/4843 4887/4887 166/166
f 4887/4887 4843/4843 4958/4958
f 4914/4914 4887/4887 4958/4958
f 4919/4919 4887/4887 4914/4914
f 4906/4906 4887/4887 4919/4919
f 4875/4875 4887/4887 4906/4906
f 4824/4824 4906/4906 4919/4919
f 354/354 4906/4906 4824/4824
f 4922/4922 4906/4906 354/354
f 166/166 4906/4906 4922/4922
f 166/166 4875/4875 4906/4906
f 133/133 57/57 199/199
f 158/158 133/133 199/199
f 57/57 133/133 158/158
f 44/44 4875/4875 157/157
f 4875/4875 44/44 182/182
f 4887/4887 4875/4875 182/182
f 5787/5787 5865/5865 5990/5990
f 6431/6431 5787/5787 6130/6130
f 5957/5957 5865/5865 5787/5787
f 5957/5957 5990/5990 5865/5865
f 6431/6431 5990/5990 5787/5787
f 1149/1149 1231/1231 1375/1375
f 180/180 4922/4922 4954/4954
f 8137/8137 8478/8478 8177/8177
f 3649/3649 3509/3509 3572/3572
f 3632/3632 3651/3651 3649/3649
f 3509/3509 3651/3651 3632/3632
f 3509/3509 3632/3632 3649/3649
f 5658/5658 5702/5702 5669/5669
f 5617/5617 5702/5702 5658/5658
f 5617/5617 5658/5658 5669/5669
f 6258/6258 5617/5617 5990/5990
f 6431/6431 6258/6258 5990/5990
f 3533/3533 3631/3631 3537/3537
f 1380/1380 1448/1448 1370/1370
f 1418/1418 1380/1380 1370/1370
f 1448/1448 1380/1380 1418/1418
f 1537/1537 2129/2129 1448/1448
f 1527/1527 1480/1480 1544/1544
f 1605/1605 1527/1527 1544/1544
f 1480/1480 1527/1527 1605/1605
f 1537/1537 1911/1911 1937/1937
f 1937/1937 1911/1911 1979/1979
f 1537/1537 1937/1937 1979/1979
f 2059/2059 2033/2033 1982/1982
f 2033/2033 1537/1537 1982/1982
f 1537/1537 2033/2033 2059/2059
f 1590/1590 1571/1571 1537/1537
f 1538/1538 1590/1590 1537/1537
f 1571/1571 1590/1590 1538/1538
f 1537/1537 1538/1538 2129/2129
f 1448/1448 2129/2129 1538/1538
f 2011/2011 2586/2586 3242/3242
f 4491/4491 4660/4660 4679/4679
f 3692/3692 3588/3588 3700/3700
f 3684/3684 3692/3692 3749/3749
f 3700/3700 3684/3684 3749/3749
f 3692/3692 3684/3684 3700/3700
f 3692/3692 3700/3700 3588/3588
f 3637/3637 4465/4465 3926/3926
f 1232/1232 1622/1622 1674/1674
f 1533/1533 1454/1454 1231/1231
f 1581/1581 1454/1454 1533/1533
f 1375/1375 1454/1454 1581/1581
f 1375/1375 1231/1231 1454/1454
f 8670/8670 8408/8408 8233/8233
f 8153/8153 8299/8299 8219/8219
f 8262/8262 8278/8278 8216/8216
f 8238/8238 8278/8278 8262/8262
f 8238/8238 8262/8262 8216/8216
f 8245/8245 8202/8202 8224/8224
f 8224/8224 8242/8242 8245/8245
f 8202/8202 8242/8242 8224/8224
f 2464/2464 2508/2508 2574/2574
f 2363/2363 2136/2136 2508/2508
f 2508/2508 2136/2136 2574/2574
f 2508/2508 2485/2485 2363/2363
f 2384/2384 2363/2363 2485/2485
f 2384/2384 2485/2485 2508/2508
f 2464/2464 2363/2363 2508/2508
f 2464/2464 2136/2136 2363/2363
f 1464/1464 2429/2429 1622/1622
f 8212/8212 8229/8229 8180/8180
f 8212/8212 8152/8152 8229/8229
f 8162/8162 8212/8212 8180/8180
f 8212/8212 8074/8074 8152/8152
f 8162/8162 8074/8074 8212/8212
f 5792/5792 5661/5661 5535/5535
f 6407/6407 5536/5536 5964/5964
f 6407/6407 5964/5964 6685/6685
f 7643/7643 6362/6362 7609/7609
f 8215/8215 8196/8196 8171/8171
f 8146/8146 8196/8196 8215/8215
f 8131/8131 8146/8146 8215/8215
f 8128/8128 8146/8146 8141/8141
f 8131/8131 8141/8141 8146/8146
f 8128/8128 8141/8141 8131/8131
f 8171/8171 8131/8131 8215/8215
f 8094/8094 8140/8140 8131/8131
f 8128/8128 8131/8131 8140/8140
f 8076/8076 8140/8140 8094/8094
f 8128/8128 8140/8140 8076/8076
f 3439/3439 4594/4594 4481/4481
f 3242/3242 2586/2586 3445/3445
f 3420/3420 3599/3599 3474/3474
f 3599/3599 3242/3242 3474/3474
f 3615/3615 3242/3242 3599/3599
f 3616/3616 3628/3628 3615/3615
f 3440/3440 3420/3420 3474/3474
f 3419/3419 3440/3440 3474/3474
f 3420/3420 3440/3440 3419/3419
f 3445/3445 3410/3410 3419/3419
f 3376/3376 3419/3419 3410/3410
f 3376/3376 3410/3410 3445/3445
f 2586/2586 3376/3376 3445/3445
f 3116/3116 3376/3376 2586/2586
f 952/952 821/821 950/950
f 821/821 952/952 1020/1020
f 6618/6618 7041/7041 7462/7462
f 5964/5964 6028/6028 6188/6188
f 6685/6685 5964/5964 6188/6188
f 1778/1778 1929/1929 1923/1923
f 950/950 821/821 531/531
f 821/821 834/834 531/531
f 8733/8733 8138/8138 8123/8123
f 8138/8138 8733/8733 8677/8677
f 8480/8480 8677/8677 8733/8733
f 8138/8138 8677/8677 8480/8480
f 9107/9107 9166/9166 9197/9197
f 6721/6721 6188/6188 6129/6129
f 7037/7037 7228/7228 6317/6317
f 3631/3631 3533/3533 3526/3526
f 3528/3528 3494/3494 3526/3526
f 3532/3532 3528/3528 3526/3526
f 3494/3494 3528/3528 3532/3532
f 3526/3526 3494/3494 3631/3631
f 3537/3537 3631/3631 3494/3494
f 2138/2138 2290/2290 1764/1764
f 9197/9197 9143/9143 9107/9107
f 9143/9143 9197/9197 9166/9166
f 9157/9157 9166/9166 9171/9171
f 9143/9143 9166/9166 9157/9157
f 9171/9171 9143/9143 9157/9157
f 9106/9106 9115/9115 9171/9171
f 9095/9095 9106/9106 9171/9171
f 9115/9115 9106/9106 9095/9095
f 9103/9103 9115/9115 9093/9093
f 9107/9107 9103/9103 9093/9093
f 9115/9115 9103/9103 9107/9107
f 9022/9022 8814/8814 8908/8908
f 8849/8849 8908/8908 8814/8814
f 8849/8849 8814/8814 9022/9022
f 3358/3358 3372/3372 3391/3391
f 3354/3354 3358/3358 3391/3391
f 3372/3372 3358/3358 3354/3354
f 3220/3220 3372/3372 3391/3391
f 3381/3381 3372/3372 3380/3380
f 3372/3372 3220/3220 3380/3380
f 3380/3380 3220/3220 3261/3261
f 3394/3394 3381/3381 3380/3380
f 3372/3372 3381/3381 3394/3394
f 3459/3459 3414/3414 3394/3394
f 3414/3414 3391/3391 3394/3394
f 3220/3220 3391/3391 3414/3414
f 2530/2530 2684/2684 2161/2161
f 2232/2232 2161/2161 2684/2684
f 2002/2002 2161/2161 2232/2232
f 2684/2684 1782/1782 2232/2232
f 1998/1998 2118/2118 2232/2232
f 2002/2002 2118/2118 1998/1998
f 2002/2002 1998/1998 2232/2232
f 1782/1782 2002/2002 2232/2232
f 2684/2684 2315/2315 1782/1782
f 2319/2319 2295/2295 2347/2347
f 2561/2561 2295/2295 2319/2319
f 2347/2347 2561/2561 2319/2319
f 2436/2436 2435/2435 2315/2315
f 2489/2489 2436/2436 2315/2315
f 2489/2489 2435/2435 2436/2436
f 2684/2684 2561/2561 2315/2315
f 2433/2433 2561/2561 2684/2684
f 2433/2433 2684/2684 2762/2762
f 2433/2433 2762/2762 2667/2667
f 2693/2693 2667/2667 2762/2762
f 3218/3218 3480/3480 3187/3187
f 3105/3105 3091/3091 3218/3218
f 3058/3058 3091/3091 3105/3105
f 3218/3218 3058/3058 3105/3105
f 3014/3014 3218/3218 2997/2997
f 3020/3020 3018/3018 2997/2997
f 3051/3051 3018/3018 3020/3020
f 3051/3051 3176/3176 3018/3018
f 3020/3020 3021/3021 3051/3051
f 3026/3026 3051/3051 3021/3021
f 3020/3020 3026/3026 3021/3021
f 3020/3020 3176/3176 3051/3051
f 2997/2997 3176/3176 3020/3020
f 3187/3187 3176/3176 2997/2997
f 3218/3218 3187/3187 2997/2997
f 3176/3176 3187/3187 3340/3340
f 3340/3340 3187/3187 3480/3480
f 3486/3486 3406/3406 3480/3480
f 3486/3486 3480/3480 3502/3502
f 3496/3496 3486/3486 3502/3502
f 3395/3395 3340/3340 3406/3406
f 3490/3490 3486/3486 3496/3496
f 3416/3416 3490/3490 3496/3496
f 3406/3406 3486/3486 3387/3387
f 3395/3395 3406/3406 3387/3387
f 3486/3486 3490/3490 3263/3263
f 3393/3393 3279/3279 3490/3490
f 3416/3416 3393/3393 3490/3490
f 3384/3384 3393/3393 3416/3416
f 3393/3393 3384/3384 3278/3278
f 3159/3159 3278/3278 3384/3384
f 3279/3279 3393/3393 3278/3278
f 3320/3320 3279/3279 3245/3245
f 3325/3325 3279/3279 3320/3320
f 3245/3245 3325/3325 3320/3320
f 3263/3263 3387/3387 3486/3486
f 3340/3340 3395/3395 3387/3387
f 3340/3340 3263/3263 3176/3176
f 3263/3263 3490/3490 3176/3176
f 3278/3278 3018/3018 3279/3279
f 3176/3176 3490/3490 3018/3018
f 3490/3490 3279/3279 3018/3018
f 3180/3180 3224/3224 3137/3137
f 3209/3209 3137/3137 3224/3224
f 3077/3077 3137/3137 3209/3209
f 3030/3030 3077/3077 2959/2959
f 3137/3137 3077/3077 3030/3030
f 3137/3137 3030/3030 3180/3180
f 3180/3180 2939/2939 2918/2918
f 2939/2939 3180/3180 2948/2948
f 3030/3030 2948/2948 3180/3180
f 3008/3008 3030/3030 2959/2959
f 2956/2956 3030/3030 3008/3008
f 2949/2949 2956/2956 3008/3008
f 3024/3024 3008/3008 3047/3047
f 3130/3130 3104/3104 3047/3047
f 3134/3134 3024/3024 3047/3047
f 3104/3104 3134/3134 3047/3047
f 2949/2949 3008/3008 3024/3024
f 2949/2949 3024/3024 3134/3134
f 2939/2939 2948/2948 3134/3134
f 2949/2949 3134/3134 2948/2948
f 3130/3130 3156/3156 3104/3104
f 3157/3157 3134/3134 3104/3104
f 3156/3156 3157/3157 3104/3104
f 3162/3162 3157/3157 3156/3156
f 3197/3197 3157/3157 3162/3162
f 3156/3156 3197/3197 3162/3162
f 3106/3106 3197/3197 3265/3265
f 2939/2939 3106/3106 3265/3265
f 3038/3038 2939/2939 3265/3265
f 2992/2992 3038/3038 3164/3164
f 3265/3265 3164/3164 3038/3038
f 3227/3227 3184/3184 3259/3259
f 3227/3227 3259/3259 3295/3295
f 3288/3288 3239/3239 3259/3259
f 3295/3295 3239/3239 3288/3288
f 3259/3259 3295/3295 3288/3288
f 3259/3259 3184/3184 3265/3265
f 3164/3164 3265/3265 3184/3184
f 3295/3295 3259/3259 3265/3265
f 3227/3227 3265/3265 3311/3311
f 3295/3295 3265/3265 3227/3227
f 3227/3227 3092/3092 3184/3184
f 8207/8207 8214/8214 8211/8211
f 8195/8195 8211/8211 8214/8214
f 8195/8195 8207/8207 8211/8211
f 8143/8143 8207/8207 8161/8161
f 8156/8156 8143/8143 8161/8161
f 8118/8118 8112/8112 8091/8091
f 8118/8118 8143/8143 8112/8112
f 8098/8098 8118/8118 8091/8091
f 8143/8143 8118/8118 8117/8117
f 8117/8117 8118/8118 8098/8098
f 8087/8087 8117/8117 8098/8098
f 8112/8112 8143/8143 8156/8156
f 3383/3383 3132/3132 3123/3123
f 3500/3500 3383/3383 3501/3501
f 3455/3455 3383/3383 3500/3500
f 3397/3397 3383/3383 3455/3455
f 3503/3503 3455/3455 3500/3500
f 3397/3397 3455/3455 3503/3503
f 3374/3374 3383/3383 3397/3397
f 3132/3132 3383/3383 3193/3193
f 3374/3374 3193/3193 3383/3383
f 3397/3397 3193/3193 3374/3374
f 3053/3053 3226/3226 3168/3168
f 3411/3411 3284/3284 3296/3296
f 3512/3512 3296/3296 3284/3284
f 3411/3411 3296/3296 3512/3512
f 3508/3508 3430/3430 3512/3512
f 3501/3501 3430/3430 3508/3508
f 3383/3383 3430/3430 3501/3501
f 3398/3398 3415/3415 3404/3404
f 3411/3411 3415/3415 3398/3398
f 3411/3411 3398/3398 3404/3404
f 3404/3404 3512/3512 3430/3430
f 3404/3404 3430/3430 3383/3383
f 3123/3123 3411/3411 3404/3404
f 3404/3404 3383/3383 3123/3123
f 3192/3192 3112/3112 3194/3194
f 3142/3142 3112/3112 3192/3192
f 3040/3040 3112/3112 3142/3142
f 3194/3194 3112/3112 3040/3040
f 2315/2315 2433/2433 1782/1782
f 2561/2561 2433/2433 2315/2315
f 1733/1733 1782/1782 2249/2249
f 354/354 4954/4954 4922/4922
f 40/40 281/281 354/354
f 281/281 4954/4954 354/354
f 40/40 4954/4954 281/281
f 3154/3154 3032/3032 3122/3122
f 3154/3154 3122/3122 3128/3128
f 950/950 531/531 526/526
f 6618/6618 6830/6830 7041/7041
f 3108/3108 3411/3411 3123/3123
f 3108/3108 3123/3123 3132/3132
f 2874/2874 2891/2891 2829/2829
f 3080/3080 3260/3260 2813/2813
f 3080/3080 2813/2813 2829/2829
f 2874/2874 2890/2890 2891/2891
f 2829/2829 2890/2890 2874/2874
f 2907/2907 3237/3237 2891/2891
f 3080/3080 2891/2891 3237/3237
f 3070/3070 3096/3096 3080/3080
f 3070/3070 3080/3080 3237/3237
f 2829/2829 2907/2907 2891/2891
f 3033/3033 3128/3128 3122/3122
f 3032/3032 3033/3033 3122/3122
f 8025/8025 8384/8384 9029/9029
f 8384/8384 8849/8849 9029/9029
f 9034/9034 9029/9029 8849/8849
f 9034/9034 9097/9097 9029/9029
f 9097/9097 9088/9088 8025/8025
f 9115/9115 9095/9095 9097/9097
f 8849/8849 9097/9097 9034/9034
f 9115/9115 9097/9097 8849/8849
f 3283/3283 3273/3273 3414/3414
f 3570/3570 3321/3321 3414/3414
f 3414/3414 3321/3321 3283/3283
f 3283/3283 3321/3321 3339/3339
f 3285/3285 3339/3339 3321/3321
f 3273/3273 3321/3321 3570/3570
f 2877/2877 3273/3273 3570/3570
f 3459/3459 2877/2877 3570/3570
f 2982/2982 2925/2925 3059/3059
f 1960/1960 1782/1782 1733/1733
f 2530/2530 1960/1960 1636/1636
f 2918/2918 3164/3164 3031/3031
f 3327/3327 2973/2973 3324/3324
f 3327/3327 3328/3328 2973/2973
f 3328/3328 3327/3327 3324/3324
f 2973/2973 3031/3031 3164/3164
f 5656/5656 6181/6181 6127/6127
f 8040/8040 8136/8136 8139/8139
f 8136/8136 8148/8148 8139/8139
f 8040/8040 8148/8148 8136/8136
f 8133/8133 8151/8151 8148/8148
f 8125/8125 8151/8151 8133/8133
f 8125/8125 8133/8133 8148/8148
f 8120/8120 8148/8148 8040/8040
f 8120/8120 8125/8125 8148/8148
f 8040/8040 8125/8125 8120/8120
f 8062/8062 8040/8040 8002/8002
f 7999/7999 8062/8062 8002/8002
f 7999/7999 8002/8002 8040/8040
f 3414/3414 3459/3459 3570/3570
f 6880/6880 6623/6623 6195/6195
f 7546/7546 7998/7998 7388/7388
f 3100/3100 3244/3244 3125/3125
f 2429/2429 1464/1464 2041/2041
f 2041/2041 2329/2329 2429/2429
f 2161/2161 1960/1960 2530/2530
f 1636/1636 1960/1960 1733/1733
f 1635/1635 1636/1636 1628/1628
f 2530/2530 1636/1636 1635/1635
f 1628/1628 2530/2530 1635/1635
f 2161/2161 2002/2002 1960/1960
f 2002/2002 1782/1782 1960/1960
f 8067/8067 7972/7972 7986/7986
f 8067/8067 7986/7986 8027/8027
f 7939/7939 7961/7961 8027/8027
f 7919/7919 7961/7961 7939/7939
f 7919/7919 7939/7939 8027/8027
f 7958/7958 7916/7916 7919/7919
f 7919/7919 7916/7916 7801/7801
f 7829/7829 7919/7919 7801/7801
f 7880/7880 7850/7850 7796/7796
f 7818/7818 7796/7796 7850/7850
f 7880/7880 7818/7818 7850/7850
f 7796/7796 7829/7829 7801/7801
f 7792/7792 7829/7829 7796/7796
f 7792/7792 7775/7775 7829/7829
f 7775/7775 7792/7792 7818/7818
f 7796/7796 7818/7818 7792/7792
f 7818/7818 7784/7784 7760/7760
f 7950/7950 7801/7801 7916/7916
f 7784/7784 7818/7818 7785/7785
f 7760/7760 7784/7784 7785/7785
f 7769/7769 7760/7760 7759/7759
f 7762/7762 7769/7769 7759/7759
f 7757/7757 7759/7759 7760/7760
f 7762/7762 7759/7759 7757/7757
f 7957/7957 7986/7986 7972/7972
f 7796/7796 7801/7801 7957/7957
f 7957/7957 7801/7801 7950/7950
f 7958/7958 7950/7950 7916/7916
f 7986/7986 7957/7957 8027/8027
f 7991/7991 8004/8004 7960/7960
f 7985/7985 8004/8004 7991/7991
f 7985/7985 7991/7991 7960/7960
f 7962/7962 7985/7985 7960/7960
f 7937/7937 7962/7962 7960/7960
f 7985/7985 7962/7962 7937/7937
f 8060/8060 8052/8052 8038/8038
f 8093/8093 8038/8038 8052/8052
f 8126/8126 8038/8038 8093/8093
f 8060/8060 8038/8038 8126/8126
f 8075/8075 7936/7936 8084/8084
f 8049/8049 7936/7936 8075/8075
f 8092/8092 8049/8049 8075/8075
f 7990/7990 8049/8049 8092/8092
f 7826/7826 7990/7990 8092/8092
f 7990/7990 7838/7838 8049/8049
f 7990/7990 7842/7842 7838/7838
f 7976/7976 7842/7842 7990/7990
f 7990/7990 7946/7946 7976/7976
f 7974/7974 7946/7946 7990/7990
f 7966/7966 7974/7974 7824/7824
f 7966/7966 7946/7946 7974/7974
f 7842/7842 7976/7976 7946/7946
f 7894/7894 7842/7842 7868/7868
f 7914/7914 7842/7842 7894/7894
f 7914/7914 7894/7894 7868/7868
f 7853/7853 7875/7875 7966/7966
f 7853/7853 7843/7843 7875/7875
f 7990/7990 7826/7826 7974/7974
f 8073/8073 8167/8167 8078/8078
f 8097/8097 8167/8167 8073/8073
f 8083/8083 8097/8097 8073/8073
f 8129/8129 8153/8153 8097/8097
f 8129/8129 8097/8097 8083/8083
f 8199/8199 8129/8129 8083/8083
f 3326/3326 2810/2810 3520/3520
f 3438/3438 3326/3326 3520/3520
f 3461/3461 3520/3520 2810/2810
f 3438/3438 3520/3520 3461/3461
f 3433/3433 3438/3438 2810/2810
f 3326/3326 3438/3438 3433/3433
f 2747/2747 3433/3433 2810/2810
f 2740/2740 2747/2747 2810/2810
f 3037/3037 2836/2836 2810/2810
f 3031/3031 3180/3180 2918/2918
f 3031/3031 3224/3224 3180/3180
f 7833/7833 8049/8049 7838/7838
f 8049/8049 7833/7833 7936/7936
f 7936/7936 7833/7833 7811/7811
f 7811/7811 8084/8084 7936/7936
f 7846/7846 7811/7811 7833/7833
f 7885/7885 7963/7963 7892/7892
f 7717/7717 7705/7705 7959/7959
f 7717/7717 7938/7938 7705/7705
f 4114/4114 3359/3359 3750/3750
f 2813/2813 2907/2907 2829/2829
f 1659/1659 2464/2464 2290/2290
f 7843/7843 7853/7853 7966/7966
f 7914/7914 7843/7843 7848/7848
f 7805/7805 7848/7848 7843/7843
f 7805/7805 7914/7914 7848/7848
f 7842/7842 7805/7805 7802/7802
f 7802/7802 7866/7866 7842/7842
f 7859/7859 7864/7864 7866/7866
f 7859/7859 7858/7858 7864/7864
f 7885/7885 7892/7892 7891/7891
f 7891/7891 7963/7963 7885/7885
f 7838/7838 7802/7802 7833/7833
f 7838/7838 7866/7866 7802/7802
f 7859/7859 7866/7866 7858/7858
f 7805/7805 7824/7824 7802/7802
f 7824/7824 7805/7805 7966/7966
f 7512/7512 7698/7698 7826/7826
f 7791/7791 7833/7833 7698/7698
f 7778/7778 7833/7833 7791/7791
f 7833/7833 7778/7778 7795/7795
f 7846/7846 7833/7833 7795/7795
f 7782/7782 7799/7799 7846/7846
f 7846/7846 7728/7728 7782/7782
f 7799/7799 7782/7782 7728/7728
f 3506/3506 3125/3125 3244/3244
f 7777/7777 7897/7897 7908/7908
f 3065/3065 3066/3066 3079/3079
f 3066/3066 3064/3064 3079/3079
f 3064/3064 3066/3066 3065/3065
f 3225/3225 3062/3062 3025/3025
f 3015/3015 3025/3025 3062/3062
f 3015/3015 3225/3225 3025/3025
f 3016/3016 3225/3225 3109/3109
f 3155/3155 3016/3016 3109/3109
f 2924/2924 2982/2982 3059/3059
f 2925/2925 2924/2924 3059/3059
f 7959/7959 7705/7705 7938/7938
f 7822/7822 7816/7816 7803/7803
f 7793/7793 7803/7803 7816/7816
f 7793/7793 7822/7822 7803/7803
f 7927/7927 7928/7928 7930/7930
f 7940/7940 7930/7930 7928/7928
f 7927/7927 7930/7930 7940/7940
f 8045/8045 7927/7927 8058/8058
f 6998/6998 8058/8058 7822/7822
f 7395/7395 8058/8058 6998/6998
f 7011/7011 7025/7025 7015/7015
f 8045/8045 6978/6978 6998/6998
f 7940/7940 7822/7822 8058/8058
f 8058/8058 7927/7927 7940/7940
f 7870/7870 8288/8288 7844/7844
f 7872/7872 7844/7844 8288/8288
f 7872/7872 7870/7870 7844/7844
f 7584/7584 7589/7589 8288/8288
f 7556/7556 7589/7589 7584/7584
f 7556/7556 7584/7584 8288/8288
f 7998/7998 7556/7556 8288/8288
f 7546/7546 7556/7556 7998/7998
f 7588/7588 7530/7530 8039/8039
f 7501/7501 7530/7530 7485/7485
f 8039/8039 7530/7530 7400/7400
f 3615/3615 3599/3599 3668/3668
f 3668/3668 3599/3599 3116/3116
f 3376/3376 3116/3116 3420/3420
f 3599/3599 3420/3420 3116/3116
f 3224/3224 3031/3031 2973/2973
f 2464/2464 2574/2574 2290/2290
f 8288/8288 7615/7615 7998/7998
f 3462/3462 4547/4547 4503/4503
f 3471/3471 3462/3462 3485/3485
f 3507/3507 3471/3471 3485/3485
f 3507/3507 3485/3485 3462/3462
f 3507/3507 3462/3462 3521/3521
f 3549/3549 3507/3507 3521/3521
f 3549/3549 3521/3521 3462/3462
f 4503/4503 4564/4564 3462/3462
f 4503/4503 4548/4548 4564/4564
f 4369/4369 4564/4564 4501/4501
f 3009/3009 2976/2976 3029/3029
f 2984/2984 3029/3029 2976/2976
f 3022/3022 2976/2976 3009/3009
f 2984/2984 2976/2976 3022/3022
f 6547/6547 6692/6692 6407/6407
f 6416/6416 6547/6547 6407/6407
f 6416/6416 6692/6692 6547/6547
f 6685/6685 6416/6416 6407/6407
f 6709/6709 6692/6692 6416/6416
f 6407/6407 6692/6692 6679/6679
f 6407/6407 6679/6679 6692/6692
f 6749/6749 6709/6709 6416/6416
f 6416/6416 6721/6721 6692/6692
f 6749/6749 6692/6692 6709/6709
f 3362/3362 3481/3481 3332/3332
f 3331/3331 3362/3362 3332/3332
f 5537/5537 5375/5375 5229/5229
f 7935/7935 8385/8385 7917/7917
f 7935/7935 7590/7590 7519/7519
f 7935/7935 7917/7917 7590/7590
f 6157/6157 6148/6148 6155/6155
f 5890/5890 6155/6155 6148/6148
f 5890/5890 6148/6148 6157/6157
f 5913/5913 5890/5890 5423/5423
f 5762/5762 5805/5805 5803/5803
f 5715/5715 5805/5805 5762/5762
f 5351/5351 5715/5715 5471/5471
f 3037/3037 2810/2810 3326/3326
f 2550/2550 924/924 2618/2618
f 2836/2836 924/924 2550/2550
f 2915/2915 2927/2927 2896/2896
f 2929/2929 2896/2896 2927/2927
f 2915/2915 2929/2929 2927/2927
f 2740/2740 2836/2836 2720/2720
f 2550/2550 2720/2720 2836/2836
f 2740/2740 2810/2810 2836/2836
f 2747/2747 2740/2740 2627/2627
f 2550/2550 2747/2747 2627/2627
f 2618/2618 2747/2747 2550/2550
f 2673/2673 2550/2550 2627/2627
f 7800/7800 7788/7788 7884/7884
f 7772/7772 7788/7788 7800/7800
f 7772/7772 7884/7884 7788/7788
f 7826/7826 7698/7698 7974/7974
f 7974/7974 7698/7698 7824/7824
f 7615/7615 7207/7207 7388/7388
f 7615/7615 7388/7388 7998/7998
f 7789/7789 7352/7352 7590/7590
f 7839/7839 7789/7789 7820/7820
f 7831/7831 7789/7789 7815/7815
f 7820/7820 7815/7815 7789/7789
f 7590/7590 7820/7820 7789/7789
f 7831/7831 7815/7815 7820/7820
f 7839/7839 7820/7820 7590/7590
f 8042/8042 7952/7952 7970/7970
f 7839/7839 7970/7970 7952/7952
f 8042/8042 7970/7970 7839/7839
f 7590/7590 8042/8042 7839/7839
f 7590/7590 8438/8438 8042/8042
f 6978/6978 8045/8045 8058/8058
f 2810/2810 3438/3438 3461/3461
f 2918/2918 2992/2992 3164/3164
f 2956/2956 2948/2948 3030/3030
f 2956/2956 2949/2949 2948/2948
f 2918/2918 2939/2939 2928/2928
f 2918/2918 2928/2928 2992/2992
f 2962/2962 2934/2934 2928/2928
f 2939/2939 2965/2965 2928/2928
f 2992/2992 2934/2934 2962/2962
f 3019/3019 2990/2990 2981/2981
f 3038/3038 3019/3019 2981/2981
f 3019/3019 3038/3038 2990/2990
f 2965/2965 2939/2939 3038/3038
f 2981/2981 2965/2965 3038/3038
f 3134/3134 3106/3106 2939/2939
f 2934/2934 2992/2992 2928/2928
f 2980/2980 3360/3360 3231/3231
f 2974/2974 3360/3360 2980/2980
f 3072/3072 2974/2974 2980/2980
f 3542/3542 2974/2974 3072/3072
f 3256/3256 2974/2974 3542/3542
f 7388/7388 7283/7283 7546/7546
f 7283/7283 7388/7388 7207/7207
f 7823/7823 7423/7423 7756/7756
f 7651/7651 7823/7823 7756/7756
f 7597/7597 7823/7823 7617/7617
f 7651/7651 7823/7823 7597/7597
f 7617/7617 7651/7651 7597/7597
f 7651/7651 7423/7423 7823/7823
f 7651/7651 7756/7756 7497/7497
f 7756/7756 7627/7627 7497/7497
f 7904/7904 8230/8230 7574/7574
f 7965/7965 7956/7956 7904/7904
f 7574/7574 8375/8375 7904/7904
f 7904/7904 8375/8375 8230/8230
f 7494/7494 8375/8375 7574/7574
f 7975/7975 7904/7904 7965/7965
f 7977/7977 7965/7965 8375/8375
f 7904/7904 7965/7965 7977/7977
f 8375/8375 7904/7904 7977/7977
f 2780/2780 2947/2947 2932/2932
f 3018/3018 3278/3278 3085/3085
f 3085/3085 3278/3278 3159/3159
f 3014/3014 2997/2997 3085/3085
f 2974/2974 3256/3256 3231/3231
f 8453/8453 8230/8230 8375/8375
f 3273/3273 3283/3283 3321/3321
f 3285/3285 3321/3321 3283/3283
f 2883/2883 3273/3273 2877/2877
f 2883/2883 2877/2877 2933/2933
f 2974/2974 3231/3231 3360/3360
f 3023/3023 3011/3011 3036/3036
f 3117/3117 3011/3011 3023/3023
f 3117/3117 3023/3023 3036/3036
f 3082/3082 3199/3199 3117/3117
f 3143/3143 3082/3082 3117/3117
f 3143/3143 3199/3199 3082/3082
f 3333/3333 3322/3322 3235/3235
f 3235/3235 3322/3322 3252/3252
f 3240/3240 3235/3235 3252/3252
f 3222/3222 3235/3235 3240/3240
f 3252/3252 3222/3222 3240/3240
f 3329/3329 3322/3322 3333/3333
f 3252/3252 3322/3322 3329/3329
f 5608/5608 5596/5596 5593/5593
f 5856/5856 5596/5596 5608/5608
f 5593/5593 5596/5596 5856/5856
f 5856/5856 5375/5375 5537/5537
f 5442/5442 5375/5375 5856/5856
f 5803/5803 5890/5890 5814/5814
f 5778/5778 5814/5814 5890/5890
f 5803/5803 5814/5814 5778/5778
f 5913/5913 5778/5778 5890/5890
f 5762/5762 5803/5803 5715/5715
f 3085/3085 2997/2997 3018/3018
f 5523/5523 5913/5913 5423/5423
f 5715/5715 5778/5778 5913/5913
f 5471/5471 5715/5715 5913/5913
f 8422/8422 8406/8406 7627/7627
f 8467/8467 8406/8406 8422/8422
f 8467/8467 8422/8422 7627/7627
f 7756/7756 8467/8467 7627/7627
f 5426/5426 6880/6880 6567/6567
f 7833/7833 7824/7824 7698/7698
f 7833/7833 7802/7802 7824/7824
f 3141/3141 3043/3043 3111/3111
f 3302/3302 3111/3111 3043/3043
f 3141/3141 3111/3111 3302/3302
f 3161/3161 3151/3151 3129/3129
f 3167/3167 3151/3151 3161/3161
f 3215/3215 3161/3161 3129/3129
f 3167/3167 3161/3161 3215/3215
f 3215/3215 3129/3129 3229/3229
f 3257/3257 3167/3167 3215/3215
f 3229/3229 3257/3257 3215/3215
f 3229/3229 3302/3302 3289/3289
f 3257/3257 3229/3229 3289/3289
f 3257/3257 3289/3289 3274/3274
f 3302/3302 3274/3274 3289/3289
f 7761/7761 7827/7827 7834/7834
f 7761/7761 7834/7834 7830/7830
f 7830/7830 7834/7834 7827/7827
f 7814/7814 7827/7827 7804/7804
f 7830/7830 7827/7827 7814/7814
f 7830/7830 7814/7814 7804/7804
f 1335/1335 2023/2023 1970/1970
f 8447/8447 8365/8365 8389/8389
f 6716/6716 8389/8389 8365/8365
f 8378/8378 8389/8389 8362/8362
f 6716/6716 8237/8237 8389/8389
f 6716/6716 7351/7351 8237/8237
f 3273/3273 2883/2883 3414/3414
f 2598/2598 2813/2813 3698/3698
f 5523/5523 5531/5531 5913/5913
f 3311/3311 3265/3265 3197/3197
f 3197/3197 3205/3205 3311/3311
f 3299/3299 3311/3311 3205/3205
f 3299/3299 3205/3205 3258/3258
f 3258/3258 3272/3272 3299/3299
f 3287/3287 3281/3281 3272/3272
f 3205/3205 3272/3272 3258/3258
f 3298/3298 3287/3287 3272/3272
f 3298/3298 3281/3281 3287/3287
f 3253/3253 3272/3272 3205/3205
f 3286/3286 3253/3253 3205/3205
f 3286/3286 3298/3298 3272/3272
f 3253/3253 3286/3286 3272/3272
f 3177/3177 3299/3299 3286/3286
f 3311/3311 3299/3299 3177/3177
f 3092/3092 3227/3227 3311/3311
f 3164/3164 3184/3184 3092/3092
f 3286/3286 3007/3007 3177/3177
f 3092/3092 3311/3311 3177/3177
f 955/955 5423/5423 5890/5890
f 2054/2054 2292/2292 1970/1970
f 2598/2598 3698/3698 2292/2292
f 2054/2054 2598/2598 2292/2292
f 2292/2292 2080/2080 2054/2054
f 2053/2053 2080/2080 2292/2292
f 2054/2054 1970/1970 2598/2598
f 2053/2053 2054/2054 2080/2080
f 2023/2023 2598/2598 1970/1970
f 8689/8689 8365/8365 8516/8516
f 8447/8447 8516/8516 8365/8365
f 8303/8303 8389/8389 8378/8378
f 8303/8303 8378/8378 8362/8362
f 8372/8372 8379/8379 8378/8378
f 8362/8362 8379/8379 8372/8372
f 8378/8378 8362/8362 8372/8372
f 8389/8389 8237/8237 8362/8362
f 8303/8303 8362/8362 8237/8237
f 8303/8303 8418/8418 8389/8389
f 8418/8418 8303/8303 7229/7229
f 7229/7229 8303/8303 8237/8237
f 7573/7573 7229/7229 8237/8237
f 8237/8237 7577/7577 7573/7573
f 7564/7564 7435/7435 7229/7229
f 7577/7577 7435/7435 7564/7564
f 7573/7573 7564/7564 7229/7229
f 7435/7435 7577/7577 8237/8237
f 7542/7542 7564/7564 7578/7578
f 7542/7542 7578/7578 7577/7577
f 7577/7577 7564/7564 7542/7542
f 3359/3359 3730/3730 3750/3750
f 4977/4977 4852/4852 4819/4819
f 4731/4731 4819/4819 149/149
f 4731/4731 149/149 100/100
f 100/100 4819/4819 4731/4731
f 433/433 415/415 4977/4977
f 4819/4819 433/433 4977/4977
f 7581/7581 7498/7498 7401/7401
f 7396/7396 7401/7401 7498/7498
f 7581/7581 7401/7401 7396/7396
f 7412/7412 7497/7497 7808/7808
f 7808/7808 7497/7497 7627/7627
f 7593/7593 7696/7696 7586/7586
f 7696/7696 7427/7427 7586/7586
f 7365/7365 7427/7427 7696/7696
f 7579/7579 7593/7593 7586/7586
f 7579/7579 7586/7586 7427/7427
f 3338/3338 3331/3331 3332/3332
f 7825/7825 7737/7737 7709/7709
f 7467/7467 7825/7825 7709/7709
f 7467/7467 7709/7709 7600/7600
f 7700/7700 7659/7659 7646/7646
f 7644/7644 7646/7646 7659/7659
f 7700/7700 7644/7644 7659/7659
f 7662/7662 7692/7692 7596/7596
f 7662/7662 7600/7600 7692/7692
f 7600/7600 7662/7662 7596/7596
f 7600/7600 7596/7596 7467/7467
f 7234/7234 7606/7606 7707/7707
f 7707/7707 7606/7606 7720/7720
f 7234/7234 7707/7707 7722/7722
f 7655/7655 7234/7234 7722/7722
f 7657/7657 7234/7234 7655/7655
f 7722/7722 7657/7657 7655/7655
f 7726/7726 7707/7707 7740/7740
f 7813/7813 7726/7726 7781/7781
f 7740/7740 7781/7781 7726/7726
f 7740/7740 7813/7813 7781/7781
f 7722/7722 7707/7707 7726/7726
f 7720/7720 7740/7740 7707/7707
f 7709/7709 7737/7737 7747/7747
f 7600/7600 7709/7709 7747/7747
f 7703/7703 7747/7747 7694/7694
f 7690/7690 7747/7747 7703/7703
f 7687/7687 7695/7695 7747/7747
f 7610/7610 7687/7687 7747/7747
f 7687/7687 7610/7610 7695/7695
f 7703/7703 7694/7694 7690/7690
f 7653/7653 7694/7694 7720/7720
f 7621/7621 7653/7653 7720/7720
f 7694/7694 7653/7653 7621/7621
f 7606/7606 7621/7621 7720/7720
f 7610/7610 7621/7621 7467/7467
f 7606/7606 7467/7467 7621/7621
f 7606/7606 7234/7234 7467/7467
f 7596/7596 7610/7610 7467/7467
f 8230/8230 8453/8453 8418/8418
f 8418/8418 7229/7229 7574/7574
f 7574/7574 8230/8230 8418/8418
f 7494/7494 7574/7574 7229/7229
f 3331/3331 3338/3338 3306/3306
f 2883/2883 2933/2933 3076/3076
f 2952/2952 2964/2964 2971/2971
f 2933/2933 2952/2952 2971/2971
f 2933/2933 2964/2964 2952/2952
f 2883/2883 3220/3220 3414/3414
f 3220/3220 2883/2883 3261/3261
f 3076/3076 3261/3261 2883/2883
f 2930/2930 3294/3294 2944/2944
f 3275/3275 2930/2930 2944/2944
f 4823/4823 4886/4886 4855/4855
f 4951/4951 4855/4855 4886/4886
f 4823/4823 4855/4855 4951/4951
f 4741/4741 4823/4823 4800/4800
f 4951/4951 4800/4800 4823/4823
f 4741/4741 4800/4800 4951/4951
f 322/322 440/440 4951/4951
f 7444/7444 7423/7423 7412/7412
f 7497/7497 7423/7423 7651/7651
f 7444/7444 7412/7412 7808/7808
f 4594/4594 4625/4625 4668/4668
f 4481/4481 4594/4594 4668/4668
f 4951/4951 440/440 208/208
f 3200/3200 2944/2944 3294/3294
f 3175/3175 2944/2944 3200/3200
f 5741/5741 5708/5708 5754/5754
f 5707/5707 5741/5741 5754/5754
f 5707/5707 5708/5708 5741/5741
f 6137/6137 5666/5666 5707/5707
f 5632/5632 5707/5707 5666/5666
f 6137/6137 5632/5632 5666/5666
f 7579/7579 7427/7427 7365/7365
f 8902/8902 9038/9038 9040/9040
f 8447/8447 8902/8902 9040/9040
f 8447/8447 9038/9038 8902/8902
f 8516/8516 8447/8447 8689/8689
f 8447/8447 8389/8389 8418/8418
f 3221/3221 2932/2932 2947/2947
f 3037/3037 3221/3221 2947/2947
f 3326/3326 3221/3221 3037/3037
f 3290/3290 3087/3087 3280/3280
f 3290/3290 3280/3280 3313/3313
f 3087/3087 3313/3313 3280/3280
f 3133/3133 3313/3313 3087/3087
f 3330/3330 3313/3313 3133/3133
f 3249/3249 3120/3120 2775/2775
f 1442/1442 789/789 1784/1784
f 7778/7778 7791/7791 7774/7774
f 7749/7749 7774/7774 7791/7791
f 7749/7749 7778/7778 7774/7774
f 7735/7735 7795/7795 7749/7749
f 7734/7734 7735/7735 7749/7749
f 7734/7734 7795/7795 7735/7735
f 3275/3275 2944/2944 3175/3175
f 7334/7334 7348/7348 7598/7598
f 7736/7736 7334/7334 7598/7598
f 7763/7763 7736/7736 7745/7745
f 7755/7755 7763/7763 7745/7745
f 7755/7755 7745/7745 7736/7736
f 7598/7598 7755/7755 7736/7736
f 7701/7701 7755/7755 7598/7598
f 7348/7348 7701/7701 7598/7598
f 3275/3275 3175/3175 3200/3200
f 7699/7699 7825/7825 7467/7467
f 7712/7712 7733/7733 7642/7642
f 7689/7689 7733/7733 7712/7712
f 7642/7642 7689/7689 7712/7712
f 7721/7721 7689/7689 7637/7637
f 7702/7702 7689/7689 7637/7637
f 7689/7689 7642/7642 7420/7420
f 7390/7390 7420/7420 7642/7642
f 7637/7637 7689/7689 7420/7420
f 7608/7608 7637/7637 7420/7420
f 7607/7607 7625/7625 7637/7637
f 7637/7637 7625/7625 7623/7623
f 7623/7623 7625/7625 7607/7607
f 7420/7420 7623/7623 7608/7608
f 7420/7420 7557/7557 7623/7623
f 7706/7706 7691/7691 7727/7727
f 7710/7710 7706/7706 7727/7727
f 7691/7691 7706/7706 7710/7710
f 7663/7663 7633/7633 7691/7691
f 7663/7663 7691/7691 7710/7710
f 7633/7633 7663/7663 7710/7710
f 5724/5724 5378/5378 5424/5424
f 5302/5302 5350/5350 5424/5424
f 5724/5724 5350/5350 5302/5302
f 5424/5424 5350/5350 5724/5724
f 5378/5378 7016/7016 6882/6882
f 6882/6882 6142/6142 5378/5378
f 6142/6142 6882/6882 7221/7221
f 6882/6882 7016/7016 7086/7086
f 7257/7257 6142/6142 7221/7221
f 7206/7206 7257/7257 7221/7221
f 7590/7590 7352/7352 7333/7333
f 7497/7497 7412/7412 7423/7423
f 7756/7756 8227/8227 8467/8467
f 2993/2993 3330/3330 3133/3133
f 7791/7791 7698/7698 7512/7512
f 3133/3133 3087/3087 2993/2993
f 6137/6137 6880/6880 5426/5426
f 6137/6137 6623/6623 6880/6880
f 1913/1913 2598/2598 2023/2023
f 2023/2023 2304/2304 1913/1913
f 733/733 662/662 705/705
f 1020/1020 834/834 964/964
f 964/964 853/853 1020/1020
f 853/853 964/964 921/921
f 899/899 921/921 964/964
f 899/899 853/853 921/921
f 834/834 853/853 964/964
f 821/821 853/853 834/834
f 1020/1020 853/853 821/821
f 3012/3012 2973/2973 3164/3164
f 3092/3092 3012/3012 3164/3164
f 3007/3007 3012/3012 3092/3092
f 3177/3177 3007/3007 3092/3092
f 5378/5378 6142/6142 5424/5424
f 733/733 826/826 662/662
f 7352/7352 7519/7519 7333/7333
f 7519/7519 7590/7590 7333/7333
f 826/826 705/705 662/662
f 2586/2586 2108/2108 3116/3116
f 7390/7390 7557/7557 7420/7420
f 7431/7431 7395/7395 6978/6978
f 7461/7461 7430/7430 7431/7431
f 7468/7468 7461/7461 7431/7431
f 7430/7430 7395/7395 7431/7431
f 7430/7430 7461/7461 7468/7468
f 8058/8058 7395/7395 7430/7430
f 7510/7510 7389/7389 7466/7466
f 7377/7377 7510/7510 7466/7466
f 7377/7377 7466/7466 7389/7389
f 7234/7234 7346/7346 7467/7467
f 7482/7482 6817/6817 7227/7227
f 448/448 365/365 450/450
f 7431/7431 8058/8058 7430/7430
f 7431/7431 6978/6978 8058/8058
f 485/485 365/365 448/448
f 450/450 365/365 485/485
f 450/450 485/485 448/448
f 5442/5442 5420/5420 5375/5375
f 5428/5428 5420/5420 5442/5442
f 5463/5463 5428/5428 5442/5442
f 5420/5420 5428/5428 5463/5463
f 5603/5603 5375/5375 5420/5420
f 6771/6771 6952/6952 6826/6826
f 6695/6695 6701/6701 6952/6952
f 6863/6863 6695/6695 6952/6952
f 6701/6701 6695/6695 6863/6863
f 6771/6771 6826/6826 6863/6863
f 6558/6558 6701/6701 6863/6863
f 7037/7037 6558/6558 6863/6863
f 6952/6952 7037/7037 6863/6863
f 6952/6952 6863/6863 6826/6826
f 7422/7422 7415/7415 7400/7400
f 7419/7419 7415/7415 7422/7422
f 7400/7400 7415/7415 7419/7419
f 6923/6923 7269/7269 7400/7400
f 7269/7269 7021/7021 7189/7189
f 7400/7400 7269/7269 6925/6925
f 8039/8039 7400/7400 6925/6925
f 7269/7269 7189/7189 6925/6925
f 7199/7199 6925/6925 7259/7259
f 7189/7189 7199/7199 7259/7259
f 7189/7189 6925/6925 7199/7199
f 6925/6925 7189/7189 7021/7021
f 7021/7021 6313/6313 6925/6925
f 8039/8039 6925/6925 6313/6313
f 2896/2896 2836/2836 3037/3037
f 2836/2836 2896/2896 3037/3037
f 3120/3120 2605/2605 2775/2775
f 2772/2772 2796/2796 3037/3037
f 2786/2786 2772/2772 2780/2780
f 2783/2783 2786/2786 2781/2781
f 2792/2792 2783/2783 2781/2781
f 2787/2787 2786/2786 2783/2783
f 2792/2792 2787/2787 2783/2783
f 2790/2790 2787/2787 2792/2792
f 2790/2790 2554/2554 2787/2787
f 2554/2554 2790/2790 2792/2792
f 2772/2772 2786/2786 2554/2554
f 2796/2796 2836/2836 3037/3037
f 2920/2920 2857/2857 2923/2923
f 2886/2886 2857/2857 2920/2920
f 2873/2873 2923/2923 2857/2857
f 2873/2873 2857/2857 2886/2886
f 1913/1913 2813/2813 2598/2598
f 2773/2773 2815/2815 2808/2808
f 2802/2802 2815/2815 2773/2773
f 2769/2769 2815/2815 2802/2802
f 2799/2799 2802/2802 2798/2798
f 2805/2805 2799/2799 2798/2798
f 2769/2769 2802/2802 2799/2799
f 2802/2802 2805/2805 2798/2798
f 2808/2808 2802/2802 2773/2773
f 2808/2808 2805/2805 2802/2802
f 7482/7482 7251/7251 6817/6817
f 2676/2676 2819/2819 3687/3687
f 3037/3037 2947/2947 2772/2772
f 2947/2947 2780/2780 2772/2772
f 5018/5018 5041/5041 5409/5409
f 5105/5105 5018/5018 5409/5409
f 5688/5688 5365/5365 5286/5286
f 5286/5286 5105/5105 5688/5688
f 5015/5015 5105/5105 5286/5286
f 5105/5105 5409/5409 5688/5688
f 5015/5015 5286/5286 4979/4979
f 5105/5105 5015/5015 4979/4979
f 189/189 5018/5018 5563/5563
f 189/189 5563/5563 241/241
f 241/241 210/210 189/189
f 235/235 189/189 210/210
f 241/241 235/235 210/210
f 234/234 189/189 235/235
f 869/869 551/551 930/930
f 551/551 241/241 5563/5563
f 869/869 241/241 551/551
f 926/926 909/909 903/903
f 926/926 903/903 869/869
f 869/869 909/909 926/926
f 944/944 869/869 930/930
f 984/984 869/869 944/944
f 930/930 984/984 944/944
f 1174/1174 869/869 930/930
f 1223/1223 1510/1510 1174/1174
f 930/930 551/551 1174/1174
f 1223/1223 1174/1174 551/551
f 551/551 5563/5563 1223/1223
f 5470/5470 5888/5888 5688/5688
f 3773/3773 4468/4468 2676/2676
f 3687/3687 3773/3773 2676/2676
f 5647/5647 5365/5365 5688/5688
f 5575/5575 5647/5647 5588/5588
f 5365/5365 5647/5647 5595/5595
f 5595/5595 5588/5588 5647/5647
f 5575/5575 5588/5588 5595/5595
f 5595/5595 5647/5647 5624/5624
f 5688/5688 5624/5624 5647/5647
f 5579/5579 5624/5624 5771/5771
f 5599/5599 5579/5579 5606/5606
f 5771/5771 5599/5599 5606/5606
f 5579/5579 5599/5599 5771/5771
f 5888/5888 5746/5746 5776/5776
f 5624/5624 5688/5688 5888/5888
f 3800/3800 3166/3166 3355/3355
f 2487/2487 3355/3355 3166/3166
f 2487/2487 3166/3166 2998/2998
f 3084/3084 2998/2998 3166/3166
f 2917/2917 3084/3084 3166/3166
f 3083/3083 3046/3046 2998/2998
f 3046/3046 3084/3084 2998/2998
f 2998/2998 3084/3084 2487/2487
f 3083/3083 3084/3084 3046/3046
f 3084/3084 2917/2917 2487/2487
f 2917/2917 3166/3166 3174/3174
f 3174/3174 3166/3166 3195/3195
f 3800/3800 3195/3195 3166/3166
f 3356/3356 3174/3174 3303/3303
f 3356/3356 3214/3214 2917/2917
f 3174/3174 3356/3356 2917/2917
f 3214/3214 3363/3363 3323/3323
f 3432/3432 3323/3323 3363/3363
f 3432/3432 3214/3214 3323/3323
f 3127/3127 2917/2917 3214/3214
f 1174/1174 1510/1510 869/869
f 5688/5688 5409/5409 5470/5470
f 2605/2605 3249/3249 2775/2775
f 2676/2676 4468/4468 4107/4107
f 3773/3773 4107/4107 4468/4468
f 3760/3760 3800/3800 3687/3687
f 3000/3000 3127/3127 3687/3687
f 3760/3760 3687/3687 3432/3432
f 3760/3760 3432/3432 3464/3464
f 3356/3356 3464/3464 3432/3432
f 3356/3356 3760/3760 3464/3464
f 3127/3127 3214/3214 3432/3432
f 3432/3432 3687/3687 3127/3127
f 3127/3127 3000/3000 2850/2850
f 2917/2917 3127/3127 2850/2850
f 3000/3000 3013/3013 2850/2850
f 3000/3000 2862/2862 3013/3013
f 2862/2862 2850/2850 3013/3013
f 2841/2841 2862/2862 2861/2861
f 2689/2689 2862/2862 2841/2841
f 2689/2689 2841/2841 2861/2861
f 2819/2819 3000/3000 3687/3687
f 7391/7391 7322/7322 7370/7370
f 7392/7392 7391/7391 7370/7370
f 7342/7342 7370/7370 7322/7322
f 7392/7392 7370/7370 7342/7342
f 2825/2825 2820/2820 2842/2842
f 7403/7403 7397/7397 7405/7405
f 7367/7367 7405/7405 7397/7397
f 7340/7340 7405/7405 7367/7367
f 7268/7268 7292/7292 7281/7281
f 7213/7213 7268/7268 7281/7281
f 7310/7310 7292/7292 7287/7287
f 7281/7281 7310/7310 7287/7287
f 7292/7292 7281/7281 7287/7287
f 7268/7268 7340/7340 7292/7292
f 7231/7231 7268/7268 7213/7213
f 7210/7210 7231/7231 7213/7213
f 7244/7244 7231/7231 7210/7210
f 7245/7245 7293/7293 7231/7231
f 7243/7243 7293/7293 7245/7245
f 7243/7243 7245/7245 7244/7244
f 7340/7340 7231/7231 7293/7293
f 7268/7268 7231/7231 7340/7340
f 7340/7340 7293/7293 7306/7306
f 7340/7340 7403/7403 7405/7405
f 7306/7306 7293/7293 7341/7341
f 7340/7340 7306/7306 7341/7341
f 7423/7423 8227/8227 7756/7756
f 7384/7384 8227/8227 7423/7423
f 7444/7444 7384/7384 7423/7423
f 5041/5041 5470/5470 5409/5409
f 3773/3773 3687/3687 3800/3800
f 7316/7316 7377/7377 7389/7389
f 7338/7338 7377/7377 7312/7312
f 7353/7353 7338/7338 7312/7312
f 7343/7343 7312/7312 7377/7377
f 7316/7316 7343/7343 7377/7377
f 7124/7124 7130/7130 7316/7316
f 7316/7316 7130/7130 7338/7338
f 7328/7328 7343/7343 7318/7318
f 7328/7328 7318/7318 7327/7327
f 7327/7327 7343/7343 7328/7328
f 7353/7353 7312/7312 7323/7323
f 7338/7338 7353/7353 7323/7323
f 3800/3800 3356/3356 3303/3303
f 3852/3852 3854/3854 3800/3800
f 3854/3854 3773/3773 3800/3800
f 3773/3773 3854/3854 3852/3852
f 5375/5375 5603/5603 4998/4998
f 5856/5856 4998/4998 5603/5603
f 7699/7699 7467/7467 7346/7346
f 7234/7234 7699/7699 7346/7346
f 3800/3800 3236/3236 3255/3255
f 3195/3195 3255/3255 3236/3236
f 3195/3195 3236/3236 3800/3800
f 3800/3800 3174/3174 3195/3195
f 3800/3800 3303/3303 3174/3174
f 7334/7334 7357/7357 7348/7348
f 7265/7265 7297/7297 7276/7276
f 7317/7317 7276/7276 7297/7297
f 7265/7265 7317/7317 7297/7297
f 7282/7282 7274/7274 7265/7265
f 7357/7357 7274/7274 7282/7282
f 7265/7265 7274/7274 7357/7357
f 7701/7701 7348/7348 7357/7357
f 2572/2572 2907/2907 2581/2581
f 3219/3219 2907/2907 2572/2572
f 7272/7272 7338/7338 7130/7130
f 7510/7510 7377/7377 7338/7338
f 6998/6998 6978/6978 7395/7395
f 2433/2433 2752/2752 2249/2249
f 2748/2748 2249/2249 2752/2752
f 2752/2752 2433/2433 2715/2715
f 2715/2715 2433/2433 2667/2667
f 6130/6130 5617/5617 6258/6258
f 2357/2357 2719/2719 2368/2368
f 2357/2357 2707/2707 2719/2719
f 2724/2724 2707/2707 2357/2357
f 2760/2760 2707/2707 2724/2724
f 2707/2707 2760/2760 2719/2719
f 2368/2368 2719/2719 2760/2760
f 2468/2468 2686/2686 2741/2741
f 2739/2739 2418/2418 2741/2741
f 2700/2700 2739/2739 2741/2741
f 2686/2686 2700/2700 2741/2741
f 2683/2683 2700/2700 2686/2686
f 2683/2683 2686/2686 2657/2657
f 2657/2657 2700/2700 2683/2683
f 2468/2468 2700/2700 2686/2686
f 7201/7201 7204/7204 7235/7235
f 6966/6966 7204/7204 7201/7201
f 6966/6966 6940/6940 7069/7069
f 6966/6966 6956/6956 6940/6940
f 7030/7030 6940/6940 6956/6956
f 2989/2989 2684/2684 2530/2530
f 2748/2748 2684/2684 2989/2989
f 6940/6940 7235/7235 7204/7204
f 7030/7030 7235/7235 6940/6940
f 6991/6991 7012/7012 7095/7095
f 7331/7331 7095/7095 7012/7012
f 7222/7222 7331/7331 7012/7012
f 7095/7095 7331/7331 6991/6991
f 7125/7125 6991/6991 7331/7331
f 7098/7098 6991/6991 7125/7125
f 7083/7083 6991/6991 7098/7098
f 7125/7125 7083/7083 7098/7098
f 7222/7222 7125/7125 7331/7331
f 6963/6963 6962/6962 7018/7018
f 6938/6938 6963/6963 7018/7018
f 6962/6962 6963/6963 6938/6938
f 7519/7519 7352/7352 7258/7258
f 7248/7248 7311/7311 7240/7240
f 7248/7248 7239/7239 7311/7311
f 7239/7239 7248/7248 7240/7240
f 7069/7069 7204/7204 6966/6966
f 7204/7204 7069/7069 7129/7129
f 6940/6940 7204/7204 7129/7129
f 7051/7051 7129/7129 7057/7057
f 7039/7039 7051/7051 7057/7057
f 7129/7129 7051/7051 7039/7039
f 6940/6940 7129/7129 7069/7069
f 2484/2484 2197/2197 2411/2411
f 2361/2361 2484/2484 2411/2411
f 2484/2484 2361/2361 2450/2450
f 2450/2450 2361/2361 2411/2411
f 2197/2197 2323/2323 2411/2411
f 2484/2484 2692/2692 2197/2197
f 2685/2685 2701/2701 2692/2692
f 2685/2685 2706/2706 2701/2701
f 2692/2692 2706/2706 2685/2685
f 2735/2735 2539/2539 2580/2580
f 2735/2735 2580/2580 2628/2628
f 2366/2366 2628/2628 2350/2350
f 2349/2349 2350/2350 2628/2628
f 2349/2349 2366/2366 2350/2350
f 2594/2594 2724/2724 2357/2357
f 2441/2441 2560/2560 2525/2525
f 2594/2594 2525/2525 2560/2560
f 2594/2594 2441/2441 2525/2525
f 2357/2357 2441/2441 2594/2594
f 2441/2441 2357/2357 2368/2368
f 172/172 4851/4851 230/230
f 125/125 172/172 230/230
f 4851/4851 125/125 230/230
f 440/440 322/322 4851/4851
f 440/440 4851/4851 208/208
f 7227/7227 6817/6817 7251/7251
f 2692/2692 2150/2150 2197/2197
f 2796/2796 2772/2772 2554/2554
f 2554/2554 5204/5204 2796/2796
f 2796/2796 5204/5204 2836/2836
f 2804/2804 2713/2713 2729/2729
f 2609/2609 2729/2729 2713/2713
f 2804/2804 2729/2729 2609/2609
f 2700/2700 2468/2468 2418/2418
f 2418/2418 2468/2468 2741/2741
f 2661/2661 2800/2800 2791/2791
f 2505/2505 2661/2661 2791/2791
f 2767/2767 2370/2370 2471/2471
f 2473/2473 2767/2767 2471/2471
f 2473/2473 2471/2471 2440/2440
f 2382/2382 2440/2440 2471/2471
f 2370/2370 2473/2473 2471/2471
f 2473/2473 2440/2440 2382/2382
f 2473/2473 2505/2505 2767/2767
f 2370/2370 2505/2505 2473/2473
f 2267/2267 2661/2661 2505/2505
f 2248/2248 2267/2267 2254/2254
f 2254/2254 2267/2267 2262/2262
f 2262/2262 2248/2248 2254/2254
f 2264/2264 2267/2267 2370/2370
f 2264/2264 2247/2247 2262/2262
f 2250/2250 2262/2262 2247/2247
f 2264/2264 2257/2257 2247/2247
f 2243/2243 2250/2250 2247/2247
f 2257/2257 2243/2243 2247/2247
f 2246/2246 2243/2243 2257/2257
f 2767/2767 2246/2246 2257/2257
f 2623/2623 2246/2246 2767/2767
f 2744/2744 2623/2623 2767/2767
f 2788/2788 2623/2623 2744/2744
f 2789/2789 2788/2788 2744/2744
f 2744/2744 2767/2767 2789/2789
f 2771/2771 2789/2789 2766/2766
f 2771/2771 2766/2766 2777/2777
f 2777/2777 2789/2789 2771/2771
f 2794/2794 2789/2789 2777/2777
f 2777/2777 2789/2789 2767/2767
f 2264/2264 2370/2370 2257/2257
f 2767/2767 2257/2257 2370/2370
f 2267/2267 2505/2505 2370/2370
f 2806/2806 2791/2791 2800/2800
f 2791/2791 2806/2806 2600/2600
f 2600/2600 2505/2505 2791/2791
f 2600/2600 2767/2767 2505/2505
f 2807/2807 2600/2600 2806/2806
f 2794/2794 2600/2600 2807/2807
f 2803/2803 2794/2794 2807/2807
f 2788/2788 2794/2794 2803/2803
f 2789/2789 2794/2794 2788/2788
f 2623/2623 2788/2788 2803/2803
f 7048/7048 7046/7046 7028/7028
f 7046/7046 7217/7217 7071/7071
f 7048/7048 7047/7047 7046/7046
f 7028/7028 7047/7047 7048/7048
f 7071/7071 7018/7018 7046/7046
f 2794/2794 2777/2777 2767/2767
f 2600/2600 2794/2794 2767/2767
f 7206/7206 7263/7263 7257/7257
f 6882/6882 7086/7086 7102/7102
f 7138/7138 6882/6882 7102/7102
f 7221/7221 6882/6882 7138/7138
f 7126/7126 7102/7102 7088/7088
f 7138/7138 7102/7102 7126/7126
f 7138/7138 7126/7126 7088/7088
f 7173/7173 7206/7206 7221/7221
f 7173/7173 7086/7086 7016/7016
f 7173/7173 7016/7016 7206/7206
f 7221/7221 7138/7138 7173/7173
f 7021/7021 7269/7269 6923/6923
f 2740/2740 2550/2550 2673/2673
f 2740/2740 2720/2720 2550/2550
f 2673/2673 2740/2740 2720/2720
f 2673/2673 2627/2627 2740/2740
f 7254/7254 7215/7215 7236/7236
f 7223/7223 7254/7254 7236/7236
f 7215/7215 7223/7223 7236/7236
f 5286/5286 5563/5563 5018/5018
f 5563/5563 5286/5286 5365/5365
f 5365/5365 5579/5579 5776/5776
f 5365/5365 5624/5624 5579/5579
f 5595/5595 5624/5624 5365/5365
f 5603/5603 5420/5420 5856/5856
f 7145/7145 7216/7216 7226/7226
f 7145/7145 7108/7108 7216/7216
f 7172/7172 7108/7108 7145/7145
f 7106/7106 7108/7108 7172/7172
f 7145/7145 7106/7106 7172/7172
f 7106/7106 7006/7006 7091/7091
f 7089/7089 7091/7091 7006/7006
f 7089/7089 7106/7106 7091/7091
f 7108/7108 7089/7089 6914/6914
f 7006/7006 6914/6914 7089/7089
f 6858/6858 6914/6914 7006/7006
f 7216/7216 7108/7108 6914/6914
f 7226/7226 7068/7068 7165/7165
f 7107/7107 7165/7165 7068/7068
f 7226/7226 7107/7107 7068/7068
f 6972/6972 7165/7165 7216/7216
f 6914/6914 6972/6972 7216/7216
f 2868/2868 3668/3668 3116/3116
f 7220/7220 7257/7257 7263/7263
f 7220/7220 7263/7263 7206/7206
f 7016/7016 7220/7220 7206/7206
f 7104/7104 7220/7220 7016/7016
f 6957/6957 7017/7017 7104/7104
f 6949/6949 7017/7017 6957/6957
f 7104/7104 6949/6949 6957/6957
f 5724/5724 7104/7104 7016/7016
f 5378/5378 5724/5724 7016/7016
f 7071/7071 7217/7217 7018/7018
f 7198/7198 7194/7194 7181/7181
f 7161/7161 7198/7198 7181/7181
f 7169/7169 7161/7161 7181/7181
f 7063/7063 7161/7161 7169/7169
f 7023/7023 7161/7161 7063/7063
f 7079/7079 7023/7023 7063/7063
f 7063/7063 7065/7065 7079/7079
f 7000/7000 7023/7023 7001/7001
f 7031/7031 7023/7023 7000/7000
f 7050/7050 7031/7031 7000/7000
f 7161/7161 7023/7023 7031/7031
f 7161/7161 7031/7031 7050/7050
f 7001/7001 7023/7023 7024/7024
f 7042/7042 7024/7024 7044/7044
f 7084/7084 7073/7073 7042/7042
f 7072/7072 7084/7084 7044/7044
f 7079/7079 7072/7072 7044/7044
f 7024/7024 7079/7079 7044/7044
f 7023/7023 7079/7079 7024/7024
f 7079/7079 7084/7084 7072/7072
f 7121/7121 7073/7073 7084/7084
f 7092/7092 7079/7079 7065/7065
f 7063/7063 7092/7092 7065/7065
f 7169/7169 7084/7084 7101/7101
f 7169/7169 7101/7101 7063/7063
f 7183/7183 7169/7169 7181/7181
f 7194/7194 7183/7183 7181/7181
f 7121/7121 7169/7169 7183/7183
f 7084/7084 7169/7169 7121/7121
f 7073/7073 7121/7121 7042/7042
f 7120/7120 7062/7062 7170/7170
f 7076/7076 7062/7062 7074/7074
f 7061/7061 7062/7062 7076/7076
f 7150/7150 7062/7062 7120/7120
f 7150/7150 7120/7120 7170/7170
f 7060/7060 7074/7074 7020/7020
f 7061/7061 7074/7074 7060/7060
f 7076/7076 7074/7074 7061/7061
f 7061/7061 7060/7060 7020/7020
f 7035/7035 7061/7061 7020/7020
f 7042/7042 7035/7035 7020/7020
f 7061/7061 7035/7035 7042/7042
f 6997/6997 7009/7009 7020/7020
f 7042/7042 7020/7020 7009/7009
f 7042/7042 7009/7009 6997/6997
f 7024/7024 7042/7042 7001/7001
f 7232/7232 7157/7157 7225/7225
f 7197/7197 7232/7232 7225/7225
f 7164/7164 7225/7225 7157/7157
f 7097/7097 7143/7143 7157/7157
f 7143/7143 7164/7164 7157/7157
f 7164/7164 7143/7143 7097/7097
f 7197/7197 7225/7225 7164/7164
f 7005/7005 7190/7190 7187/7187
f 7056/7056 7187/7187 7055/7055
f 7040/7040 7056/7056 7055/7055
f 7040/7040 7055/7055 7187/7187
f 7026/7026 7056/7056 7040/7040
f 7027/7027 7056/7056 7026/7026
f 7027/7027 7026/7026 7040/7040
f 7187/7187 7190/7190 7040/7040
f 7005/7005 7040/7040 7190/7190
f 2387/2387 2379/2379 2377/2377
f 5204/5204 2387/2387 2377/2377
f 5204/5204 2377/2377 2379/2379
f 2376/2376 2369/2369 2379/2379
f 5204/5204 2369/2369 2376/2376
f 2379/2379 2369/2369 5204/5204
f 7245/7245 7231/7231 7244/7244
f 1183/1183 834/834 1259/1259
f 1227/1227 1077/1077 1183/1183
f 1077/1077 1227/1227 1268/1268
f 1268/1268 1306/1306 935/935
f 834/834 1183/1183 935/935
f 935/935 938/938 834/834
f 1306/1306 938/938 935/935
f 938/938 932/932 834/834
f 1054/1054 972/972 985/985
f 979/979 972/972 1054/1054
f 985/985 979/979 1054/1054
f 2715/2715 2762/2762 2684/2684
f 2693/2693 2762/2762 2716/2716
f 2667/2667 2693/2693 2716/2716
f 2752/2752 2715/2715 2684/2684
f 2684/2684 2748/2748 2752/2752
f 2249/2249 1782/1782 2433/2433
f 7216/7216 7165/7165 7226/7226
f 2170/2170 2023/2023 2186/2186
f 2170/2170 2186/2186 2023/2023
f 2018/2018 2186/2186 1954/1954
f 1916/1916 2018/2018 1954/1954
f 2186/2186 1916/1916 1954/1954
f 7123/7123 7272/7272 7124/7124
f 7077/7077 7123/7123 7124/7124
f 7272/7272 7123/7123 7077/7077
f 7075/7075 7272/7272 7077/7077
f 7066/7066 7075/7075 7077/7077
f 7272/7272 7075/7075 7066/7066
f 7124/7124 7272/7272 7130/7130
f 7339/7339 7326/7326 6716/6716
f 7314/7314 7326/7326 7339/7339
f 6716/6716 7326/7326 7314/7314
f 6521/6521 6755/6755 6716/6716
f 6755/6755 7351/7351 6716/6716
f 8237/8237 7351/7351 7435/7435
f 7229/7229 7435/7435 7351/7351
f 5771/5771 5776/5776 5579/5579
f 5563/5563 5365/5365 5776/5776
f 6942/6942 6946/6946 6961/6961
f 6944/6944 6946/6946 6942/6942
f 6961/6961 6944/6944 6942/6942
f 6958/6958 6951/6951 6961/6961
f 6968/6968 6951/6951 6958/6958
f 6968/6968 6958/6958 6961/6961
f 7002/7002 7004/7004 6992/6992
f 7004/7004 6986/6986 6992/6992
f 2565/2565 2183/2183 2529/2529
f 2565/2565 2529/2529 2437/2437
f 2263/2263 2565/2565 2179/2179
f 2565/2565 2437/2437 2179/2179
f 2179/2179 2269/2269 2064/2064
f 2261/2261 2256/2256 2269/2269
f 2260/2260 2256/2256 2261/2261
f 2269/2269 2260/2260 2261/2261
f 2007/2007 2064/2064 1984/1984
f 2064/2064 2007/2007 2071/2071
f 1994/1994 2010/2010 1987/1987
f 2179/2179 2071/2071 2010/2010
f 2263/2263 2010/2010 1994/1994
f 2263/2263 1994/1994 1987/1987
f 2010/2010 2263/2263 2179/2179
f 2179/2179 2064/2064 2071/2071
f 5771/5771 5624/5624 5776/5776
f 5776/5776 5624/5624 5888/5888
f 908/908 5563/5563 5746/5746
f 2578/2578 2552/2552 2520/2520
f 2568/2568 2538/2538 2552/2552
f 2480/2480 2552/2552 2538/2538
f 2568/2568 2480/2480 2538/2538
f 1784/1784 2520/2520 2480/2480
f 2480/2480 2568/2568 1784/1784
f 2165/2165 1784/1784 2568/2568
f 2456/2456 2836/2836 5204/5204
f 924/924 2456/2456 5204/5204
f 2456/2456 924/924 2836/2836
f 2330/2330 2456/2456 2367/2367
f 2374/2374 2330/2330 2367/2367
f 2374/2374 2367/2367 2456/2456
f 2517/2517 1972/1972 1870/1870
f 2521/2521 2527/2527 2517/2517
f 2514/2514 2527/2527 2521/2521
f 2517/2517 2514/2514 2521/2521
f 2501/2501 2514/2514 2506/2506
f 2500/2500 2501/2501 2506/2506
f 2500/2500 2506/2506 2514/2514
f 1870/1870 2500/2500 2517/2517
f 1823/1823 1870/1870 1871/1871
f 1731/1731 1789/1789 1823/1823
f 1789/1789 1792/1792 1823/1823
f 1870/1870 1823/1823 1792/1792
f 1792/1792 1772/1772 1870/1870
f 1789/1789 1731/1731 1792/1792
f 1712/1712 1772/1772 1731/1731
f 1803/1803 1712/1712 1731/1731
f 1643/1643 1712/1712 1803/1803
f 1803/1803 1723/1723 1643/1643
f 1813/1813 1723/1723 1803/1803
f 1643/1643 1723/1723 1813/1813
f 1732/1732 1643/1643 1813/1813
f 1871/1871 1813/1813 1823/1823
f 1645/1645 1643/1643 1665/1665
f 1621/1621 1643/1643 1645/1645
f 1502/1502 1643/1643 1621/1621
f 1621/1621 1645/1645 1665/1665
f 1472/1472 1502/1502 1470/1470
f 1472/1472 1748/1748 1502/1502
f 1774/1774 1748/1748 1472/1472
f 1827/1827 1748/1748 1774/1774
f 1905/1905 1827/1827 1774/1774
f 2378/2378 2529/2529 2373/2373
f 2437/2437 2529/2529 2378/2378
f 2437/2437 2378/2378 2325/2325
f 2325/2325 2355/2355 2338/2338
f 2373/2373 2338/2338 2355/2355
f 2325/2325 2338/2338 2373/2373
f 2325/2325 2373/2373 2437/2437
f 2296/2296 2373/2373 2529/2529
f 1984/1984 2296/2296 2183/2183
f 6986/6986 7002/7002 6992/6992
f 1728/1728 1223/1223 5563/5563
f 1728/1728 5563/5563 1593/1593
f 6937/6937 6995/6995 6921/6921
f 6937/6937 6921/6921 6919/6919
f 6910/6910 6919/6919 6921/6921
f 6937/6937 6919/6919 6910/6910
f 6937/6937 6974/6974 6995/6995
f 6805/6805 6903/6903 6937/6937
f 6782/6782 6903/6903 6805/6805
f 6782/6782 6805/6805 6937/6937
f 6526/6526 6782/6782 6334/6334
f 6699/6699 6782/6782 6526/6526
f 6699/6699 6526/6526 6334/6334
f 6497/6497 6699/6699 6334/6334
f 6699/6699 6497/6497 6332/6332
f 6334/6334 6332/6332 6497/6497
f 6458/6458 6452/6452 6453/6453
f 6332/6332 6458/6458 6453/6453
f 6332/6332 6453/6453 6452/6452
f 6312/6312 6332/6332 6292/6292
f 6387/6387 6332/6332 6312/6312
f 6292/6292 6387/6387 6312/6312
f 6282/6282 6292/6292 6287/6287
f 6253/6253 6282/6282 6287/6287
f 6270/6270 6287/6287 6292/6292
f 6255/6255 6287/6287 6270/6270
f 6266/6266 6255/6255 6251/6251
f 6256/6256 6251/6251 6255/6255
f 6270/6270 6256/6256 6255/6255
f 6277/6277 6256/6256 6270/6270
f 6252/6252 6251/6251 6256/6256
f 6257/6257 6252/6252 6256/6256
f 6277/6277 6257/6257 6256/6256
f 6254/6254 6252/6252 6257/6257
f 6268/6268 6257/6257 6277/6277
f 6259/6259 6254/6254 6257/6257
f 6268/6268 6259/6259 6257/6257
f 6264/6264 6259/6259 6268/6268
f 6254/6254 6259/6259 6264/6264
f 6973/6973 6921/6921 6995/6995
f 6974/6974 6973/6973 6995/6995
f 2529/2529 2183/2183 2296/2296
f 2420/2420 2476/2476 2166/2166
f 2420/2420 2166/2166 2301/2301
f 2301/2301 2241/2241 2420/2420
f 2241/2241 2630/2630 2420/2420
f 2465/2465 2478/2478 2531/2531
f 2424/2424 2478/2478 2465/2465
f 2531/2531 2424/2424 2465/2465
f 2241/2241 2424/2424 2531/2531
f 2386/2386 2424/2424 2241/2241
f 2301/2301 2386/2386 2241/2241
f 2298/2298 2386/2386 2313/2313
f 2313/2313 2386/2386 2301/2301
f 2301/2301 2298/2298 2313/2313
f 7037/7037 6317/6317 6558/6558
f 1757/1757 1728/1728 1770/1770
f 1742/1742 1770/1770 1728/1728
f 1757/1757 1770/1770 1742/1742
f 1593/1593 1757/1757 1728/1728
f 1593/1593 5563/5563 1416/1416
f 1416/1416 1466/1466 1593/1593
f 1466/1466 1641/1641 1593/1593
f 1757/1757 1593/1593 1641/1641
f 2193/2193 2108/2108 2586/2586
f 2108/2108 2586/2586 2193/2193
f 2096/2096 2108/2108 2193/2193
f 2060/2060 2096/2096 2193/2193
f 2586/2586 2011/2011 2193/2193
f 2060/2060 2108/2108 2096/2096
f 6843/6843 7008/7008 6917/6917
f 6843/6843 6878/6878 7008/7008
f 6878/6878 6846/6846 7008/7008
f 6870/6870 6878/6878 6843/6843
f 6846/6846 6878/6878 6870/6870
f 6846/6846 6870/6870 6843/6843
f 6759/6759 6846/6846 6843/6843
f 6368/6368 6759/6759 6843/6843
f 6878/6878 6846/6846 6869/6869
f 6883/6883 6869/6869 6846/6846
f 6878/6878 6869/6869 6883/6883
f 6850/6850 7013/7013 6759/6759
f 6892/6892 6850/6850 6626/6626
f 6626/6626 6850/6850 6759/6759
f 6850/6850 6892/6892 6884/6884
f 6890/6890 6850/6850 6884/6884
f 6892/6892 6890/6890 6884/6884
f 6891/6891 6892/6892 6626/6626
f 6368/6368 6891/6891 6626/6626
f 6246/6246 6368/6368 6296/6296
f 6349/6349 6246/6246 6296/6296
f 6349/6349 6296/6296 6368/6368
f 6759/6759 6368/6368 6626/6626
f 6431/6431 6130/6130 6258/6258
f 6857/6857 6893/6893 6860/6860
f 6845/6845 6857/6857 6860/6860
f 6893/6893 6857/6857 6845/6845
f 6979/6979 6893/6893 5859/5859
f 6356/6356 6979/6979 6359/6359
f 6531/6531 6784/6784 6979/6979
f 6531/6531 6518/6518 6473/6473
f 6473/6473 6518/6518 6377/6377
f 6979/6979 6356/6356 6377/6377
f 6531/6531 6377/6377 6518/6518
f 6979/6979 6377/6377 6531/6531
f 6457/6457 6356/6356 6359/6359
f 6457/6457 6531/6531 6356/6356
f 6784/6784 6531/6531 6457/6457
f 5911/5911 6359/6359 5859/5859
f 7010/7010 6893/6893 6979/6979
f 6906/6906 7010/7010 6979/6979
f 6981/6981 7010/7010 6906/6906
f 6933/6933 6981/6981 6913/6913
f 6840/6840 6913/6913 6848/6848
f 6898/6898 6840/6840 6848/6848
f 6898/6898 6848/6848 6856/6856
f 6840/6840 6898/6898 6856/6856
f 6554/6554 6756/6756 6836/6836
f 6985/6985 6933/6933 6970/6970
f 6993/6993 6985/6985 6970/6970
f 6984/6984 6993/6993 6970/6970
f 6969/6969 6984/6984 6970/6970
f 6977/6977 6984/6984 6969/6969
f 6822/6822 6977/6977 6969/6969
f 6876/6876 6756/6756 6822/6822
f 6756/6756 6795/6795 6822/6822
f 6795/6795 6756/6756 6780/6780
f 6874/6874 6780/6780 6756/6756
f 6874/6874 6788/6788 6780/6780
f 6792/6792 6780/6780 6788/6788
f 6874/6874 6792/6792 6788/6788
f 6795/6795 6874/6874 6822/6822
f 6865/6865 6828/6828 6855/6855
f 6897/6897 6865/6865 6855/6855
f 6897/6897 6915/6915 6901/6901
f 6828/6828 6865/6865 6897/6897
f 6911/6911 6828/6828 6897/6897
f 6911/6911 6897/6897 6901/6901
f 6915/6915 6911/6911 6901/6901
f 6822/6822 6874/6874 6911/6911
f 6915/6915 6822/6822 6911/6911
f 6977/6977 6822/6822 6915/6915
f 7003/7003 6975/6975 6983/6983
f 6990/6990 7003/7003 6983/6983
f 6976/6976 6990/6990 6983/6983
f 6975/6975 6976/6976 6983/6983
f 6975/6975 6967/6967 6976/6976
f 6959/6959 6967/6967 6975/6975
f 6929/6929 6976/6976 6967/6967
f 6929/6929 6967/6967 6959/6959
f 7008/7008 6759/6759 6917/6917
f 7013/7013 6917/6917 6759/6759
f 7008/7008 6846/6846 6759/6759
f 2323/2323 2197/2197 2150/2150
f 6994/6994 6904/6904 6988/6988
f 6987/6987 6994/6994 6988/6988
f 6996/6996 6994/6994 6987/6987
f 6918/6918 6996/6996 6987/6987
f 6999/6999 6996/6996 6918/6918
f 6886/6886 6999/6999 6918/6918
f 6935/6935 6918/6918 6987/6987
f 6999/6999 6886/6886 6922/6922
f 6905/6905 6999/6999 6922/6922
f 6886/6886 6905/6905 6922/6922
f 6999/6999 6886/6886 6872/6872
f 6819/6819 6999/6999 6872/6872
f 6819/6819 6872/6872 6886/6886
f 6789/6789 6838/6838 6849/6849
f 6838/6838 6861/6861 6849/6849
f 6861/6861 6841/6841 6815/6815
f 6894/6894 6815/6815 6841/6841
f 6894/6894 6841/6841 6861/6861
f 6935/6935 6886/6886 6918/6918
f 6894/6894 6886/6886 6935/6935
f 6988/6988 6935/6935 6987/6987
f 6904/6904 6935/6935 6988/6988
f 6815/6815 6894/6894 6851/6851
f 6895/6895 6815/6815 6851/6851
f 6894/6894 6895/6895 6851/6851
f 6935/6935 6895/6895 6894/6894
f 6895/6895 6935/6935 6904/6904
f 6784/6784 6848/6848 6979/6979
f 6913/6913 6981/6981 6906/6906
f 6848/6848 6913/6913 6906/6906
f 6848/6848 6906/6906 6979/6979
f 6848/6848 6554/6554 6836/6836
f 6784/6784 6554/6554 6848/6848
f 2324/2324 3355/3355 2487/2487
f 2275/2275 3355/3355 2324/2324
f 2199/2199 2324/2324 2220/2220
f 2275/2275 2324/2324 2199/2199
f 2196/2196 2275/2275 2199/2199
f 2205/2205 2275/2275 2196/2196
f 2199/2199 2205/2205 2196/2196
f 1972/1972 1673/1673 1870/1870
f 2064/2064 2437/2437 2296/2296
f 2269/2269 2437/2437 2064/2064
f 2179/2179 2437/2437 2269/2269
f 7380/7380 7238/7238 7399/7399
f 2917/2917 2850/2850 2689/2689
f 3000/3000 2819/2819 2861/2861
f 307/307 789/789 923/923
f 789/789 1442/1442 923/923
f 6933/6933 6969/6969 6970/6970
f 6913/6913 6969/6969 6933/6933
f 6876/6876 6822/6822 6969/6969
f 6908/6908 6876/6876 6969/6969
f 6908/6908 6969/6969 6913/6913
f 6909/6909 6896/6896 6908/6908
f 6908/6908 6913/6913 6875/6875
f 6875/6875 6913/6913 6840/6840
f 6836/6836 6862/6862 6875/6875
f 6876/6876 6875/6875 6862/6862
f 6876/6876 6862/6862 6836/6836
f 6756/6756 6876/6876 6836/6836
f 6896/6896 6909/6909 6876/6876
f 6908/6908 6896/6896 6876/6876
f 6874/6874 6555/6555 6437/6437
f 6435/6435 6464/6464 6436/6436
f 6376/6376 6435/6435 6436/6436
f 6464/6464 6435/6435 6376/6376
f 6342/6342 6275/6275 6347/6347
f 6428/6428 6342/6342 6437/6437
f 6417/6417 6428/6428 6437/6437
f 6417/6417 6342/6342 6428/6428
f 6275/6275 6342/6342 5911/5911
f 6337/6337 5911/5911 6342/6342
f 6552/6552 6515/6515 6337/6337
f 6493/6493 6490/6490 6515/6515
f 6552/6552 6493/6493 6515/6515
f 6552/6552 6490/6490 6493/6493
f 6552/6552 6337/6337 6342/6342
f 6471/6471 6552/6552 6451/6451
f 6417/6417 6552/6552 6471/6471
f 6417/6417 6471/6471 6451/6451
f 6437/6437 6555/6555 6417/6417
f 6507/6507 6417/6417 6541/6541
f 6541/6541 6417/6417 6555/6555
f 6542/6542 6507/6507 6541/6541
f 6554/6554 6541/6541 6555/6555
f 6417/6417 6507/6507 6542/6542
f 6541/6541 6554/6554 6552/6552
f 6756/6756 6554/6554 6555/6555
f 2628/2628 2580/2580 2539/2539
f 6821/6821 7127/7127 7032/7032
f 7080/7080 7036/7036 7049/7049
f 7034/7034 7080/7080 7049/7049
f 7036/7036 7034/7034 7049/7049
f 430/430 4852/4852 4977/4977
f 430/430 415/415 433/433
f 2324/2324 2487/2487 2917/2917
f 2220/2220 2324/2324 2184/2184
f 2324/2324 2917/2917 2689/2689
f 2210/2210 2861/2861 2207/2207
f 2184/2184 2210/2210 2207/2207
f 2861/2861 2210/2210 2184/2184
f 908/908 1641/1641 1466/1466
f 891/891 908/908 1466/1466
f 6899/6899 6839/6839 6900/6900
f 6881/6881 6899/6899 6900/6900
f 6881/6881 6839/6839 6899/6899
f 6824/6824 6807/6807 6834/6834
f 6794/6794 6834/6834 6807/6807
f 6824/6824 6794/6794 6807/6807
f 6776/6776 6794/6794 6824/6824
f 6766/6766 6776/6776 6824/6824
f 6766/6766 6794/6794 6776/6776
f 6575/6575 6737/6737 6794/6794
f 6775/6775 6575/6575 6766/6766
f 6785/6785 6775/6775 6766/6766
f 6575/6575 6775/6775 6785/6785
f 6540/6540 6737/6737 6575/6575
f 6513/6513 6737/6737 6540/6540
f 6513/6513 6540/6540 6538/6538
f 6537/6537 6538/6538 6540/6540
f 6537/6537 6513/6513 6538/6538
f 6476/6476 6737/6737 6513/6513
f 6426/6426 6319/6319 6281/6281
f 6335/6335 6319/6319 6426/6426
f 6309/6309 6269/6269 6319/6319
f 6476/6476 6485/6485 6459/6459
f 6513/6513 6459/6459 6485/6485
f 6476/6476 6513/6513 6485/6485
f 6335/6335 6309/6309 6319/6319
f 6426/6426 6424/6424 6335/6335
f 6309/6309 6335/6335 6424/6424
f 6972/6972 6914/6914 6858/6858
f 6299/6299 7021/7021 6923/6923
f 2296/2296 2437/2437 2373/2373
f 1964/1964 1969/1969 2113/2113
f 2113/2113 1969/1969 2012/2012
f 1964/1964 2012/2012 1969/1969
f 6662/6662 6583/6583 6180/6180
f 6415/6415 6180/6180 6583/6583
f 6415/6415 6662/6662 6331/6331
f 6415/6415 6331/6331 6285/6285
f 6285/6285 6331/6331 6662/6662
f 6180/6180 6415/6415 6662/6662
f 6571/6571 6534/6534 6415/6415
f 6583/6583 6571/6571 6415/6415
f 6534/6534 6571/6571 6583/6583
f 6663/6663 6724/6724 6659/6659
f 6606/6606 6595/6595 6605/6605
f 6271/6271 6606/6606 6605/6605
f 6271/6271 6595/6595 6606/6606
f 6581/6581 6440/6440 6595/6595
f 6412/6412 6595/6595 6440/6440
f 6440/6440 6304/6304 6412/6412
f 6304/6304 6440/6440 6581/6581
f 6240/6240 6412/6412 6304/6304
f 6581/6581 6271/6271 6589/6589
f 6304/6304 6581/6581 6589/6589
f 2166/2166 2476/2476 2469/2469
f 2072/2072 2085/2085 2071/2071
f 2093/2093 2071/2071 2085/2085
f 2072/2072 2093/2093 2085/2085
f 1268/1268 1227/1227 1183/1183
f 1259/1259 1306/1306 1268/1268
f 1183/1183 1259/1259 1268/1268
f 2482/2482 2540/2540 2630/2630
f 2482/2482 2531/2531 2540/2540
f 2630/2630 2531/2531 2482/2482
f 2241/2241 2531/2531 2630/2630
f 2476/2476 2420/2420 2630/2630
f 2167/2167 2219/2219 2188/2188
f 2112/2112 2122/2122 2167/2167
f 2100/2100 2122/2122 2112/2112
f 2167/2167 2100/2100 2112/2112
f 2087/2087 2100/2100 2167/2167
f 2074/2074 2087/2087 2099/2099
f 2099/2099 2087/2087 2119/2119
f 2074/2074 2099/2099 2119/2119
f 2119/2119 2167/2167 2188/2188
f 2151/2151 2119/2119 2188/2188
f 2151/2151 2188/2188 2219/2219
f 1984/1984 2064/2064 2296/2296
f 6501/6501 6599/6599 6774/6774
f 6649/6649 6774/6774 6599/6599
f 6556/6556 6549/6549 6568/6568
f 6545/6545 6549/6549 6556/6556
f 6568/6568 6545/6545 6556/6556
f 6545/6545 6649/6649 6599/6599
f 6545/6545 6599/6599 6468/6468
f 6418/6418 6311/6311 6545/6545
f 6468/6468 6328/6328 6545/6545
f 6468/6468 6501/6501 6328/6328
f 6545/6545 6328/6328 6418/6418
f 6311/6311 6418/6418 6328/6328
f 6456/6456 6383/6383 6194/6194
f 6383/6383 6200/6200 6194/6194
f 1896/1896 1901/1901 1972/1972
f 1901/1901 1497/1497 1972/1972
f 1497/1497 1901/1901 1896/1896
f 1972/1972 1497/1497 1673/1673
f 1871/1871 1673/1673 1751/1751
f 1751/1751 1732/1732 1871/1871
f 1643/1643 1732/1732 1751/1751
f 1871/1871 1732/1732 1813/1813
f 1870/1870 1673/1673 1871/1871
f 7233/7233 7229/7229 7351/7351
f 6294/6294 6659/6659 6724/6724
f 6294/6294 6597/6597 6659/6659
f 6222/6222 6597/6597 6294/6294
f 7171/7171 7032/7032 7127/7127
f 2630/2630 2469/2469 2476/2476
f 1878/1878 1775/1775 1810/1810
f 1744/1744 1878/1878 1810/1810
f 1775/1775 1744/1744 1810/1810
f 1863/1863 1877/1877 1744/1744
f 1899/1899 1667/1667 1744/1744
f 1667/1667 1899/1899 1629/1629
f 1629/1629 1899/1899 1985/1985
f 1985/1985 1925/1925 1629/1629
f 1966/1966 1942/1942 1985/1985
f 1996/1996 1966/1966 1985/1985
f 1996/1996 1942/1942 1966/1966
f 1744/1744 1667/1667 1629/1629
f 1744/1744 1629/1629 1683/1683
f 1683/1683 1672/1672 1744/1744
f 1672/1672 1877/1877 1863/1863
f 1863/1863 1744/1744 1672/1672
f 1629/1629 1925/1925 1672/1672
f 1629/1629 1672/1672 1683/1683
f 6799/6799 5985/5985 6989/6989
f 5776/5776 5746/5746 5563/5563
f 2008/2008 2500/2500 1870/1870
f 2038/2038 2067/2067 2065/2065
f 1993/1993 2038/2038 2065/2065
f 2067/2067 2038/2038 1993/1993
f 1990/1990 2001/2001 2021/2021
f 2008/2008 1990/1990 2021/2021
f 2008/2008 2001/2001 1990/1990
f 1827/1827 1905/1905 2008/2008
f 1827/1827 2008/2008 1870/1870
f 1834/1834 1890/1890 1783/1783
f 1834/1834 1711/1711 1890/1890
f 1834/1834 1783/1783 1711/1711
f 1717/1717 1711/1711 1818/1818
f 1711/1711 1717/1717 1806/1806
f 1975/1975 1711/1711 1955/1955
f 1956/1956 1975/1975 1955/1955
f 1711/1711 1956/1956 1955/1955
f 1800/1800 1856/1856 1883/1883
f 1806/1806 1800/1800 1883/1883
f 1856/1856 1800/1800 1806/1806
f 1717/1717 1856/1856 1806/1806
f 1926/1926 1856/1856 1717/1717
f 6680/6680 6173/6173 6657/6657
f 6703/6703 6680/6680 6657/6657
f 1835/1835 1876/1876 1992/1992
f 2084/2084 2097/2097 2098/2098
f 1986/1986 2084/2084 2098/2098
f 2097/2097 2084/2084 1986/1986
f 2032/2032 2097/2097 1986/1986
f 1918/1918 2032/2032 1986/1986
f 1914/1914 1946/1946 1918/1918
f 1953/1953 1946/1946 1914/1914
f 2097/2097 1918/1918 1946/1946
f 2097/2097 1946/1946 1953/1953
f 1918/1918 2097/2097 2032/2032
f 6789/6789 6849/6849 6861/6861
f 1784/1784 2123/2123 1633/1633
f 2165/2165 817/817 2123/2123
f 1784/1784 1633/1633 1442/1442
f 1633/1633 837/837 1442/1442
f 837/837 1633/1633 1765/1765
f 837/837 1413/1413 1442/1442
f 1336/1336 1413/1413 1359/1359
f 1442/1442 1413/1413 1219/1219
f 1219/1219 1359/1359 1413/1413
f 1336/1336 1359/1359 1219/1219
f 837/837 1219/1219 1413/1413
f 1015/1015 837/837 817/817
f 1056/1056 837/837 977/977
f 1219/1219 1056/1056 1442/1442
f 837/837 1056/1056 1219/1219
f 1992/1992 1876/1876 2079/2079
f 6599/6599 6501/6501 6468/6468
f 6260/6260 6657/6657 6173/6173
f 6633/6633 6703/6703 6657/6657
f 6633/6633 6657/6657 6260/6260
f 6173/6173 6633/6633 6260/6260
f 6874/6874 6756/6756 6555/6555
f 1967/1967 1433/1433 1973/1973
f 1707/1707 1433/1433 1967/1967
f 6794/6794 6737/6737 6476/6476
f 6569/6569 6527/6527 6584/6584
f 6503/6503 6584/6584 6527/6527
f 6512/6512 6503/6503 6527/6527
f 6504/6504 6503/6503 6512/6512
f 6527/6527 6504/6504 6512/6512
f 6467/6467 6527/6527 6348/6348
f 6297/6297 6527/6527 6467/6467
f 6584/6584 6503/6503 6297/6297
f 5938/5938 6399/6399 6288/6288
f 7233/7233 7399/7399 7229/7229
f 7366/7366 7233/7233 7345/7345
f 7363/7363 7233/7233 7271/7271
f 7345/7345 7233/7233 7363/7363
f 7363/7363 7366/7366 7345/7345
f 7294/7294 7315/7315 7271/7271
f 7278/7278 7315/7315 7294/7294
f 7195/7195 7182/7182 7139/7139
f 7059/7059 7233/7233 7351/7351
f 6852/6852 7059/7059 7351/7351
f 6960/6960 7059/7059 6920/6920
f 6797/6797 7059/7059 6837/6837
f 6852/6852 6837/6837 7059/7059
f 6797/6797 6837/6837 6852/6852
f 6920/6920 7059/7059 6811/6811
f 6731/6731 6811/6811 7059/7059
f 6731/6731 6920/6920 6811/6811
f 6960/6960 6920/6920 6444/6444
f 6757/6757 6796/6796 6725/6725
f 6723/6723 6725/6725 6731/6731
f 6760/6760 6796/6796 6757/6757
f 6725/6725 6760/6760 6757/6757
f 6616/6616 6723/6723 6731/6731
f 6725/6725 6723/6723 6616/6616
f 2861/2861 2819/2819 2676/2676
f 6528/6528 6477/6477 6551/6551
f 6523/6523 6528/6528 6551/6551
f 6552/6552 6554/6554 6551/6551
f 6551/6551 6520/6520 6536/6536
f 6337/6337 6515/6515 6477/6477
f 6477/6477 6520/6520 6551/6551
f 6520/6520 6477/6477 6536/6536
f 6523/6523 6477/6477 6528/6528
f 6506/6506 6488/6488 6523/6523
f 6457/6457 6477/6477 6488/6488
f 6337/6337 6477/6477 6457/6457
f 6553/6553 6488/6488 6506/6506
f 6457/6457 6488/6488 6553/6553
f 6553/6553 6506/6506 6523/6523
f 6553/6553 6551/6551 6554/6554
f 6784/6784 6457/6457 6553/6553
f 6554/6554 6784/6784 6553/6553
f 6457/6457 6359/6359 6337/6337
f 6597/6597 6663/6663 6659/6659
f 6222/6222 6663/6663 6597/6597
f 6359/6359 6979/6979 5859/5859
f 338/338 1642/1642 924/924
f 390/390 1642/1642 338/338
f 338/338 334/334 390/390
f 2050/2050 2068/2068 2069/2069
f 1983/1983 2050/2050 2069/2069
f 2068/2068 2050/2050 1983/1983
f 1868/1868 2068/2068 1983/1983
f 1868/1868 1983/1983 1838/1838
f 5854/5854 6303/6303 5871/5871
f 5849/5849 5854/5854 5871/5871
f 5931/5931 5849/5849 5871/5871
f 5927/5927 5931/5931 5924/5924
f 5959/5959 5931/5931 5927/5927
f 5924/5924 5959/5959 5927/5927
f 1859/1859 1861/1861 1875/1875
f 6399/6399 6622/6622 6288/6288
f 6353/6353 6589/6589 6704/6704
f 6267/6267 6589/6589 6271/6271
f 6588/6588 6704/6704 6589/6589
f 6704/6704 6588/6588 6642/6642
f 6613/6613 6642/6642 6508/6508
f 6613/6613 6508/6508 6672/6672
f 6588/6588 6589/6589 6267/6267
f 6664/6664 6267/6267 6271/6271
f 6353/6353 6267/6267 6664/6664
f 6664/6664 6761/6761 6353/6353
f 6786/6786 6761/6761 6664/6664
f 6778/6778 6761/6761 6786/6786
f 6353/6353 6761/6761 6778/6778
f 6289/6289 6778/6778 6786/6786
f 6304/6304 6589/6589 6778/6778
f 6589/6589 6353/6353 6778/6778
f 6303/6303 5931/5931 5871/5871
f 6622/6622 6569/6569 6584/6584
f 6622/6622 6584/6584 6288/6288
f 7399/7399 7238/7238 7229/7229
f 6467/6467 6348/6348 6297/6297
f 6348/6348 6372/6372 6297/6297
f 5938/5938 6372/6372 6348/6348
f 6288/6288 6372/6372 5938/5938
f 6288/6288 6297/6297 6372/6372
f 6584/6584 6297/6297 6288/6288
f 6198/6198 6456/6456 6194/6194
f 6200/6200 6198/6198 6194/6194
f 6273/6273 6426/6426 6281/6281
f 6276/6276 6273/6273 6281/6281
f 6319/6319 6276/6276 6281/6281
f 6269/6269 6276/6276 6319/6319
f 2068/2068 1868/1868 1838/1838
f 2142/2142 2291/2291 2309/2309
f 2291/2291 2285/2285 2309/2309
f 2285/2285 2291/2291 2142/2142
f 2107/2107 2142/2142 2268/2268
f 2082/2082 2268/2268 2142/2142
f 2082/2082 2107/2107 2268/2268
f 1416/1416 5563/5563 908/908
f 1466/1466 1416/1416 974/974
f 1035/1035 1013/1013 974/974
f 891/891 974/974 1013/1013
f 1466/1466 974/974 891/891
f 1035/1035 891/891 1013/1013
f 2108/2108 2868/2868 3116/3116
f 5817/5817 6215/6215 5973/5973
f 6118/6118 5973/5973 6215/6215
f 5817/5817 5973/5973 6118/6118
f 6304/6304 6778/6778 6289/6289
f 6289/6289 6240/6240 6304/6304
f 1717/1717 1818/1818 1926/1926
f 5911/5911 6337/6337 6359/6359
f 5838/5838 5911/5911 5859/5859
f 5857/5857 5911/5911 5838/5838
f 5963/5963 5911/5911 5857/5857
f 6704/6704 6671/6671 6353/6353
f 6672/6672 6671/6671 6704/6704
f 6642/6642 6672/6672 6704/6704
f 6613/6613 6672/6672 6642/6642
f 6353/6353 6671/6671 6588/6588
f 6353/6353 6588/6588 6267/6267
f 1497/1497 1484/1484 1673/1673
f 5419/5419 5474/5474 5376/5376
f 5449/5449 5376/5376 5474/5474
f 5419/5419 5449/5449 5474/5474
f 6787/6787 6989/6989 5985/5985
f 6203/6203 7588/7588 8039/8039
f 6299/6299 6042/6042 5995/5995
f 5999/5999 5995/5995 6042/6042
f 6299/6299 5999/5999 6042/6042
f 6313/6313 6299/6299 6380/6380
f 1748/1748 1827/1827 1870/1870
f 6203/6203 8039/8039 6313/6313
f 6229/6229 6203/6203 6380/6380
f 6120/6120 6229/6229 6380/6380
f 6203/6203 6229/6229 6120/6120
f 1831/1831 1861/1861 1859/1859
f 1854/1854 1875/1875 1861/1861
f 1854/1854 1861/1861 1831/1831
f 1821/1821 1854/1854 1831/1831
f 1795/1795 1854/1854 1821/1821
f 1831/1831 1795/1795 1821/1821
f 5889/5889 5903/5903 6347/6347
f 6347/6347 6275/6275 5963/5963
f 6347/6347 5963/5963 5928/5928
f 5914/5914 5928/5928 5963/5963
f 5889/5889 6347/6347 5914/5914
f 5914/5914 6347/6347 5928/5928
f 5903/5903 5889/5889 5914/5914
f 5963/5963 5857/5857 5914/5914
f 5838/5838 5914/5914 5857/5857
f 6275/6275 5911/5911 5963/5963
f 6287/6287 6255/6255 6253/6253
f 6266/6266 6253/6253 6255/6255
f 6265/6265 6253/6253 6266/6266
f 6282/6282 6253/6253 6265/6265
f 7209/7209 6799/6799 6989/6989
f 6696/6696 5985/5985 6799/6799
f 6902/6902 5985/5985 6696/6696
f 6902/6902 6696/6696 6800/6800
f 6800/6800 6696/6696 6722/6722
f 6744/6744 6722/6722 6696/6696
f 6800/6800 6722/6722 6744/6744
f 6799/6799 6800/6800 6696/6696
f 6844/6844 6096/6096 6902/6902
f 6902/6902 6799/6799 7209/7209
f 6799/6799 6902/6902 6800/6800
f 1765/1765 2123/2123 817/817
f 837/837 1765/1765 817/817
f 1835/1835 2079/2079 1876/1876
f 1096/1096 1627/1627 1873/1873
f 1786/1786 1724/1724 1874/1874
f 1724/1724 1850/1850 1874/1874
f 1390/1390 1724/1724 1786/1786
f 1428/1428 1490/1490 1390/1390
f 1349/1349 1428/1428 1390/1390
f 1349/1349 1106/1106 1428/1428
f 1106/1106 1114/1114 1328/1328
f 1328/1328 1114/1114 1120/1120
f 1850/1850 1328/1328 1120/1120
f 1850/1850 1450/1450 1328/1328
f 1328/1328 1450/1450 1348/1348
f 1352/1352 1328/1328 1348/1348
f 1106/1106 1328/1328 1352/1352
f 1361/1361 1384/1384 1352/1352
f 1348/1348 1361/1361 1352/1352
f 1384/1384 1361/1361 1348/1348
f 1450/1450 1396/1396 1348/1348
f 1106/1106 1396/1396 1490/1490
f 1428/1428 1106/1106 1490/1490
f 1490/1490 1450/1450 1850/1850
f 1724/1724 1490/1490 1850/1850
f 1765/1765 1633/1633 2123/2123
f 6235/6235 6279/6279 6228/6228
f 7233/7233 7378/7378 7399/7399
f 7366/7366 7378/7378 7233/7233
f 7373/7373 7378/7378 7366/7366
f 7399/7399 7378/7378 7373/7373
f 7386/7386 7398/7398 7373/7373
f 7386/7386 7373/7373 7380/7380
f 7380/7380 7398/7398 7386/7386
f 7315/7315 7380/7380 7373/7373
f 7315/7315 7238/7238 7380/7380
f 7278/7278 7238/7238 7315/7315
f 7271/7271 7278/7278 7294/7294
f 7280/7280 7289/7289 7278/7278
f 7280/7280 7278/7278 7271/7271
f 7278/7278 7275/7275 7256/7256
f 7238/7238 7278/7278 7256/7256
f 7256/7256 7275/7275 7271/7271
f 7271/7271 7275/7275 7278/7278
f 7271/7271 7289/7289 7280/7280
f 7195/7195 7096/7096 7182/7182
f 7139/7139 7096/7096 7195/7195
f 7253/7253 7252/7252 7224/7224
f 7255/7255 7252/7252 7253/7253
f 7255/7255 7253/7253 7224/7224
f 7224/7224 7096/7096 7238/7238
f 7256/7256 7224/7224 7238/7238
f 7196/7196 7154/7154 7219/7219
f 7219/7219 7154/7154 7096/7096
f 7196/7196 7219/7219 7096/7096
f 7224/7224 7196/7196 7096/7096
f 6444/6444 7238/7238 7096/7096
f 7059/7059 6444/6444 7096/7096
f 6960/6960 6444/6444 7059/7059
f 7238/7238 6444/6444 6463/6463
f 1824/1824 1781/1781 1873/1873
f 1825/1825 1781/1781 1824/1824
f 1873/1873 1825/1825 1824/1824
f 1825/1825 1873/1873 1627/1627
f 1383/1383 1825/1825 1627/1627
f 1383/1383 1627/1627 1096/1096
f 1391/1391 1383/1383 1096/1096
f 1825/1825 1383/1383 1391/1391
f 1870/1870 1772/1772 1748/1748
f 1772/1772 1712/1712 1748/1748
f 1643/1643 1748/1748 1712/1712
f 1502/1502 1748/1748 1643/1643
f 6209/6209 6228/6228 6279/6279
f 6235/6235 6209/6209 6279/6279
f 1433/1433 1707/1707 2017/2017
f 1489/1489 2017/2017 1707/1707
f 1369/1369 2017/2017 1489/1489
f 6480/6480 6535/6535 6462/6462
f 6492/6492 6535/6535 6460/6460
f 6324/6324 6492/6492 6460/6460
f 6324/6324 6460/6460 6535/6535
f 5642/5642 6341/6341 6324/6324
f 7229/7229 7238/7238 6463/6463
f 2121/2121 1455/1455 1423/1423
f 2121/2121 1423/1423 1278/1278
f 1278/1278 1423/1423 945/945
f 1517/1517 1275/1275 1616/1616
f 1123/1123 1275/1275 1517/1517
f 1500/1500 1505/1505 1517/1517
f 1123/1123 1505/1505 1500/1500
f 1123/1123 1517/1517 1505/1505
f 1616/1616 1275/1275 1123/1123
f 1369/1369 1973/1973 1433/1433
f 1433/1433 2017/2017 1369/1369
f 1621/1621 1751/1751 1673/1673
f 1502/1502 1621/1621 1673/1673
f 1484/1484 1470/1470 1502/1502
f 1673/1673 1484/1484 1502/1502
f 6243/6243 6244/6244 6219/6219
f 6249/6249 6219/6219 6244/6244
f 6249/6249 6243/6243 6219/6219
f 5916/5916 5909/5909 5965/5965
f 5900/5900 5916/5916 5965/5965
f 5900/5900 5909/5909 5916/5916
f 5876/5876 5909/5909 5900/5900
f 5909/5909 5876/5876 5783/5783
f 5876/5876 5750/5750 5744/5744
f 5876/5876 5744/5744 5783/5783
f 5650/5650 5674/5674 5578/5578
f 5698/5698 5650/5650 5578/5578
f 5674/5674 5650/5650 5698/5698
f 5717/5717 5674/5674 5716/5716
f 5716/5716 5674/5674 5698/5698
f 5698/5698 5717/5717 5716/5716
f 5767/5767 5783/5783 5729/5729
f 5909/5909 5783/5783 5767/5767
f 5909/5909 5767/5767 5729/5729
f 6821/6821 7171/7171 7127/7127
f 1490/1490 1724/1724 1390/1390
f 6480/6480 6462/6462 5917/5917
f 6535/6535 6480/6480 5917/5917
f 6535/6535 5917/5917 5642/5642
f 6324/6324 6535/6535 5642/5642
f 2861/2861 2324/2324 2689/2689
f 2121/2121 1423/1423 1455/1455
f 5214/5214 5298/5298 5320/5320
f 5231/5231 5298/5298 5214/5214
f 5231/5231 5244/5244 5298/5298
f 5265/5265 5244/5244 5276/5276
f 5256/5256 5265/5265 5276/5276
f 5244/5244 5265/5265 5256/5256
f 5221/5221 5256/5256 5231/5231
f 5416/5416 5320/5320 5393/5393
f 5327/5327 5320/5320 5330/5330
f 5324/5324 5327/5327 5330/5330
f 5320/5320 5327/5327 5324/5324
f 5320/5320 5298/5298 5393/5393
f 5393/5393 5244/5244 5221/5221
f 5244/5244 5393/5393 5298/5298
f 5533/5533 5534/5534 5170/5170
f 5175/5175 5170/5170 5534/5534
f 5725/5725 5534/5534 5533/5533
f 5649/5649 5765/5765 5534/5534
f 5765/5765 5756/5756 5862/5862
f 5858/5858 5765/5765 5862/5862
f 5807/5807 5765/5765 5858/5858
f 5790/5790 5807/5807 5858/5858
f 5175/5175 5807/5807 5790/5790
f 5765/5765 5175/5175 5534/5534
f 5316/5316 5553/5553 5303/5303
f 5201/5201 5316/5316 5303/5303
f 5316/5316 5201/5201 5553/5553
f 5553/5553 5348/5348 5385/5385
f 5553/5553 5360/5360 5348/5348
f 5269/5269 5201/5201 5176/5176
f 5201/5201 5079/5079 5176/5176
f 5269/5269 5176/5176 5275/5275
f 5199/5199 5275/5275 5176/5176
f 5121/5121 5199/5199 5176/5176
f 5079/5079 5121/5121 5176/5176
f 5199/5199 5121/5121 5079/5079
f 5170/5170 5539/5539 5533/5533
f 5360/5360 5385/5385 5348/5348
f 5553/5553 5631/5631 5743/5743
f 5721/5721 5631/5631 5553/5553
f 5743/5743 5631/5631 5721/5721
f 5775/5775 5740/5740 5759/5759
f 5775/5775 5759/5759 5781/5781
f 5740/5740 5775/5775 5781/5781
f 5796/5796 5810/5810 5797/5797
f 5445/5445 5797/5797 5810/5810
f 5705/5705 5797/5797 5445/5445
f 5445/5445 5447/5447 5705/5705
f 5699/5699 5705/5705 5447/5447
f 5796/5796 5705/5705 5699/5699
f 5797/5797 5705/5705 5796/5796
f 5422/5422 5500/5500 721/721
f 5422/5422 721/721 5396/5396
f 5501/5501 5396/5396 721/721
f 5501/5501 5422/5422 5396/5396
f 5489/5489 5422/5422 5501/5501
f 5601/5601 5489/5489 5501/5501
f 5422/5422 5489/5489 5601/5601
f 6108/6108 6249/6249 5750/5750
f 6249/6249 6108/6108 5900/5900
f 5900/5900 6108/6108 5750/5750
f 5876/5876 5900/5900 5750/5750
f 5462/5462 5368/5368 5455/5455
f 5368/5368 5366/5366 5455/5455
f 5368/5368 5107/5107 5282/5282
f 5258/5258 5368/5368 5282/5282
f 5258/5258 5282/5282 5107/5107
f 5368/5368 5306/5306 5331/5331
f 5306/5306 5268/5268 5331/5331
f 5368/5368 5268/5268 5306/5306
f 5185/5185 5198/5198 5107/5107
f 5232/5232 5198/5198 5185/5185
f 5299/5299 5263/5263 5232/5232
f 5258/5258 5263/5263 5299/5299
f 5232/5232 5263/5263 5258/5258
f 5107/5107 5232/5232 5258/5258
f 5198/5198 5232/5232 5107/5107
f 6380/6380 6203/6203 6313/6313
f 7021/7021 6299/6299 6313/6313
f 1269/1269 1150/1150 1325/1325
f 1249/1249 1269/1269 1325/1325
f 1233/1233 1249/1249 1325/1325
f 1269/1269 1249/1249 1233/1233
f 5269/5269 5300/5300 5360/5360
f 5275/5275 5300/5300 5269/5269
f 5360/5360 5300/5300 5275/5275
f 5318/5318 5366/5366 5314/5314
f 5299/5299 5318/5318 5314/5314
f 5366/5366 5299/5299 5314/5314
f 5462/5462 5455/5455 5366/5366
f 5137/5137 5251/5251 5414/5414
f 5490/5490 5414/5414 134/134
f 5373/5373 4896/4896 134/134
f 4744/4744 5490/5490 134/134
f 85/85 167/167 134/134
f 134/134 4896/4896 85/85
f 5414/5414 5373/5373 134/134
f 4896/4896 5251/5251 5137/5137
f 5137/5137 5132/5132 4896/4896
f 5133/5133 5114/5114 5090/5090
f 5114/5114 5132/5132 5090/5090
f 5132/5132 5114/5114 5133/5133
f 4896/4896 5132/5132 5133/5133
f 85/85 4896/4896 5133/5133
f 6544/6544 6576/6576 6521/6521
f 6670/6670 6576/6576 6544/6544
f 6670/6670 6521/6521 6576/6576
f 6755/6755 6521/6521 6670/6670
f 6714/6714 6755/6755 6670/6670
f 6714/6714 7351/7351 6755/6755
f 6714/6714 6852/6852 7351/7351
f 945/945 2121/2121 1278/1278
f 5539/5539 5170/5170 5175/5175
f 5393/5393 5221/5221 5416/5416
f 5244/5244 5256/5256 5221/5221
f 5099/5099 5202/5202 5220/5220
f 5179/5179 5220/5220 5202/5202
f 5179/5179 5202/5202 5099/5099
f 5055/5055 5179/5179 5099/5099
f 5151/5151 5179/5179 5055/5055
f 5062/5062 5151/5151 5055/5055
f 5112/5112 5151/5151 5062/5062
f 5063/5063 5112/5112 5062/5062
f 5072/5072 5112/5112 5063/5063
f 5122/5122 5092/5092 5110/5110
f 5110/5110 5141/5141 5122/5122
f 5152/5152 5122/5122 5141/5141
f 5158/5158 5152/5152 5141/5141
f 5150/5150 5152/5152 5158/5158
f 5122/5122 5152/5152 5150/5150
f 5092/5092 5141/5141 5110/5110
f 5062/5062 5055/5055 5063/5063
f 5095/5095 5063/5063 5055/5055
f 5095/5095 5072/5072 5063/5063
f 5072/5072 5095/5095 5099/5099
f 5068/5068 5061/5061 5060/5060
f 5068/5068 5060/5060 5076/5076
f 5119/5119 5060/5060 5061/5061
f 5076/5076 5061/5061 5068/5068
f 5061/5061 5086/5086 5119/5119
f 5073/5073 5086/5086 5069/5069
f 5061/5061 5069/5069 5086/5086
f 5073/5073 5069/5069 5061/5061
f 5060/5060 5119/5119 5086/5086
f 5103/5103 5106/5106 5127/5127
f 5098/5098 5127/5127 5106/5106
f 5103/5103 5098/5098 5106/5106
f 5231/5231 5416/5416 5221/5221
f 5126/5126 5160/5160 5064/5064
f 5115/5115 5126/5126 5064/5064
f 5080/5080 5115/5115 5064/5064
f 5056/5056 5080/5080 5064/5064
f 5082/5082 5115/5115 5080/5080
f 5057/5057 5082/5082 5080/5080
f 5058/5058 5082/5082 5057/5057
f 5085/5085 5058/5058 5057/5057
f 5085/5085 5057/5057 5056/5056
f 5056/5056 5057/5057 5080/5080
f 5085/5085 5056/5056 5160/5160
f 5094/5094 5096/5096 5089/5089
f 5142/5142 5096/5096 5094/5094
f 5142/5142 5094/5094 5089/5089
f 5096/5096 5111/5111 5087/5087
f 5129/5129 5087/5087 5111/5111
f 5129/5129 5111/5111 5096/5096
f 5124/5124 5129/5129 5096/5096
f 5154/5154 5129/5129 5146/5146
f 5124/5124 5146/5146 5129/5129
f 5154/5154 5146/5146 5124/5124
f 5157/5157 5161/5161 5124/5124
f 5142/5142 5157/5157 5124/5124
f 5118/5118 5161/5161 5157/5157
f 5145/5145 5118/5118 5157/5157
f 5131/5131 5118/5118 5145/5145
f 5172/5172 5131/5131 5145/5145
f 5145/5145 5140/5140 5172/5172
f 5140/5140 5145/5145 5142/5142
f 5140/5140 5142/5142 5120/5120
f 5157/5157 5142/5142 5145/5145
f 5120/5120 5142/5142 5104/5104
f 5140/5140 5120/5120 5104/5104
f 5160/5160 5056/5056 5064/5064
f 5085/5085 5160/5160 5126/5126
f 5172/5172 5085/5085 5180/5180
f 5131/5131 5172/5172 5180/5180
f 5140/5140 5085/5085 5172/5172
f 1404/1404 1325/1325 1150/1150
f 1404/1404 1150/1150 1292/1292
f 5055/5055 5099/5099 5095/5095
f 5191/5191 5828/5828 5465/5465
f 4783/4783 5191/5191 5465/5465
f 110/110 5191/5191 4783/4783
f 460/460 110/110 4783/4783
f 4849/4849 4904/4904 4932/4932
f 397/397 110/110 460/460
f 458/458 397/397 460/460
f 4783/4783 458/458 460/460
f 220/220 458/458 4783/4783
f 4783/4783 5465/5465 523/523
f 523/523 220/220 4783/4783
f 458/458 220/220 523/523
f 5738/5738 5971/5971 5800/5800
f 5866/5866 5738/5738 5800/5800
f 5866/5866 5800/5800 5971/5971
f 1453/1453 1434/1434 1452/1452
f 1459/1459 1434/1434 1453/1453
f 1452/1452 1434/1434 1459/1459
f 1338/1338 1168/1168 1401/1401
f 670/670 836/836 1129/1129
f 674/674 836/836 670/670
f 836/836 674/674 684/684
f 673/673 684/684 674/674
f 1396/1396 1450/1450 1490/1490
f 4896/4896 5414/5414 5251/5251
f 5373/5373 5414/5414 4896/4896
f 5852/5852 5642/5642 5917/5917
f 5763/5763 5642/5642 5852/5852
f 5842/5842 5763/5763 5852/5852
f 5736/5736 5760/5760 5654/5654
f 5720/5720 5760/5760 5642/5642
f 5720/5720 5642/5642 5763/5763
f 5720/5720 5763/5763 5747/5747
f 5821/5821 5763/5763 5842/5842
f 5853/5853 5821/5821 5842/5842
f 5686/5686 5628/5628 5720/5720
f 5686/5686 5720/5720 5659/5659
f 5659/5659 5628/5628 5686/5686
f 5675/5675 5659/5659 5577/5577
f 5600/5600 5659/5659 5675/5675
f 5654/5654 5760/5760 5628/5628
f 5736/5736 5654/5654 5628/5628
f 5659/5659 5600/5600 5625/5625
f 5628/5628 5659/5659 5625/5625
f 5600/5600 5628/5628 5625/5625
f 5600/5600 5598/5598 5736/5736
f 4798/4798 5598/5598 5222/5222
f 5760/5760 5598/5598 5642/5642
f 5736/5736 5598/5598 5760/5760
f 1427/1427 1438/1438 1415/1415
f 1445/1445 1415/1415 1438/1438
f 1445/1445 1427/1427 1415/1415
f 1481/1481 1475/1475 1445/1445
f 1474/1474 1475/1475 1481/1481
f 1474/1474 1445/1445 1475/1475
f 1407/1407 1338/1338 1007/1007
f 1129/1129 1007/1007 1338/1338
f 1007/1007 1129/1129 836/836
f 750/750 707/707 772/772
f 707/707 750/750 686/686
f 695/695 772/772 707/707
f 695/695 987/987 772/772
f 707/707 987/987 695/695
f 676/676 707/707 686/686
f 750/750 757/757 686/686
f 684/684 676/676 686/686
f 673/673 676/676 684/684
f 757/757 684/684 686/686
f 757/757 750/750 742/742
f 745/745 742/742 750/750
f 757/757 742/742 745/745
f 757/757 836/836 684/684
f 772/772 836/836 757/757
f 772/772 757/757 750/750
f 1168/1168 1338/1338 1407/1407
f 1075/1075 994/994 1086/1086
f 747/747 1364/1364 912/912
f 816/816 747/747 912/912
f 1075/1075 816/816 994/994
f 1364/1364 1086/1086 994/994
f 912/912 994/994 816/816
f 912/912 1364/1364 994/994
f 1067/1067 1401/1401 1168/1168
f 670/670 1401/1401 1067/1067
f 670/670 1129/1129 1401/1401
f 1195/1195 973/973 1330/1330
f 973/973 1195/1195 5369/5369
f 1094/1094 1195/1195 1162/1162
f 1049/1049 992/992 1001/1001
f 1094/1094 1049/1049 1001/1001
f 1094/1094 992/992 1049/1049
f 1016/1016 1094/1094 1162/1162
f 1016/1016 1162/1162 1195/1195
f 1326/1326 1332/1332 1323/1323
f 1284/1284 1323/1323 1332/1332
f 1283/1283 1326/1326 1323/1323
f 1283/1283 1323/1323 1284/1284
f 5809/5809 5894/5894 5847/5847
f 5915/5915 5847/5847 5894/5894
f 5809/5809 5847/5847 5915/5915
f 5875/5875 5809/5809 5915/5915
f 5855/5855 5809/5809 5875/5875
f 5915/5915 5855/5855 5875/5875
f 6463/6463 7494/7494 7229/7229
f 1093/1093 1364/1364 1266/1266
f 1089/1089 1093/1093 1266/1266
f 1089/1089 1364/1364 1093/1093
f 1089/1089 1086/1086 1364/1364
f 816/816 1075/1075 1089/1089
f 1075/1075 1086/1086 1089/1089
f 1165/1165 1154/1154 1158/1158
f 1202/1202 1263/1263 1143/1143
f 1111/1111 1143/1143 1263/1263
f 1127/1127 1202/1202 1143/1143
f 1112/1112 1143/1143 1111/1111
f 1112/1112 1127/1127 1143/1143
f 1103/1103 1127/1127 1112/1112
f 1103/1103 1112/1112 1111/1111
f 1642/1642 2618/2618 924/924
f 5557/5557 5834/5834 5723/5723
f 2201/2201 2174/2174 1116/1116
f 1269/1269 1292/1292 1150/1150
f 1087/1087 1159/1159 1179/1179
f 1080/1080 1081/1081 1087/1087
f 1068/1068 1081/1081 1080/1080
f 1068/1068 1087/1087 1081/1081
f 1084/1084 1087/1087 1068/1068
f 1084/1084 1092/1092 1159/1159
f 1087/1087 1084/1084 1159/1159
f 1084/1084 1068/1068 1055/1055
f 1088/1088 1084/1084 1055/1055
f 1091/1091 1084/1084 1088/1088
f 1072/1072 1088/1088 1055/1055
f 1074/1074 1088/1088 1072/1072
f 1090/1090 1088/1088 1074/1074
f 1099/1099 1095/1095 1090/1090
f 1186/1186 1099/1099 1090/1090
f 1095/1095 1099/1099 1186/1186
f 1107/1107 1095/1095 1186/1186
f 1091/1091 1095/1095 1107/1107
f 1090/1090 1095/1095 1091/1091
f 1088/1088 1090/1090 1091/1091
f 1091/1091 1092/1092 1084/1084
f 1107/1107 1092/1092 1091/1091
f 1092/1092 1107/1107 1186/1186
f 1179/1179 1092/1092 1186/1186
f 1159/1159 1092/1092 1179/1179
f 982/982 1102/1102 1366/1366
f 1366/1366 1102/1102 1069/1069
f 1331/1331 1330/1330 973/973
f 499/499 806/806 5188/5188
f 5017/5017 4950/4950 5195/5195
f 5033/5033 5017/5017 5195/5195
f 5033/5033 4950/4950 5017/5017
f 5195/5195 5188/5188 5026/5026
f 5188/5188 5374/5374 5026/5026
f 5026/5026 5084/5084 5252/5252
f 5374/5374 963/963 5026/5026
f 5374/5374 5401/5401 5389/5389
f 5412/5412 5389/5389 5401/5401
f 5412/5412 5401/5401 5374/5374
f 1401/1401 1129/1129 1338/1338
f 721/721 5465/5465 5828/5828
f 5898/5898 5860/5860 5921/5921
f 5881/5881 5898/5898 5921/5921
f 5881/5881 5860/5860 5898/5898
f 5881/5881 5500/5500 5860/5860
f 4978/4978 5500/5500 5841/5841
f 5881/5881 5841/5841 5500/5500
f 311/311 5841/5841 5881/5881
f 5841/5841 311/311 4978/4978
f 598/598 4978/4978 311/311
f 466/466 4978/4978 598/598
f 12/12 4818/4818 5031/5031
f 4786/4786 4818/4818 12/12
f 12/12 5031/5031 4786/4786
f 4818/4818 4978/4978 5031/5031
f 5500/5500 4978/4978 4818/4818
f 5031/5031 5500/5500 4818/4818
f 466/466 5031/5031 4978/4978
f 5500/5500 5031/5031 466/466
f 799/799 466/466 598/598
f 824/824 809/809 799/799
f 616/616 809/809 824/824
f 799/799 809/809 616/616
f 466/466 799/799 616/616
f 5500/5500 399/399 721/721
f 399/399 569/569 436/436
f 775/775 436/436 569/569
f 399/399 775/775 569/569
f 5500/5500 616/616 399/399
f 616/616 5500/5500 466/466
f 6361/6361 6345/6345 6293/6293
f 6293/6293 6345/6345 6344/6344
f 6361/6361 6344/6344 6345/6345
f 5144/5144 5153/5153 5091/5091
f 5116/5116 5153/5153 5144/5144
f 5116/5116 5091/5091 5153/5153
f 5093/5093 5149/5149 5143/5143
f 5135/5135 5143/5143 5149/5149
f 5135/5135 5149/5149 5093/5093
f 5139/5139 5128/5128 5123/5123
f 5148/5148 5139/5139 5123/5123
f 5155/5155 5128/5128 5139/5139
f 5155/5155 5139/5139 5148/5148
f 1763/1763 2132/2132 2128/2128
f 318/318 2132/2132 1763/1763
f 2128/2128 2132/2132 318/318
f 2282/2282 2128/2128 318/318
f 2106/2106 2282/2282 318/318
f 318/318 1228/1228 1682/1682
f 1222/1222 1116/1116 1513/1513
f 1514/1514 1222/1222 1513/1513
f 1542/1542 1222/1222 1514/1514
f 1542/1542 1514/1514 1513/1513
f 1513/1513 1542/1542 1596/1596
f 1568/1568 1596/1596 1566/1566
f 1569/1569 1568/1568 1566/1566
f 1596/1596 1569/1569 1566/1566
f 1902/1902 1958/1958 1845/1845
f 1957/1957 1958/1958 1902/1902
f 1845/1845 1957/1957 1902/1902
f 1930/1930 1957/1957 1513/1513
f 1940/1940 1957/1957 1930/1930
f 1940/1940 1930/1930 1513/1513
f 1940/1940 1513/1513 1116/1116
f 2201/2201 1116/1116 5845/5845
f 4977/4977 415/415 430/430
f 5405/5405 5235/5235 5028/5028
f 5441/5441 5235/5235 5405/5405
f 806/806 973/973 5369/5369
f 4829/4829 4743/4743 4945/4945
f 4829/4829 4945/4945 4799/4799
f 461/461 5405/5405 5028/5028
f 473/473 5405/5405 461/461
f 473/473 461/461 78/78
f 5028/5028 78/78 461/461
f 4945/4945 78/78 5028/5028
f 358/358 473/473 78/78
f 358/358 78/78 400/400
f 473/473 358/358 400/400
f 4799/4799 4743/4743 4829/4829
f 4743/4743 4840/4840 4745/4745
f 4945/4945 4745/4745 4840/4840
f 4743/4743 4945/4945 4840/4840
f 120/120 112/112 5013/5013
f 31/31 112/112 120/120
f 5013/5013 31/31 120/120
f 4990/4990 31/31 5013/5013
f 4990/4990 5024/5024 31/31
f 890/890 4990/4990 5013/5013
f 5188/5188 806/806 5369/5369
f 5188/5188 5369/5369 5374/5374
f 761/761 1021/1021 976/976
f 715/715 761/761 976/976
f 640/640 756/756 715/715
f 366/366 756/756 511/511
f 357/357 398/398 366/366
f 247/247 367/367 246/246
f 286/286 246/246 367/367
f 248/248 247/247 246/246
f 286/286 248/248 246/246
f 357/357 270/270 398/398
f 248/248 286/286 269/269
f 366/366 270/270 357/357
f 284/284 398/398 270/270
f 269/269 398/398 284/284
f 270/270 269/269 284/284
f 248/248 269/269 270/270
f 225/225 247/247 248/248
f 270/270 238/238 248/248
f 238/238 225/225 248/248
f 238/238 270/270 262/262
f 366/366 511/511 270/270
f 302/302 270/270 511/511
f 588/588 511/511 756/756
f 570/570 511/511 588/588
f 302/302 511/511 570/570
f 317/317 327/327 302/302
f 262/262 317/317 302/302
f 327/327 317/317 262/262
f 639/639 588/588 641/641
f 640/640 639/639 641/641
f 640/640 588/588 639/639
f 409/409 640/640 715/715
f 570/570 588/588 409/409
f 976/976 409/409 715/715
f 353/353 570/570 409/409
f 260/260 277/277 231/231
f 353/353 277/277 260/260
f 296/296 353/353 260/260
f 336/336 353/353 296/296
f 260/260 336/336 296/296
f 570/570 353/353 302/302
f 238/238 262/262 240/240
f 260/260 240/240 262/262
f 231/231 240/240 260/260
f 213/213 215/215 240/240
f 213/213 240/240 231/231
f 217/217 213/213 231/231
f 277/277 217/217 231/231
f 409/409 277/277 353/353
f 217/217 277/277 976/976
f 1021/1021 217/217 976/976
f 409/409 976/976 277/277
f 721/721 852/852 5465/5465
f 5465/5465 852/852 523/523
f 5024/5024 4990/4990 867/867
f 5427/5427 5456/5456 5452/5452
f 5486/5486 5452/5452 5456/5456
f 5427/5427 5486/5486 5456/5456
f 5667/5667 5427/5427 5662/5662
f 5670/5670 5427/5427 5574/5574
f 5662/5662 5427/5427 5670/5670
f 5670/5670 5667/5667 5662/5662
f 5788/5788 5819/5819 5667/5667
f 5987/5987 5667/5667 5819/5819
f 5987/5987 5819/5819 5788/5788
f 5987/5987 5937/5937 5969/5969
f 1228/1228 5969/5969 5937/5937
f 5987/5987 5969/5969 1228/1228
f 5391/5391 5987/5987 1228/1228
f 5391/5391 5667/5667 5987/5987
f 5709/5709 5391/5391 1228/1228
f 318/318 5391/5391 537/537
f 164/164 96/96 4835/4835
f 4988/4988 4835/4835 96/96
f 4988/4988 96/96 164/164
f 128/128 118/118 164/164
f 118/118 320/320 164/164
f 320/320 118/118 128/128
f 4903/4903 537/537 4835/4835
f 537/537 497/497 763/763
f 318/318 537/537 763/763
f 5709/5709 406/406 537/537
f 497/497 406/406 444/444
f 763/763 406/406 5709/5709
f 497/497 406/406 763/763
f 494/494 537/537 406/406
f 541/541 494/494 406/406
f 537/537 494/494 541/541
f 318/318 5574/5574 5541/5541
f 5516/5516 5723/5723 5540/5540
f 5723/5723 5851/5851 5540/5540
f 5834/5834 5851/5851 5723/5723
f 5834/5834 5839/5839 5851/5851
f 982/982 1069/1069 1102/1102
f 5761/5761 5756/5756 5765/5765
f 5725/5725 5756/5756 5761/5761
f 5714/5714 5761/5761 5668/5668
f 5668/5668 5677/5677 5714/5714
f 5573/5573 5725/5725 5677/5677
f 5761/5761 5677/5677 5668/5668
f 5649/5649 5725/5725 5573/5573
f 5677/5677 5649/5649 5573/5573
f 5534/5534 5725/5725 5649/5649
f 5765/5765 5649/5649 5761/5761
f 5725/5725 5862/5862 5756/5756
f 5539/5539 5725/5725 5533/5533
f 5853/5853 5757/5757 5766/5766
f 5821/5821 5853/5853 5766/5766
f 5791/5791 5763/5763 5821/5821
f 5766/5766 5791/5791 5821/5821
f 5747/5747 5763/5763 5791/5791
f 5713/5713 5747/5747 5791/5791
f 5609/5609 5747/5747 5622/5622
f 5653/5653 5622/5622 5747/5747
f 5609/5609 5622/5622 5653/5653
f 5577/5577 5600/5600 5675/5675
f 5598/5598 5600/5600 5609/5609
f 5513/5513 5598/5598 5609/5609
f 5513/5513 5507/5507 5598/5598
f 5513/5513 5542/5542 5514/5514
f 5609/5609 5542/5542 5513/5513
f 5532/5532 5542/5542 5609/5609
f 5502/5502 5514/5514 5542/5542
f 5514/5514 5502/5502 5488/5488
f 5524/5524 5488/5488 5502/5502
f 5491/5491 5514/5514 5488/5488
f 5513/5513 5514/5514 5491/5491
f 5492/5492 5513/5513 5491/5491
f 5504/5504 5513/5513 5492/5492
f 5507/5507 5513/5513 5504/5504
f 5507/5507 5504/5504 5492/5492
f 5598/5598 5507/5507 5222/5222
f 60/60 178/178 5024/5024
f 60/60 4747/4747 178/178
f 31/31 5024/5024 178/178
f 31/31 178/178 261/261
f 319/319 261/261 178/178
f 319/319 31/31 261/261
f 4927/4927 4953/4953 4908/4908
f 60/60 5024/5024 4927/4927
f 4908/4908 60/60 4927/4927
f 4747/4747 60/60 4844/4844
f 178/178 4747/4747 4844/4844
f 5757/5757 5791/5791 5766/5766
f 5713/5713 5791/5791 5757/5757
f 5745/5745 5757/5757 5737/5737
f 5713/5713 5757/5757 5745/5745
f 5745/5745 5737/5737 5713/5713
f 5653/5653 5747/5747 5713/5713
f 5713/5713 5618/5618 5653/5653
f 5532/5532 5653/5653 5618/5618
f 5713/5713 5532/5532 5618/5618
f 5664/5664 5532/5532 5713/5713
f 5605/5605 5664/5664 5713/5713
f 5532/5532 5664/5664 5605/5605
f 5524/5524 5542/5542 5532/5532
f 5502/5502 5542/5542 5524/5524
f 6046/6046 6283/6283 6060/6060
f 6060/6060 6283/6283 6382/6382
f 6438/6438 6060/6060 6382/6382
f 6446/6446 6060/6060 6438/6438
f 6446/6446 6438/6438 6382/6382
f 6466/6466 6446/6446 6411/6411
f 6382/6382 6466/6466 6411/6411
f 6382/6382 6446/6446 6466/6466
f 6283/6283 6046/6046 6123/6123
f 6079/6079 6283/6283 6123/6123
f 6079/6079 6099/6099 6283/6283
f 6065/6065 6099/6099 6079/6079
f 6035/6035 6065/6065 6079/6079
f 6099/6099 6065/6065 6035/6035
f 6646/6646 6283/6283 6099/6099
f 6646/6646 6210/6210 6283/6283
f 6382/6382 6210/6210 6646/6646
f 6283/6283 6210/6210 6382/6382
f 2861/2861 2184/2184 2324/2324
f 5598/5598 5576/5576 5642/5642
f 5576/5576 6341/6341 5642/5642
f 1758/1758 1801/1801 1739/1739
f 5920/5920 1758/1758 1739/1739
f 1801/1801 1758/1758 5920/5920
f 1763/1763 5920/5920 318/318
f 963/963 1417/1417 1310/1310
f 737/737 963/963 1310/1310
f 1310/1310 973/973 806/806
f 829/829 1310/1310 806/806
f 737/737 1310/1310 675/675
f 737/737 675/675 748/748
f 748/748 806/806 737/737
f 5084/5084 737/737 499/499
f 5084/5084 5026/5026 737/737
f 737/737 5026/5026 963/963
f 932/932 938/938 952/952
f 1331/1331 1310/1310 1417/1417
f 1310/1310 1331/1331 973/973
f 1057/1057 1085/1085 1022/1022
f 1057/1057 1022/1022 999/999
f 1059/1059 1022/1022 1085/1085
f 749/749 1022/1022 1059/1059
f 647/647 749/749 1059/1059
f 591/591 749/749 647/647
f 591/591 683/683 749/749
f 578/578 568/568 591/591
f 683/683 591/591 628/628
f 583/583 628/628 548/548
f 565/565 583/583 548/548
f 565/565 628/628 583/583
f 628/628 667/667 683/683
f 387/387 565/565 548/548
f 568/568 387/387 548/548
f 578/578 557/557 568/568
f 591/591 557/557 578/578
f 387/387 568/568 557/557
f 556/556 557/557 591/591
f 584/584 556/556 591/591
f 592/592 556/556 584/584
f 410/410 592/592 584/584
f 410/410 556/556 592/592
f 410/410 387/387 557/557
f 107/107 211/211 344/344
f 211/211 107/107 135/135
f 168/168 211/211 135/135
f 273/273 168/168 135/135
f 565/565 168/168 273/273
f 387/387 168/168 565/565
f 387/387 344/344 211/211
f 410/410 344/344 387/387
f 168/168 387/387 211/211
f 1079/1079 1073/1073 1058/1058
f 1070/1070 1073/1073 1079/1079
f 1070/1070 1058/1058 1073/1073
f 1029/1029 1028/1028 1031/1031
f 1006/1006 1031/1031 1028/1028
f 1006/1006 1029/1029 1031/1031
f 997/997 1029/1029 1006/1006
f 918/918 1029/1029 997/997
f 918/918 997/997 1006/1006
f 1063/1063 1062/1062 1050/1050
f 1034/1034 1050/1050 1062/1062
f 1063/1063 1050/1050 1034/1034
f 1063/1063 962/962 1019/1019
f 860/860 1063/1063 1019/1019
f 962/962 860/860 1019/1019
f 886/886 860/860 800/800
f 746/746 800/800 860/860
f 746/746 886/886 800/800
f 5028/5028 451/451 4970/4970
f 5235/5235 451/451 5028/5028
f 472/472 5235/5235 30/30
f 451/451 5235/5235 472/472
f 472/472 454/454 451/451
f 471/471 454/454 472/472
f 255/255 454/454 471/471
f 386/386 14/14 451/451
f 454/454 386/386 451/451
f 454/454 255/255 386/386
f 304/304 245/245 4907/4907
f 4859/4859 4817/4817 200/200
f 4836/4836 200/200 4817/4817
f 4859/4859 4836/4836 4817/4817
f 304/304 4907/4907 386/386
f 245/245 304/304 386/386
f 4970/4970 4945/4945 5028/5028
f 4970/4970 4880/4880 4937/4937
f 4880/4880 14/14 4937/4937
f 4970/4970 14/14 4880/4880
f 4945/4945 4970/4970 4803/4803
f 81/81 4945/4945 4803/4803
f 81/81 4803/4803 4970/4970
f 14/14 4970/4970 451/451
f 1071/1071 1036/1036 1078/1078
f 783/783 1078/1078 1036/1036
f 783/783 1036/1036 1030/1030
f 1009/1009 810/810 783/783
f 1009/1009 594/594 810/810
f 1009/1009 949/949 1038/1038
f 949/949 783/783 1030/1030
f 1038/1038 949/949 1030/1030
f 1071/1071 1030/1030 1036/1036
f 1061/1061 1030/1030 1071/1071
f 1061/1061 1038/1038 1030/1030
f 1044/1044 1038/1038 1061/1061
f 1044/1044 1009/1009 1038/1038
f 652/652 370/370 923/923
f 307/307 923/923 370/370
f 601/601 370/370 652/652
f 648/648 601/601 652/652
f 664/664 601/601 648/648
f 652/652 664/664 648/648
f 923/923 977/977 652/652
f 1015/1015 601/601 977/977
f 837/837 1015/1015 977/977
f 601/601 1015/1015 370/370
f 307/307 370/370 1015/1015
f 1015/1015 4983/4983 307/307
f 817/817 4983/4983 1015/1015
f 179/179 5042/5042 867/867
f 4990/4990 890/890 867/867
f 5075/5075 5101/5101 5159/5159
f 5083/5083 5159/5159 5101/5101
f 5075/5075 5083/5083 5101/5101
f 5516/5516 5557/5557 5723/5723
f 6096/6096 6787/6787 6902/6902
f 6021/6021 6100/6100 6096/6096
f 6100/6100 6787/6787 6096/6096
f 6021/6021 6787/6787 6100/6100
f 5985/5985 6902/6902 6787/6787
f 6844/6844 6902/6902 7209/7209
f 1033/1033 1057/1057 999/999
f 1033/1033 999/999 948/948
f 948/948 749/749 683/683
f 948/948 999/999 749/749
f 749/749 999/999 1022/1022
f 1007/1007 836/836 772/772
f 1007/1007 772/772 987/987
f 1407/1407 1007/1007 987/987
f 5568/5568 5839/5839 5834/5834
f 5568/5568 5522/5522 5515/5515
f 5508/5508 5515/5515 5522/5522
f 5557/5557 5508/5508 5522/5522
f 5568/5568 5557/5557 5522/5522
f 5568/5568 5834/5834 5557/5557
f 5175/5175 5765/5765 5807/5807
f 2174/2174 2201/2201 2127/2127
f 2127/2127 1116/1116 2174/2174
f 1904/1904 1116/1116 2127/2127
f 2081/2081 1940/1940 1904/1904
f 1940/1940 1116/1116 1904/1904
f 1958/1958 1940/1940 2081/2081
f 1904/1904 2194/2194 2081/2081
f 2194/2194 1958/1958 2081/2081
f 1904/1904 2127/2127 2194/2194
f 2251/2251 2238/2238 2273/2273
f 2282/2282 2251/2251 2273/2273
f 2238/2238 2251/2251 2282/2282
f 2173/2173 2194/2194 2211/2211
f 2173/2173 2211/2211 2180/2180
f 2194/2194 2173/2173 2180/2180
f 2133/2133 2194/2194 2180/2180
f 1958/1958 2194/2194 2133/2133
f 2180/2180 1958/1958 2133/2133
f 1799/1799 2180/2180 2040/2040
f 2106/2106 2040/2040 2180/2180
f 2106/2106 1799/1799 2040/2040
f 5204/5204 338/338 924/924
f 810/810 768/768 783/783
f 91/91 768/768 364/364
f 352/352 364/364 768/768
f 91/91 364/364 352/352
f 271/271 151/151 91/91
f 72/72 88/88 91/91
f 36/36 88/88 72/72
f 91/91 36/36 72/72
f 151/151 105/105 91/91
f 36/36 91/91 4860/4860
f 5012/5012 5070/5070 4860/4860
f 36/36 4860/4860 5097/5097
f 4920/4920 36/36 5097/5097
f 5136/5136 5070/5070 5134/5134
f 5097/5097 5070/5070 5136/5136
f 4860/4860 5070/5070 5097/5097
f 4920/4920 5097/5097 5136/5136
f 776/776 740/740 638/638
f 447/447 638/638 740/740
f 447/447 776/776 638/638
f 447/447 417/417 589/589
f 316/316 589/589 417/417
f 316/316 417/417 447/447
f 264/264 233/233 222/222
f 264/264 263/263 233/233
f 222/222 233/233 263/263
f 491/491 589/589 300/300
f 300/300 776/776 491/491
f 589/589 491/491 776/776
f 5490/5490 5472/5472 5414/5414
f 5137/5137 5414/5414 5472/5472
f 5467/5467 5993/5993 5925/5925
f 5758/5758 5993/5993 5467/5467
f 5925/5925 5993/5993 5758/5758
f 5441/5441 30/30 5235/5235
f 5670/5670 5574/5574 5920/5920
f 590/590 599/599 594/594
f 608/608 594/594 599/599
f 608/608 599/599 590/590
f 104/104 151/151 271/271
f 468/468 104/104 271/271
f 768/768 104/104 468/468
f 594/594 768/768 810/810
f 4927/4927 5024/5024 4953/4953
f 5000/5000 4953/4953 5024/5024
f 867/867 5000/5000 5024/5024
f 5042/5042 5000/5000 867/867
f 5162/5162 5102/5102 5012/5012
f 5156/5156 5162/5162 5012/5012
f 5070/5070 5012/5012 5102/5102
f 5134/5134 5070/5070 5102/5102
f 5134/5134 5102/5102 5162/5162
f 761/761 779/779 798/798
f 755/755 798/798 779/779
f 755/755 779/779 761/761
f 715/715 756/756 761/761
f 5078/5078 5196/5196 5138/5138
f 5200/5200 5078/5078 5138/5138
f 5200/5200 5138/5138 5196/5196
f 701/701 685/685 708/708
f 649/649 685/685 701/701
f 649/649 708/708 685/685
f 597/597 708/708 649/649
f 689/689 708/708 597/597
f 658/658 689/689 597/597
f 671/671 689/689 658/658
f 441/441 597/597 649/649
f 619/619 597/597 441/441
f 542/542 441/441 349/349
f 368/368 542/542 349/349
f 542/542 368/368 478/478
f 405/405 478/478 368/368
f 405/405 542/542 478/478
f 469/469 542/542 405/405
f 558/558 469/469 405/405
f 542/542 469/469 558/558
f 127/127 405/405 237/237
f 323/323 237/237 356/356
f 293/293 323/323 356/356
f 293/293 237/237 323/323
f 349/349 293/293 368/368
f 285/285 237/237 293/293
f 274/274 237/237 285/285
f 293/293 274/274 285/285
f 349/349 350/350 293/293
f 350/350 349/349 441/441
f 274/274 350/350 288/288
f 15/15 127/127 122/122
f 66/66 15/15 122/122
f 66/66 122/122 103/103
f 15/15 66/66 103/103
f 127/127 15/15 4862/4862
f 4862/4862 15/15 4811/4811
f 109/109 4862/4862 4939/4939
f 4862/4862 5212/5212 5184/5184
f 5187/5187 4862/4862 5184/5184
f 5213/5213 5187/5187 5184/5184
f 5212/5212 5213/5213 5184/5184
f 5223/5223 5187/5187 5213/5213
f 5168/5168 4862/4862 5187/5187
f 4939/4939 4862/4862 5168/5168
f 5168/5168 5187/5187 5211/5211
f 4921/4921 109/109 4939/4939
f 4947/4947 4921/4921 4939/4939
f 109/109 4921/4921 4947/4947
f 4862/4862 109/109 127/127
f 127/127 237/237 274/274
f 405/405 127/127 177/177
f 127/127 109/109 177/177
f 4996/4996 5023/5023 4929/4929
f 5019/5019 4996/4996 4929/4929
f 5019/5019 4929/4929 4965/4965
f 5178/5178 4965/4965 4929/4929
f 5027/5027 5003/5003 109/109
f 5109/5109 5027/5027 109/109
f 5109/5109 5003/5003 5027/5027
f 4965/4965 5178/5178 5019/5019
f 5023/5023 4996/4996 5019/5019
f 5039/5039 4980/4980 4810/4810
f 5219/5219 4895/4895 5014/5014
f 4888/4888 5014/5014 4895/4895
f 5219/5219 4888/4888 4895/4895
f 4980/4980 4915/4915 4810/4810
f 26/26 4877/4877 4861/4861
f 47/47 4877/4877 26/26
f 5113/5113 4913/4913 34/34
f 4913/4913 5113/5113 4994/4994
f 4994/4994 5113/5113 5278/5278
f 5165/5165 5177/5177 5219/5219
f 4915/4915 5165/5165 5219/5219
f 5177/5177 5165/5165 4915/4915
f 4915/4915 4980/4980 5039/5039
f 667/667 687/687 657/657
f 948/948 657/657 687/687
f 667/667 657/657 948/948
f 683/683 667/667 948/948
f 587/587 677/677 634/634
f 587/587 634/634 388/388
f 423/423 388/388 634/634
f 422/422 587/587 388/388
f 177/177 422/422 388/388
f 423/423 177/177 388/388
f 280/280 177/177 423/423
f 328/328 504/504 280/280
f 297/297 504/504 328/328
f 297/297 328/328 280/280
f 384/384 280/280 407/407
f 314/314 280/280 384/384
f 314/314 384/384 407/407
f 405/405 177/177 280/280
f 405/405 314/314 445/445
f 558/558 405/405 445/445
f 445/445 314/314 558/558
f 520/520 558/558 314/314
f 504/504 520/520 314/314
f 558/558 520/520 504/504
f 547/547 536/536 618/618
f 554/554 536/536 547/547
f 554/554 547/547 618/618
f 658/658 597/597 619/619
f 618/618 658/658 619/619
f 634/634 677/677 671/671
f 658/658 634/634 671/671
f 658/658 558/558 634/634
f 423/423 634/634 558/558
f 658/658 618/618 558/558
f 4814/4814 5156/5156 5012/5012
f 5920/5920 5574/5574 318/318
f 5574/5574 5427/5427 5541/5541
f 5541/5541 5391/5391 318/318
f 5391/5391 5541/5541 5667/5667
f 468/468 271/271 768/768
f 104/104 105/105 151/151
f 5012/5012 4860/4860 91/91
f 5012/5012 91/91 4814/4814
f 70/70 4756/4756 4814/4814
f 4765/4765 4756/4756 70/70
f 4814/4814 4756/4756 4765/4765
f 4830/4830 4814/4814 4765/4765
f 5156/5156 4830/4830 4765/4765
f 5156/5156 4814/4814 4830/4830
f 239/239 321/321 265/265
f 203/203 239/239 265/265
f 239/239 203/203 170/170
f 321/321 239/239 170/170
f 274/274 288/288 122/122
f 350/350 122/122 288/288
f 274/274 122/122 127/127
f 227/227 214/214 190/190
f 159/159 214/214 227/227
f 159/159 227/227 190/190
f 422/422 177/177 121/121
f 34/34 4913/4913 422/422
f 4770/4770 422/422 4913/4913
f 4863/4863 4770/4770 4913/4913
f 4994/4994 4863/4863 4913/4913
f 4863/4863 4994/4994 5278/5278
f 218/218 225/225 238/238
f 240/240 218/218 238/238
f 215/215 218/218 240/240
f 5035/5035 4984/4984 4944/4944
f 5051/5051 4984/4984 5035/5035
f 4944/4944 4984/4984 5051/5051
f 5270/5270 338/338 5204/5204
f 334/334 338/338 4841/4841
f 4832/4832 334/334 4841/4841
f 4832/4832 4868/4868 334/334
f 173/173 150/150 194/194
f 334/334 150/150 173/173
f 194/194 334/334 173/173
f 390/390 334/334 341/341
f 341/341 334/334 287/287
f 287/287 390/390 341/341
f 390/390 334/334 290/290
f 390/390 5074/5074 1642/1642
f 331/331 361/361 290/290
f 332/332 361/361 331/331
f 290/290 332/332 331/331
f 5215/5215 1642/1642 5074/5074
f 2618/2618 5215/5215 5052/5052
f 2618/2618 1642/1642 5215/5215
f 179/179 867/867 890/890
f 177/177 109/109 47/47
f 121/121 177/177 47/47
f 4861/4861 47/47 26/26
f 34/34 121/121 47/47
f 422/422 121/121 34/34
f 85/85 216/216 167/167
f 4744/4744 167/167 216/216
f 4744/4744 134/134 167/167
f 16/16 17/17 4898/4898
f 68/68 16/16 4898/4898
f 17/17 16/16 68/68
f 4787/4787 68/68 4898/4898
f 171/171 68/68 106/106
f 174/174 171/171 106/106
f 2/2 174/174 106/106
f 2/2 106/106 68/68
f 4787/4787 2/2 68/68
f 54/54 56/56 69/69
f 55/55 69/69 56/56
f 2/2 55/55 56/56
f 54/54 69/69 55/55
f 4898/4898 2/2 4787/4787
f 5223/5223 5211/5211 5187/5187
f 5227/5227 5211/5211 5223/5223
f 5227/5227 5168/5168 5211/5211
f 5109/5109 109/109 5168/5168
f 5034/5034 5166/5166 5074/5074
f 5215/5215 5074/5074 5166/5166
f 5052/5052 5215/5215 5166/5166
f 4841/4841 5052/5052 5166/5166
f 5210/5210 5270/5270 5052/5052
f 4841/4841 5210/5210 5052/5052
f 5270/5270 5210/5210 4841/4841
f 338/338 5270/5270 4841/4841
f 4967/4967 4923/4923 4841/4841
f 5166/5166 5034/5034 4841/4841
f 4967/4967 4841/4841 5034/5034
f 4923/4923 4967/4967 5034/5034
f 4940/4940 5034/5034 4924/4924
f 5074/5074 5034/5034 4940/4940
f 4924/4924 5074/5074 4940/4940
f 4832/4832 4841/4841 4868/4868
f 5301/5301 5289/5289 5264/5264
f 5214/5214 5301/5301 5264/5264
f 5289/5289 5301/5301 5214/5214
f 1/1 4827/4827 4759/4759
f 4811/4811 4759/4759 4827/4827
f 4862/4862 4811/4811 4827/4827
f 5212/5212 4862/4862 4827/4827
f 4891/4891 5212/5212 4827/4827
f 4821/4821 4891/4891 4827/4827
f 4812/4812 4891/4891 4821/4821
f 4812/4812 4821/4821 4827/4827
f 4736/4736 4812/4812 4776/4776
f 108/108 4736/4736 4776/4776
f 4812/4812 108/108 4776/4776
f 4812/4812 4827/4827 4777/4777
f 4777/4777 4772/4772 4812/4812
f 4772/4772 4777/4777 4827/4827
f 64/64 108/108 4772/4772
f 67/67 64/64 4772/4772
f 67/67 108/108 64/64
f 103/103 45/45 86/86
f 4811/4811 103/103 86/86
f 4811/4811 86/86 45/45
f 4811/4811 1/1 4759/4759
f 4966/4966 5598/5598 4798/4798
f 4798/4798 38/38 4966/4966
f 193/193 38/38 4798/4798
f 4966/4966 38/38 5010/5010
f 202/202 38/38 193/193
f 5010/5010 38/38 202/202
f 5576/5576 4966/4966 5010/5010
f 5576/5576 5598/5598 4966/4966
f 5500/5500 5422/5422 5860/5860
f 6123/6123 6046/6046 6050/6050
f 6004/6004 6050/6050 6046/6046
f 6123/6123 6050/6050 6004/6004
f 1310/1310 829/829 675/675
f 806/806 748/748 829/829
f 748/748 787/787 829/829
f 737/737 806/806 499/499
f 221/221 137/137 201/201
f 5195/5195 499/499 5188/5188
f 5117/5117 4926/4926 4974/4974
f 5195/5195 4974/4974 4926/4926
f 5195/5195 5117/5117 4974/4974
f 5022/5022 4926/4926 5117/5117
f 4911/4911 4926/4926 5022/5022
f 5252/5252 4911/4911 5022/5022
f 137/137 221/221 5084/5084
f 201/201 137/137 5084/5084
f 5026/5026 5252/5252 5195/5195
f 5022/5022 5117/5117 5252/5252
f 2201/2201 5845/5845 4938/4938
f 4992/4992 4938/4938 5845/5845
f 938/938 1306/1306 952/952
f 574/574 4992/4992 539/539
f 1228/1228 318/318 763/763
f 539/539 842/842 574/574
f 4992/4992 842/842 539/539
f 1116/1116 4992/4992 5845/5845
f 1222/1222 4992/4992 1116/1116
f 5709/5709 1228/1228 763/763
f 101/101 52/52 11/11
f 76/76 11/11 52/52
f 101/101 11/11 76/76
f 537/537 5391/5391 5709/5709
f 4903/4903 4969/4969 4981/4981
f 5021/5021 4981/4981 4969/4969
f 4903/4903 5021/5021 4969/4969
f 6463/6463 6444/6444 7494/7494
f 5315/5315 4938/4938 5236/5236
f 76/76 5236/5236 4938/4938
f 5236/5236 76/76 5315/5315
f 4892/4892 5125/5125 76/76
f 5315/5315 76/76 5125/5125
f 5315/5315 5125/5125 4892/4892
f 5509/5509 5453/5453 5590/5590
f 5590/5590 5453/5453 5561/5561
f 5561/5561 5509/5509 5590/5590
f 1677/1677 1675/1675 1762/1762
f 1682/1682 1675/1675 1677/1677
f 1762/1762 1682/1682 1677/1677
f 318/318 1682/1682 2106/2106

